merchant_id,scenario,baseline_tx_count,current_tx_count,baseline_fraud_count,current_fraud_count,baseline_fraud_rate,current_fraud_rate,baseline_device_count,current_device_count,baseline_suspicious_score,current_suspicious_score,fraud_spike_label,fraud_rate_delta,fraud_rate_ratio,volume_surge_ratio,device_concentration_ratio,suspicious_score_delta
MERCH_SPIKE_ATO_00124,targeted_ato_surge,835,94,24,31,0.0291,0.326,668,33,0.1102,0.8712,1,0.2969,11.1678,2.7018,2.8485,0.761
MERCH_STD_00839,standard_stable,2741,98,72,3,0.0265,0.0268,1948,70,0.0206,0.1084,0,0.0003,1.0113,0.8581,1.4,0.0878
MERCH_HIBAS_00106,high_stable_fraud,572,21,72,3,0.127,0.1219,352,15,0.3017,0.3561,0,-0.0051,0.9599,0.8811,1.4,0.0544
MERCH_HIBAS_00369,high_stable_fraud,2069,72,224,7,0.1083,0.0998,1324,47,0.3756,0.2662,0,-0.0085,0.9216,0.8352,1.5319,-0.1094
MERCH_STD_00360,standard_stable,832,31,10,0,0.013,0.0111,741,23,0.0484,0.0522,0,-0.0019,0.855,0.8942,1.3478,0.0038
MERCH_SPIKE_RUSH_00273,syndicate_bot_rush,1374,278,20,133,0.015,0.478,1126,83,0.0854,0.8866,1,0.463,31.6623,4.8559,3.3494,0.8012
MERCH_SPIKE_ATO_00121,targeted_ato_surge,1062,127,26,60,0.0249,0.4691,849,50,0.0614,0.7245,1,0.4442,18.768,2.8701,2.54,0.6631
MERCH_STD_01032,standard_stable,3671,139,146,5,0.0398,0.0347,2927,100,0.0898,0.0761,0,-0.0051,0.8722,0.9087,1.39,-0.0137
MERCH_FLASH_00536,flash_sale_high_vol,2436,741,58,10,0.0239,0.0136,1923,596,0.0408,0.0842,0,-0.0103,0.5708,7.3005,1.2433,0.0434
MERCH_HIBAS_00093,high_stable_fraud,1111,55,125,6,0.113,0.105,846,37,0.3495,0.4048,0,-0.008,0.9293,1.1881,1.4865,0.0553
MERCH_NOISE_00113,low_volume_noise,58,2,0,0,0.0,0.0,52,2,0.0446,0.0248,0,0.0,1.0,0.8276,1.0,-0.0198
MERCH_SPIKE_RUSH_00363,syndicate_bot_rush,1683,503,40,188,0.0238,0.3733,1380,173,0.0976,0.7192,1,0.3495,15.6234,7.1729,2.9075,0.6216
MERCH_STD_01080,standard_stable,1866,61,63,2,0.034,0.0338,1404,43,0.0877,0.0208,0,-0.0002,0.9941,0.7846,1.4186,-0.0669
MERCH_HIBAS_00067,high_stable_fraud,1304,57,200,8,0.154,0.1462,805,35,0.3846,0.2926,0,-0.0078,0.9494,1.0491,1.6286,-0.092
MERCH_STD_00601,standard_stable,2451,97,52,2,0.0215,0.022,2073,74,0.0331,0.0427,0,0.0005,1.0231,0.9498,1.3108,0.0096
MERCH_SPIKE_RUSH_00175,syndicate_bot_rush,1027,253,31,125,0.0302,0.4958,842,67,0.0686,0.8304,1,0.4656,16.3663,5.9124,3.7761,0.7618
MERCH_SPIKE_ATO_00294,targeted_ato_surge,862,88,24,28,0.0286,0.3222,689,43,0.0898,0.7605,1,0.2936,11.23,2.4501,2.0465,0.6707
MERCH_SPIKE_ATO_00130,targeted_ato_surge,680,88,19,44,0.028,0.5046,544,43,0.0374,0.5623,1,0.4766,17.9609,3.1059,2.0465,0.5249
MERCH_ORG_00155,organic_growth,1437,74,32,2,0.0226,0.0286,1221,62,0.0586,0.0601,0,0.006,1.2643,1.2359,1.1935,0.0015
MERCH_STD_00041,standard_stable,3127,123,42,2,0.0135,0.0144,2450,105,0.0737,0.0534,0,0.0009,1.0662,0.944,1.1714,-0.0203
MERCH_HIBAS_00166,high_stable_fraud,1263,48,130,5,0.1031,0.1108,957,33,0.2757,0.3942,0,0.0077,1.0746,0.9121,1.4545,0.1185
MERCH_ORG_00087,organic_growth,527,30,7,1,0.015,0.0396,447,25,0.0467,0.0601,0,0.0246,2.6291,1.3662,1.2,0.0134
MERCH_STD_00972,standard_stable,2232,92,66,3,0.0298,0.0325,1815,71,0.0755,0.1057,0,0.0027,1.0903,0.9892,1.2958,0.0302
MERCH_STD_00561,standard_stable,1145,49,22,1,0.0195,0.0175,1030,36,0.0865,0.0359,0,-0.002,0.898,1.0271,1.3611,-0.0506
MERCH_FLASH_00556,flash_sale_high_vol,1870,586,22,9,0.0118,0.0152,1610,550,0.066,0.0785,0,0.0034,1.2857,7.5209,1.0655,0.0125
MERCH_STD_01482,standard_stable,1971,85,46,2,0.0235,0.0218,1571,65,0.029,0.1067,0,-0.0017,0.928,1.035,1.3077,0.0777
MERCH_SPIKE_ATO_00184,targeted_ato_surge,1202,121,39,31,0.033,0.2579,961,43,0.0898,0.6657,1,0.2249,7.7946,2.416,2.814,0.5759
MERCH_SPIKE_ATO_00255,targeted_ato_surge,1132,140,24,39,0.0219,0.2767,905,58,0.1172,0.6539,1,0.2548,12.5818,2.9682,2.4138,0.5367
MERCH_ORG_00115,organic_growth,694,42,18,0,0.0262,0.0112,589,35,0.021,0.0615,0,-0.015,0.4297,1.4524,1.2,0.0405
MERCH_FLASH_00479,flash_sale_high_vol,2201,549,26,9,0.0121,0.0173,1736,512,0.0679,0.0744,0,0.0052,1.4262,5.9864,1.0723,0.0065
MERCH_HIBAS_00080,high_stable_fraud,783,33,89,4,0.1138,0.1115,610,25,0.357,0.2867,0,-0.0023,0.9798,1.0115,1.32,-0.0703
MERCH_HIBAS_00384,high_stable_fraud,919,41,133,6,0.1458,0.1377,714,31,0.3794,0.3759,0,-0.0081,0.9445,1.0707,1.3226,-0.0035
MERCH_STD_00008,standard_stable,2944,121,78,3,0.0266,0.0245,2078,95,0.0372,0.0609,0,-0.0021,0.9213,0.9864,1.2737,0.0237
MERCH_STD_01596,standard_stable,2695,107,104,4,0.0389,0.0382,1972,78,0.0974,0.0772,0,-0.0007,0.9821,0.9529,1.3718,-0.0202
MERCH_STD_00100,standard_stable,3281,155,42,2,0.013,0.015,2479,114,0.0349,0.0722,0,0.002,1.1527,1.1338,1.3596,0.0373
MERCH_STD_01313,standard_stable,1172,45,45,2,0.0389,0.0456,1054,35,0.0779,0.0844,0,0.0067,1.1718,0.9215,1.2857,0.0065
MERCH_ORG_00122,organic_growth,1158,70,17,1,0.0148,0.0177,984,59,0.0704,0.0309,0,0.0029,1.1946,1.4508,1.1864,-0.0395
MERCH_HIBAS_00139,high_stable_fraud,1245,44,125,4,0.101,0.1012,988,29,0.3208,0.417,0,0.0002,1.002,0.8482,1.5172,0.0962
MERCH_STD_00961,standard_stable,1501,53,17,1,0.0117,0.0109,1164,44,0.0398,0.066,0,-0.0008,0.9322,0.8474,1.2045,0.0262
MERCH_ORG_00065,organic_growth,882,44,24,1,0.0273,0.0231,749,37,0.0254,0.0523,0,-0.0042,0.8467,1.1973,1.1892,0.0269
MERCH_SPIKE_ATO_00259,targeted_ato_surge,471,43,8,23,0.0172,0.5375,376,16,0.1197,0.8146,1,0.5203,31.0751,2.1911,2.6875,0.6949
MERCH_FLASH_00563,flash_sale_high_vol,1834,577,21,9,0.0119,0.0158,1398,470,0.078,0.0519,0,0.0039,1.325,7.5507,1.2277,-0.0261
MERCH_SPIKE_ATO_00033,targeted_ato_surge,1242,130,21,50,0.0174,0.3835,993,41,0.0808,0.6245,1,0.3661,21.92,2.5121,3.1707,0.5437
MERCH_HIBAS_00476,high_stable_fraud,1782,79,187,8,0.1054,0.0964,1210,51,0.2747,0.3407,0,-0.009,0.9147,1.064,1.549,0.066
MERCH_FLASH_00499,flash_sale_high_vol,1394,391,23,7,0.017,0.0178,1083,353,0.067,0.0359,0,0.0008,1.0468,6.7317,1.1076,-0.0311
MERCH_STD_00984,standard_stable,2463,93,96,3,0.0393,0.0338,1790,76,0.0638,0.0384,0,-0.0055,0.8604,0.9062,1.2237,-0.0254
MERCH_SPIKE_RUSH_00414,syndicate_bot_rush,1105,150,16,37,0.0152,0.2488,906,54,0.0911,0.7168,1,0.2336,16.268,3.2579,2.7778,0.6257
MERCH_SPIKE_RUSH_00202,syndicate_bot_rush,1693,530,50,229,0.03,0.4325,1388,149,0.0409,0.854,1,0.4025,14.3721,7.5133,3.557,0.8131
MERCH_NOISE_00206,low_volume_noise,94,1,0,0,0.0,0.0,84,1,0.1004,0.066,0,0.0,1.0,0.2553,1.0,-0.0344
MERCH_FLASH_00197,flash_sale_high_vol,790,259,17,3,0.0221,0.0124,717,237,0.0246,0.0667,0,-0.0097,0.5631,7.8684,1.0928,0.0421
MERCH_SPIKE_RUSH_00098,syndicate_bot_rush,834,241,16,63,0.0199,0.2631,683,75,0.0727,0.66,1,0.2432,13.16,6.9353,3.2133,0.5873
MERCH_HIBAS_00461,high_stable_fraud,1319,51,159,6,0.1207,0.1108,866,33,0.385,0.4019,0,-0.0099,0.918,0.928,1.5455,0.0169
MERCH_NOISE_00030,low_volume_noise,85,3,0,1,0.0,0.3333,76,3,0.0538,0.0568,0,0.3333,3334.0,0.8471,1.0,0.003
MERCH_NOISE_00314,low_volume_noise,75,1,1,0,0.0133,0.0,67,1,0.0551,0.1116,0,-0.0133,0.0075,0.32,1.0,0.0565
MERCH_HIBAS_00158,high_stable_fraud,897,35,104,4,0.1168,0.1224,650,21,0.317,0.388,0,0.0056,1.0479,0.9365,1.6667,0.071
MERCH_FLASH_00624,flash_sale_high_vol,1803,409,20,9,0.0114,0.0226,1463,358,0.0213,0.0502,0,0.0112,1.9739,5.4443,1.1425,0.0289
MERCH_NOISE_00109,low_volume_noise,61,1,1,1,0.0164,1.0,54,1,0.0534,0.1487,0,0.9836,60.6121,0.3934,1.0,0.0953
MERCH_STD_00685,standard_stable,1715,88,17,1,0.0101,0.0109,1393,67,0.0656,0.1092,0,0.0008,1.0784,1.2315,1.3134,0.0436
MERCH_NOISE_00122,low_volume_noise,51,4,1,0,0.0196,0.0,45,4,0.0271,0.2448,0,-0.0196,0.0051,1.8824,1.0,0.2177
MERCH_NOISE_00063,low_volume_noise,31,4,0,1,0.0,0.25,27,4,0.1111,0.1012,0,0.25,2501.0,3.0968,1.0,-0.0099
MERCH_STD_01156,standard_stable,1689,86,36,2,0.0219,0.0246,1495,62,0.0605,0.0785,0,0.0027,1.1227,1.222,1.3871,0.018
MERCH_NOISE_00305,low_volume_noise,35,2,0,0,0.0,0.0,31,2,0.0636,0.1792,0,0.0,1.0,1.3714,1.0,0.1156
MERCH_ORG_00032,organic_growth,980,50,13,2,0.0135,0.0367,833,42,0.0512,0.032,0,0.0232,2.7059,1.2245,1.1905,-0.0192
MERCH_FLASH_00617,flash_sale_high_vol,826,141,19,2,0.0235,0.0137,746,130,0.0545,0.0736,0,-0.0098,0.5847,4.0969,1.0846,0.0191
MERCH_NOISE_00171,low_volume_noise,94,2,1,1,0.0106,0.5,84,2,0.0707,0.0374,0,0.4894,46.7383,0.5106,1.0,-0.0333
MERCH_STD_00451,standard_stable,3559,141,93,4,0.0264,0.0299,3096,106,0.0963,0.0595,0,0.0035,1.1321,0.9508,1.3302,-0.0368
MERCH_STD_00569,standard_stable,3077,133,41,2,0.0135,0.014,2625,94,0.0605,0.0823,0,0.0005,1.0368,1.0374,1.4149,0.0218
MERCH_HIBAS_00094,high_stable_fraud,1709,64,197,8,0.1157,0.1211,1291,48,0.361,0.2894,0,0.0054,1.0466,0.8988,1.3333,-0.0716
MERCH_STD_00976,standard_stable,1029,48,34,1,0.0339,0.0303,842,35,0.0967,0.0452,0,-0.0036,0.8941,1.1195,1.3714,-0.0515
MERCH_SPIKE_RUSH_00371,syndicate_bot_rush,1304,169,14,46,0.0115,0.2712,1069,51,0.0767,0.8097,1,0.2597,23.3879,3.1104,3.3137,0.733
MERCH_STD_00127,standard_stable,3399,143,80,3,0.0238,0.0195,2836,110,0.083,0.1032,0,-0.0043,0.8201,1.0097,1.3,0.0202
MERCH_SPIKE_ATO_00263,targeted_ato_surge,354,34,11,20,0.0312,0.5869,283,11,0.0973,0.8994,1,0.5557,18.754,2.3051,3.0909,0.8021
MERCH_SPIKE_RUSH_00153,syndicate_bot_rush,1317,278,28,144,0.022,0.5179,1079,92,0.0353,0.7759,1,0.4959,23.4389,5.0661,3.0217,0.7406
MERCH_HIBAS_00176,high_stable_fraud,1240,49,132,6,0.1065,0.1161,849,36,0.2503,0.3848,0,0.0096,1.0901,0.9484,1.3611,0.1345
MERCH_HIBAS_00213,high_stable_fraud,664,25,82,3,0.1246,0.1293,496,18,0.3205,0.3933,0,0.0047,1.0377,0.9036,1.3889,0.0728
MERCH_HIBAS_00306,high_stable_fraud,1296,49,160,6,0.1238,0.1209,916,32,0.2705,0.4053,0,-0.0029,0.9766,0.9074,1.5312,0.1348
MERCH_HIBAS_00128,high_stable_fraud,1905,85,214,9,0.1125,0.1078,1508,56,0.3864,0.3994,0,-0.0047,0.9583,1.0709,1.5179,0.013
MERCH_NOISE_00150,low_volume_noise,30,1,0,1,0.0,1.0,27,1,0.0762,0.0609,0,1.0,10001.0,0.8,1.0,-0.0153
MERCH_STD_00670,standard_stable,3027,149,110,6,0.0364,0.0418,2210,107,0.0939,0.0374,0,0.0054,1.1479,1.1814,1.3925,-0.0565
MERCH_STD_01367,standard_stable,2658,90,106,3,0.04,0.0352,1937,65,0.0563,0.1079,0,-0.0048,0.8803,0.8126,1.3846,0.0516
MERCH_STD_01410,standard_stable,1329,54,19,1,0.0143,0.0141,1128,41,0.0317,0.0841,0,-0.0002,0.9861,0.9752,1.3171,0.0524
MERCH_SPIKE_RUSH_00328,syndicate_bot_rush,865,106,10,40,0.0119,0.3758,709,33,0.0325,0.8468,1,0.3639,31.325,2.941,3.2121,0.8143
MERCH_FLASH_00387,flash_sale_high_vol,818,286,9,3,0.0114,0.0106,680,247,0.0395,0.0784,0,-0.0008,0.9304,8.3912,1.1579,0.0389
MERCH_STD_01072,standard_stable,1464,65,21,1,0.0144,0.0121,1277,51,0.0543,0.0701,0,-0.0023,0.8414,1.0656,1.2745,0.0158
MERCH_STD_01580,standard_stable,1928,82,34,1,0.018,0.0167,1688,68,0.0788,0.0214,0,-0.0013,0.9282,1.0207,1.2059,-0.0574
MERCH_HIBAS_00196,high_stable_fraud,553,21,72,3,0.132,0.1442,359,13,0.3716,0.4069,0,0.0122,1.0924,0.9114,1.6154,0.0353
MERCH_STD_00911,standard_stable,2745,120,36,2,0.0134,0.0156,2206,98,0.037,0.0648,0,0.0022,1.163,1.0492,1.2245,0.0278
MERCH_STD_00030,standard_stable,2937,143,41,2,0.0143,0.0124,2223,104,0.0292,0.0221,0,-0.0019,0.8681,1.1685,1.375,-0.0071
MERCH_SPIKE_ATO_00161,targeted_ato_surge,409,35,14,15,0.0351,0.4215,327,15,0.0968,0.8893,1,0.3864,11.9773,2.0538,2.3333,0.7925
MERCH_STD_01229,standard_stable,3148,142,61,2,0.0195,0.0173,2364,125,0.0265,0.0615,0,-0.0022,0.8878,1.0826,1.136,0.035
MERCH_FLASH_00109,flash_sale_high_vol,2222,510,55,12,0.0248,0.0242,1680,435,0.072,0.0547,0,-0.0006,0.9759,5.5086,1.1724,-0.0173
MERCH_STD_01069,standard_stable,2324,100,26,1,0.0116,0.0093,1659,81,0.078,0.0368,0,-0.0023,0.8034,1.0327,1.2346,-0.0412
MERCH_SPIKE_RUSH_00354,syndicate_bot_rush,827,167,8,74,0.0106,0.4428,678,73,0.0792,0.6854,1,0.4322,41.3925,4.8464,2.2877,0.6062
MERCH_SPIKE_RUSH_00143,syndicate_bot_rush,1519,344,17,91,0.0117,0.2653,1245,138,0.0784,0.8744,1,0.2536,22.4915,5.4352,2.4928,0.796
MERCH_ORG_00096,organic_growth,1257,78,36,2,0.0292,0.0301,1068,66,0.034,0.0674,0,0.0009,1.0307,1.4893,1.1818,0.0334
MERCH_FLASH_00452,flash_sale_high_vol,1521,345,26,5,0.0177,0.0159,1342,301,0.0361,0.0379,0,-0.0018,0.8989,5.4438,1.1462,0.0018
MERCH_STD_01060,standard_stable,2702,115,67,3,0.0248,0.0234,2354,85,0.0766,0.0289,0,-0.0014,0.9438,1.0215,1.3529,-0.0477
MERCH_FLASH_00005,flash_sale_high_vol,1005,275,17,3,0.0174,0.0116,863,225,0.0302,0.0853,0,-0.0058,0.6686,6.5672,1.2222,0.0551
MERCH_SPIKE_ATO_00282,targeted_ato_surge,456,35,15,14,0.0343,0.3947,364,11,0.0458,0.7294,1,0.3604,11.4767,1.8421,3.1818,0.6836
MERCH_STD_00721,standard_stable,2823,126,101,5,0.0361,0.0429,2477,94,0.0727,0.0221,0,0.0068,1.1878,1.0712,1.3404,-0.0506
MERCH_SPIKE_ATO_00027,targeted_ato_surge,985,89,29,33,0.0299,0.3731,788,28,0.0796,0.5512,1,0.3432,12.44,2.1685,3.1786,0.4716
MERCH_STD_00533,standard_stable,940,32,23,1,0.0247,0.0225,837,24,0.0345,0.0388,0,-0.0022,0.9113,0.817,1.3333,0.0043
MERCH_STD_00426,standard_stable,2080,102,41,2,0.0198,0.0208,1653,84,0.0531,0.067,0,0.001,1.0503,1.1769,1.2143,0.0139
MERCH_NOISE_00263,low_volume_noise,76,2,0,0,0.0,0.0,68,2,0.1181,0.0606,0,0.0,1.0,0.6316,1.0,-0.0575
MERCH_SPIKE_RUSH_00258,syndicate_bot_rush,1723,448,28,125,0.0163,0.2801,1412,147,0.0594,0.8915,1,0.2638,17.0854,6.2403,3.0476,0.8321
MERCH_SPIKE_RUSH_00382,syndicate_bot_rush,1392,278,37,66,0.027,0.2387,1141,82,0.0805,0.7672,1,0.2117,8.8118,4.7931,3.3902,0.6867
MERCH_STD_00659,standard_stable,2699,105,72,3,0.0268,0.0302,2330,91,0.0237,0.1192,0,0.0034,1.1264,0.9337,1.1538,0.0955
MERCH_STD_01476,standard_stable,3458,135,135,5,0.0393,0.0403,2635,94,0.0998,0.044,0,0.001,1.0254,0.937,1.4362,-0.0558
MERCH_SPIKE_RUSH_00272,syndicate_bot_rush,1890,260,60,97,0.0318,0.3729,1549,74,0.093,0.7205,1,0.3411,11.6928,3.3016,3.5135,0.6275
MERCH_HIBAS_00140,high_stable_fraud,1688,74,219,10,0.1303,0.1324,1234,56,0.311,0.4121,0,0.0021,1.0161,1.0521,1.3214,0.1011
MERCH_FLASH_00411,flash_sale_high_vol,2039,462,34,7,0.0169,0.0149,1573,385,0.0523,0.1004,0,-0.002,0.8824,5.438,1.2,0.0481
MERCH_FLASH_00440,flash_sale_high_vol,2050,444,38,4,0.019,0.0081,1544,371,0.027,0.0408,0,-0.0109,0.4293,5.198,1.1968,0.0138
MERCH_STD_00093,standard_stable,3048,135,86,4,0.0283,0.0271,2546,114,0.0654,0.0958,0,-0.0012,0.9577,1.063,1.1842,0.0304
MERCH_STD_00761,standard_stable,2932,105,92,3,0.0317,0.033,2099,78,0.0534,0.0402,0,0.0013,1.0409,0.8595,1.3462,-0.0132
MERCH_FLASH_00334,flash_sale_high_vol,2269,658,27,14,0.0121,0.021,1891,550,0.0373,0.0851,0,0.0089,1.7295,6.9599,1.1964,0.0478
MERCH_NOISE_00203,low_volume_noise,51,1,1,0,0.0196,0.0,45,1,0.1445,0.1862,0,-0.0196,0.0051,0.4706,1.0,0.0417
MERCH_SPIKE_RUSH_00332,syndicate_bot_rush,1068,213,30,106,0.0287,0.4988,875,57,0.0665,0.8315,1,0.4701,17.3229,4.7865,3.7368,0.765
MERCH_NOISE_00258,low_volume_noise,24,1,0,0,0.0,0.0,21,1,0.0829,0.0429,0,0.0,1.0,1.0,1.0,-0.04
MERCH_STD_01204,standard_stable,2169,95,49,2,0.023,0.0188,1654,79,0.0464,0.0279,0,-0.0042,0.8182,1.0512,1.2025,-0.0185
MERCH_SPIKE_RUSH_00352,syndicate_bot_rush,1553,442,23,198,0.0152,0.447,1273,140,0.0526,0.7378,1,0.4318,29.2222,6.8307,3.1571,0.6852
MERCH_SPIKE_ATO_00134,targeted_ato_surge,497,41,14,11,0.0292,0.2658,397,12,0.1129,0.7911,1,0.2366,9.0751,1.9799,3.4167,0.6782
MERCH_FLASH_00234,flash_sale_high_vol,2252,630,34,7,0.0151,0.0109,1739,572,0.0468,0.1015,0,-0.0042,0.7237,6.714,1.1014,0.0547
MERCH_STD_00718,standard_stable,1378,55,44,2,0.0324,0.0353,1105,46,0.038,0.0939,0,0.0029,1.0892,0.9579,1.1957,0.0559
MERCH_SPIKE_ATO_00244,targeted_ato_surge,1081,100,27,30,0.0254,0.296,864,35,0.0666,0.8175,1,0.2706,11.6118,2.2202,2.8571,0.7509
MERCH_SPIKE_ATO_00112,targeted_ato_surge,854,119,32,69,0.0383,0.5831,683,42,0.069,0.634,1,0.5448,15.1875,3.3443,2.8333,0.565
MERCH_HIBAS_00317,high_stable_fraud,676,24,100,4,0.1483,0.1539,529,15,0.2521,0.3901,0,0.0056,1.0377,0.8521,1.6,0.138
MERCH_SPIKE_RUSH_00447,syndicate_bot_rush,1212,237,23,103,0.0193,0.4353,993,89,0.0977,0.8189,1,0.416,22.4433,4.6931,2.6629,0.7212
MERCH_ORG_00106,organic_growth,1195,67,26,3,0.0224,0.0399,1015,56,0.0471,0.0291,0,0.0175,1.7778,1.3456,1.1964,-0.018
MERCH_STD_01027,standard_stable,808,37,16,1,0.0208,0.0232,720,28,0.0595,0.0229,0,0.0024,1.1148,1.099,1.3214,-0.0366
MERCH_STD_00350,standard_stable,1121,46,13,1,0.0119,0.0126,949,38,0.0887,0.0384,0,0.0007,1.0583,0.9848,1.2105,-0.0503
MERCH_STD_01079,standard_stable,3375,130,64,3,0.0192,0.0212,2986,111,0.069,0.1013,0,0.002,1.1036,0.9244,1.1712,0.0323
MERCH_FLASH_00404,flash_sale_high_vol,1027,215,23,5,0.0233,0.0245,810,201,0.0455,0.03,0,0.0012,1.0513,5.0243,1.0697,-0.0155
MERCH_SPIKE_ATO_00072,targeted_ato_surge,751,58,12,27,0.0164,0.4661,600,23,0.052,0.8625,1,0.4497,28.2545,1.8535,2.5217,0.8105
MERCH_FLASH_00533,flash_sale_high_vol,1823,458,52,7,0.0287,0.0148,1625,430,0.0487,0.0424,0,-0.0139,0.5174,6.0296,1.0651,-0.0063
MERCH_NOISE_00255,low_volume_noise,69,4,0,0,0.0,0.0,62,4,0.0822,0.1997,0,0.0,1.0,1.3913,1.0,0.1175
MERCH_HIBAS_00335,high_stable_fraud,1036,44,103,4,0.1,0.0968,740,33,0.3266,0.36,0,-0.0032,0.968,1.0193,1.3333,0.0334
MERCH_ORG_00005,organic_growth,878,50,21,1,0.0245,0.0204,746,42,0.0432,0.0585,0,-0.0041,0.8333,1.3667,1.1905,0.0153
MERCH_SPIKE_ATO_00171,targeted_ato_surge,481,48,17,28,0.0368,0.5777,384,14,0.0886,0.7828,1,0.5409,15.6585,2.395,3.4286,0.6942
MERCH_FLASH_00639,flash_sale_high_vol,1780,484,20,9,0.0114,0.0188,1480,390,0.0754,0.073,0,0.0074,1.6435,6.5258,1.241,-0.0024
MERCH_HIBAS_00346,high_stable_fraud,573,23,75,3,0.1324,0.1443,345,17,0.3701,0.379,0,0.0119,1.0898,0.9634,1.3529,0.0089
MERCH_STD_00893,standard_stable,3545,139,98,4,0.0277,0.0284,2707,97,0.0893,0.0629,0,0.0007,1.0252,0.941,1.433,-0.0264
MERCH_STD_00629,standard_stable,2258,88,42,2,0.0187,0.0218,1941,63,0.0797,0.0619,0,0.0031,1.1649,0.9353,1.3968,-0.0178
MERCH_FLASH_00558,flash_sale_high_vol,1513,391,35,5,0.0236,0.0131,1221,363,0.072,0.1031,0,-0.0105,0.557,6.2022,1.0771,0.0311
MERCH_HIBAS_00051,high_stable_fraud,1481,53,173,6,0.1174,0.1135,957,37,0.3904,0.3989,0,-0.0039,0.9668,0.8589,1.4324,0.0085
MERCH_NOISE_00233,low_volume_noise,42,2,1,0,0.0238,0.0,37,2,0.1496,0.0345,0,-0.0238,0.0042,1.1429,1.0,-0.1151
MERCH_HIBAS_00337,high_stable_fraud,1421,67,153,7,0.1079,0.1095,1126,45,0.3024,0.2994,0,0.0016,1.0148,1.1316,1.4889,-0.003
MERCH_STD_00945,standard_stable,1058,34,28,1,0.0267,0.0216,905,24,0.0679,0.0881,0,-0.0051,0.8097,0.7713,1.4167,0.0202
MERCH_SPIKE_RUSH_00472,syndicate_bot_rush,762,101,9,38,0.0129,0.381,624,41,0.0625,0.7381,1,0.3681,29.3154,3.1811,2.4634,0.6756
MERCH_HIBAS_00172,high_stable_fraud,1013,45,147,7,0.1457,0.1463,646,29,0.3539,0.3948,0,0.0006,1.0041,1.0661,1.5517,0.0409
MERCH_STD_01169,standard_stable,969,37,36,1,0.0376,0.031,804,30,0.0962,0.1106,0,-0.0066,0.8249,0.9164,1.2333,0.0144
MERCH_FLASH_00403,flash_sale_high_vol,1828,553,50,6,0.0278,0.0114,1581,512,0.0758,0.0831,0,-0.0164,0.4122,7.2604,1.0801,0.0073
MERCH_SPIKE_ATO_00067,targeted_ato_surge,343,50,10,13,0.0298,0.2533,274,21,0.0303,0.768,1,0.2235,8.4749,3.4985,2.381,0.7377
MERCH_STD_01502,standard_stable,2953,135,62,3,0.0211,0.0212,2185,117,0.0472,0.0303,0,0.0001,1.0047,1.0972,1.1538,-0.0169
MERCH_STD_01352,standard_stable,3201,132,92,4,0.0289,0.0314,2285,94,0.0573,0.1194,0,0.0025,1.0862,0.9897,1.4043,0.0621
MERCH_SPIKE_RUSH_00303,syndicate_bot_rush,1607,216,33,98,0.0209,0.4538,1317,69,0.0888,0.6766,1,0.4329,21.6143,3.2259,3.1304,0.5878
MERCH_SPIKE_ATO_00205,targeted_ato_surge,748,102,19,35,0.0261,0.3427,598,39,0.0744,0.805,1,0.3166,13.084,3.2727,2.6154,0.7306
MERCH_STD_01394,standard_stable,2325,85,69,3,0.0299,0.0305,1666,68,0.0545,0.0958,0,0.0006,1.02,0.8774,1.25,0.0413
MERCH_FLASH_00210,flash_sale_high_vol,1997,597,38,12,0.0194,0.0195,1654,523,0.0226,0.0751,0,0.0001,1.0051,7.1748,1.1415,0.0525
MERCH_STD_00552,standard_stable,2524,112,37,1,0.0148,0.0133,1885,78,0.0496,0.0518,0,-0.0015,0.8993,1.065,1.4359,0.0022
MERCH_NOISE_00213,low_volume_noise,68,2,0,1,0.0,0.5,61,2,0.0183,0.2353,0,0.5,5001.0,0.7059,1.0,0.217
MERCH_HIBAS_00318,high_stable_fraud,1417,56,183,7,0.1294,0.1321,1033,36,0.3671,0.3305,0,0.0027,1.0208,0.9485,1.5556,-0.0366
MERCH_FLASH_00322,flash_sale_high_vol,1649,534,22,6,0.0139,0.0115,1239,502,0.0457,0.0659,0,-0.0024,0.8286,7.772,1.0637,0.0202
MERCH_HIBAS_00209,high_stable_fraud,1707,71,213,9,0.125,0.1273,1329,49,0.3895,0.3169,0,0.0023,1.0184,0.9982,1.449,-0.0726
MERCH_STD_00602,standard_stable,2891,119,95,3,0.0332,0.0291,2444,94,0.0225,0.116,0,-0.0041,0.8769,0.9879,1.266,0.0935
MERCH_SPIKE_ATO_00068,targeted_ato_surge,696,87,27,28,0.0392,0.3187,556,43,0.0531,0.7901,1,0.2795,8.112,3.0,2.0233,0.737
MERCH_STD_01553,standard_stable,1258,46,43,1,0.0346,0.028,989,33,0.0855,0.0461,0,-0.0066,0.8098,0.8776,1.3939,-0.0394
MERCH_FLASH_00294,flash_sale_high_vol,898,234,22,5,0.0247,0.0215,695,188,0.0619,0.1195,0,-0.0032,0.871,6.2539,1.2447,0.0576
MERCH_HIBAS_00066,high_stable_fraud,1786,84,198,10,0.1114,0.1172,1259,66,0.2558,0.3555,0,0.0058,1.052,1.1288,1.2727,0.0997
MERCH_FLASH_00251,flash_sale_high_vol,1284,301,33,3,0.0263,0.0095,1134,259,0.0325,0.0864,0,-0.0168,0.3636,5.6262,1.1622,0.0539
MERCH_ORG_00019,organic_growth,1026,61,31,2,0.0303,0.0247,872,51,0.0417,0.0478,0,-0.0056,0.8158,1.4269,1.1961,0.0061
MERCH_SPIKE_ATO_00049,targeted_ato_surge,582,61,23,24,0.0396,0.3952,465,21,0.1053,0.6189,1,0.3556,9.9572,2.5155,2.9048,0.5136
MERCH_HIBAS_00183,high_stable_fraud,664,30,88,4,0.1332,0.1407,419,19,0.3616,0.2697,0,0.0075,1.0563,1.0843,1.5789,-0.0919
MERCH_NOISE_00070,low_volume_noise,46,1,0,1,0.0,1.0,41,1,0.0876,0.1896,0,1.0,10001.0,0.5217,1.0,0.102
MERCH_STD_01260,standard_stable,3404,127,76,2,0.0225,0.0183,2549,101,0.0606,0.0418,0,-0.0042,0.8142,0.8954,1.2574,-0.0188
MERCH_STD_00009,standard_stable,2975,122,34,1,0.0117,0.0107,2476,98,0.0827,0.0864,0,-0.001,0.9153,0.9842,1.2449,0.0037
MERCH_HIBAS_00293,high_stable_fraud,1551,70,203,8,0.1311,0.1208,1076,45,0.2555,0.4164,0,-0.0103,0.9215,1.0832,1.5556,0.1609
MERCH_STD_01340,standard_stable,842,43,19,1,0.0232,0.0237,649,37,0.0511,0.0709,0,0.0005,1.0215,1.2257,1.1622,0.0198
MERCH_STD_01393,standard_stable,2356,107,36,2,0.0154,0.0146,1871,81,0.0963,0.0491,0,-0.0008,0.9484,1.09,1.321,-0.0472
MERCH_STD_00173,standard_stable,1392,59,19,1,0.0139,0.0128,1077,44,0.0811,0.113,0,-0.0011,0.9214,1.0172,1.3409,0.0319
MERCH_STD_01256,standard_stable,3275,139,118,5,0.0363,0.0384,2620,124,0.0967,0.1049,0,0.0021,1.0577,1.0186,1.121,0.0082
MERCH_STD_00280,standard_stable,1653,68,21,1,0.0129,0.0146,1205,50,0.0639,0.0415,0,0.0017,1.1308,0.9873,1.36,-0.0224
MERCH_STD_00577,standard_stable,696,27,7,0,0.0107,0.0124,566,22,0.0745,0.0322,0,0.0017,1.1574,0.931,1.2273,-0.0423
MERCH_NOISE_00259,low_volume_noise,41,2,0,0,0.0,0.0,36,2,0.1098,0.1612,0,0.0,1.0,1.1707,1.0,0.0514
MERCH_NOISE_00071,low_volume_noise,44,1,0,1,0.0,1.0,39,1,0.0313,0.2078,0,1.0,10001.0,0.5455,1.0,0.1765
MERCH_STD_00322,standard_stable,813,37,32,2,0.0394,0.0411,729,26,0.098,0.0404,0,0.0017,1.043,1.0923,1.4231,-0.0576
MERCH_STD_00924,standard_stable,2495,119,97,4,0.0391,0.0362,1762,90,0.0364,0.0747,0,-0.0029,0.926,1.1447,1.3222,0.0383
MERCH_HIBAS_00332,high_stable_fraud,692,27,93,4,0.1355,0.1349,529,16,0.3075,0.3792,0,-0.0006,0.9956,0.9364,1.6875,0.0717
MERCH_SPIKE_ATO_00069,targeted_ato_surge,996,115,24,54,0.025,0.4691,796,44,0.1124,0.6382,1,0.4441,18.6932,2.7711,2.6136,0.5258
MERCH_STD_00311,standard_stable,2825,147,90,5,0.0322,0.0367,2305,121,0.0483,0.0879,0,0.0045,1.1393,1.2488,1.2149,0.0396
MERCH_SPIKE_RUSH_00471,syndicate_bot_rush,684,109,6,46,0.0101,0.4232,560,38,0.0391,0.946,1,0.4131,41.5,3.8246,2.8684,0.9069
MERCH_SPIKE_RUSH_00239,syndicate_bot_rush,1205,355,21,177,0.0175,0.4998,988,151,0.0884,0.9299,1,0.4823,28.4034,7.0705,2.351,0.8415
MERCH_STD_00051,standard_stable,659,23,20,1,0.0313,0.0262,485,20,0.0567,0.0984,0,-0.0051,0.8376,0.8376,1.15,0.0417
MERCH_NOISE_00049,low_volume_noise,62,4,0,0,0.0,0.0,55,4,0.0177,0.0209,0,0.0,1.0,1.5484,1.0,0.0032
MERCH_STD_01318,standard_stable,3093,124,60,2,0.0196,0.02,2546,99,0.0961,0.1195,0,0.0004,1.0203,0.9622,1.2525,0.0234
MERCH_STD_00524,standard_stable,1694,82,34,2,0.0204,0.0183,1393,72,0.0654,0.0394,0,-0.0021,0.8976,1.1617,1.1389,-0.026
MERCH_STD_00512,standard_stable,1762,82,66,3,0.0377,0.04,1480,62,0.0886,0.0418,0,0.0023,1.0608,1.1169,1.3226,-0.0468
MERCH_HIBAS_00027,high_stable_fraud,2019,87,203,8,0.1006,0.093,1428,56,0.341,0.2563,0,-0.0076,0.9245,1.0342,1.5536,-0.0847
MERCH_FLASH_00408,flash_sale_high_vol,1450,272,35,5,0.0245,0.0168,1315,228,0.0629,0.1162,0,-0.0077,0.687,4.5021,1.193,0.0533
MERCH_HIBAS_00006,high_stable_fraud,1763,62,236,9,0.1342,0.1379,1380,45,0.2539,0.4059,0,0.0037,1.0276,0.844,1.3778,0.152
MERCH_ORG_00036,organic_growth,609,31,17,0,0.0294,0.0148,517,26,0.0465,0.0283,0,-0.0146,0.5051,1.2217,1.1923,-0.0182
MERCH_HIBAS_00245,high_stable_fraud,1400,62,196,9,0.1407,0.141,1085,40,0.3696,0.3672,0,0.0003,1.0021,1.0629,1.55,-0.0024
MERCH_STD_00232,standard_stable,564,25,9,0,0.016,0.014,470,18,0.0484,0.0549,0,-0.002,0.8758,1.0638,1.3889,0.0065
MERCH_STD_01387,standard_stable,2430,99,71,3,0.0296,0.0351,1930,86,0.0717,0.0284,0,0.0055,1.1852,0.9778,1.1512,-0.0433
MERCH_SPIKE_ATO_00169,targeted_ato_surge,956,129,18,56,0.019,0.4307,764,62,0.0776,0.6154,1,0.4117,22.555,3.2385,2.0806,0.5378
MERCH_ORG_00124,organic_growth,445,26,10,0,0.023,0.0116,378,22,0.0668,0.0503,0,-0.0114,0.5065,1.4022,1.1818,-0.0165
MERCH_STD_00785,standard_stable,2926,127,80,3,0.0275,0.0239,2055,95,0.0249,0.0577,0,-0.0036,0.8696,1.0417,1.3368,0.0328
MERCH_HIBAS_00401,high_stable_fraud,1232,49,166,6,0.135,0.128,943,33,0.2911,0.3196,0,-0.007,0.9482,0.9545,1.4848,0.0285
MERCH_STD_00502,standard_stable,1509,68,38,1,0.0255,0.0216,1090,51,0.0545,0.0499,0,-0.0039,0.8477,1.0815,1.3333,-0.0046
MERCH_STD_01074,standard_stable,684,25,14,1,0.0219,0.0242,514,21,0.0261,0.0941,0,0.0023,1.1045,0.8772,1.1905,0.068
MERCH_STD_01209,standard_stable,2887,128,115,5,0.0399,0.0356,2307,98,0.0824,0.0306,0,-0.0043,0.8925,1.0641,1.3061,-0.0518
MERCH_NOISE_00198,low_volume_noise,71,4,1,0,0.0141,0.0,63,4,0.1079,0.1804,0,-0.0141,0.007,1.3521,1.0,0.0725
MERCH_SPIKE_ATO_00249,targeted_ato_surge,640,99,10,30,0.0171,0.3042,512,34,0.0817,0.6155,1,0.2871,17.6919,3.7125,2.9118,0.5338
MERCH_SPIKE_ATO_00060,targeted_ato_surge,519,62,12,16,0.0239,0.2636,415,27,0.057,0.7118,1,0.2397,10.9875,2.8671,2.2963,0.6548
MERCH_SPIKE_ATO_00162,targeted_ato_surge,501,43,18,23,0.0363,0.5251,400,14,0.0718,0.7573,1,0.4888,14.4286,2.0599,3.0714,0.6855
MERCH_SPIKE_RUSH_00476,syndicate_bot_rush,1172,159,40,38,0.0347,0.2378,961,65,0.0413,0.7051,1,0.2031,6.8362,3.256,2.4462,0.6638
MERCH_STD_00725,standard_stable,2846,108,46,2,0.0163,0.0194,2247,76,0.0376,0.0542,0,0.0031,1.189,0.9108,1.4211,0.0166
MERCH_NOISE_00020,low_volume_noise,81,2,0,0,0.0,0.0,72,2,0.0792,0.1064,0,0.0,1.0,0.5926,1.0,0.0272
MERCH_HIBAS_00439,high_stable_fraud,1242,53,180,7,0.1457,0.1373,833,38,0.258,0.3082,0,-0.0084,0.9424,1.0242,1.3947,0.0502
MERCH_SPIKE_RUSH_00279,syndicate_bot_rush,1681,307,37,124,0.0225,0.4028,1378,95,0.0847,0.7893,1,0.3803,17.8274,4.3831,3.2316,0.7046
MERCH_STD_00804,standard_stable,1385,57,54,2,0.0397,0.0353,1024,44,0.0685,0.0982,0,-0.0044,0.8894,0.9877,1.2955,0.0297
MERCH_STD_00886,standard_stable,3026,110,107,3,0.0355,0.029,2503,80,0.062,0.0214,0,-0.0065,0.8174,0.8724,1.375,-0.0406
MERCH_STD_00872,standard_stable,1613,54,29,1,0.0181,0.0188,1163,40,0.0606,0.0486,0,0.0007,1.0385,0.8035,1.35,-0.012
MERCH_ORG_00104,organic_growth,1279,70,34,3,0.0267,0.038,1087,59,0.0741,0.078,0,0.0113,1.4216,1.3135,1.1864,0.0039
MERCH_HIBAS_00146,high_stable_fraud,808,35,121,5,0.1508,0.1387,546,25,0.3878,0.2906,0,-0.0121,0.9198,1.0396,1.4,-0.0972
MERCH_STD_00486,standard_stable,844,31,23,1,0.0277,0.0269,638,22,0.061,0.0366,0,-0.0008,0.9712,0.8815,1.4091,-0.0244
MERCH_SPIKE_RUSH_00226,syndicate_bot_rush,1170,242,32,59,0.0277,0.2455,959,68,0.0391,0.9188,1,0.2178,8.8345,4.9641,3.5588,0.8797
MERCH_SPIKE_ATO_00192,targeted_ato_surge,725,74,26,31,0.0359,0.4172,580,22,0.0716,0.7683,1,0.3813,11.5917,2.4497,3.3636,0.6967
MERCH_SPIKE_RUSH_00114,syndicate_bot_rush,558,75,6,22,0.0118,0.296,457,32,0.0711,0.8454,1,0.2842,24.8824,3.2258,2.3438,0.7743
MERCH_STD_00813,standard_stable,855,34,18,1,0.0216,0.0208,704,25,0.0338,0.1069,0,-0.0008,0.9631,0.9544,1.36,0.0731
MERCH_NOISE_00319,low_volume_noise,60,3,1,1,0.0167,0.3333,54,3,0.1415,0.1361,0,0.3166,19.8452,1.2,1.0,-0.0054
MERCH_SPIKE_RUSH_00184,syndicate_bot_rush,1854,542,47,205,0.0254,0.3783,1520,158,0.0988,0.9026,1,0.3529,14.8392,7.0162,3.4304,0.8038
MERCH_HIBAS_00357,high_stable_fraud,1637,63,258,11,0.1579,0.1707,996,39,0.3236,0.3272,0,0.0128,1.081,0.9236,1.6154,0.0036
MERCH_STD_00262,standard_stable,504,21,17,1,0.0356,0.0363,395,18,0.0591,0.0701,0,0.0007,1.0196,1.0,1.1667,0.011
MERCH_STD_00500,standard_stable,3444,121,45,2,0.0132,0.0124,2740,96,0.0885,0.0971,0,-0.0008,0.9398,0.8432,1.2604,0.0086
MERCH_NOISE_00077,low_volume_noise,74,2,1,0,0.0135,0.0,66,2,0.1266,0.1366,0,-0.0135,0.0074,0.6486,1.0,0.01
MERCH_STD_01457,standard_stable,1693,64,60,3,0.0357,0.04,1228,50,0.0278,0.0253,0,0.0043,1.1201,0.9073,1.28,-0.0025
MERCH_HIBAS_00434,high_stable_fraud,511,18,79,3,0.1551,0.1621,333,11,0.3556,0.3771,0,0.007,1.0451,0.8454,1.6364,0.0215
MERCH_SPIKE_ATO_00233,targeted_ato_surge,1159,163,17,48,0.015,0.2965,927,76,0.0596,0.7488,1,0.2815,19.6424,3.3753,2.1447,0.6892
MERCH_STD_00546,standard_stable,2437,99,33,1,0.0137,0.0121,1764,78,0.051,0.1141,0,-0.0016,0.8841,0.975,1.2692,0.0631
MERCH_NOISE_00013,low_volume_noise,91,4,0,1,0.0,0.25,81,4,0.0269,0.0346,0,0.25,2501.0,1.0549,1.0,0.0077
MERCH_SPIKE_ATO_00251,targeted_ato_surge,753,97,18,28,0.025,0.2884,602,32,0.0635,0.5749,1,0.2634,11.494,3.0916,3.0312,0.5114
MERCH_FLASH_00552,flash_sale_high_vol,1810,454,53,5,0.0293,0.0119,1386,422,0.0347,0.1104,0,-0.0174,0.4082,6.0199,1.0758,0.0757
MERCH_FLASH_00306,flash_sale_high_vol,2443,472,42,5,0.0174,0.0101,2195,383,0.0577,0.0631,0,-0.0073,0.5829,4.6369,1.2324,0.0054
MERCH_STD_01214,standard_stable,2550,101,25,1,0.01,0.0106,2150,78,0.0437,0.0382,0,0.0006,1.0594,0.9506,1.2949,-0.0055
MERCH_STD_00628,standard_stable,1692,70,28,1,0.0168,0.014,1331,51,0.0907,0.0645,0,-0.0028,0.8343,0.9929,1.3725,-0.0262
MERCH_ORG_00022,organic_growth,608,35,16,1,0.0275,0.0189,516,29,0.0676,0.0418,0,-0.0086,0.6884,1.3816,1.2069,-0.0258
MERCH_HIBAS_00100,high_stable_fraud,852,29,116,4,0.137,0.1331,657,19,0.358,0.2659,0,-0.0039,0.9716,0.8169,1.5263,-0.0921
MERCH_NOISE_00010,low_volume_noise,68,2,0,0,0.0,0.0,61,2,0.0535,0.1867,0,0.0,1.0,0.7059,1.0,0.1332
MERCH_FLASH_00012,flash_sale_high_vol,2070,557,59,13,0.0286,0.0232,1771,501,0.0664,0.036,0,-0.0054,0.8118,6.458,1.1118,-0.0304
MERCH_SPIKE_RUSH_00475,syndicate_bot_rush,447,66,8,23,0.02,0.3502,366,22,0.0556,0.7075,1,0.3302,17.4279,3.5436,3.0,0.6519
MERCH_SPIKE_RUSH_00301,syndicate_bot_rush,536,81,13,35,0.0247,0.4283,439,31,0.0532,0.8769,1,0.4036,17.2742,3.6269,2.6129,0.8237
MERCH_SPIKE_RUSH_00243,syndicate_bot_rush,1465,427,47,97,0.0326,0.2283,1201,108,0.0683,0.6949,1,0.1957,6.9847,6.9952,3.9537,0.6266
MERCH_SPIKE_RUSH_00150,syndicate_bot_rush,1627,284,23,127,0.0146,0.4461,1334,99,0.0915,0.9011,1,0.4315,30.3537,4.1893,2.8687,0.8096
MERCH_FLASH_00182,flash_sale_high_vol,1684,287,44,4,0.0266,0.0131,1337,266,0.034,0.0574,0,-0.0135,0.4944,4.0903,1.0789,0.0234
MERCH_SPIKE_RUSH_00293,syndicate_bot_rush,647,104,14,52,0.0229,0.4968,530,36,0.0481,0.8204,1,0.4739,21.6043,3.8578,2.8889,0.7723
MERCH_STD_01354,standard_stable,3144,127,67,3,0.0214,0.024,2785,104,0.0699,0.059,0,0.0026,1.1209,0.9695,1.2212,-0.0109
MERCH_FLASH_00285,flash_sale_high_vol,991,194,25,5,0.0254,0.0236,858,164,0.0731,0.0839,0,-0.0018,0.9294,4.6983,1.1829,0.0108
MERCH_STD_00087,standard_stable,529,18,15,1,0.0286,0.0317,460,13,0.0935,0.0654,0,0.0031,1.108,0.8166,1.3846,-0.0281
MERCH_SPIKE_ATO_00075,targeted_ato_surge,536,76,17,19,0.0325,0.2539,428,25,0.0935,0.7491,1,0.2214,7.7914,3.403,3.04,0.6556
MERCH_STD_00591,standard_stable,1717,78,35,1,0.0204,0.0191,1337,55,0.0934,0.0607,0,-0.0013,0.9366,1.0903,1.4182,-0.0327
MERCH_HIBAS_00399,high_stable_fraud,1082,50,142,6,0.1316,0.1272,667,33,0.3536,0.4163,0,-0.0044,0.9666,1.1091,1.5152,0.0627
MERCH_STD_01532,standard_stable,2287,103,90,3,0.0396,0.0318,1984,86,0.0649,0.0436,0,-0.0078,0.8035,1.0809,1.1977,-0.0213
MERCH_HIBAS_00387,high_stable_fraud,909,38,105,4,0.1163,0.1182,700,23,0.397,0.4139,0,0.0019,1.0163,1.0033,1.6522,0.0169
MERCH_FLASH_00327,flash_sale_high_vol,815,207,23,4,0.0284,0.0186,631,183,0.0425,0.0506,0,-0.0098,0.6561,6.0957,1.1311,0.0081
MERCH_STD_00758,standard_stable,810,35,12,0,0.0158,0.0138,587,31,0.0727,0.1136,0,-0.002,0.8742,1.037,1.129,0.0409
MERCH_STD_00351,standard_stable,492,17,10,0,0.0206,0.018,377,12,0.0246,0.1116,0,-0.0026,0.8744,0.8293,1.4167,0.087
MERCH_STD_00543,standard_stable,1642,72,23,1,0.0145,0.0151,1261,62,0.0876,0.0309,0,0.0006,1.0411,1.0524,1.1613,-0.0567
MERCH_FLASH_00252,flash_sale_high_vol,1334,301,39,5,0.0297,0.0167,1151,245,0.0644,0.0883,0,-0.013,0.5638,5.4153,1.2286,0.0239
MERCH_ORG_00105,organic_growth,1322,78,43,1,0.0329,0.016,1123,66,0.0523,0.0631,0,-0.0169,0.4879,1.416,1.1818,0.0108
MERCH_STD_01421,standard_stable,829,33,22,1,0.0275,0.0286,635,27,0.0824,0.0978,0,0.0011,1.0399,0.9554,1.2222,0.0154
MERCH_FLASH_00122,flash_sale_high_vol,2318,703,25,11,0.0112,0.015,1856,633,0.0631,0.0573,0,0.0038,1.3363,7.2787,1.1106,-0.0058
MERCH_SPIKE_RUSH_00006,syndicate_bot_rush,1070,302,29,86,0.0273,0.2841,877,108,0.0495,0.665,1,0.2568,10.3723,6.7738,2.7963,0.6155
MERCH_SPIKE_RUSH_00085,syndicate_bot_rush,1425,202,18,82,0.0129,0.4071,1168,64,0.0916,0.8638,1,0.3942,31.3231,3.4021,3.1562,0.7722
MERCH_HIBAS_00084,high_stable_fraud,1636,61,231,9,0.1413,0.1475,1133,46,0.309,0.3097,0,0.0062,1.0438,0.8949,1.3261,0.0007
MERCH_SPIKE_RUSH_00010,syndicate_bot_rush,1230,296,24,86,0.0199,0.2921,1008,99,0.0623,0.6814,1,0.2722,14.61,5.7756,2.9899,0.6191
MERCH_STD_00007,standard_stable,2830,113,67,2,0.0238,0.0204,2045,94,0.0577,0.0765,0,-0.0034,0.8577,0.9583,1.2021,0.0188
MERCH_HIBAS_00015,high_stable_fraud,1780,67,262,11,0.1476,0.1571,1292,45,0.2621,0.2614,0,0.0095,1.0643,0.9034,1.4889,-0.0007
MERCH_STD_00429,standard_stable,1588,61,44,2,0.0281,0.0315,1250,51,0.0265,0.067,0,0.0034,1.1206,0.9219,1.1961,0.0405
MERCH_STD_00907,standard_stable,2656,92,95,3,0.0361,0.0324,2042,71,0.0642,0.0433,0,-0.0037,0.8978,0.8313,1.2958,-0.0209
MERCH_STD_00630,standard_stable,531,20,7,0,0.0139,0.015,399,17,0.0726,0.1032,0,0.0011,1.0786,0.904,1.1765,0.0306
MERCH_STD_00179,standard_stable,2757,100,47,2,0.0171,0.0203,2075,78,0.0546,0.0453,0,0.0032,1.186,0.8705,1.2821,-0.0093
MERCH_STD_00117,standard_stable,522,24,8,0,0.0159,0.0182,391,20,0.0303,0.0475,0,0.0023,1.1438,1.1034,1.2,0.0172
MERCH_FLASH_00121,flash_sale_high_vol,832,165,18,2,0.0217,0.0097,740,134,0.0565,0.0617,0,-0.012,0.4495,4.7596,1.2313,0.0052
MERCH_STD_00934,standard_stable,3115,118,105,3,0.0339,0.0294,2546,102,0.0946,0.1025,0,-0.0045,0.8676,0.9091,1.1569,0.0079
MERCH_STD_00202,standard_stable,708,33,16,1,0.0232,0.0208,613,26,0.0808,0.0673,0,-0.0024,0.897,1.1186,1.2692,-0.0135
MERCH_NOISE_00031,low_volume_noise,47,2,0,0,0.0,0.0,42,2,0.1139,0.0207,0,0.0,1.0,1.0213,1.0,-0.0932
MERCH_STD_00260,standard_stable,1763,67,25,1,0.0142,0.0153,1540,51,0.0654,0.0269,0,0.0011,1.0769,0.9121,1.3137,-0.0385
MERCH_STD_00925,standard_stable,3594,136,69,2,0.0192,0.0156,2906,96,0.0951,0.1067,0,-0.0036,0.8135,0.9082,1.4167,0.0116
MERCH_SPIKE_RUSH_00366,syndicate_bot_rush,1497,199,47,46,0.032,0.2288,1227,57,0.0295,0.8078,1,0.1968,7.1308,3.1904,3.4912,0.7783
MERCH_SPIKE_RUSH_00233,syndicate_bot_rush,1593,504,48,127,0.0303,0.2521,1306,226,0.0204,0.9027,1,0.2218,8.2961,7.5932,2.2301,0.8823
MERCH_STD_00615,standard_stable,1349,65,52,2,0.0386,0.0362,1171,52,0.0477,0.104,0,-0.0024,0.938,1.1564,1.25,0.0563
MERCH_SPIKE_ATO_00239,targeted_ato_surge,521,47,8,21,0.0157,0.4363,416,14,0.1159,0.8543,1,0.4206,27.6203,2.1651,3.3571,0.7384
MERCH_STD_00302,standard_stable,2720,95,47,1,0.0174,0.0149,2372,70,0.0603,0.1191,0,-0.0025,0.8571,0.8382,1.3571,0.0588
MERCH_FLASH_00484,flash_sale_high_vol,1200,290,20,6,0.0172,0.0224,1087,232,0.0259,0.0879,0,0.0052,1.3006,5.8,1.25,0.062
MERCH_STD_00607,standard_stable,3407,147,52,2,0.0153,0.0134,2428,123,0.0289,0.0306,0,-0.0019,0.8766,1.0355,1.1951,0.0017
MERCH_FLASH_00543,flash_sale_high_vol,1655,396,31,8,0.0192,0.0208,1322,330,0.0713,0.092,0,0.0016,1.0829,5.7426,1.2,0.0207
MERCH_STD_00959,standard_stable,1131,39,22,1,0.0203,0.0187,996,30,0.0892,0.0709,0,-0.0016,0.9216,0.8276,1.3,-0.0183
MERCH_HIBAS_00239,high_stable_fraud,645,25,95,3,0.1474,0.1347,511,19,0.3478,0.3659,0,-0.0127,0.9139,0.9302,1.3158,0.0181
MERCH_SPIKE_RUSH_00167,syndicate_bot_rush,542,96,14,25,0.0269,0.2572,444,25,0.0975,0.8531,1,0.2303,9.5296,4.2509,3.84,0.7556
MERCH_STD_00237,standard_stable,1623,65,32,1,0.0202,0.0169,1144,48,0.0805,0.1191,0,-0.0033,0.8374,0.9612,1.3542,0.0386
MERCH_STD_00763,standard_stable,1061,53,17,1,0.0165,0.0138,811,42,0.0484,0.0718,0,-0.0027,0.8373,1.1989,1.2619,0.0234
MERCH_NOISE_00205,low_volume_noise,33,1,2,0,0.0606,0.0,29,1,0.0534,0.2126,0,-0.0606,0.0016,0.7273,1.0,0.1592
MERCH_STD_01333,standard_stable,3520,131,132,6,0.0376,0.043,2719,95,0.0844,0.026,0,0.0054,1.1432,0.8932,1.3789,-0.0584
MERCH_SPIKE_ATO_00041,targeted_ato_surge,831,94,31,51,0.0375,0.5412,664,38,0.0634,0.8085,1,0.5037,14.3963,2.7148,2.4737,0.7451
MERCH_FLASH_00330,flash_sale_high_vol,742,233,9,2,0.0123,0.0088,670,187,0.0562,0.0548,0,-0.0035,0.7177,7.5364,1.246,-0.0014
MERCH_FLASH_00017,flash_sale_high_vol,837,143,16,1,0.0201,0.0095,630,120,0.0232,0.0681,0,-0.0106,0.4752,4.1004,1.1917,0.0449
MERCH_ORG_00013,organic_growth,629,35,12,1,0.0192,0.0251,534,29,0.0593,0.0748,0,0.0059,1.3057,1.3355,1.2069,0.0155
MERCH_ORG_00047,organic_growth,502,26,14,1,0.0286,0.035,426,22,0.0766,0.0398,0,0.0064,1.223,1.243,1.1818,-0.0368
MERCH_STD_01067,standard_stable,2012,80,30,1,0.0154,0.0168,1626,64,0.0356,0.089,0,0.0014,1.0903,0.9543,1.25,0.0534
MERCH_NOISE_00036,low_volume_noise,77,1,0,0,0.0,0.0,69,1,0.1006,0.046,0,0.0,1.0,0.3117,1.0,-0.0546
MERCH_STD_01454,standard_stable,3049,119,121,5,0.0398,0.0386,2306,98,0.0589,0.0929,0,-0.0012,0.9699,0.9367,1.2143,0.034
MERCH_SPIKE_RUSH_00359,syndicate_bot_rush,1566,366,32,129,0.0208,0.3522,1284,124,0.0929,0.8192,1,0.3314,16.8565,5.6092,2.9516,0.7263
MERCH_SPIKE_RUSH_00180,syndicate_bot_rush,1265,185,27,72,0.022,0.3908,1037,57,0.0562,0.9412,1,0.3688,17.6878,3.5099,3.2456,0.885
MERCH_HIBAS_00324,high_stable_fraud,776,38,106,6,0.1378,0.15,520,25,0.2745,0.4174,0,0.0122,1.0885,1.1753,1.52,0.1429
MERCH_STD_00335,standard_stable,2140,103,26,1,0.0124,0.0114,1878,87,0.0759,0.0479,0,-0.001,0.92,1.1551,1.1839,-0.028
MERCH_STD_01496,standard_stable,2090,96,70,3,0.0339,0.0337,1485,76,0.0651,0.0466,0,-0.0002,0.9941,1.1024,1.2632,-0.0185
MERCH_FLASH_00546,flash_sale_high_vol,1171,337,15,7,0.0133,0.0196,895,311,0.067,0.0866,0,0.0063,1.4701,6.9069,1.0836,0.0196
MERCH_HIBAS_00406,high_stable_fraud,1019,35,125,5,0.1229,0.1343,637,26,0.2521,0.3119,0,0.0114,1.0927,0.8243,1.3462,0.0598
MERCH_STD_00172,standard_stable,1998,75,34,1,0.0172,0.015,1585,58,0.0393,0.0952,0,-0.0022,0.8728,0.9009,1.2931,0.0559
MERCH_SPIKE_RUSH_00442,syndicate_bot_rush,1823,342,53,110,0.0294,0.3214,1494,86,0.083,0.6985,1,0.292,10.8983,4.5025,3.9767,0.6155
MERCH_STD_00568,standard_stable,2552,89,59,2,0.0235,0.0215,2046,77,0.0337,0.0812,0,-0.002,0.9153,0.837,1.1558,0.0475
MERCH_STD_01300,standard_stable,2639,110,47,2,0.0179,0.0204,2233,88,0.0856,0.1013,0,0.0025,1.1389,1.0004,1.25,0.0157
MERCH_SPIKE_RUSH_00063,syndicate_bot_rush,1230,198,14,93,0.0116,0.4696,1008,58,0.0702,0.8126,1,0.458,40.1453,3.8634,3.4138,0.7424
MERCH_STD_00835,standard_stable,3732,149,106,4,0.0286,0.0298,3019,106,0.0759,0.0916,0,0.0012,1.0418,0.9582,1.4057,0.0157
MERCH_SPIKE_RUSH_00131,syndicate_bot_rush,1384,293,40,142,0.0292,0.4857,1134,89,0.0832,0.922,1,0.4565,16.5802,5.0809,3.2921,0.8388
MERCH_HIBAS_00046,high_stable_fraud,691,29,93,4,0.1349,0.1468,482,17,0.3219,0.3839,0,0.0119,1.0881,1.0072,1.7059,0.062
MERCH_NOISE_00014,low_volume_noise,94,2,0,0,0.0,0.0,84,2,0.0941,0.2116,0,0.0,1.0,0.5106,1.0,0.1175
MERCH_FLASH_00374,flash_sale_high_vol,2095,599,22,10,0.0106,0.0166,1903,517,0.0281,0.0597,0,0.006,1.5607,6.8621,1.1586,0.0316
MERCH_STD_01480,standard_stable,2352,98,78,3,0.0333,0.0306,1797,75,0.0808,0.0241,0,-0.0027,0.9192,1.0,1.3067,-0.0567
MERCH_HIBAS_00007,high_stable_fraud,1534,69,244,12,0.1592,0.1696,1209,41,0.3662,0.3157,0,0.0104,1.0653,1.0795,1.6829,-0.0505
MERCH_STD_01558,standard_stable,3665,138,82,3,0.0225,0.0206,2834,119,0.0761,0.045,0,-0.0019,0.9159,0.9037,1.1597,-0.0311
MERCH_STD_00703,standard_stable,2045,80,34,2,0.0169,0.0194,1476,65,0.0347,0.1047,0,0.0025,1.1471,0.9389,1.2308,0.07
MERCH_HIBAS_00270,high_stable_fraud,1888,61,281,9,0.1492,0.15,1445,43,0.304,0.33,0,0.0008,1.0054,0.7754,1.4186,0.026
MERCH_ORG_00156,organic_growth,815,46,19,2,0.0245,0.0383,692,39,0.0703,0.0476,0,0.0138,1.561,1.3546,1.1795,-0.0227
MERCH_SPIKE_ATO_00117,targeted_ato_surge,785,76,14,21,0.0189,0.2816,628,24,0.0581,0.7831,1,0.2627,14.8263,2.3236,3.1667,0.725
MERCH_STD_00522,standard_stable,2737,122,47,2,0.0173,0.0198,2134,101,0.052,0.0678,0,0.0025,1.1437,1.0698,1.2079,0.0158
MERCH_STD_01368,standard_stable,1943,74,41,2,0.0213,0.0241,1614,56,0.0931,0.0699,0,0.0028,1.1308,0.9141,1.3214,-0.0232
MERCH_STD_00994,standard_stable,528,19,20,1,0.038,0.0322,376,16,0.0829,0.0895,0,-0.0058,0.8478,0.8636,1.1875,0.0066
MERCH_FLASH_00518,flash_sale_high_vol,1689,493,34,7,0.0207,0.0136,1364,417,0.0467,0.1031,0,-0.0071,0.6587,7.0053,1.1823,0.0564
MERCH_NOISE_00180,low_volume_noise,51,2,0,0,0.0,0.0,45,2,0.0307,0.028,0,0.0,1.0,0.9412,1.0,-0.0027
MERCH_STD_01082,standard_stable,3274,163,69,3,0.0213,0.0185,2342,133,0.0219,0.038,0,-0.0028,0.8692,1.1949,1.2256,0.0161
MERCH_HIBAS_00445,high_stable_fraud,1452,69,197,9,0.1363,0.1301,953,42,0.298,0.3516,0,-0.0062,0.9545,1.1405,1.6429,0.0536
MERCH_FLASH_00473,flash_sale_high_vol,899,284,21,6,0.0234,0.0221,709,264,0.0566,0.1041,0,-0.0013,0.9447,7.5818,1.0758,0.0475
MERCH_STD_00393,standard_stable,3083,110,35,1,0.0115,0.0114,2259,92,0.0836,0.0428,0,-0.0001,0.9914,0.8563,1.1957,-0.0408
MERCH_STD_00248,standard_stable,1158,47,20,1,0.0176,0.0146,819,39,0.0471,0.0855,0,-0.003,0.8305,0.9741,1.2051,0.0384
MERCH_FLASH_00187,flash_sale_high_vol,1838,414,21,4,0.0115,0.0097,1398,344,0.062,0.0926,0,-0.0018,0.8448,5.4059,1.2035,0.0306
MERCH_STD_00768,standard_stable,1463,65,50,3,0.0345,0.0388,1312,50,0.0798,0.0803,0,0.0043,1.1243,1.0663,1.3,0.0005
MERCH_STD_00457,standard_stable,3043,147,95,5,0.0314,0.0366,2445,112,0.0862,0.0971,0,0.0052,1.1651,1.1594,1.3125,0.0109
MERCH_FLASH_00140,flash_sale_high_vol,2134,343,34,6,0.0164,0.0183,1682,314,0.0608,0.0996,0,0.0019,1.1152,3.8575,1.0924,0.0388
MERCH_FLASH_00009,flash_sale_high_vol,868,286,15,4,0.0181,0.0157,774,230,0.0482,0.1008,0,-0.0024,0.8681,7.9078,1.2435,0.0526
MERCH_SPIKE_ATO_00074,targeted_ato_surge,1063,93,33,42,0.0318,0.4476,850,30,0.0894,0.6819,1,0.4158,14.0345,2.0997,3.1,0.5925
MERCH_SPIKE_ATO_00267,targeted_ato_surge,1108,126,30,54,0.0277,0.4268,886,54,0.1077,0.6349,1,0.3991,15.3561,2.7292,2.3333,0.5272
MERCH_STD_00712,standard_stable,2814,107,45,2,0.0162,0.0164,2079,90,0.097,0.0409,0,0.0002,1.0123,0.9126,1.1889,-0.0561
MERCH_FLASH_00310,flash_sale_high_vol,1332,322,15,6,0.0115,0.0173,1072,304,0.0264,0.0423,0,0.0058,1.5,5.8018,1.0592,0.0159
MERCH_STD_01227,standard_stable,3433,130,87,3,0.0256,0.0261,2985,116,0.0463,0.0939,0,0.0005,1.0195,0.9088,1.1207,0.0476
MERCH_FLASH_00106,flash_sale_high_vol,2296,567,42,7,0.0185,0.0128,1785,502,0.0737,0.0962,0,-0.0057,0.6935,5.9268,1.1295,0.0225
MERCH_STD_00253,standard_stable,2939,117,84,4,0.0289,0.0318,2552,102,0.0229,0.0756,0,0.0029,1.1,0.9554,1.1471,0.0527
MERCH_FLASH_00042,flash_sale_high_vol,1200,305,29,4,0.0242,0.0131,1069,247,0.066,0.0523,0,-0.0111,0.5432,6.1,1.2348,-0.0137
MERCH_ORG_00010,organic_growth,823,49,12,1,0.0151,0.026,699,41,0.0373,0.0742,0,0.0109,1.7171,1.4289,1.1951,0.0369
MERCH_STD_00599,standard_stable,2742,132,46,2,0.0171,0.0143,2024,104,0.0944,0.0762,0,-0.0028,0.8372,1.1554,1.2692,-0.0182
MERCH_STD_00647,standard_stable,2237,80,42,1,0.019,0.0179,1749,67,0.0876,0.0921,0,-0.0011,0.9424,0.8583,1.194,0.0045
MERCH_SPIKE_ATO_00236,targeted_ato_surge,849,95,30,33,0.0358,0.3433,679,44,0.04,0.8912,1,0.3075,9.5655,2.6855,2.1591,0.8512
MERCH_ORG_00081,organic_growth,482,28,8,1,0.0166,0.0339,409,23,0.0349,0.0809,0,0.0173,2.0359,1.3942,1.2174,0.046
MERCH_NOISE_00210,low_volume_noise,41,2,1,0,0.0244,0.0,36,2,0.1141,0.0124,0,-0.0244,0.0041,1.1707,1.0,-0.1017
MERCH_STD_00478,standard_stable,2464,95,54,2,0.0221,0.0229,1987,79,0.0577,0.0914,0,0.0008,1.036,0.9253,1.2025,0.0337
MERCH_FLASH_00522,flash_sale_high_vol,1558,256,32,5,0.021,0.0201,1216,223,0.0481,0.0738,0,-0.0009,0.9573,3.9435,1.148,0.0257
MERCH_FLASH_00341,flash_sale_high_vol,1974,426,57,8,0.0291,0.0186,1663,349,0.0418,0.1003,0,-0.0105,0.6404,5.1793,1.2206,0.0585
MERCH_STD_00625,standard_stable,1978,67,55,2,0.0282,0.0276,1507,55,0.0692,0.021,0,-0.0006,0.9788,0.8129,1.2182,-0.0482
MERCH_STD_00992,standard_stable,2761,99,89,3,0.0324,0.0304,2175,78,0.0799,0.1163,0,-0.002,0.9385,0.8606,1.2692,0.0364
MERCH_STD_00215,standard_stable,1645,64,17,1,0.0106,0.0112,1352,54,0.0848,0.0912,0,0.0006,1.0561,0.9337,1.1852,0.0064
MERCH_STD_01179,standard_stable,3395,118,78,3,0.023,0.0218,3010,104,0.0814,0.0404,0,-0.0012,0.9481,0.8342,1.1346,-0.041
MERCH_SPIKE_RUSH_00088,syndicate_bot_rush,805,122,21,45,0.0272,0.3706,660,44,0.024,0.7171,1,0.3434,13.5788,3.6373,2.7727,0.6931
MERCH_STD_00991,standard_stable,1630,65,46,2,0.0286,0.0278,1227,52,0.0376,0.1068,0,-0.0008,0.9721,0.9571,1.25,0.0692
MERCH_STD_01276,standard_stable,517,25,18,1,0.0357,0.0406,426,20,0.0299,0.0899,0,0.0049,1.1369,1.1605,1.25,0.06
MERCH_NOISE_00227,low_volume_noise,61,2,0,0,0.0,0.0,54,2,0.0988,0.1894,0,0.0,1.0,0.7869,1.0,0.0906
MERCH_SPIKE_RUSH_00437,syndicate_bot_rush,1611,299,45,153,0.0282,0.5103,1321,101,0.0307,0.8802,1,0.4821,18.0353,4.4544,2.9604,0.8495
MERCH_NOISE_00235,low_volume_noise,81,1,0,0,0.0,0.0,72,1,0.026,0.2069,0,0.0,1.0,0.2963,1.0,0.1809
MERCH_HIBAS_00068,high_stable_fraud,1650,81,262,12,0.159,0.1468,1018,61,0.2617,0.2946,0,-0.0122,0.9233,1.1782,1.3279,0.0329
MERCH_NOISE_00087,low_volume_noise,52,1,0,0,0.0,0.0,46,1,0.1436,0.2477,0,0.0,1.0,0.4615,1.0,0.1041
MERCH_SPIKE_RUSH_00330,syndicate_bot_rush,1107,298,37,119,0.0336,0.4008,907,110,0.0978,0.6959,1,0.3672,11.8961,6.4607,2.7091,0.5981
MERCH_STD_00584,standard_stable,1020,45,35,1,0.0347,0.0286,766,38,0.0801,0.1076,0,-0.0061,0.8247,1.0588,1.1842,0.0275
MERCH_STD_00509,standard_stable,960,37,34,1,0.0355,0.0401,687,29,0.026,0.0878,0,0.0046,1.1292,0.925,1.2759,0.0618
MERCH_SPIKE_RUSH_00089,syndicate_bot_rush,1940,518,35,222,0.0181,0.4287,1590,231,0.0973,0.8351,1,0.4106,23.5604,6.4082,2.2424,0.7378
MERCH_SPIKE_RUSH_00418,syndicate_bot_rush,2002,419,37,166,0.0187,0.396,1641,155,0.0283,0.7547,1,0.3773,21.0691,5.023,2.7032,0.7264
MERCH_STD_00993,standard_stable,1615,64,45,2,0.0283,0.0242,1441,55,0.0967,0.0418,0,-0.0041,0.8556,0.9511,1.1636,-0.0549
MERCH_STD_00254,standard_stable,1237,46,36,1,0.0295,0.0258,949,38,0.0363,0.0294,0,-0.0037,0.875,0.8925,1.2105,-0.0069
MERCH_STD_00096,standard_stable,2036,78,74,3,0.0364,0.0366,1727,66,0.0826,0.077,0,0.0002,1.0055,0.9194,1.1818,-0.0056
MERCH_STD_00811,standard_stable,1553,60,54,2,0.0349,0.0369,1392,50,0.0263,0.1108,0,0.002,1.0571,0.9272,1.2,0.0845
MERCH_SPIKE_ATO_00126,targeted_ato_surge,1060,83,20,39,0.0197,0.4705,848,28,0.0475,0.6212,1,0.4508,23.7677,1.8792,2.9643,0.5737
MERCH_HIBAS_00477,high_stable_fraud,1512,71,225,11,0.1492,0.1584,1196,55,0.3749,0.2997,0,0.0092,1.0616,1.127,1.2909,-0.0752
MERCH_HIBAS_00152,high_stable_fraud,1893,72,297,12,0.1569,0.1722,1432,52,0.3148,0.3932,0,0.0153,1.0975,0.9128,1.3846,0.0784
MERCH_SPIKE_RUSH_00395,syndicate_bot_rush,1896,437,47,211,0.0251,0.4828,1554,172,0.038,0.801,1,0.4577,19.1627,5.5316,2.5407,0.763
MERCH_SPIKE_RUSH_00216,syndicate_bot_rush,1379,403,14,108,0.0106,0.2687,1130,167,0.0751,0.6709,1,0.2581,25.1215,7.0138,2.4132,0.5958
MERCH_STD_01383,standard_stable,2141,94,75,3,0.0353,0.0343,1595,74,0.033,0.0867,0,-0.001,0.9718,1.0537,1.2703,0.0537
MERCH_FLASH_00610,flash_sale_high_vol,1114,270,22,3,0.0198,0.0097,894,242,0.0373,0.0429,0,-0.0101,0.4925,5.8169,1.1157,0.0056
MERCH_FLASH_00004,flash_sale_high_vol,910,207,21,4,0.024,0.0197,807,192,0.0227,0.0996,0,-0.0043,0.8216,5.4593,1.0781,0.0769
MERCH_SPIKE_ATO_00176,targeted_ato_surge,769,88,25,53,0.0331,0.5989,615,27,0.0602,0.8796,1,0.5658,18.0422,2.7464,3.2593,0.8194
MERCH_HIBAS_00303,high_stable_fraud,1881,90,240,11,0.1276,0.1241,1217,55,0.3284,0.2839,0,-0.0035,0.9726,1.1483,1.6364,-0.0445
MERCH_SPIKE_RUSH_00266,syndicate_bot_rush,882,228,26,116,0.0297,0.5082,723,89,0.0573,0.9251,1,0.4785,17.057,6.2041,2.5618,0.8678
MERCH_STD_00699,standard_stable,1555,71,54,3,0.0352,0.0353,1389,54,0.0913,0.092,0,0.0001,1.0028,1.0958,1.3148,0.0007
MERCH_NOISE_00080,low_volume_noise,63,1,0,0,0.0,0.0,56,1,0.097,0.0164,0,0.0,1.0,0.381,1.0,-0.0806
MERCH_NOISE_00184,low_volume_noise,92,2,1,0,0.0109,0.0,82,2,0.0776,0.0385,0,-0.0109,0.0091,0.5217,1.0,-0.0391
MERCH_FLASH_00528,flash_sale_high_vol,2118,576,58,13,0.0276,0.0225,1717,474,0.0418,0.1034,0,-0.0051,0.8159,6.5269,1.2152,0.0616
MERCH_FLASH_00565,flash_sale_high_vol,1889,464,28,10,0.0149,0.0214,1442,440,0.0716,0.0586,0,0.0065,1.4333,5.8952,1.0545,-0.013
MERCH_STD_00418,standard_stable,2804,109,56,2,0.0203,0.0185,2483,79,0.0991,0.0527,0,-0.0018,0.9118,0.933,1.3797,-0.0464
MERCH_NOISE_00271,low_volume_noise,24,1,1,0,0.0417,0.0,21,1,0.0424,0.2204,0,-0.0417,0.0024,1.0,1.0,0.178
MERCH_STD_00128,standard_stable,2991,136,58,3,0.0196,0.022,2387,119,0.0315,0.1079,0,0.0024,1.1218,1.0913,1.1429,0.0764
MERCH_FLASH_00081,flash_sale_high_vol,1194,353,15,6,0.0129,0.0164,1010,326,0.0311,0.0458,0,0.0035,1.2692,7.0955,1.0828,0.0147
MERCH_STD_01586,standard_stable,2577,104,90,4,0.0353,0.0358,2274,89,0.0906,0.1196,0,0.0005,1.0141,0.9686,1.1685,0.029
MERCH_HIBAS_00125,high_stable_fraud,579,27,76,4,0.1319,0.1336,404,21,0.2675,0.3826,0,0.0017,1.0129,1.1192,1.2857,0.1151
MERCH_STD_00141,standard_stable,605,29,11,1,0.0197,0.0203,521,21,0.0983,0.0699,0,0.0006,1.0303,1.1504,1.381,-0.0284
MERCH_SPIKE_RUSH_00369,syndicate_bot_rush,905,274,29,72,0.0329,0.2645,742,75,0.0446,0.8789,1,0.2316,8.0182,7.2663,3.6533,0.8343
MERCH_STD_00747,standard_stable,2600,111,83,4,0.0322,0.0338,2053,86,0.0503,0.0618,0,0.0016,1.0495,1.0246,1.2907,0.0115
MERCH_STD_00987,standard_stable,529,24,19,1,0.0364,0.0316,422,20,0.095,0.0834,0,-0.0048,0.8685,1.0888,1.2,-0.0116
MERCH_HIBAS_00131,high_stable_fraud,1423,73,225,12,0.1587,0.1708,1105,51,0.3247,0.3894,0,0.0121,1.0762,1.2312,1.4314,0.0647
MERCH_STD_01307,standard_stable,2654,102,102,4,0.0388,0.0357,2166,80,0.0579,0.0269,0,-0.0031,0.9203,0.9224,1.275,-0.031
MERCH_SPIKE_RUSH_00234,syndicate_bot_rush,1401,247,25,123,0.0185,0.4973,1148,96,0.068,0.8433,1,0.4788,26.7419,4.2313,2.5729,0.7753
MERCH_HIBAS_00376,high_stable_fraud,1463,75,146,8,0.1,0.1046,1158,49,0.3682,0.3863,0,0.0046,1.046,1.2303,1.5306,0.0181
MERCH_STD_00688,standard_stable,2387,112,75,3,0.0318,0.0288,1968,92,0.0872,0.0336,0,-0.003,0.906,1.1261,1.2174,-0.0536
MERCH_ORG_00128,organic_growth,431,22,11,0,0.0269,0.0129,366,18,0.0419,0.0807,0,-0.014,0.4815,1.2251,1.2222,0.0388
MERCH_NOISE_00182,low_volume_noise,24,1,0,0,0.0,0.0,21,1,0.1204,0.0703,0,0.0,1.0,1.0,1.0,-0.0501
MERCH_SPIKE_ATO_00157,targeted_ato_surge,761,104,19,27,0.0256,0.2553,608,44,0.0981,0.7378,1,0.2297,9.9377,3.2799,2.3636,0.6397
MERCH_STD_00156,standard_stable,972,41,36,1,0.0375,0.036,766,29,0.0975,0.0511,0,-0.0015,0.9601,1.0123,1.4138,-0.0464
MERCH_SPIKE_ATO_00308,targeted_ato_surge,503,56,16,30,0.0323,0.542,402,19,0.0861,0.6247,1,0.5097,16.7315,2.672,2.9474,0.5386
MERCH_HIBAS_00211,high_stable_fraud,1596,63,203,9,0.1273,0.1381,995,49,0.372,0.371,0,0.0108,1.0848,0.9474,1.2857,-0.001
MERCH_FLASH_00086,flash_sale_high_vol,984,193,22,4,0.023,0.0194,805,173,0.0429,0.1061,0,-0.0036,0.8442,4.7073,1.1156,0.0632
MERCH_SPIKE_RUSH_00295,syndicate_bot_rush,1624,325,42,85,0.0259,0.2621,1331,107,0.0425,0.8534,1,0.2362,10.0846,4.803,3.0374,0.8109
MERCH_STD_00189,standard_stable,1308,52,39,1,0.0303,0.0265,1123,46,0.0777,0.1118,0,-0.0038,0.875,0.9541,1.1304,0.0341
MERCH_FLASH_00262,flash_sale_high_vol,1553,369,31,7,0.0203,0.0195,1324,322,0.0352,0.0773,0,-0.0008,0.9608,5.7025,1.146,0.0421
MERCH_FLASH_00575,flash_sale_high_vol,2239,745,65,18,0.0291,0.0248,1970,691,0.0557,0.1081,0,-0.0043,0.8527,7.9857,1.0781,0.0524
MERCH_FLASH_00113,flash_sale_high_vol,1228,378,35,8,0.0289,0.0215,1077,316,0.0284,0.0686,0,-0.0074,0.7448,7.3876,1.1962,0.0402
MERCH_HIBAS_00105,high_stable_fraud,1835,80,281,11,0.1536,0.1415,1254,51,0.2755,0.3716,0,-0.0121,0.9213,1.0463,1.5686,0.0961
MERCH_FLASH_00413,flash_sale_high_vol,1836,557,44,11,0.0245,0.0196,1485,464,0.0234,0.055,0,-0.0049,0.8008,7.281,1.2004,0.0316
MERCH_STD_00889,standard_stable,829,30,9,0,0.0117,0.01,659,22,0.0962,0.0759,0,-0.0017,0.8559,0.8685,1.3636,-0.0203
MERCH_STD_00081,standard_stable,2051,98,22,1,0.0111,0.0093,1452,73,0.0252,0.0655,0,-0.0018,0.8393,1.1468,1.3425,0.0403
MERCH_HIBAS_00221,high_stable_fraud,1346,48,210,8,0.1562,0.169,875,36,0.2523,0.341,0,0.0128,1.0819,0.8559,1.3333,0.0887
MERCH_SPIKE_RUSH_00166,syndicate_bot_rush,1703,282,20,125,0.012,0.4424,1396,74,0.0503,0.9115,1,0.4304,36.5702,3.9742,3.8108,0.8612
MERCH_STD_01549,standard_stable,2286,93,75,3,0.0329,0.0375,1749,77,0.0914,0.0969,0,0.0046,1.1394,0.9764,1.2078,0.0055
MERCH_STD_00904,standard_stable,2717,115,63,3,0.0232,0.0269,2336,99,0.0407,0.0619,0,0.0037,1.1588,1.0158,1.1616,0.0212
MERCH_HIBAS_00205,high_stable_fraud,959,39,125,5,0.1311,0.1307,640,25,0.2541,0.3642,0,-0.0004,0.997,0.976,1.56,0.1101
MERCH_STD_00194,standard_stable,1160,44,38,1,0.0334,0.0298,818,39,0.0768,0.0836,0,-0.0036,0.8925,0.9103,1.1282,0.0068
MERCH_SPIKE_RUSH_00325,syndicate_bot_rush,550,115,17,39,0.0326,0.3427,451,44,0.0218,0.9197,1,0.3101,10.4832,5.0182,2.6136,0.8979
MERCH_HIBAS_00123,high_stable_fraud,713,29,92,3,0.1303,0.1198,455,20,0.3158,0.3857,0,-0.0105,0.9195,0.9762,1.45,0.0699
MERCH_STD_01269,standard_stable,3070,136,117,6,0.0384,0.0425,2461,117,0.0954,0.0922,0,0.0041,1.1065,1.0632,1.1624,-0.0032
MERCH_STD_00125,standard_stable,963,42,17,1,0.0181,0.0193,695,36,0.0341,0.0623,0,0.0012,1.0659,1.0467,1.1667,0.0282
MERCH_FLASH_00360,flash_sale_high_vol,1972,702,55,14,0.028,0.0193,1544,576,0.0776,0.1084,0,-0.0087,0.6904,8.5436,1.2188,0.0308
MERCH_FLASH_00149,flash_sale_high_vol,1045,301,27,4,0.0267,0.0139,954,246,0.0496,0.0799,0,-0.0128,0.5224,6.9129,1.2236,0.0303
MERCH_STD_00113,standard_stable,2724,117,81,3,0.0298,0.0295,2424,89,0.0342,0.0878,0,-0.0003,0.99,1.0308,1.3146,0.0536
MERCH_STD_01564,standard_stable,2922,126,94,4,0.0323,0.0348,2335,102,0.0569,0.0595,0,0.0025,1.0772,1.0349,1.2353,0.0026
MERCH_FLASH_00443,flash_sale_high_vol,2462,410,31,5,0.0128,0.0133,2101,364,0.0363,0.1156,0,0.0005,1.0388,3.9968,1.1264,0.0793
MERCH_NOISE_00152,low_volume_noise,68,2,1,1,0.0147,0.5,61,2,0.114,0.1719,0,0.4853,33.7905,0.7059,1.0,0.0579
MERCH_FLASH_00065,flash_sale_high_vol,1345,355,37,3,0.0279,0.0084,1173,333,0.0585,0.1075,0,-0.0195,0.3036,6.3346,1.0661,0.049
MERCH_FLASH_00326,flash_sale_high_vol,1751,289,35,3,0.0201,0.0102,1425,245,0.0332,0.1056,0,-0.0099,0.5099,3.9612,1.1796,0.0724
MERCH_HIBAS_00110,high_stable_fraud,1995,83,248,9,0.1244,0.1142,1230,55,0.3415,0.2516,0,-0.0102,0.9181,0.9985,1.5091,-0.0899
MERCH_STD_00257,standard_stable,1776,75,45,2,0.0257,0.0267,1562,67,0.0263,0.0585,0,0.001,1.0388,1.0135,1.1194,0.0322
MERCH_STD_01177,standard_stable,1892,86,53,2,0.0283,0.0242,1541,61,0.0846,0.0816,0,-0.0041,0.8556,1.0909,1.4098,-0.003
MERCH_STD_01022,standard_stable,2518,106,47,2,0.0188,0.017,2007,77,0.0652,0.0445,0,-0.0018,0.9048,1.0103,1.3766,-0.0207
MERCH_SPIKE_ATO_00024,targeted_ato_surge,568,69,19,28,0.0338,0.4,454,29,0.0838,0.8021,1,0.3662,11.8024,2.9155,2.3793,0.7183
MERCH_STD_01197,standard_stable,2362,100,41,2,0.0175,0.0196,2029,70,0.0442,0.0623,0,0.0021,1.1193,1.0161,1.4286,0.0181
MERCH_STD_00377,standard_stable,1153,52,30,1,0.0265,0.0259,869,37,0.0759,0.1174,0,-0.0006,0.9774,1.0824,1.4054,0.0415
MERCH_FLASH_00601,flash_sale_high_vol,1662,457,37,4,0.0224,0.0092,1445,376,0.0606,0.0412,0,-0.0132,0.4133,6.5993,1.2154,-0.0194
MERCH_HIBAS_00153,high_stable_fraud,1607,60,256,10,0.1598,0.1643,1067,41,0.3008,0.3069,0,0.0045,1.0281,0.8961,1.4634,0.0061
MERCH_HIBAS_00185,high_stable_fraud,817,36,90,4,0.1113,0.1009,580,22,0.3112,0.2752,0,-0.0104,0.9066,1.0575,1.6364,-0.036
MERCH_SPIKE_ATO_00138,targeted_ato_surge,764,68,22,18,0.0289,0.2585,611,20,0.0401,0.8286,1,0.2296,8.9172,2.1361,3.4,0.7885
MERCH_ORG_00064,organic_growth,652,35,8,1,0.013,0.0222,554,29,0.0442,0.0707,0,0.0092,1.7023,1.2883,1.2069,0.0265
MERCH_STD_00095,standard_stable,1774,81,25,1,0.0145,0.0126,1312,70,0.093,0.0412,0,-0.0019,0.8699,1.0958,1.1571,-0.0518
MERCH_HIBAS_00074,high_stable_fraud,1873,75,285,11,0.1526,0.1411,1389,54,0.3228,0.2967,0,-0.0115,0.9247,0.961,1.3889,-0.0261
MERCH_SPIKE_RUSH_00421,syndicate_bot_rush,893,256,16,112,0.0183,0.4364,732,88,0.0424,0.7754,1,0.4181,23.7228,6.8802,2.9091,0.733
MERCH_STD_01288,standard_stable,1796,75,70,3,0.0392,0.0348,1297,55,0.0538,0.0437,0,-0.0044,0.888,1.0022,1.3636,-0.0101
MERCH_STD_00160,standard_stable,2167,90,31,2,0.0147,0.0175,1611,72,0.0949,0.1177,0,0.0028,1.1892,0.9968,1.25,0.0228
MERCH_SPIKE_RUSH_00460,syndicate_bot_rush,1938,275,53,64,0.0278,0.232,1589,77,0.0361,0.6684,1,0.2042,8.319,3.4056,3.5714,0.6323
MERCH_SPIKE_ATO_00275,targeted_ato_surge,695,64,11,35,0.0162,0.5543,556,30,0.0395,0.5564,1,0.5381,34.0123,2.2101,2.1333,0.5169
MERCH_SPIKE_ATO_00061,targeted_ato_surge,1114,106,19,40,0.0179,0.373,891,43,0.1182,0.8545,1,0.3551,20.7278,2.2837,2.4651,0.7363
MERCH_FLASH_00087,flash_sale_high_vol,877,141,13,2,0.0154,0.0176,691,122,0.0681,0.1012,0,0.0022,1.1419,3.8586,1.1557,0.0331
MERCH_SPIKE_ATO_00272,targeted_ato_surge,626,69,17,39,0.0285,0.5654,500,26,0.059,0.8034,1,0.5369,19.7727,2.6454,2.6538,0.7444
MERCH_SPIKE_ATO_00007,targeted_ato_surge,891,92,17,32,0.0202,0.3502,712,39,0.1035,0.6419,1,0.33,17.2562,2.4781,2.359,0.5384
MERCH_FLASH_00186,flash_sale_high_vol,2157,494,57,4,0.0266,0.0085,1632,427,0.0473,0.0588,0,-0.0181,0.3221,5.4965,1.1569,0.0115
MERCH_FLASH_00175,flash_sale_high_vol,1571,446,17,6,0.0111,0.0131,1363,403,0.0473,0.0783,0,0.002,1.1786,6.8135,1.1067,0.031
MERCH_STD_00636,standard_stable,1170,40,46,1,0.0399,0.0335,997,28,0.0255,0.1089,0,-0.0064,0.84,0.8205,1.4286,0.0834
MERCH_STD_01243,standard_stable,3419,119,57,2,0.0168,0.0176,2984,84,0.0518,0.114,0,0.0008,1.0473,0.8353,1.4167,0.0622
MERCH_SPIKE_RUSH_00466,syndicate_bot_rush,1551,225,45,80,0.0292,0.3536,1271,74,0.0481,0.8594,1,0.3244,12.0717,3.4816,3.0405,0.8113
MERCH_SPIKE_ATO_00224,targeted_ato_surge,373,44,14,24,0.0382,0.5394,298,17,0.0388,0.6154,1,0.5012,14.0862,2.8311,2.5882,0.5766
MERCH_FLASH_00287,flash_sale_high_vol,2201,690,23,16,0.0108,0.0234,2006,637,0.0323,0.0439,0,0.0126,2.156,7.5239,1.0832,0.0116
MERCH_FLASH_00525,flash_sale_high_vol,1783,401,41,5,0.0234,0.0134,1400,379,0.021,0.0415,0,-0.01,0.5745,5.3976,1.058,0.0205
MERCH_ORG_00159,organic_growth,1347,77,44,1,0.0334,0.0145,1144,65,0.0291,0.0531,0,-0.0189,0.4358,1.3719,1.1846,0.024
MERCH_FLASH_00335,flash_sale_high_vol,1094,326,31,7,0.0286,0.0205,998,261,0.0347,0.0892,0,-0.0081,0.7178,7.1517,1.249,0.0545
MERCH_SPIKE_RUSH_00296,syndicate_bot_rush,1569,307,18,108,0.012,0.3516,1286,109,0.0296,0.7974,1,0.3396,29.0661,4.696,2.8165,0.7678
MERCH_STD_00982,standard_stable,3144,125,83,3,0.0267,0.0274,2446,89,0.0718,0.0931,0,0.0007,1.0261,0.9542,1.4045,0.0213
MERCH_FLASH_00028,flash_sale_high_vol,1794,413,51,9,0.0285,0.0222,1617,370,0.0559,0.0398,0,-0.0063,0.7797,5.5251,1.1162,-0.0161
MERCH_NOISE_00232,low_volume_noise,63,2,1,0,0.0159,0.0,56,2,0.1436,0.0398,0,-0.0159,0.0062,0.7619,1.0,-0.1038
MERCH_SPIKE_ATO_00265,targeted_ato_surge,1017,91,36,54,0.0356,0.5926,813,43,0.076,0.6849,1,0.557,16.6022,2.1475,2.1163,0.6089
MERCH_STD_00118,standard_stable,873,42,26,1,0.0302,0.0266,705,35,0.0962,0.081,0,-0.0036,0.8812,1.1546,1.2,-0.0152
MERCH_STD_00072,standard_stable,3332,114,113,3,0.034,0.0304,2746,99,0.0204,0.0715,0,-0.0036,0.8944,0.8211,1.1515,0.0511
MERCH_FLASH_00220,flash_sale_high_vol,1940,493,44,11,0.023,0.0219,1509,416,0.023,0.0615,0,-0.0011,0.9524,6.099,1.1851,0.0385
MERCH_NOISE_00311,low_volume_noise,81,1,1,0,0.0123,0.0,72,1,0.098,0.223,0,-0.0123,0.0081,0.2963,1.0,0.125
MERCH_NOISE_00302,low_volume_noise,56,3,0,0,0.0,0.0,50,3,0.0684,0.0725,0,0.0,1.0,1.2857,1.0,0.0041
MERCH_STD_00933,standard_stable,1843,74,55,2,0.0301,0.0295,1548,52,0.0632,0.0747,0,-0.0006,0.9801,0.9636,1.4231,0.0115
MERCH_NOISE_00032,low_volume_noise,53,2,0,0,0.0,0.0,47,2,0.1147,0.2138,0,0.0,1.0,0.9057,1.0,0.0991
MERCH_NOISE_00050,low_volume_noise,83,1,0,1,0.0,1.0,74,1,0.0956,0.0785,0,1.0,10001.0,0.2892,1.0,-0.0171
MERCH_SPIKE_ATO_00242,targeted_ato_surge,432,59,9,19,0.023,0.3236,345,27,0.0897,0.6158,1,0.3006,14.013,3.2778,2.1852,0.5261
MERCH_SPIKE_RUSH_00059,syndicate_bot_rush,1691,334,28,81,0.017,0.2434,1386,140,0.0916,0.8315,1,0.2264,14.2398,4.7404,2.3857,0.7399
MERCH_STD_00209,standard_stable,3900,161,145,5,0.0372,0.0338,2980,130,0.0649,0.0706,0,-0.0034,0.9088,0.9908,1.2385,0.0057
MERCH_STD_01401,standard_stable,3011,103,113,3,0.0376,0.0331,2562,85,0.0924,0.0514,0,-0.0045,0.8806,0.821,1.2118,-0.041
MERCH_STD_00267,standard_stable,2566,88,45,1,0.0177,0.015,2081,72,0.0834,0.0953,0,-0.0027,0.8483,0.8231,1.2222,0.0119
MERCH_STD_01295,standard_stable,2229,105,45,2,0.0202,0.0196,1795,85,0.065,0.0413,0,-0.0006,0.9704,1.1306,1.2353,-0.0237
MERCH_SPIKE_RUSH_00401,syndicate_bot_rush,852,184,21,71,0.0257,0.3834,698,60,0.0909,0.9297,1,0.3577,14.8643,5.1831,3.0667,0.8388
MERCH_SPIKE_ATO_00268,targeted_ato_surge,1254,167,31,93,0.0255,0.5589,1003,51,0.0338,0.7975,1,0.5334,21.8359,3.1962,3.2745,0.7637
MERCH_NOISE_00042,low_volume_noise,37,2,1,0,0.027,0.0,33,2,0.1284,0.208,0,-0.027,0.0037,1.2973,1.0,0.0796
MERCH_STD_00998,standard_stable,629,23,7,0,0.0123,0.0144,530,18,0.0626,0.077,0,0.0021,1.1694,0.8776,1.2778,0.0144
MERCH_FLASH_00095,flash_sale_high_vol,1992,387,43,8,0.0216,0.0208,1546,359,0.0344,0.0444,0,-0.0008,0.9631,4.6627,1.078,0.01
MERCH_NOISE_00202,low_volume_noise,91,2,1,1,0.011,0.5,81,2,0.0747,0.0938,0,0.489,45.0541,0.5275,1.0,0.0191
MERCH_STD_01427,standard_stable,1227,51,46,2,0.038,0.038,1103,41,0.0529,0.113,0,0.0,1.0,0.9976,1.2439,0.0601
MERCH_FLASH_00275,flash_sale_high_vol,1399,377,15,9,0.0112,0.0241,1209,327,0.0777,0.092,0,0.0129,2.1416,6.4675,1.1529,0.0143
MERCH_HIBAS_00255,high_stable_fraud,961,39,103,4,0.1073,0.1014,644,23,0.3219,0.2718,0,-0.0059,0.9451,0.974,1.6957,-0.0501
MERCH_NOISE_00178,low_volume_noise,43,1,0,0,0.0,0.0,38,1,0.0676,0.1949,0,0.0,1.0,0.5581,1.0,0.1273
MERCH_HIBAS_00237,high_stable_fraud,985,36,142,5,0.145,0.1316,763,22,0.3582,0.2839,0,-0.0134,0.9076,0.8772,1.6364,-0.0743
MERCH_STD_00637,standard_stable,3204,117,94,4,0.0295,0.0343,2434,88,0.0909,0.0881,0,0.0048,1.1622,0.8764,1.3295,-0.0028
MERCH_STD_01548,standard_stable,3707,144,94,3,0.0254,0.0236,3117,117,0.0879,0.0754,0,-0.0018,0.9294,0.9323,1.2308,-0.0125
MERCH_FLASH_00548,flash_sale_high_vol,1461,426,14,3,0.0101,0.008,1149,404,0.0637,0.088,0,-0.0021,0.7941,6.9979,1.0545,0.0243
MERCH_FLASH_00354,flash_sale_high_vol,755,146,13,4,0.0182,0.0247,618,124,0.0301,0.1198,0,0.0065,1.3552,4.6411,1.1774,0.0897
MERCH_HIBAS_00446,high_stable_fraud,768,26,110,4,0.1433,0.1442,520,17,0.334,0.2684,0,0.0009,1.0063,0.8125,1.5294,-0.0656
MERCH_SPIKE_RUSH_00455,syndicate_bot_rush,1143,251,15,72,0.0138,0.2865,937,86,0.0674,0.8847,1,0.2727,20.6187,5.2703,2.9186,0.8173
MERCH_SPIKE_ATO_00090,targeted_ato_surge,1015,93,36,33,0.0364,0.3601,812,45,0.0711,0.8421,1,0.3237,9.8685,2.199,2.0667,0.771
MERCH_FLASH_00313,flash_sale_high_vol,2288,653,58,11,0.0255,0.0166,2084,542,0.0503,0.0587,0,-0.0089,0.6523,6.8497,1.2048,0.0084
MERCH_STD_00878,standard_stable,924,40,27,1,0.0297,0.0246,823,30,0.0487,0.0824,0,-0.0051,0.8289,1.039,1.3333,0.0337
MERCH_NOISE_00068,low_volume_noise,79,3,1,0,0.0127,0.0,71,3,0.1079,0.2027,0,-0.0127,0.0078,0.9114,1.0,0.0948
MERCH_SPIKE_ATO_00146,targeted_ato_surge,1250,167,36,63,0.0289,0.3759,1000,55,0.1046,0.5543,1,0.347,12.9655,3.2064,3.0364,0.4497
MERCH_NOISE_00308,low_volume_noise,54,3,0,0,0.0,0.0,48,3,0.0222,0.1235,0,0.0,1.0,1.3333,1.0,0.1013
MERCH_SPIKE_RUSH_00422,syndicate_bot_rush,1006,216,22,55,0.0222,0.2538,824,66,0.0303,0.8306,1,0.2316,11.3857,5.1531,3.2727,0.8003
MERCH_STD_00776,standard_stable,600,25,9,0,0.0159,0.0172,536,22,0.042,0.0966,0,0.0013,1.0812,1.0,1.1364,0.0546
MERCH_STD_01417,standard_stable,2850,123,101,4,0.0355,0.0342,2188,108,0.0305,0.0774,0,-0.0013,0.9635,1.0358,1.1389,0.0469
MERCH_STD_01113,standard_stable,1007,43,32,1,0.0318,0.026,737,38,0.0283,0.0835,0,-0.0058,0.8182,1.0248,1.1316,0.0552
MERCH_STD_01446,standard_stable,2320,102,52,2,0.0228,0.0219,1834,83,0.0989,0.0461,0,-0.0009,0.9607,1.0552,1.2289,-0.0528
MERCH_ORG_00141,organic_growth,976,54,13,1,0.0143,0.0158,829,45,0.0379,0.0681,0,0.0015,1.1042,1.3279,1.2,0.0302
MERCH_HIBAS_00269,high_stable_fraud,657,29,96,4,0.1467,0.1449,502,17,0.374,0.2601,0,-0.0018,0.9877,1.0594,1.7059,-0.1139
MERCH_HIBAS_00072,high_stable_fraud,855,44,136,7,0.1598,0.1677,547,35,0.3446,0.4142,0,0.0079,1.0494,1.2351,1.2571,0.0696
MERCH_SPIKE_RUSH_00137,syndicate_bot_rush,1301,224,24,62,0.0191,0.2766,1066,66,0.0304,0.7283,1,0.2575,14.4115,4.1322,3.3939,0.6979
MERCH_HIBAS_00320,high_stable_fraud,1523,69,167,7,0.1098,0.1011,1207,50,0.2599,0.3254,0,-0.0087,0.9208,1.0873,1.38,0.0655
MERCH_SPIKE_ATO_00153,targeted_ato_surge,629,82,24,29,0.0396,0.3532,503,30,0.0979,0.7594,1,0.3136,8.8992,3.1288,2.7333,0.6615
MERCH_HIBAS_00041,high_stable_fraud,1693,68,216,9,0.1276,0.1271,1283,52,0.2506,0.3162,0,-0.0005,0.9961,0.964,1.3077,0.0656
MERCH_SPIKE_RUSH_00278,syndicate_bot_rush,2035,413,21,118,0.0105,0.286,1668,154,0.0957,0.913,1,0.2755,26.9906,4.8708,2.6818,0.8173
MERCH_STD_00487,standard_stable,2169,87,68,3,0.0317,0.0367,1529,69,0.0456,0.0425,0,0.005,1.1572,0.9627,1.2609,-0.0031
MERCH_ORG_00114,organic_growth,1164,63,20,1,0.018,0.0208,989,53,0.0409,0.0244,0,0.0028,1.1547,1.299,1.1887,-0.0165
MERCH_SPIKE_ATO_00266,targeted_ato_surge,1055,126,29,48,0.0275,0.3835,844,40,0.0526,0.8941,1,0.356,13.8986,2.8664,3.15,0.8415
MERCH_STD_01593,standard_stable,3281,150,55,2,0.017,0.0141,2319,106,0.0299,0.0629,0,-0.0029,0.8304,1.0972,1.4151,0.033
MERCH_NOISE_00285,low_volume_noise,43,2,0,0,0.0,0.0,38,2,0.0583,0.2235,0,0.0,1.0,1.1163,1.0,0.1652
MERCH_NOISE_00095,low_volume_noise,32,1,2,0,0.0625,0.0,28,1,0.1327,0.1666,0,-0.0625,0.0016,0.75,1.0,0.0339
MERCH_FLASH_00135,flash_sale_high_vol,1126,292,16,3,0.0143,0.0105,922,255,0.0219,0.085,0,-0.0038,0.7361,6.2238,1.1451,0.0631
MERCH_STD_01537,standard_stable,804,33,16,1,0.0203,0.0196,564,24,0.0234,0.0627,0,-0.0007,0.9657,0.9851,1.375,0.0393
MERCH_FLASH_00631,flash_sale_high_vol,1208,242,20,3,0.0169,0.0106,1108,201,0.0588,0.0338,0,-0.0063,0.6294,4.8079,1.204,-0.025
MERCH_STD_00170,standard_stable,2294,94,75,3,0.0328,0.0285,1769,74,0.0318,0.0473,0,-0.0043,0.8693,0.9834,1.2703,0.0155
MERCH_STD_00339,standard_stable,2835,136,92,4,0.0325,0.032,2348,120,0.0399,0.1087,0,-0.0005,0.9847,1.1513,1.1333,0.0688
MERCH_SPIKE_RUSH_00425,syndicate_bot_rush,1185,177,12,47,0.0105,0.2665,971,56,0.0665,0.9134,1,0.256,25.1509,3.5848,3.1607,0.8469
MERCH_NOISE_00278,low_volume_noise,33,1,0,0,0.0,0.0,29,1,0.0256,0.0359,0,0.0,1.0,0.7273,1.0,0.0103
MERCH_NOISE_00090,low_volume_noise,29,2,0,0,0.0,0.0,26,2,0.039,0.1993,0,0.0,1.0,1.6552,1.0,0.1603
MERCH_STD_01438,standard_stable,3071,110,56,2,0.0183,0.017,2618,84,0.0741,0.0646,0,-0.0013,0.9293,0.8597,1.3095,-0.0095
MERCH_STD_01047,standard_stable,3202,141,70,3,0.022,0.0222,2866,100,0.0227,0.0769,0,0.0002,1.009,1.0568,1.41,0.0542
MERCH_HIBAS_00198,high_stable_fraud,783,29,116,4,0.1483,0.1379,471,20,0.34,0.3403,0,-0.0104,0.9299,0.8889,1.45,0.0003
MERCH_FLASH_00282,flash_sale_high_vol,1054,218,12,4,0.012,0.017,900,193,0.0672,0.0815,0,0.005,1.4132,4.9639,1.1295,0.0143
MERCH_SPIKE_RUSH_00217,syndicate_bot_rush,1377,192,45,53,0.0331,0.2772,1129,53,0.0805,0.6982,1,0.2441,8.3524,3.3464,3.6226,0.6177
MERCH_HIBAS_00352,high_stable_fraud,923,33,106,4,0.1152,0.1172,627,22,0.3995,0.269,0,0.002,1.0173,0.8581,1.5,-0.1305
MERCH_SPIKE_ATO_00120,targeted_ato_surge,814,104,26,29,0.0325,0.2796,651,33,0.1174,0.6123,1,0.2471,8.5798,3.0663,3.1515,0.4949
MERCH_ORG_00097,organic_growth,1254,70,32,2,0.026,0.0286,1065,59,0.0215,0.0386,0,0.0026,1.0996,1.3397,1.1864,0.0171
MERCH_NOISE_00312,low_volume_noise,56,1,0,0,0.0,0.0,50,1,0.0241,0.0823,0,0.0,1.0,0.4286,1.0,0.0582
MERCH_FLASH_00366,flash_sale_high_vol,1404,442,20,6,0.0149,0.0128,1054,354,0.0787,0.0804,0,-0.0021,0.86,7.5556,1.2486,0.0017
MERCH_STD_01400,standard_stable,3379,138,70,3,0.021,0.0231,3011,108,0.0719,0.0593,0,0.0021,1.0995,0.9802,1.2778,-0.0126
MERCH_HIBAS_00471,high_stable_fraud,818,42,83,4,0.1024,0.1015,578,27,0.2512,0.3776,0,-0.0009,0.9912,1.2323,1.5556,0.1264
MERCH_STD_00784,standard_stable,1499,71,28,1,0.0188,0.0167,1159,55,0.03,0.0583,0,-0.0021,0.8889,1.1368,1.2909,0.0283
MERCH_STD_00609,standard_stable,3226,126,98,3,0.0305,0.027,2549,102,0.0999,0.0226,0,-0.0035,0.8856,0.9374,1.2353,-0.0773
MERCH_STD_01049,standard_stable,2286,97,75,3,0.0332,0.0303,1945,77,0.0342,0.0763,0,-0.0029,0.9129,1.0184,1.2597,0.0421
MERCH_ORG_00071,organic_growth,614,33,16,1,0.0265,0.0337,521,28,0.0561,0.0378,0,0.0072,1.2707,1.2899,1.1786,-0.0183
MERCH_FLASH_00370,flash_sale_high_vol,816,166,13,3,0.0161,0.0198,641,156,0.0794,0.0712,0,0.0037,1.2284,4.8824,1.0641,-0.0082
MERCH_HIBAS_00113,high_stable_fraud,1573,71,198,8,0.126,0.1176,1222,43,0.3885,0.2736,0,-0.0084,0.9334,1.0833,1.6512,-0.1149
MERCH_SPIKE_RUSH_00127,syndicate_bot_rush,1242,352,34,126,0.0278,0.3566,1018,131,0.0588,0.7499,1,0.3288,12.7849,6.8019,2.687,0.6911
MERCH_NOISE_00272,low_volume_noise,51,2,0,0,0.0,0.0,45,2,0.0465,0.1715,0,0.0,1.0,0.9412,1.0,0.125
MERCH_HIBAS_00355,high_stable_fraud,732,25,76,3,0.1042,0.1082,459,15,0.2517,0.3905,0,0.004,1.0384,0.8197,1.6667,0.1388
MERCH_STD_01526,standard_stable,3547,127,106,4,0.0301,0.035,2919,99,0.0547,0.0958,0,0.0049,1.1623,0.8593,1.2828,0.0411
MERCH_FLASH_00299,flash_sale_high_vol,1555,327,43,5,0.0278,0.0163,1241,286,0.0609,0.0383,0,-0.0115,0.5878,5.0469,1.1434,-0.0226
MERCH_FLASH_00507,flash_sale_high_vol,1961,312,36,6,0.0185,0.0197,1584,256,0.0294,0.0992,0,0.0012,1.0645,3.8185,1.2188,0.0698
MERCH_STD_01311,standard_stable,2782,102,82,3,0.0296,0.0316,2357,81,0.0472,0.0367,0,0.002,1.0673,0.8799,1.2593,-0.0105
MERCH_STD_00227,standard_stable,837,28,32,1,0.0383,0.0399,713,21,0.083,0.0832,0,0.0016,1.0417,0.8029,1.3333,0.0002
MERCH_SPIKE_RUSH_00374,syndicate_bot_rush,1608,510,47,179,0.0298,0.3516,1318,162,0.0336,0.7926,1,0.3218,11.7625,7.6119,3.1481,0.759
MERCH_FLASH_00053,flash_sale_high_vol,1565,526,32,12,0.021,0.0228,1327,453,0.0619,0.1131,0,0.0018,1.0853,8.0665,1.1611,0.0512
MERCH_STD_00792,standard_stable,2463,119,25,1,0.0102,0.0117,1867,107,0.0454,0.0659,0,0.0015,1.1456,1.1596,1.1121,0.0205
MERCH_STD_01181,standard_stable,1973,85,73,3,0.0372,0.0371,1650,63,0.0251,0.1055,0,-0.0001,0.9973,1.034,1.3492,0.0804
MERCH_HIBAS_00004,high_stable_fraud,1211,46,156,6,0.1291,0.1338,886,32,0.3293,0.37,0,0.0047,1.0364,0.9116,1.4375,0.0407
MERCH_SPIKE_RUSH_00206,syndicate_bot_rush,1613,229,29,118,0.0185,0.5142,1322,97,0.0907,0.9468,1,0.4957,27.6505,3.4073,2.3608,0.8561
MERCH_SPIKE_ATO_00237,targeted_ato_surge,1183,89,38,36,0.0328,0.403,946,42,0.031,0.6517,1,0.3702,12.2523,1.8056,2.119,0.6207
MERCH_SPIKE_ATO_00278,targeted_ato_surge,1053,113,23,63,0.0222,0.558,842,42,0.0607,0.8848,1,0.5358,25.0269,2.5755,2.6905,0.8241
MERCH_STD_00548,standard_stable,3208,122,64,2,0.0202,0.0201,2705,92,0.0806,0.083,0,-0.0001,0.9951,0.9127,1.3261,0.0024
MERCH_ORG_00039,organic_growth,448,23,14,0,0.0322,0.0168,380,19,0.0733,0.0871,0,-0.0154,0.5232,1.2321,1.2105,0.0138
MERCH_SPIKE_ATO_00256,targeted_ato_surge,988,102,21,45,0.0222,0.4429,790,46,0.0787,0.8738,1,0.4207,19.8655,2.4777,2.2174,0.7951
MERCH_HIBAS_00157,high_stable_fraud,1579,67,214,9,0.136,0.14,1223,47,0.3102,0.3802,0,0.004,1.0294,1.0184,1.4255,0.07
MERCH_STD_00043,standard_stable,1752,78,46,2,0.0266,0.0296,1394,60,0.0989,0.0918,0,0.003,1.1124,1.0685,1.3,-0.0071
MERCH_STD_01543,standard_stable,2813,110,86,3,0.0308,0.0305,2167,88,0.0656,0.1191,0,-0.0003,0.9903,0.9385,1.25,0.0535
MERCH_SPIKE_ATO_00293,targeted_ato_surge,756,59,29,34,0.0386,0.5825,604,20,0.0431,0.8096,1,0.5439,15.0543,1.873,2.95,0.7665
MERCH_SPIKE_RUSH_00275,syndicate_bot_rush,675,120,21,61,0.0312,0.5076,553,38,0.0572,0.9359,1,0.4764,16.2204,4.2667,3.1579,0.8787
MERCH_STD_00990,standard_stable,3479,155,70,3,0.0203,0.0182,2718,133,0.0554,0.0435,0,-0.0021,0.8971,1.0693,1.1654,-0.0119
MERCH_STD_01140,standard_stable,3835,156,74,3,0.0195,0.018,3365,122,0.0501,0.1114,0,-0.0015,0.9235,0.9763,1.2787,0.0613
MERCH_SPIKE_RUSH_00445,syndicate_bot_rush,1388,431,48,142,0.0349,0.3305,1138,141,0.0971,0.9307,1,0.2956,9.4457,7.4524,3.0567,0.8336
MERCH_SPIKE_RUSH_00105,syndicate_bot_rush,1426,224,45,68,0.032,0.304,1169,100,0.0968,0.8023,1,0.272,9.4735,3.77,2.24,0.7055
MERCH_STD_00174,standard_stable,2091,97,75,4,0.036,0.0376,1835,85,0.0833,0.0661,0,0.0016,1.0443,1.1133,1.1412,-0.0172
MERCH_ORG_00151,organic_growth,851,48,22,1,0.0264,0.0239,723,40,0.0247,0.0643,0,-0.0025,0.9057,1.3537,1.2,0.0396
MERCH_HIBAS_00274,high_stable_fraud,1013,47,137,6,0.136,0.1225,635,28,0.288,0.2507,0,-0.0135,0.9008,1.1135,1.6786,-0.0373
MERCH_STD_01396,standard_stable,1610,75,30,1,0.0191,0.0172,1213,57,0.0797,0.114,0,-0.0019,0.901,1.118,1.3158,0.0343
MERCH_STD_00649,standard_stable,1565,55,41,2,0.0265,0.0305,1255,43,0.0359,0.0577,0,0.004,1.1504,0.8435,1.2791,0.0218
MERCH_STD_00798,standard_stable,2435,92,24,1,0.0102,0.0121,2153,70,0.0407,0.0636,0,0.0019,1.1845,0.9068,1.3143,0.0229
MERCH_SPIKE_RUSH_00073,syndicate_bot_rush,710,139,11,68,0.0162,0.4919,582,44,0.034,0.7197,1,0.4757,30.184,4.6986,3.1591,0.6857
MERCH_STD_00109,standard_stable,922,36,18,1,0.0196,0.0193,719,29,0.035,0.1189,0,-0.0003,0.9848,0.9371,1.2414,0.0839
MERCH_STD_00654,standard_stable,1074,40,19,1,0.0184,0.0164,920,35,0.0594,0.0242,0,-0.002,0.8919,0.8939,1.1429,-0.0352
MERCH_SPIKE_RUSH_00304,syndicate_bot_rush,1707,421,50,126,0.0294,0.2985,1399,140,0.0509,0.7223,1,0.2691,10.122,5.9192,3.0071,0.6714
MERCH_STD_00597,standard_stable,3532,146,80,4,0.0228,0.0258,2695,106,0.0998,0.023,0,0.003,1.131,0.9921,1.3774,-0.0768
MERCH_FLASH_00309,flash_sale_high_vol,1250,297,21,5,0.0175,0.0183,1095,275,0.0218,0.0954,0,0.0008,1.0455,5.7024,1.08,0.0736
MERCH_SPIKE_RUSH_00300,syndicate_bot_rush,1400,309,24,94,0.0178,0.3046,1148,85,0.0882,0.9444,1,0.2868,17.0223,5.2971,3.6353,0.8562
MERCH_STD_00324,standard_stable,715,29,19,1,0.027,0.0232,576,24,0.0565,0.0355,0,-0.0038,0.8598,0.9734,1.2083,-0.021
MERCH_SPIKE_RUSH_00333,syndicate_bot_rush,759,184,17,80,0.0234,0.4357,622,53,0.0344,0.9434,1,0.4123,18.5447,5.8182,3.4717,0.909
MERCH_SPIKE_ATO_00241,targeted_ato_surge,631,58,11,24,0.019,0.4076,504,22,0.12,0.6674,1,0.3886,21.3455,2.206,2.6364,0.5474
MERCH_STD_00666,standard_stable,1474,76,31,2,0.0213,0.0212,1063,63,0.0971,0.1108,0,-0.0001,0.9953,1.2374,1.2063,0.0137
MERCH_ORG_00092,organic_growth,793,42,19,1,0.0251,0.0243,674,35,0.0765,0.0389,0,-0.0008,0.9683,1.2711,1.2,-0.0376
MERCH_SPIKE_RUSH_00378,syndicate_bot_rush,1573,419,18,123,0.0115,0.2927,1289,176,0.0911,0.8826,1,0.2812,25.2414,6.3929,2.3807,0.7915
MERCH_FLASH_00193,flash_sale_high_vol,1364,427,14,6,0.0105,0.0137,1069,367,0.0626,0.1084,0,0.0032,1.3019,7.5132,1.1635,0.0458
MERCH_FLASH_00574,flash_sale_high_vol,2353,390,24,8,0.0106,0.0213,1767,339,0.0264,0.0832,0,0.0107,2.0,3.9779,1.1504,0.0568
MERCH_SPIKE_RUSH_00479,syndicate_bot_rush,1586,347,18,145,0.0114,0.4176,1300,135,0.0667,0.7728,1,0.4062,36.3217,5.2509,2.5704,0.7061
MERCH_STD_01249,standard_stable,692,27,22,1,0.0322,0.0314,589,22,0.031,0.0993,0,-0.0008,0.9752,0.9364,1.2273,0.0683
MERCH_STD_00088,standard_stable,2591,107,53,2,0.0208,0.0193,2227,87,0.0373,0.0614,0,-0.0015,0.9282,0.9911,1.2299,0.0241
MERCH_STD_01041,standard_stable,1337,56,38,2,0.0289,0.0319,1006,47,0.0853,0.0965,0,0.003,1.1034,1.0052,1.1915,0.0112
MERCH_FLASH_00035,flash_sale_high_vol,1240,360,25,4,0.0206,0.011,1056,337,0.0311,0.0893,0,-0.0096,0.5362,6.9677,1.0682,0.0582
MERCH_STD_01250,standard_stable,725,33,21,1,0.0294,0.029,541,26,0.04,0.0729,0,-0.0004,0.9864,1.0924,1.2692,0.0329
MERCH_FLASH_00621,flash_sale_high_vol,1022,257,24,5,0.0237,0.0189,842,235,0.059,0.0817,0,-0.0048,0.7983,6.0352,1.0936,0.0227
MERCH_STD_00090,standard_stable,1584,54,44,1,0.0278,0.0238,1328,39,0.0606,0.1192,0,-0.004,0.8566,0.8182,1.3846,0.0586
MERCH_STD_00511,standard_stable,1213,46,38,1,0.0319,0.0282,1086,36,0.0345,0.0531,0,-0.0037,0.8844,0.9101,1.2778,0.0186
MERCH_STD_00029,standard_stable,1800,84,30,2,0.0171,0.0193,1297,59,0.0676,0.0346,0,0.0022,1.1279,1.12,1.4237,-0.033
MERCH_STD_01478,standard_stable,979,44,17,1,0.0177,0.0158,785,36,0.0725,0.1094,0,-0.0019,0.8933,1.0787,1.2222,0.0369
MERCH_SPIKE_ATO_00231,targeted_ato_surge,699,90,11,26,0.0165,0.293,559,41,0.0315,0.8255,1,0.2765,17.6566,3.0901,2.1951,0.794
MERCH_FLASH_00063,flash_sale_high_vol,2098,414,30,4,0.0147,0.0089,1921,364,0.0638,0.0996,0,-0.0058,0.6081,4.7359,1.1374,0.0358
MERCH_NOISE_00187,low_volume_noise,71,2,1,1,0.0141,0.5,63,2,0.1283,0.0177,0,0.4859,35.2183,0.6761,1.0,-0.1106
MERCH_STD_00919,standard_stable,3331,145,99,5,0.03,0.0352,2461,122,0.0479,0.0688,0,0.0052,1.1728,1.0447,1.1885,0.0209
MERCH_STD_01046,standard_stable,2379,105,32,2,0.0138,0.0146,1828,80,0.0397,0.1162,0,0.0008,1.0576,1.0593,1.3125,0.0765
MERCH_HIBAS_00375,high_stable_fraud,1698,72,233,10,0.1374,0.1426,1323,49,0.3636,0.4,0,0.0052,1.0378,1.0177,1.4694,0.0364
MERCH_SPIKE_ATO_00297,targeted_ato_surge,550,65,20,35,0.0368,0.5372,440,27,0.0756,0.8896,1,0.5004,14.561,2.8364,2.4074,0.814
MERCH_STD_00062,standard_stable,1822,69,26,1,0.0145,0.0169,1291,51,0.0434,0.069,0,0.0024,1.1644,0.9089,1.3529,0.0256
MERCH_SPIKE_RUSH_00113,syndicate_bot_rush,1542,279,25,79,0.0164,0.2824,1264,123,0.0333,0.874,1,0.266,17.1212,4.3424,2.2683,0.8407
MERCH_STD_00875,standard_stable,500,23,13,1,0.0277,0.0225,354,17,0.0267,0.0742,0,-0.0052,0.8129,1.104,1.3529,0.0475
MERCH_STD_01015,standard_stable,1310,55,24,1,0.0185,0.0155,1109,43,0.067,0.0226,0,-0.003,0.8387,1.0076,1.2791,-0.0444
MERCH_HIBAS_00283,high_stable_fraud,813,30,96,3,0.1189,0.1115,590,22,0.3882,0.3456,0,-0.0074,0.9378,0.8856,1.3636,-0.0426
MERCH_SPIKE_RUSH_00443,syndicate_bot_rush,769,144,24,52,0.0317,0.3605,630,57,0.0914,0.8874,1,0.3288,11.3396,4.4941,2.5263,0.796
MERCH_FLASH_00026,flash_sale_high_vol,1087,294,22,5,0.021,0.0159,854,237,0.0703,0.1033,0,-0.0051,0.7583,6.4913,1.2405,0.033
MERCH_NOISE_00306,low_volume_noise,50,1,0,0,0.0,0.0,45,1,0.0747,0.1877,0,0.0,1.0,0.48,1.0,0.113
MERCH_SPIKE_ATO_00271,targeted_ato_surge,590,46,9,17,0.016,0.3634,472,17,0.0823,0.8765,1,0.3474,22.5776,1.8712,2.7059,0.7942
MERCH_SPIKE_RUSH_00094,syndicate_bot_rush,688,140,14,57,0.0211,0.405,564,47,0.0352,0.7674,1,0.3839,19.1085,4.8837,2.9787,0.7322
MERCH_HIBAS_00307,high_stable_fraud,1401,57,216,8,0.1543,0.1419,889,44,0.2832,0.3838,0,-0.0124,0.9197,0.9764,1.2955,0.1006
MERCH_FLASH_00385,flash_sale_high_vol,1996,553,23,13,0.0117,0.023,1774,443,0.0524,0.1122,0,0.0113,1.9576,6.6493,1.2483,0.0598
MERCH_STD_00167,standard_stable,1865,78,66,3,0.0357,0.0335,1552,65,0.0968,0.0571,0,-0.0022,0.9385,1.0038,1.2,-0.0397
MERCH_SPIKE_RUSH_00427,syndicate_bot_rush,592,186,9,46,0.0153,0.2457,485,74,0.043,0.8247,1,0.2304,15.961,7.5405,2.5135,0.7817
MERCH_STD_00303,standard_stable,523,23,13,1,0.0254,0.0239,409,16,0.0793,0.0985,0,-0.0015,0.9412,1.0554,1.4375,0.0192
MERCH_NOISE_00275,low_volume_noise,76,2,0,0,0.0,0.0,68,2,0.0118,0.1149,0,0.0,1.0,0.6316,1.0,0.1031
MERCH_STD_00687,standard_stable,1985,72,61,2,0.0312,0.0296,1560,50,0.0622,0.1011,0,-0.0016,0.9489,0.8705,1.44,0.0389
MERCH_FLASH_00003,flash_sale_high_vol,1332,369,37,5,0.0285,0.0149,1212,307,0.0465,0.0398,0,-0.0136,0.5245,6.6486,1.202,-0.0067
MERCH_FLASH_00218,flash_sale_high_vol,2313,651,41,9,0.0181,0.0138,1939,610,0.032,0.0582,0,-0.0043,0.7637,6.7549,1.0672,0.0262
MERCH_SPIKE_ATO_00158,targeted_ato_surge,794,84,22,45,0.0282,0.5306,635,39,0.0632,0.6954,1,0.5024,18.7527,2.539,2.1538,0.6322
MERCH_SPIKE_RUSH_00177,syndicate_bot_rush,1400,421,26,218,0.0187,0.5171,1148,150,0.0567,0.7311,1,0.4984,27.5106,7.2171,2.8067,0.6744
MERCH_SPIKE_RUSH_00346,syndicate_bot_rush,2016,525,69,277,0.0347,0.5276,1653,152,0.0406,0.9086,1,0.4929,15.1638,6.25,3.4539,0.868
MERCH_STD_00891,standard_stable,3647,139,110,3,0.0303,0.0243,2728,118,0.0768,0.0531,0,-0.006,0.8026,0.9147,1.178,-0.0237
MERCH_FLASH_00524,flash_sale_high_vol,1719,301,24,4,0.0141,0.0142,1475,262,0.0259,0.0364,0,0.0001,1.007,4.2024,1.1489,0.0105
MERCH_STD_00479,standard_stable,3484,132,36,1,0.0104,0.0106,2678,117,0.0702,0.072,0,0.0002,1.019,0.9093,1.1282,0.0018
MERCH_STD_00292,standard_stable,3543,126,137,6,0.0388,0.0455,2884,98,0.0648,0.0543,0,0.0067,1.1722,0.8535,1.2857,-0.0105
MERCH_SPIKE_ATO_00172,targeted_ato_surge,507,50,12,28,0.0247,0.5571,405,24,0.0453,0.7894,1,0.5324,22.4677,2.3669,2.0833,0.7441
MERCH_SPIKE_ATO_00186,targeted_ato_surge,931,107,19,34,0.021,0.3163,744,45,0.0424,0.8459,1,0.2953,14.9953,2.7583,2.3778,0.8035
MERCH_FLASH_00280,flash_sale_high_vol,1330,393,33,6,0.0254,0.0153,1058,322,0.0201,0.0402,0,-0.0101,0.6039,7.0917,1.2205,0.0201
MERCH_STD_01246,standard_stable,988,44,29,1,0.0294,0.025,813,37,0.045,0.028,0,-0.0044,0.8508,1.0688,1.1892,-0.017
MERCH_NOISE_00175,low_volume_noise,27,4,0,0,0.0,0.0,24,4,0.0407,0.0598,0,0.0,1.0,3.5556,1.0,0.0191
MERCH_SPIKE_RUSH_00459,syndicate_bot_rush,923,163,29,37,0.0322,0.2296,756,57,0.0892,0.8966,1,0.1974,7.1115,4.2384,2.8596,0.8074
MERCH_STD_01057,standard_stable,2344,86,63,3,0.0271,0.0295,1675,70,0.0549,0.045,0,0.0024,1.0882,0.8805,1.2286,-0.0099
MERCH_STD_01061,standard_stable,3879,149,90,4,0.0233,0.0242,2928,124,0.0759,0.0725,0,0.0009,1.0385,0.9219,1.2016,-0.0034
MERCH_STD_01163,standard_stable,1758,74,68,2,0.0392,0.0316,1478,55,0.089,0.0584,0,-0.0076,0.8066,1.0102,1.3455,-0.0306
MERCH_SPIKE_ATO_00093,targeted_ato_surge,996,128,38,47,0.0391,0.3633,796,57,0.0368,0.5977,1,0.3242,9.2704,3.0843,2.2456,0.5609
MERCH_SPIKE_RUSH_00106,syndicate_bot_rush,1106,156,29,50,0.0265,0.3237,906,52,0.0915,0.9405,1,0.2972,12.1729,3.3852,3.0,0.849
MERCH_STD_01207,standard_stable,3126,144,90,4,0.0289,0.0309,2496,112,0.081,0.05,0,0.002,1.069,1.1056,1.2857,-0.031
MERCH_FLASH_00445,flash_sale_high_vol,1510,365,42,8,0.0281,0.0207,1241,297,0.0232,0.0487,0,-0.0074,0.7376,5.8013,1.229,0.0255
MERCH_HIBAS_00137,high_stable_fraud,968,45,143,7,0.1485,0.1585,613,29,0.3653,0.2778,0,0.01,1.0673,1.1157,1.5517,-0.0875
MERCH_STD_00693,standard_stable,1865,78,69,3,0.0372,0.0419,1389,60,0.026,0.0621,0,0.0047,1.126,1.0038,1.3,0.0361
MERCH_FLASH_00205,flash_sale_high_vol,2128,693,25,12,0.0122,0.0173,1914,644,0.0209,0.0538,0,0.0051,1.4146,7.8158,1.0761,0.0329
MERCH_HIBAS_00136,high_stable_fraud,1540,57,168,7,0.1093,0.1182,1147,41,0.2886,0.2818,0,0.0089,1.0814,0.8883,1.3902,-0.0068
MERCH_STD_01372,standard_stable,2390,88,91,4,0.0384,0.0442,2055,68,0.0322,0.0356,0,0.0058,1.1506,0.8837,1.2941,0.0034
MERCH_STD_00572,standard_stable,3184,122,85,4,0.0269,0.0315,2439,105,0.0917,0.0683,0,0.0046,1.1704,0.9196,1.1619,-0.0234
MERCH_STD_00700,standard_stable,3652,125,144,6,0.0397,0.0444,3144,103,0.0423,0.1165,0,0.0047,1.1181,0.8215,1.2136,0.0742
MERCH_STD_00057,standard_stable,2229,96,43,2,0.0194,0.0194,1611,68,0.0874,0.0256,0,0.0,1.0,1.0336,1.4118,-0.0618
MERCH_NOISE_00315,low_volume_noise,65,2,0,0,0.0,0.0,58,2,0.0134,0.0493,0,0.0,1.0,0.7385,1.0,0.0359
MERCH_SPIKE_ATO_00101,targeted_ato_surge,483,68,11,32,0.023,0.4714,386,22,0.1193,0.793,1,0.4484,20.4113,3.3789,3.0909,0.6737
MERCH_NOISE_00310,low_volume_noise,82,3,0,0,0.0,0.0,73,3,0.0855,0.1349,0,0.0,1.0,0.878,1.0,0.0494
MERCH_FLASH_00515,flash_sale_high_vol,823,267,8,5,0.0103,0.0193,723,242,0.0695,0.1188,0,0.009,1.8654,7.7861,1.1033,0.0493
MERCH_HIBAS_00436,high_stable_fraud,1458,58,165,7,0.1134,0.1139,1047,45,0.332,0.2614,0,0.0005,1.0044,0.9547,1.2889,-0.0706
MERCH_FLASH_00589,flash_sale_high_vol,1902,405,48,8,0.0254,0.0194,1428,328,0.0575,0.0473,0,-0.006,0.7647,5.1104,1.2348,-0.0102
MERCH_STD_00301,standard_stable,2646,119,57,3,0.0216,0.0234,2100,104,0.0384,0.037,0,0.0018,1.0829,1.0794,1.1442,-0.0014
MERCH_STD_00291,standard_stable,3453,146,85,3,0.0248,0.0225,2758,107,0.0889,0.1023,0,-0.0023,0.9076,1.0148,1.3645,0.0134
MERCH_STD_00917,standard_stable,3197,124,46,2,0.0146,0.014,2271,96,0.0311,0.0931,0,-0.0006,0.9592,0.9309,1.2917,0.062
MERCH_HIBAS_00345,high_stable_fraud,1078,40,164,6,0.1524,0.1618,793,27,0.3015,0.2858,0,0.0094,1.0616,0.8905,1.4815,-0.0157
MERCH_STD_00617,standard_stable,2105,94,82,4,0.0391,0.0418,1664,71,0.0251,0.055,0,0.0027,1.0689,1.0717,1.3239,0.0299
MERCH_SPIKE_RUSH_00270,syndicate_bot_rush,938,255,10,95,0.0112,0.3722,769,64,0.0307,0.9336,1,0.361,32.9469,6.5245,3.9844,0.9029
MERCH_ORG_00113,organic_growth,1133,69,33,1,0.0294,0.0161,963,58,0.0781,0.0563,0,-0.0133,0.5492,1.4616,1.1897,-0.0218
MERCH_STD_00383,standard_stable,511,18,9,0,0.0179,0.0146,394,15,0.0469,0.0879,0,-0.0033,0.8167,0.8454,1.2,0.041
MERCH_STD_01219,standard_stable,3617,129,94,3,0.0261,0.0262,3214,105,0.0524,0.0751,0,0.0001,1.0038,0.856,1.2286,0.0227
MERCH_STD_00277,standard_stable,2954,137,98,4,0.0332,0.028,2427,122,0.0522,0.0251,0,-0.0052,0.8438,1.1131,1.123,-0.0271
MERCH_FLASH_00010,flash_sale_high_vol,1984,463,30,9,0.0155,0.0195,1544,427,0.0387,0.0384,0,0.004,1.2564,5.6008,1.0843,-0.0003
MERCH_NOISE_00274,low_volume_noise,77,3,0,0,0.0,0.0,69,3,0.1408,0.1078,0,0.0,1.0,0.9351,1.0,-0.033
MERCH_STD_00001,standard_stable,2859,127,102,4,0.0358,0.03,2559,108,0.0829,0.0328,0,-0.0058,0.8384,1.0661,1.1759,-0.0501
MERCH_ORG_00054,organic_growth,1319,81,40,1,0.0305,0.0111,1121,68,0.0463,0.0318,0,-0.0194,0.366,1.4738,1.1912,-0.0145
MERCH_SPIKE_RUSH_00399,syndicate_bot_rush,1168,279,26,135,0.0228,0.4849,957,95,0.0532,0.8176,1,0.4621,21.179,5.7329,2.9368,0.7644
MERCH_FLASH_00207,flash_sale_high_vol,944,184,21,4,0.0224,0.022,837,149,0.0733,0.1163,0,-0.0004,0.9822,4.678,1.2349,0.043
MERCH_NOISE_00261,low_volume_noise,35,3,0,1,0.0,0.3333,31,3,0.0756,0.1396,0,0.3333,3334.0,2.0571,1.0,0.064
MERCH_FLASH_00581,flash_sale_high_vol,1864,328,49,3,0.0264,0.008,1414,297,0.0761,0.0598,0,-0.0184,0.3057,4.2232,1.1044,-0.0163
MERCH_STD_00354,standard_stable,1457,76,36,2,0.0252,0.0228,1163,55,0.0246,0.0281,0,-0.0024,0.9051,1.2519,1.3818,0.0035
MERCH_HIBAS_00427,high_stable_fraud,1687,82,204,10,0.1213,0.1166,1161,61,0.3308,0.2819,0,-0.0047,0.9613,1.1666,1.3443,-0.0489
MERCH_SPIKE_RUSH_00156,syndicate_bot_rush,542,77,13,24,0.0246,0.3062,444,28,0.0614,0.867,1,0.2816,12.4008,3.4096,2.75,0.8056
MERCH_FLASH_00355,flash_sale_high_vol,1972,412,42,8,0.0213,0.0202,1641,336,0.0534,0.112,0,-0.0011,0.9486,5.0142,1.2262,0.0586
MERCH_ORG_00027,organic_growth,896,54,26,2,0.0296,0.0314,761,45,0.0783,0.0388,0,0.0018,1.0606,1.4464,1.2,-0.0395
MERCH_STD_01183,standard_stable,2105,100,65,3,0.0309,0.0344,1884,82,0.0457,0.0698,0,0.0035,1.1129,1.1401,1.2195,0.0241
MERCH_STD_01488,standard_stable,573,21,13,1,0.0229,0.0261,457,18,0.0835,0.1069,0,0.0032,1.1391,0.8796,1.1667,0.0234
MERCH_STD_00873,standard_stable,1197,52,31,1,0.0264,0.0273,953,39,0.0834,0.0397,0,0.0009,1.034,1.0426,1.3333,-0.0437
MERCH_STD_00446,standard_stable,1053,39,15,1,0.0146,0.0153,792,28,0.0944,0.0243,0,0.0007,1.0476,0.8889,1.3929,-0.0701
MERCH_FLASH_00126,flash_sale_high_vol,1828,465,47,6,0.026,0.0129,1667,437,0.0257,0.1151,0,-0.0131,0.4981,6.105,1.0641,0.0894
MERCH_STD_00115,standard_stable,3344,139,107,5,0.0322,0.033,2822,111,0.0926,0.0619,0,0.0008,1.0248,0.9976,1.2523,-0.0307
MERCH_NOISE_00009,low_volume_noise,52,2,1,0,0.0192,0.0,46,2,0.0798,0.2341,0,-0.0192,0.0052,0.9231,1.0,0.1543
MERCH_HIBAS_00449,high_stable_fraud,1052,42,131,6,0.1247,0.1344,814,25,0.2737,0.4062,0,0.0097,1.0777,0.9582,1.68,0.1325
MERCH_SPIKE_ATO_00274,targeted_ato_surge,868,122,19,58,0.0229,0.4724,694,59,0.0571,0.7431,1,0.4495,20.5435,3.3733,2.0678,0.686
MERCH_SPIKE_RUSH_00268,syndicate_bot_rush,659,157,8,75,0.0136,0.4784,540,59,0.0694,0.7807,1,0.4648,34.927,5.7178,2.661,0.7113
MERCH_SPIKE_ATO_00076,targeted_ato_surge,647,58,23,24,0.0367,0.42,517,17,0.1151,0.8306,1,0.3833,11.4158,2.1515,3.4118,0.7155
MERCH_STD_00997,standard_stable,1521,64,38,2,0.0252,0.0294,1227,55,0.0512,0.1027,0,0.0042,1.166,1.0099,1.1636,0.0515
MERCH_NOISE_00127,low_volume_noise,76,2,0,1,0.0,0.5,68,2,0.132,0.1602,0,0.5,5001.0,0.6316,1.0,0.0282
MERCH_STD_01275,standard_stable,1776,82,61,3,0.0345,0.0331,1364,58,0.0265,0.0254,0,-0.0014,0.9595,1.1081,1.4138,-0.0011
MERCH_SPIKE_RUSH_00057,syndicate_bot_rush,1516,265,40,106,0.0266,0.3988,1243,91,0.0442,0.6687,1,0.3722,14.9401,4.1953,2.9121,0.6245
MERCH_STD_00890,standard_stable,3135,148,33,2,0.0108,0.0117,2536,127,0.0872,0.0788,0,0.0009,1.0826,1.133,1.1654,-0.0084
MERCH_STD_00162,standard_stable,1176,51,33,2,0.0285,0.0336,905,36,0.0381,0.0638,0,0.0051,1.1783,1.0408,1.4167,0.0257
MERCH_NOISE_00279,low_volume_noise,75,1,2,0,0.0267,0.0,67,1,0.0515,0.1984,0,-0.0267,0.0037,0.32,1.0,0.1469
MERCH_NOISE_00280,low_volume_noise,60,2,0,1,0.0,0.5,54,2,0.0149,0.0479,0,0.5,5001.0,0.8,1.0,0.033
MERCH_STD_01254,standard_stable,858,31,16,1,0.0192,0.02,686,22,0.089,0.0485,0,0.0008,1.0415,0.8671,1.4091,-0.0405
MERCH_HIBAS_00267,high_stable_fraud,506,24,69,3,0.1376,0.1347,402,18,0.3227,0.323,0,-0.0029,0.9789,1.1383,1.3333,0.0003
MERCH_FLASH_00336,flash_sale_high_vol,1343,254,34,4,0.0256,0.0172,1135,227,0.0389,0.0321,0,-0.0084,0.6732,4.5391,1.1189,-0.0068
MERCH_SPIKE_ATO_00077,targeted_ato_surge,861,100,17,52,0.0205,0.5193,688,46,0.0917,0.6167,1,0.4988,25.2136,2.7875,2.1739,0.525
MERCH_SPIKE_RUSH_00189,syndicate_bot_rush,1806,344,61,86,0.0341,0.249,1480,89,0.0867,0.765,1,0.2149,7.2836,4.5714,3.8652,0.6783
MERCH_STD_00887,standard_stable,3146,138,110,6,0.0352,0.0409,2481,107,0.0917,0.1127,0,0.0057,1.1615,1.0528,1.2897,0.021
MERCH_STD_00611,standard_stable,1502,57,25,1,0.0171,0.0196,1126,50,0.0445,0.0224,0,0.0025,1.1453,0.9108,1.14,-0.0221
MERCH_STD_01131,standard_stable,1976,77,72,3,0.0366,0.0325,1654,55,0.0786,0.0468,0,-0.0041,0.8883,0.9352,1.4,-0.0318
MERCH_HIBAS_00363,high_stable_fraud,826,28,87,3,0.1061,0.1098,578,22,0.2871,0.271,0,0.0037,1.0348,0.8136,1.2727,-0.0161
MERCH_FLASH_00415,flash_sale_high_vol,1167,314,34,6,0.0296,0.0176,876,259,0.0414,0.1169,0,-0.012,0.596,6.4576,1.2124,0.0755
MERCH_FLASH_00377,flash_sale_high_vol,1460,305,25,7,0.0178,0.0222,1124,283,0.0228,0.057,0,0.0044,1.2458,5.0137,1.0777,0.0342
MERCH_NOISE_00086,low_volume_noise,94,1,1,0,0.0106,0.0,84,1,0.0333,0.0123,0,-0.0106,0.0093,0.2553,1.0,-0.021
MERCH_STD_00019,standard_stable,1087,47,28,1,0.0266,0.0301,936,35,0.0962,0.0491,0,0.0035,1.1311,1.0377,1.3429,-0.0471
MERCH_NOISE_00011,low_volume_noise,43,2,0,0,0.0,0.0,38,2,0.0893,0.174,0,0.0,1.0,1.1163,1.0,0.0847
MERCH_STD_00039,standard_stable,3034,135,101,5,0.0335,0.0395,2277,110,0.0276,0.0816,0,0.006,1.1786,1.0679,1.2273,0.054
MERCH_NOISE_00194,low_volume_noise,26,2,0,0,0.0,0.0,23,2,0.0283,0.1396,0,0.0,1.0,1.8462,1.0,0.1113
MERCH_STD_00978,standard_stable,2835,115,78,3,0.0278,0.0289,2061,89,0.0342,0.048,0,0.0011,1.0394,0.9735,1.2921,0.0138
MERCH_ORG_00150,organic_growth,971,56,23,1,0.0246,0.0123,825,47,0.0476,0.073,0,-0.0123,0.502,1.3841,1.1915,0.0254
MERCH_STD_00769,standard_stable,2682,119,87,4,0.0325,0.0305,2227,89,0.0676,0.0951,0,-0.002,0.9387,1.0649,1.3371,0.0275
MERCH_HIBAS_00133,high_stable_fraud,1021,46,107,5,0.1055,0.1078,739,27,0.2541,0.4022,0,0.0023,1.0218,1.0813,1.7037,0.1481
MERCH_HIBAS_00457,high_stable_fraud,1835,80,228,10,0.1244,0.1227,1304,63,0.2856,0.2753,0,-0.0017,0.9863,1.0463,1.2698,-0.0103
MERCH_SPIKE_RUSH_00424,syndicate_bot_rush,712,217,12,119,0.0173,0.5463,583,72,0.0361,0.7994,1,0.529,31.4023,7.3146,3.0139,0.7633
MERCH_FLASH_00538,flash_sale_high_vol,2409,618,25,7,0.0107,0.012,1973,552,0.0627,0.1056,0,0.0013,1.1204,6.1569,1.1196,0.0429
MERCH_SPIKE_RUSH_00250,syndicate_bot_rush,1516,239,24,123,0.0164,0.5164,1243,86,0.0784,0.9167,1,0.5,31.303,3.7836,2.7791,0.8383
MERCH_FLASH_00027,flash_sale_high_vol,1021,257,25,3,0.0248,0.0134,918,230,0.0632,0.0887,0,-0.0114,0.5422,6.0411,1.1174,0.0255
MERCH_STD_01083,standard_stable,2498,97,63,3,0.0253,0.0261,2070,83,0.0834,0.0865,0,0.0008,1.0315,0.9319,1.1687,0.0031
MERCH_SPIKE_RUSH_00225,syndicate_bot_rush,610,133,14,29,0.023,0.2217,500,58,0.0923,0.9271,1,0.1987,9.6017,5.2328,2.2931,0.8348
MERCH_STD_01470,standard_stable,2642,109,43,2,0.0164,0.0154,2186,88,0.0344,0.0935,0,-0.001,0.9394,0.9902,1.2386,0.0591
MERCH_NOISE_00048,low_volume_noise,25,1,1,0,0.04,0.0,22,1,0.0628,0.2435,0,-0.04,0.0025,0.96,1.0,0.1807
MERCH_STD_00206,standard_stable,2350,98,68,3,0.0292,0.0322,1753,86,0.06,0.0956,0,0.003,1.1024,1.0009,1.1395,0.0356
MERCH_SPIKE_RUSH_00413,syndicate_bot_rush,1559,222,32,95,0.0211,0.4288,1278,66,0.0944,0.8355,1,0.4077,20.2311,3.4176,3.3636,0.7411
MERCH_STD_01095,standard_stable,3016,110,64,2,0.0214,0.0193,2532,84,0.0327,0.0306,0,-0.0021,0.9023,0.8753,1.3095,-0.0021
MERCH_STD_00847,standard_stable,1845,76,34,2,0.0188,0.0205,1603,58,0.0794,0.0306,0,0.0017,1.0899,0.9886,1.3103,-0.0488
MERCH_ORG_00035,organic_growth,384,20,11,1,0.0296,0.0306,326,17,0.0502,0.0423,0,0.001,1.0337,1.25,1.1765,-0.0079
MERCH_FLASH_00569,flash_sale_high_vol,1525,297,22,2,0.0148,0.0081,1183,281,0.046,0.0476,0,-0.0067,0.5503,4.6741,1.0569,0.0016
MERCH_STD_01341,standard_stable,883,38,27,1,0.031,0.0288,695,27,0.0972,0.0286,0,-0.0022,0.9293,1.0328,1.4074,-0.0686
MERCH_STD_01106,standard_stable,628,25,10,0,0.0172,0.0175,440,22,0.0851,0.0686,0,0.0003,1.0173,0.9554,1.1364,-0.0165
MERCH_STD_01583,standard_stable,2219,89,25,1,0.0117,0.0132,1658,68,0.0688,0.0784,0,0.0015,1.1271,0.9626,1.3088,0.0096
MERCH_HIBAS_00415,high_stable_fraud,1321,50,188,7,0.1429,0.1435,841,34,0.3146,0.3528,0,0.0006,1.0042,0.9084,1.4706,0.0382
MERCH_NOISE_00092,low_volume_noise,84,1,1,0,0.0119,0.0,75,1,0.1231,0.0179,0,-0.0119,0.0083,0.2857,1.0,-0.1052
MERCH_FLASH_00600,flash_sale_high_vol,1981,561,22,6,0.0116,0.0111,1721,464,0.056,0.0514,0,-0.0005,0.9573,6.7966,1.2091,-0.0046
MERCH_HIBAS_00348,high_stable_fraud,1461,56,161,6,0.1104,0.1028,946,34,0.3034,0.3648,0,-0.0076,0.9312,0.9199,1.6471,0.0614
MERCH_FLASH_00307,flash_sale_high_vol,2397,764,50,19,0.021,0.0245,2035,702,0.0581,0.0685,0,0.0035,1.1659,7.6496,1.0883,0.0104
MERCH_FLASH_00269,flash_sale_high_vol,2170,588,61,13,0.0284,0.0229,1686,550,0.0597,0.0573,0,-0.0055,0.807,6.5032,1.0691,-0.0024
MERCH_STD_01044,standard_stable,2873,131,29,2,0.0104,0.0118,2328,97,0.0793,0.087,0,0.0014,1.1333,1.0943,1.3505,0.0077
MERCH_STD_00014,standard_stable,2687,116,77,4,0.0288,0.0305,1926,90,0.0233,0.0694,0,0.0017,1.0588,1.0361,1.2889,0.0461
MERCH_STD_01521,standard_stable,960,45,10,0,0.0108,0.01,704,36,0.0459,0.0593,0,-0.0008,0.9266,1.125,1.25,0.0134
MERCH_STD_00694,standard_stable,2739,111,73,3,0.027,0.0235,1937,95,0.0334,0.0291,0,-0.0035,0.8708,0.9726,1.1684,-0.0043
MERCH_STD_01346,standard_stable,2591,97,33,1,0.0131,0.0106,2049,76,0.0787,0.0367,0,-0.0025,0.8106,0.8985,1.2763,-0.042
MERCH_FLASH_00498,flash_sale_high_vol,1490,285,31,3,0.0209,0.0092,1240,249,0.0403,0.086,0,-0.0117,0.4429,4.5906,1.1446,0.0457
MERCH_STD_01189,standard_stable,657,25,21,1,0.0333,0.0329,539,21,0.0878,0.0964,0,-0.0004,0.988,0.9132,1.1905,0.0086
MERCH_SPIKE_RUSH_00110,syndicate_bot_rush,987,160,30,76,0.031,0.475,809,71,0.0963,0.8317,1,0.444,15.2765,3.8906,2.2535,0.7354
MERCH_STD_00295,standard_stable,2920,126,87,5,0.0299,0.0358,2289,108,0.0796,0.0653,0,0.0059,1.1967,1.0356,1.1667,-0.0143
MERCH_STD_00320,standard_stable,1725,70,30,1,0.0175,0.0155,1302,54,0.0623,0.0201,0,-0.002,0.8864,0.9739,1.2963,-0.0422
MERCH_HIBAS_00118,high_stable_fraud,538,20,77,3,0.1439,0.1523,404,13,0.2602,0.2976,0,0.0084,1.0583,0.8922,1.5385,0.0374
MERCH_FLASH_00288,flash_sale_high_vol,832,151,16,2,0.0197,0.0159,704,137,0.0449,0.0587,0,-0.0038,0.8081,4.3558,1.1022,0.0138
MERCH_STD_00682,standard_stable,808,37,23,1,0.0292,0.0264,618,27,0.0966,0.0391,0,-0.0028,0.9044,1.099,1.3704,-0.0575
MERCH_SPIKE_RUSH_00271,syndicate_bot_rush,1320,231,42,93,0.0321,0.4005,1082,87,0.0873,0.776,1,0.3684,12.441,4.2,2.6552,0.6887
MERCH_STD_00473,standard_stable,1156,40,23,1,0.0202,0.0177,931,34,0.0257,0.023,0,-0.0025,0.8768,0.8304,1.1765,-0.0027
MERCH_STD_00381,standard_stable,3065,128,91,3,0.0298,0.0257,2469,91,0.0903,0.1124,0,-0.0041,0.8629,1.0023,1.4066,0.0221
MERCH_STD_00782,standard_stable,2958,125,49,2,0.0169,0.0144,2168,103,0.0282,0.0939,0,-0.0025,0.8529,1.0142,1.2136,0.0657
MERCH_SPIKE_RUSH_00178,syndicate_bot_rush,1121,305,11,111,0.0102,0.3647,919,89,0.0733,0.7843,1,0.3545,35.4175,6.5299,3.427,0.711
MERCH_STD_00219,standard_stable,2107,82,67,3,0.0322,0.0352,1832,65,0.0608,0.0512,0,0.003,1.0929,0.934,1.2615,-0.0096
MERCH_HIBAS_00202,high_stable_fraud,727,29,78,3,0.1082,0.1017,554,21,0.275,0.2641,0,-0.0065,0.94,0.9574,1.381,-0.0109
MERCH_FLASH_00160,flash_sale_high_vol,1399,220,30,5,0.0221,0.0205,1080,204,0.0769,0.0926,0,-0.0016,0.9279,3.7741,1.0784,0.0157
MERCH_SPIKE_RUSH_00007,syndicate_bot_rush,1004,154,17,82,0.0175,0.5305,823,50,0.0952,0.9141,1,0.513,30.1477,3.6813,3.08,0.8189
MERCH_HIBAS_00390,high_stable_fraud,1614,55,203,7,0.1259,0.1269,1181,40,0.3412,0.3011,0,0.001,1.0079,0.8178,1.375,-0.0401
MERCH_HIBAS_00380,high_stable_fraud,1785,61,250,9,0.1402,0.1496,1239,37,0.2951,0.3353,0,0.0094,1.067,0.8202,1.6486,0.0402
MERCH_NOISE_00121,low_volume_noise,30,2,1,0,0.0333,0.0,27,2,0.1118,0.0444,0,-0.0333,0.003,1.6,1.0,-0.0674
MERCH_FLASH_00576,flash_sale_high_vol,951,160,21,2,0.0226,0.013,748,137,0.0319,0.0547,0,-0.0096,0.5771,4.0379,1.1679,0.0228
MERCH_STD_00182,standard_stable,1752,76,62,3,0.0359,0.0386,1570,59,0.0523,0.1123,0,0.0027,1.075,1.0411,1.2881,0.06
MERCH_STD_00656,standard_stable,2681,122,94,4,0.0352,0.029,2323,86,0.0311,0.0998,0,-0.0062,0.8244,1.0921,1.4186,0.0687
MERCH_STD_00211,standard_stable,1252,42,33,1,0.0266,0.0246,920,34,0.042,0.0265,0,-0.002,0.9251,0.8051,1.2353,-0.0155
MERCH_STD_01270,standard_stable,833,29,11,0,0.0136,0.0146,722,21,0.0259,0.1087,0,0.001,1.073,0.8355,1.381,0.0828
MERCH_STD_01122,standard_stable,2098,75,27,1,0.0131,0.0138,1833,62,0.0229,0.117,0,0.0007,1.053,0.858,1.2097,0.0941
MERCH_STD_00246,standard_stable,2414,86,56,2,0.0233,0.0196,2172,68,0.0898,0.0682,0,-0.0037,0.8419,0.855,1.2647,-0.0216
MERCH_FLASH_00204,flash_sale_high_vol,2108,421,59,9,0.0282,0.0225,1646,363,0.079,0.0387,0,-0.0057,0.7986,4.7932,1.1598,-0.0403
MERCH_FLASH_00535,flash_sale_high_vol,771,236,12,5,0.0161,0.0209,609,223,0.05,0.0771,0,0.0048,1.2963,7.3463,1.0583,0.0271
MERCH_HIBAS_00134,high_stable_fraud,1366,55,142,6,0.1045,0.1109,1017,40,0.3461,0.396,0,0.0064,1.0612,0.9663,1.375,0.0499
MERCH_FLASH_00392,flash_sale_high_vol,1239,420,35,7,0.0286,0.0164,1131,362,0.0432,0.1125,0,-0.0122,0.5749,8.1356,1.1602,0.0693
MERCH_FLASH_00021,flash_sale_high_vol,1954,559,37,12,0.0194,0.0214,1567,508,0.0372,0.088,0,0.002,1.1026,6.8659,1.1004,0.0508
MERCH_STD_01591,standard_stable,551,24,18,1,0.0343,0.0405,394,19,0.0776,0.0821,0,0.0062,1.1802,1.0454,1.2632,0.0045
MERCH_NOISE_00313,low_volume_noise,31,1,1,0,0.0323,0.0,27,1,0.1161,0.0823,0,-0.0323,0.0031,0.7742,1.0,-0.0338
MERCH_SPIKE_RUSH_00473,syndicate_bot_rush,548,117,8,26,0.0153,0.2251,449,31,0.0336,0.6837,1,0.2098,14.6234,5.1241,3.7742,0.6501
MERCH_STD_01467,standard_stable,1649,75,59,2,0.0361,0.029,1289,64,0.02,0.0734,0,-0.0071,0.8039,1.0916,1.1719,0.0534
MERCH_FLASH_00623,flash_sale_high_vol,1714,614,42,5,0.0248,0.0087,1356,546,0.0449,0.0874,0,-0.0161,0.3534,8.5974,1.1245,0.0425
MERCH_STD_00083,standard_stable,1681,62,16,1,0.01,0.0115,1177,49,0.0592,0.0533,0,0.0015,1.1485,0.8852,1.2653,-0.0059
MERCH_STD_00530,standard_stable,2224,83,56,2,0.0252,0.0229,1849,67,0.0371,0.0909,0,-0.0023,0.9091,0.8957,1.2388,0.0538
MERCH_SPIKE_ATO_00170,targeted_ato_surge,618,90,13,34,0.0216,0.3821,494,30,0.0628,0.766,1,0.3605,17.6129,3.4951,3.0,0.7032
MERCH_HIBAS_00095,high_stable_fraud,975,40,129,5,0.1332,0.1358,765,30,0.2892,0.4004,0,0.0026,1.0195,0.9846,1.3333,0.1112
MERCH_NOISE_00065,low_volume_noise,51,1,0,0,0.0,0.0,45,1,0.0429,0.0752,0,0.0,1.0,0.4706,1.0,0.0323
MERCH_STD_00046,standard_stable,3083,118,108,5,0.0351,0.0421,2568,97,0.0272,0.1097,0,0.007,1.1989,0.9186,1.2165,0.0825
MERCH_STD_00169,standard_stable,2556,94,94,3,0.0368,0.0311,2277,68,0.0358,0.0491,0,-0.0057,0.8455,0.8826,1.3824,0.0133
MERCH_STD_00359,standard_stable,2962,129,42,2,0.0142,0.0152,2188,107,0.0587,0.0639,0,0.001,1.0699,1.0452,1.2056,0.0052
MERCH_STD_01472,standard_stable,775,40,15,1,0.0194,0.0167,588,35,0.0971,0.0429,0,-0.0027,0.8615,1.2387,1.1429,-0.0542
MERCH_SPIKE_RUSH_00457,syndicate_bot_rush,1769,355,59,86,0.0338,0.2432,1450,101,0.0647,0.6544,1,0.2094,7.177,4.8163,3.5149,0.5897
MERCH_FLASH_00271,flash_sale_high_vol,1226,359,15,8,0.0126,0.0227,1020,314,0.0441,0.0611,0,0.0101,1.7953,7.0277,1.1433,0.017
MERCH_SPIKE_ATO_00115,targeted_ato_surge,420,60,8,26,0.0208,0.4257,336,29,0.1045,0.8142,1,0.4049,20.3732,3.4286,2.069,0.7097
MERCH_SPIKE_ATO_00194,targeted_ato_surge,874,102,22,56,0.0259,0.5454,699,47,0.0673,0.8472,1,0.5195,20.9808,2.8009,2.1702,0.7799
MERCH_NOISE_00097,low_volume_noise,44,1,1,0,0.0227,0.0,39,1,0.1299,0.2486,0,-0.0227,0.0044,0.5455,1.0,0.1187
MERCH_STD_00433,standard_stable,3212,147,45,2,0.0143,0.0144,2584,130,0.0696,0.0511,0,0.0001,1.0069,1.0984,1.1308,-0.0185
MERCH_HIBAS_00184,high_stable_fraud,1208,54,145,6,0.1204,0.1097,912,39,0.3261,0.3983,0,-0.0107,0.9112,1.0728,1.3846,0.0722
MERCH_SPIKE_ATO_00280,targeted_ato_surge,886,106,19,62,0.0218,0.5834,708,34,0.088,0.8693,1,0.5616,26.6438,2.8713,3.1176,0.7813
MERCH_HIBAS_00114,high_stable_fraud,1490,70,221,9,0.1489,0.1346,1124,43,0.331,0.3064,0,-0.0143,0.904,1.1275,1.6279,-0.0246
MERCH_SPIKE_RUSH_00030,syndicate_bot_rush,896,142,30,52,0.0337,0.3658,734,60,0.0525,0.9364,1,0.3321,10.8254,3.8036,2.3667,0.8839
MERCH_STD_00436,standard_stable,1436,62,37,2,0.0263,0.0256,1067,54,0.0477,0.1123,0,-0.0007,0.9735,1.0362,1.1481,0.0646
MERCH_STD_00042,standard_stable,3455,131,62,2,0.0181,0.0168,2527,95,0.0949,0.0638,0,-0.0013,0.9286,0.91,1.3789,-0.0311
MERCH_SPIKE_RUSH_00313,syndicate_bot_rush,1705,317,47,72,0.0281,0.2259,1398,124,0.0685,0.7884,1,0.1978,8.0142,4.4622,2.5565,0.7199
MERCH_STD_01483,standard_stable,2423,97,32,1,0.0135,0.0111,1724,70,0.0878,0.1028,0,-0.0024,0.8235,0.9608,1.3857,0.015
MERCH_FLASH_00447,flash_sale_high_vol,746,209,11,4,0.0153,0.0215,572,195,0.0218,0.092,0,0.0062,1.4026,6.7239,1.0718,0.0702
MERCH_FLASH_00237,flash_sale_high_vol,1533,277,21,3,0.014,0.0093,1159,245,0.0293,0.1028,0,-0.0047,0.6667,4.3366,1.1306,0.0735
MERCH_STD_01187,standard_stable,3491,154,85,3,0.0246,0.0206,2742,123,0.0865,0.1014,0,-0.004,0.8381,1.0587,1.252,0.0149
MERCH_HIBAS_00062,high_stable_fraud,1537,59,192,8,0.1255,0.1302,1160,36,0.3111,0.3809,0,0.0047,1.0374,0.9213,1.6389,0.0698
MERCH_FLASH_00173,flash_sale_high_vol,1194,222,25,4,0.0214,0.0177,941,191,0.0733,0.0947,0,-0.0037,0.8279,4.4623,1.1623,0.0214
MERCH_STD_00736,standard_stable,855,33,30,1,0.0355,0.0322,736,24,0.0202,0.0628,0,-0.0033,0.9073,0.9263,1.375,0.0426
MERCH_SPIKE_RUSH_00122,syndicate_bot_rush,1873,294,29,157,0.0159,0.533,1535,125,0.0793,0.8032,1,0.5171,33.3188,3.7672,2.352,0.7239
MERCH_NOISE_00254,low_volume_noise,58,1,0,1,0.0,1.0,52,1,0.0259,0.1918,0,1.0,10001.0,0.4138,1.0,0.1659
MERCH_NOISE_00027,low_volume_noise,51,3,0,0,0.0,0.0,45,3,0.0541,0.2231,0,0.0,1.0,1.4118,1.0,0.169
MERCH_STD_00554,standard_stable,1200,52,44,2,0.0374,0.0333,914,38,0.0446,0.0533,0,-0.0041,0.8907,1.04,1.3684,0.0087
MERCH_STD_01206,standard_stable,3442,150,39,2,0.0116,0.0116,2721,117,0.0685,0.0925,0,0.0,1.0,1.0459,1.2821,0.024
MERCH_HIBAS_00081,high_stable_fraud,1117,41,165,6,0.1479,0.1527,742,28,0.2984,0.312,0,0.0048,1.0324,0.8809,1.4643,0.0136
MERCH_FLASH_00070,flash_sale_high_vol,2348,676,54,14,0.0234,0.02,1862,588,0.0596,0.0829,0,-0.0034,0.8553,6.9097,1.1497,0.0233
MERCH_STD_00395,standard_stable,2174,91,29,1,0.0134,0.0153,1762,69,0.0615,0.0492,0,0.0019,1.1407,1.0046,1.3188,-0.0123
MERCH_STD_01600,standard_stable,1775,80,65,3,0.0368,0.0327,1475,58,0.0355,0.0914,0,-0.0041,0.8889,1.0817,1.3793,0.0559
MERCH_HIBAS_00186,high_stable_fraud,692,33,69,3,0.1005,0.0996,421,25,0.3498,0.2949,0,-0.0009,0.9911,1.1445,1.32,-0.0549
MERCH_STD_00480,standard_stable,2826,105,97,4,0.0346,0.0363,2506,90,0.0883,0.0597,0,0.0017,1.049,0.8917,1.1667,-0.0286
MERCH_STD_01343,standard_stable,855,40,31,1,0.0371,0.0345,714,35,0.0814,0.0828,0,-0.0026,0.9301,1.1228,1.1429,0.0014
MERCH_STD_00910,standard_stable,2842,114,31,1,0.011,0.0129,2201,89,0.0699,0.1002,0,0.0019,1.1712,0.9627,1.2809,0.0303
MERCH_ORG_00060,organic_growth,474,25,14,1,0.0303,0.0374,402,21,0.0666,0.0257,0,0.0071,1.2336,1.2658,1.1905,-0.0409
MERCH_STD_00733,standard_stable,3183,139,56,2,0.0176,0.0171,2739,125,0.0479,0.0444,0,-0.0005,0.9718,1.0481,1.112,-0.0035
MERCH_FLASH_00474,flash_sale_high_vol,811,219,16,2,0.0205,0.0097,682,197,0.0417,0.0751,0,-0.0108,0.4757,6.4809,1.1117,0.0334
MERCH_STD_01452,standard_stable,2114,94,80,4,0.0382,0.0452,1627,65,0.0825,0.1027,0,0.007,1.1828,1.0672,1.4462,0.0202
MERCH_SPIKE_RUSH_00339,syndicate_bot_rush,1324,415,24,112,0.0183,0.2699,1085,133,0.0201,0.6569,1,0.2516,14.6739,7.5227,3.1203,0.6368
MERCH_SPIKE_RUSH_00415,syndicate_bot_rush,1428,389,26,192,0.0188,0.4927,1170,170,0.0706,0.7888,1,0.4739,26.0741,6.5378,2.2882,0.7182
MERCH_SPIKE_RUSH_00193,syndicate_bot_rush,1037,288,18,148,0.0176,0.5127,850,105,0.0633,0.7911,1,0.4951,28.9718,6.6654,2.7429,0.7278
MERCH_SPIKE_RUSH_00238,syndicate_bot_rush,739,93,24,23,0.0333,0.2464,605,37,0.0904,0.8445,1,0.2131,7.3802,3.0203,2.5135,0.7541
MERCH_STD_00390,standard_stable,2034,100,59,3,0.0293,0.0301,1625,86,0.0745,0.0478,0,0.0008,1.0272,1.1799,1.1628,-0.0267
MERCH_NOISE_00118,low_volume_noise,26,3,0,1,0.0,0.3333,23,3,0.0353,0.1651,0,0.3333,3334.0,2.7692,1.0,0.1298
MERCH_STD_00323,standard_stable,2385,114,51,2,0.0215,0.0185,2145,88,0.0719,0.1168,0,-0.003,0.8611,1.1472,1.2955,0.0449
MERCH_STD_00619,standard_stable,743,30,28,1,0.038,0.0405,543,22,0.0903,0.0348,0,0.0025,1.0656,0.969,1.3636,-0.0555
MERCH_SPIKE_RUSH_00406,syndicate_bot_rush,641,96,19,50,0.0308,0.5245,525,35,0.0628,0.8514,1,0.4937,16.9773,3.5944,2.7429,0.7886
MERCH_SPIKE_ATO_00148,targeted_ato_surge,1002,81,19,28,0.019,0.3475,801,30,0.0715,0.5854,1,0.3285,18.199,1.9401,2.7,0.5139
MERCH_NOISE_00153,low_volume_noise,33,2,0,0,0.0,0.0,29,2,0.0648,0.1589,0,0.0,1.0,1.4545,1.0,0.0941
MERCH_HIBAS_00173,high_stable_fraud,781,33,115,5,0.1473,0.1497,523,24,0.322,0.2877,0,0.0024,1.0163,1.0141,1.375,-0.0343
MERCH_STD_00266,standard_stable,3136,127,35,1,0.0113,0.0094,2566,108,0.0487,0.0211,0,-0.0019,0.8333,0.9719,1.1759,-0.0276
MERCH_SPIKE_RUSH_00194,syndicate_bot_rush,1543,377,23,113,0.0155,0.3005,1265,96,0.026,0.664,1,0.285,19.2692,5.8639,3.9271,0.638
MERCH_SPIKE_RUSH_00389,syndicate_bot_rush,1219,334,32,104,0.0263,0.3102,999,90,0.0349,0.9311,1,0.2839,11.7538,6.5759,3.7111,0.8962
MERCH_STD_00944,standard_stable,718,25,22,1,0.0313,0.0367,560,21,0.0684,0.0727,0,0.0054,1.172,0.8357,1.1905,0.0043
MERCH_STD_00797,standard_stable,3331,128,104,4,0.0315,0.0319,2346,102,0.0636,0.0935,0,0.0004,1.0127,0.9222,1.2549,0.0299
MERCH_SPIKE_RUSH_00240,syndicate_bot_rush,619,110,10,38,0.0162,0.3423,507,32,0.0551,0.8017,1,0.3261,21.0061,4.2649,3.4375,0.7466
MERCH_FLASH_00142,flash_sale_high_vol,1361,348,15,6,0.0113,0.0171,1059,287,0.0686,0.0314,0,0.0058,1.5088,6.1367,1.2125,-0.0372
MERCH_HIBAS_00430,high_stable_fraud,834,33,100,4,0.121,0.1188,557,23,0.3138,0.325,0,-0.0022,0.9818,0.9496,1.4348,0.0112
MERCH_HIBAS_00049,high_stable_fraud,1389,53,175,7,0.1261,0.1367,967,40,0.3323,0.3583,0,0.0106,1.084,0.9158,1.325,0.026
MERCH_ORG_00153,organic_growth,1269,78,42,1,0.0337,0.0168,1078,66,0.0497,0.0824,0,-0.0169,0.5,1.4752,1.1818,0.0327
MERCH_STD_00421,standard_stable,795,28,30,1,0.038,0.0384,704,24,0.0302,0.0549,0,0.0004,1.0105,0.8453,1.1667,0.0247
MERCH_FLASH_00399,flash_sale_high_vol,2383,500,54,4,0.023,0.0085,1899,451,0.0718,0.0302,0,-0.0145,0.3723,5.0357,1.1086,-0.0416
MERCH_STD_00145,standard_stable,723,31,22,1,0.0317,0.0281,587,26,0.0406,0.1027,0,-0.0036,0.8868,1.029,1.1923,0.0621
MERCH_STD_01018,standard_stable,3492,144,130,5,0.0374,0.0315,2605,112,0.046,0.1066,0,-0.0059,0.8427,0.9897,1.2857,0.0606
MERCH_NOISE_00067,low_volume_noise,30,4,0,0,0.0,0.0,27,4,0.063,0.2373,0,0.0,1.0,3.2,1.0,0.1743
MERCH_STD_00281,standard_stable,1001,42,21,1,0.021,0.0245,730,37,0.0922,0.1029,0,0.0035,1.1659,1.007,1.1351,0.0107
MERCH_FLASH_00504,flash_sale_high_vol,1821,541,31,10,0.0173,0.0179,1551,493,0.0664,0.0914,0,0.0006,1.0345,7.1301,1.0974,0.025
MERCH_HIBAS_00116,high_stable_fraud,1082,49,160,7,0.1484,0.1524,673,29,0.3684,0.3422,0,0.004,1.0269,1.0869,1.6897,-0.0262
MERCH_HIBAS_00323,high_stable_fraud,709,28,87,4,0.1234,0.1322,535,17,0.3428,0.3343,0,0.0088,1.0713,0.9478,1.6471,-0.0085
MERCH_STD_00931,standard_stable,1813,72,29,1,0.0162,0.0171,1478,60,0.0869,0.0609,0,0.0009,1.0552,0.9531,1.2,-0.026
MERCH_NOISE_00119,low_volume_noise,90,1,0,0,0.0,0.0,81,1,0.0341,0.2053,0,0.0,1.0,0.2667,1.0,0.1712
MERCH_STD_00466,standard_stable,2760,108,38,2,0.014,0.014,1976,91,0.0642,0.1036,0,0.0,1.0,0.9391,1.1868,0.0394
MERCH_STD_00817,standard_stable,1470,60,29,1,0.0202,0.0183,1067,42,0.0326,0.1153,0,-0.0019,0.9064,0.9796,1.4286,0.0827
MERCH_STD_01362,standard_stable,1635,80,22,1,0.0138,0.0112,1161,70,0.0763,0.0204,0,-0.0026,0.8129,1.1743,1.1429,-0.0559
MERCH_SPIKE_RUSH_00091,syndicate_bot_rush,802,178,24,94,0.03,0.5287,657,62,0.0416,0.7915,1,0.4987,17.5681,5.3267,2.871,0.7499
MERCH_STD_00507,standard_stable,1323,56,43,2,0.0331,0.0268,1112,50,0.0394,0.0474,0,-0.0063,0.8102,1.0159,1.12,0.008
MERCH_STD_00216,standard_stable,796,30,22,1,0.0281,0.023,592,23,0.0531,0.0377,0,-0.0051,0.8191,0.9045,1.3043,-0.0154
MERCH_STD_01492,standard_stable,2105,102,70,3,0.0337,0.0341,1663,78,0.0979,0.0683,0,0.0004,1.0118,1.1629,1.3077,-0.0296
MERCH_STD_00305,standard_stable,1052,44,32,1,0.0312,0.0261,914,32,0.0812,0.0561,0,-0.0051,0.8371,1.0038,1.375,-0.0251
MERCH_STD_00374,standard_stable,2049,77,61,2,0.03,0.0282,1674,63,0.0452,0.053,0,-0.0018,0.9402,0.9019,1.2222,0.0078
MERCH_STD_00644,standard_stable,3210,137,76,4,0.0239,0.0257,2332,99,0.0818,0.0825,0,0.0018,1.075,1.0243,1.3838,0.0007
MERCH_STD_00824,standard_stable,2316,102,37,2,0.0163,0.0178,1665,83,0.0727,0.1036,0,0.0015,1.0915,1.057,1.2289,0.0309
MERCH_SPIKE_ATO_00103,targeted_ato_surge,585,85,22,45,0.0392,0.5269,468,39,0.115,0.8289,1,0.4877,13.4097,3.4872,2.1795,0.7139
MERCH_HIBAS_00192,high_stable_fraud,1596,68,192,9,0.1207,0.1286,1068,43,0.3832,0.3555,0,0.0079,1.0654,1.0226,1.5814,-0.0277
MERCH_STD_01506,standard_stable,3276,117,61,2,0.0189,0.0172,2394,100,0.0249,0.1168,0,-0.0017,0.9105,0.8571,1.17,0.0919
MERCH_HIBAS_00143,high_stable_fraud,843,36,86,3,0.1024,0.0927,637,26,0.3798,0.2768,0,-0.0097,0.9054,1.0249,1.3846,-0.103
MERCH_HIBAS_00092,high_stable_fraud,1783,75,258,11,0.1447,0.1448,1203,54,0.3624,0.2887,0,0.0001,1.0007,1.0095,1.3889,-0.0737
MERCH_SPIKE_RUSH_00467,syndicate_bot_rush,1253,329,29,146,0.0234,0.4428,1027,132,0.0881,0.8718,1,0.4194,18.8468,6.3017,2.4924,0.7837
MERCH_SPIKE_ATO_00055,targeted_ato_surge,427,50,10,16,0.0235,0.3267,341,24,0.0761,0.8128,1,0.3032,13.8475,2.8103,2.0833,0.7367
MERCH_FLASH_00376,flash_sale_high_vol,1191,208,19,3,0.016,0.0134,936,194,0.036,0.1177,0,-0.0026,0.8385,4.1914,1.0722,0.0817
MERCH_STD_01539,standard_stable,2787,100,90,4,0.0324,0.0358,2066,87,0.0396,0.0692,0,0.0034,1.1046,0.8611,1.1494,0.0296
MERCH_SPIKE_RUSH_00142,syndicate_bot_rush,1522,272,34,66,0.0228,0.2424,1248,111,0.026,0.7404,1,0.2196,10.5895,4.2891,2.4505,0.7144
MERCH_SPIKE_RUSH_00423,syndicate_bot_rush,1126,206,13,58,0.0122,0.2795,923,55,0.0819,0.6893,1,0.2673,22.7317,4.3908,3.7455,0.6074
MERCH_NOISE_00192,low_volume_noise,53,1,1,0,0.0189,0.0,47,1,0.0322,0.2171,0,-0.0189,0.0053,0.4528,1.0,0.1849
MERCH_STD_01494,standard_stable,1371,64,18,1,0.0135,0.0114,1068,55,0.0523,0.0495,0,-0.0021,0.8456,1.1204,1.1636,-0.0028
MERCH_SPIKE_RUSH_00246,syndicate_bot_rush,1865,291,28,157,0.0153,0.538,1529,98,0.0868,0.9027,1,0.5227,34.9416,3.7448,2.9694,0.8159
MERCH_HIBAS_00315,high_stable_fraud,528,22,65,3,0.1237,0.1243,344,16,0.2511,0.3846,0,0.0006,1.0048,1.0,1.375,0.1335
MERCH_SPIKE_ATO_00208,targeted_ato_surge,1078,140,16,77,0.0155,0.5514,862,54,0.0906,0.6452,1,0.5359,35.3526,3.1169,2.5926,0.5546
MERCH_STD_00329,standard_stable,1019,37,25,1,0.0255,0.022,715,27,0.0931,0.0997,0,-0.0035,0.8633,0.8714,1.3704,0.0066
MERCH_FLASH_00118,flash_sale_high_vol,860,270,24,4,0.029,0.0139,697,235,0.0604,0.0805,0,-0.0151,0.4811,7.5349,1.1489,0.0201
MERCH_STD_01038,standard_stable,2467,97,85,3,0.0348,0.0355,2012,73,0.0243,0.0204,0,0.0007,1.0201,0.9437,1.3288,-0.0039
MERCH_STD_00999,standard_stable,2634,110,73,3,0.0279,0.0255,2358,77,0.0509,0.1082,0,-0.0024,0.9143,1.0023,1.4286,0.0573
MERCH_SPIKE_RUSH_00245,syndicate_bot_rush,960,141,33,65,0.0345,0.4576,787,48,0.0853,0.7143,1,0.4231,13.2283,3.525,2.9375,0.629
MERCH_STD_00362,standard_stable,2138,75,56,2,0.0266,0.0265,1512,64,0.0281,0.0509,0,-0.0001,0.9963,0.8419,1.1719,0.0228
MERCH_FLASH_00579,flash_sale_high_vol,2422,624,27,15,0.0114,0.0242,2197,519,0.0314,0.0437,0,0.0128,2.113,6.1833,1.2023,0.0123
MERCH_STD_00158,standard_stable,3167,144,107,5,0.0339,0.0345,2786,128,0.0764,0.0683,0,0.0006,1.0176,1.0913,1.125,-0.0081
MERCH_STD_01161,standard_stable,1394,61,55,2,0.0397,0.0404,985,53,0.0267,0.0247,0,0.0007,1.0176,1.0502,1.1509,-0.002
MERCH_STD_00790,standard_stable,1297,49,15,0,0.0119,0.0097,1074,39,0.047,0.0347,0,-0.0022,0.8167,0.9067,1.2564,-0.0123
MERCH_FLASH_00340,flash_sale_high_vol,815,158,9,4,0.0112,0.0237,713,140,0.0596,0.0387,0,0.0125,2.1062,4.6528,1.1286,-0.0209
MERCH_NOISE_00016,low_volume_noise,69,4,0,0,0.0,0.0,62,4,0.0425,0.0307,0,0.0,1.0,1.3913,1.0,-0.0118
MERCH_STD_00297,standard_stable,2136,73,78,3,0.0369,0.038,1694,60,0.0558,0.0599,0,0.0011,1.0297,0.8202,1.2167,0.0041
MERCH_FLASH_00586,flash_sale_high_vol,1349,358,21,3,0.0161,0.0087,1041,303,0.0741,0.0497,0,-0.0074,0.5432,6.3692,1.1815,-0.0244
MERCH_STD_01497,standard_stable,2374,115,38,2,0.0163,0.014,1778,95,0.0783,0.0251,0,-0.0023,0.8598,1.1626,1.2105,-0.0532
MERCH_NOISE_00168,low_volume_noise,34,1,0,0,0.0,0.0,30,1,0.1141,0.0135,0,0.0,1.0,0.7059,1.0,-0.1006
MERCH_STD_00077,standard_stable,2382,116,53,3,0.0226,0.0249,1925,87,0.0918,0.0435,0,0.0023,1.1013,1.1688,1.3333,-0.0483
MERCH_ORG_00026,organic_growth,860,53,22,1,0.0257,0.0234,731,45,0.0302,0.0585,0,-0.0023,0.9109,1.4791,1.1778,0.0283
MERCH_STD_00376,standard_stable,1627,74,61,3,0.0375,0.0443,1232,64,0.0938,0.0757,0,0.0068,1.1809,1.0916,1.1562,-0.0181
MERCH_SPIKE_ATO_00212,targeted_ato_surge,476,60,7,17,0.0159,0.2781,380,28,0.0793,0.6187,1,0.2622,17.3875,3.0252,2.1429,0.5394
MERCH_STD_01331,standard_stable,2738,114,104,4,0.0382,0.0321,2048,81,0.0575,0.045,0,-0.0061,0.8407,0.9993,1.4074,-0.0125
MERCH_STD_00229,standard_stable,2021,78,39,2,0.0197,0.0235,1606,56,0.0241,0.1145,0,0.0038,1.1919,0.9263,1.3929,0.0904
MERCH_HIBAS_00001,high_stable_fraud,922,45,115,6,0.1249,0.1249,694,27,0.2766,0.3458,0,0.0,1.0,1.1714,1.6667,0.0692
MERCH_STD_00819,standard_stable,3491,119,54,2,0.0155,0.0135,2990,105,0.094,0.0498,0,-0.002,0.8718,0.8181,1.1333,-0.0442
MERCH_STD_01237,standard_stable,3330,132,68,2,0.0206,0.0172,2857,98,0.0426,0.0382,0,-0.0034,0.8357,0.9514,1.3469,-0.0044
MERCH_HIBAS_00181,high_stable_fraud,1212,55,159,8,0.1316,0.1396,930,35,0.3187,0.3913,0,0.008,1.0607,1.0891,1.5714,0.0726
MERCH_HIBAS_00424,high_stable_fraud,1331,61,152,7,0.1142,0.1107,959,43,0.378,0.2693,0,-0.0035,0.9694,1.0999,1.4186,-0.1087
MERCH_FLASH_00250,flash_sale_high_vol,1327,363,31,5,0.0234,0.0141,1154,306,0.0701,0.1168,0,-0.0093,0.6043,6.5652,1.1863,0.0467
MERCH_FLASH_00466,flash_sale_high_vol,1111,222,11,2,0.0108,0.0081,895,187,0.0458,0.051,0,-0.0027,0.7523,4.7957,1.1872,0.0052
MERCH_STD_00837,standard_stable,1012,48,33,2,0.0334,0.0318,743,34,0.027,0.0591,0,-0.0016,0.9522,1.1383,1.4118,0.0321
MERCH_STD_01279,standard_stable,1991,76,72,3,0.0366,0.0364,1395,66,0.0445,0.0471,0,-0.0002,0.9946,0.9161,1.1515,0.0026
MERCH_SPIKE_RUSH_00370,syndicate_bot_rush,1241,359,12,99,0.0102,0.2747,1017,112,0.0958,0.8699,1,0.2645,26.6796,6.9428,3.2054,0.7741
MERCH_STD_00635,standard_stable,3523,142,41,2,0.0117,0.013,2853,127,0.0749,0.0304,0,0.0013,1.1102,0.9674,1.1181,-0.0445
MERCH_STD_00499,standard_stable,2793,114,100,5,0.0359,0.0399,2017,86,0.0627,0.0725,0,0.004,1.1111,0.9796,1.3256,0.0098
MERCH_STD_00738,standard_stable,2421,84,43,2,0.0179,0.0193,2079,65,0.0219,0.1018,0,0.0014,1.0778,0.8327,1.2923,0.0799
MERCH_STD_00430,standard_stable,588,26,11,0,0.0203,0.0189,477,19,0.0696,0.0667,0,-0.0014,0.9314,1.0612,1.3684,-0.0029
MERCH_STD_01172,standard_stable,3760,129,90,3,0.0242,0.0268,2814,112,0.067,0.0594,0,0.0026,1.107,0.8234,1.1518,-0.0076
MERCH_NOISE_00004,low_volume_noise,54,2,0,0,0.0,0.0,48,2,0.1258,0.2455,0,0.0,1.0,0.8889,1.0,0.1197
MERCH_FLASH_00100,flash_sale_high_vol,913,276,18,3,0.0202,0.0112,701,228,0.0247,0.1182,0,-0.009,0.5567,7.2552,1.2105,0.0935
MERCH_STD_01324,standard_stable,2958,140,83,5,0.0282,0.0322,2614,105,0.0988,0.1016,0,0.004,1.1413,1.1359,1.3333,0.0028
MERCH_NOISE_00172,low_volume_noise,63,3,1,0,0.0159,0.0,56,3,0.1297,0.1214,0,-0.0159,0.0062,1.1429,1.0,-0.0083
MERCH_NOISE_00117,low_volume_noise,61,1,0,0,0.0,0.0,54,1,0.0792,0.066,0,0.0,1.0,0.3934,1.0,-0.0132
MERCH_ORG_00149,organic_growth,1237,67,13,2,0.0111,0.0225,1051,56,0.0351,0.0509,0,0.0114,2.0179,1.2999,1.1964,0.0158
MERCH_STD_00299,standard_stable,974,42,18,1,0.0186,0.0167,812,31,0.0609,0.1149,0,-0.0019,0.8984,1.0349,1.3548,0.054
MERCH_HIBAS_00014,high_stable_fraud,686,26,103,4,0.1502,0.1513,506,15,0.345,0.3068,0,0.0011,1.0073,0.9096,1.7333,-0.0382
MERCH_HIBAS_00151,high_stable_fraud,1876,72,286,11,0.1528,0.1546,1327,54,0.366,0.2985,0,0.0018,1.0118,0.9211,1.3333,-0.0675
MERCH_STD_01371,standard_stable,1356,51,41,1,0.0307,0.0256,1081,36,0.0612,0.0926,0,-0.0051,0.8344,0.9027,1.4167,0.0314
MERCH_FLASH_00217,flash_sale_high_vol,1602,536,29,13,0.0187,0.025,1302,430,0.0496,0.0549,0,0.0063,1.3351,8.03,1.2465,0.0053
MERCH_STD_01485,standard_stable,1049,41,23,1,0.0226,0.0196,739,31,0.0976,0.0579,0,-0.003,0.8678,0.938,1.3226,-0.0397
MERCH_STD_01373,standard_stable,3177,139,115,5,0.0362,0.0356,2617,103,0.0543,0.1138,0,-0.0006,0.9835,1.05,1.3495,0.0595
MERCH_HIBAS_00253,high_stable_fraud,1441,62,180,8,0.125,0.1349,1062,42,0.2923,0.3053,0,0.0099,1.0791,1.0326,1.4762,0.013
MERCH_STD_01228,standard_stable,1400,63,47,2,0.0341,0.0334,1083,47,0.0307,0.0565,0,-0.0007,0.9795,1.08,1.3404,0.0258
MERCH_STD_00027,standard_stable,3597,153,86,3,0.024,0.0194,2596,132,0.0837,0.0433,0,-0.0046,0.8091,1.0209,1.1591,-0.0404
MERCH_STD_00161,standard_stable,1107,44,16,1,0.0146,0.0128,900,38,0.063,0.0826,0,-0.0018,0.8776,0.9539,1.1579,0.0196
MERCH_FLASH_00161,flash_sale_high_vol,1648,291,30,7,0.0186,0.0238,1328,246,0.0315,0.1193,0,0.0052,1.2781,4.2379,1.1829,0.0878
MERCH_FLASH_00215,flash_sale_high_vol,1746,310,22,4,0.0129,0.0124,1489,291,0.0667,0.0971,0,-0.0005,0.9615,4.2612,1.0653,0.0304
MERCH_FLASH_00089,flash_sale_high_vol,1217,370,26,9,0.0219,0.0239,932,304,0.0554,0.0388,0,0.002,1.0909,7.2966,1.2171,-0.0166
MERCH_STD_00250,standard_stable,651,26,11,0,0.0176,0.0155,489,21,0.0511,0.0545,0,-0.0021,0.8814,0.9585,1.2381,0.0034
MERCH_STD_01391,standard_stable,464,21,8,0,0.0177,0.0178,394,16,0.0462,0.0304,0,0.0001,1.0056,1.0862,1.3125,-0.0158
MERCH_FLASH_00421,flash_sale_high_vol,1343,427,26,8,0.0201,0.0188,1039,364,0.0533,0.0784,0,-0.0013,0.9356,7.6307,1.1731,0.0251
MERCH_SPIKE_ATO_00289,targeted_ato_surge,975,110,31,56,0.032,0.5088,780,48,0.0975,0.6077,1,0.4768,15.8536,2.7077,2.2917,0.5102
MERCH_SPIKE_RUSH_00041,syndicate_bot_rush,475,108,14,34,0.0309,0.3162,389,43,0.0835,0.7586,1,0.2853,10.2032,5.4568,2.5116,0.6751
MERCH_SPIKE_RUSH_00458,syndicate_bot_rush,688,110,17,45,0.0256,0.4097,564,42,0.0811,0.8481,1,0.3841,15.9455,3.8372,2.619,0.767
MERCH_STD_00791,standard_stable,3527,145,107,5,0.0304,0.0341,3101,112,0.0752,0.043,0,0.0037,1.1213,0.9867,1.2946,-0.0322
MERCH_NOISE_00019,low_volume_noise,26,2,0,0,0.0,0.0,23,2,0.0892,0.2262,0,0.0,1.0,1.8462,1.0,0.137
MERCH_STD_00680,standard_stable,1593,67,61,3,0.0386,0.0427,1238,48,0.0891,0.02,0,0.0041,1.1059,1.0094,1.3958,-0.0691
MERCH_STD_00952,standard_stable,3083,148,53,2,0.0173,0.0155,2414,114,0.0918,0.0655,0,-0.0018,0.8966,1.1521,1.2982,-0.0263
MERCH_STD_01459,standard_stable,1827,63,69,3,0.038,0.0398,1512,51,0.0299,0.0854,0,0.0018,1.0472,0.8276,1.2353,0.0555
MERCH_STD_00356,standard_stable,1709,63,21,1,0.0128,0.015,1456,55,0.0933,0.0849,0,0.0022,1.1705,0.8847,1.1455,-0.0084
MERCH_SPIKE_RUSH_00405,syndicate_bot_rush,900,127,22,49,0.0254,0.3837,738,35,0.0738,0.9287,1,0.3583,15.051,3.3867,3.6286,0.8549
MERCH_STD_01418,standard_stable,1022,36,34,1,0.0339,0.0312,793,28,0.0854,0.0765,0,-0.0027,0.9206,0.8454,1.2857,-0.0089
MERCH_STD_00912,standard_stable,1006,43,39,2,0.0394,0.0409,764,33,0.0518,0.0535,0,0.0015,1.038,1.0258,1.303,0.0017
MERCH_SPIKE_RUSH_00343,syndicate_bot_rush,1133,294,14,125,0.0131,0.4245,929,115,0.0725,0.9126,1,0.4114,32.1667,6.2277,2.5565,0.8401
MERCH_HIBAS_00409,high_stable_fraud,752,34,99,4,0.1328,0.1307,569,24,0.2502,0.3795,0,-0.0021,0.9842,1.0851,1.4167,0.1293
MERCH_STD_01234,standard_stable,2400,118,55,2,0.023,0.0193,2000,97,0.0894,0.0373,0,-0.0037,0.8398,1.18,1.2165,-0.0521
MERCH_STD_00896,standard_stable,2352,102,44,2,0.0191,0.022,1950,76,0.0635,0.0956,0,0.0029,1.151,1.0408,1.3421,0.0321
MERCH_STD_01369,standard_stable,1063,42,32,1,0.0302,0.0344,857,33,0.0887,0.0663,0,0.0042,1.1386,0.9483,1.2727,-0.0224
MERCH_STD_01542,standard_stable,3225,154,73,4,0.0228,0.0264,2596,116,0.0338,0.0472,0,0.0036,1.1572,1.146,1.3276,0.0134
MERCH_NOISE_00173,low_volume_noise,73,1,0,0,0.0,0.0,65,1,0.1325,0.2475,0,0.0,1.0,0.3288,1.0,0.115
MERCH_SPIKE_RUSH_00068,syndicate_bot_rush,1206,198,30,90,0.0251,0.4553,988,67,0.0665,0.9088,1,0.4302,18.0714,3.9403,2.9552,0.8423
MERCH_SPIKE_RUSH_00002,syndicate_bot_rush,1403,170,32,69,0.023,0.4057,1150,68,0.0988,0.6816,1,0.3827,17.5671,2.9081,2.5,0.5828
MERCH_STD_01193,standard_stable,3134,104,80,3,0.0256,0.0277,2810,78,0.0571,0.0561,0,0.0021,1.0817,0.7964,1.3333,-0.001
MERCH_SPIKE_RUSH_00357,syndicate_bot_rush,1559,275,38,117,0.0244,0.4242,1278,98,0.0838,0.846,1,0.3998,17.3184,4.2335,2.8061,0.7622
MERCH_STD_01042,standard_stable,3109,127,38,2,0.0125,0.0148,2532,94,0.0999,0.0375,0,0.0023,1.1825,0.9804,1.3511,-0.0624
MERCH_HIBAS_00187,high_stable_fraud,1109,51,148,7,0.1342,0.1366,882,38,0.3983,0.3436,0,0.0024,1.0179,1.1037,1.3421,-0.0547
MERCH_SPIKE_RUSH_00067,syndicate_bot_rush,701,140,14,54,0.0212,0.3859,574,55,0.0709,0.8334,1,0.3647,18.1221,4.7932,2.5455,0.7625
MERCH_SPIKE_RUSH_00468,syndicate_bot_rush,790,184,14,101,0.0183,0.547,647,56,0.0416,0.7046,1,0.5287,29.7337,5.5899,3.2857,0.663
MERCH_HIBAS_00229,high_stable_fraud,791,32,85,4,0.108,0.114,535,20,0.3017,0.3004,0,0.006,1.0555,0.9709,1.6,-0.0013
MERCH_STD_01186,standard_stable,2324,91,25,1,0.0109,0.0092,1717,78,0.0434,0.0957,0,-0.0017,0.8455,0.9398,1.1667,0.0523
MERCH_STD_00762,standard_stable,3797,152,80,3,0.0211,0.0203,2763,116,0.0387,0.0528,0,-0.0008,0.9623,0.9608,1.3103,0.0141
MERCH_STD_01430,standard_stable,3058,138,45,2,0.0148,0.0171,2302,115,0.0322,0.0372,0,0.0023,1.1544,1.0831,1.2,0.005
MERCH_STD_00709,standard_stable,3660,133,67,2,0.0185,0.017,3203,100,0.057,0.0906,0,-0.0015,0.9194,0.8721,1.33,0.0336
MERCH_HIBAS_00246,high_stable_fraud,871,37,90,4,0.1041,0.1122,543,23,0.3212,0.2978,0,0.0081,1.0777,1.0195,1.6087,-0.0234
MERCH_STD_00404,standard_stable,2651,94,41,2,0.0157,0.0186,2173,73,0.0671,0.0262,0,0.0029,1.1835,0.851,1.2877,-0.0409
MERCH_STD_00306,standard_stable,2750,121,42,2,0.0156,0.0127,2048,102,0.087,0.0281,0,-0.0029,0.8153,1.056,1.1863,-0.0589
MERCH_FLASH_00425,flash_sale_high_vol,1722,380,30,7,0.0176,0.0194,1519,312,0.0739,0.0717,0,0.0018,1.1017,5.2962,1.2179,-0.0022
MERCH_STD_00363,standard_stable,2038,98,25,1,0.0124,0.0103,1621,75,0.0382,0.0389,0,-0.0021,0.832,1.1541,1.3067,0.0007
MERCH_STD_01577,standard_stable,3122,137,61,3,0.0198,0.0217,2707,97,0.0834,0.0921,0,0.0019,1.0955,1.0532,1.4124,0.0087
MERCH_SPIKE_RUSH_00126,syndicate_bot_rush,902,139,13,71,0.0152,0.5118,739,50,0.0764,0.9146,1,0.4966,33.4575,3.6984,2.78,0.8382
MERCH_FLASH_00534,flash_sale_high_vol,1825,507,31,9,0.0175,0.017,1462,453,0.0433,0.1008,0,-0.0005,0.9716,6.6674,1.1192,0.0575
MERCH_STD_00484,standard_stable,3229,121,113,4,0.035,0.029,2683,85,0.0914,0.0892,0,-0.006,0.8291,0.8993,1.4235,-0.0022
MERCH_STD_00264,standard_stable,1738,73,44,2,0.0256,0.0238,1322,54,0.0492,0.035,0,-0.0018,0.93,1.0081,1.3519,-0.0142
MERCH_ORG_00073,organic_growth,393,21,4,0,0.0107,0.0124,334,17,0.042,0.0811,0,0.0017,1.1574,1.2824,1.2353,0.0391
MERCH_STD_00840,standard_stable,2470,113,41,2,0.0166,0.0194,1876,86,0.0883,0.1093,0,0.0028,1.1677,1.098,1.314,0.021
MERCH_STD_01253,standard_stable,595,25,11,1,0.0196,0.0232,440,17,0.0482,0.0334,0,0.0036,1.1827,1.0084,1.4706,-0.0148
MERCH_NOISE_00266,low_volume_noise,86,1,0,0,0.0,0.0,77,1,0.1266,0.0978,0,0.0,1.0,0.2791,1.0,-0.0288
MERCH_STD_00743,standard_stable,587,27,17,1,0.0298,0.0309,507,20,0.0482,0.1142,0,0.0011,1.0368,1.1039,1.35,0.066
MERCH_FLASH_00079,flash_sale_high_vol,1782,542,33,9,0.0186,0.0158,1408,471,0.071,0.0486,0,-0.0028,0.8503,7.2997,1.1507,-0.0224
MERCH_SPIKE_RUSH_00260,syndicate_bot_rush,1711,553,38,205,0.0226,0.3705,1403,207,0.0996,0.7602,1,0.3479,16.326,7.7569,2.6715,0.6606
MERCH_NOISE_00174,low_volume_noise,43,1,0,1,0.0,1.0,38,1,0.0839,0.1435,0,1.0,10001.0,0.5581,1.0,0.0596
MERCH_FLASH_00014,flash_sale_high_vol,726,173,16,2,0.0224,0.0131,568,159,0.0779,0.0865,0,-0.0093,0.5867,5.719,1.0881,0.0086
MERCH_STD_01226,standard_stable,2453,112,85,5,0.0348,0.0409,1902,84,0.0996,0.0731,0,0.0061,1.1748,1.0958,1.3333,-0.0265
MERCH_SPIKE_RUSH_00077,syndicate_bot_rush,914,240,13,127,0.0145,0.5309,749,60,0.0764,0.8478,1,0.5164,36.3699,6.302,4.0,0.7714
MERCH_STD_00578,standard_stable,2782,105,109,4,0.0392,0.0368,2366,84,0.0406,0.0372,0,-0.0024,0.9389,0.9058,1.25,-0.0034
MERCH_STD_00402,standard_stable,1221,51,24,1,0.0198,0.0229,1001,42,0.0492,0.036,0,0.0031,1.1558,1.0025,1.2143,-0.0132
MERCH_STD_00679,standard_stable,3324,147,76,4,0.0229,0.0273,2412,113,0.068,0.0285,0,0.0044,1.1913,1.0614,1.3009,-0.0395
MERCH_STD_01062,standard_stable,1019,40,13,0,0.0135,0.0114,743,28,0.0491,0.084,0,-0.0021,0.8456,0.9421,1.4286,0.0349
MERCH_FLASH_00051,flash_sale_high_vol,1808,366,42,8,0.0237,0.0225,1544,326,0.0328,0.0518,0,-0.0012,0.9496,4.8584,1.1227,0.019
MERCH_STD_00563,standard_stable,2150,88,32,1,0.0151,0.0139,1567,77,0.061,0.0824,0,-0.0012,0.9211,0.9823,1.1429,0.0214
MERCH_SPIKE_RUSH_00128,syndicate_bot_rush,1375,291,25,123,0.0182,0.4228,1127,122,0.0692,0.8678,1,0.4046,23.1093,5.0793,2.3852,0.7986
MERCH_STD_01035,standard_stable,3379,135,68,2,0.0203,0.0181,2743,101,0.0657,0.0372,0,-0.0022,0.8922,0.9589,1.3366,-0.0285
MERCH_STD_00901,standard_stable,1030,48,33,2,0.0325,0.0351,726,36,0.0872,0.0801,0,0.0026,1.0798,1.1184,1.3333,-0.0071
MERCH_STD_00098,standard_stable,1729,66,63,2,0.0366,0.034,1420,53,0.0527,0.0802,0,-0.0026,0.9292,0.9161,1.2453,0.0275
MERCH_STD_00178,standard_stable,1853,65,56,2,0.0304,0.0265,1598,48,0.0931,0.034,0,-0.0039,0.8721,0.8419,1.3542,-0.0591
MERCH_STD_00385,standard_stable,3679,154,38,2,0.0106,0.0104,3156,108,0.0431,0.0951,0,-0.0002,0.9813,1.0046,1.4259,0.052
MERCH_STD_00658,standard_stable,1267,60,35,2,0.0278,0.0309,1107,45,0.0573,0.0209,0,0.0031,1.1111,1.1365,1.3333,-0.0364
MERCH_STD_00821,standard_stable,1553,57,59,2,0.0383,0.0325,1332,46,0.0303,0.0234,0,-0.0058,0.849,0.8809,1.2391,-0.0069
MERCH_FLASH_00162,flash_sale_high_vol,2234,693,33,11,0.0152,0.0152,2043,648,0.0656,0.0381,0,0.0,1.0,7.4449,1.0694,-0.0275
MERCH_STD_01572,standard_stable,2956,128,45,2,0.0153,0.0171,2405,111,0.0493,0.1114,0,0.0018,1.1169,1.0392,1.1532,0.0621
MERCH_FLASH_00437,flash_sale_high_vol,1355,341,24,4,0.0181,0.0127,1092,277,0.0669,0.0614,0,-0.0054,0.7033,6.0399,1.231,-0.0055
MERCH_STD_00334,standard_stable,1244,51,16,1,0.0129,0.0134,931,43,0.0268,0.0974,0,0.0005,1.0385,0.9839,1.186,0.0706
MERCH_STD_01073,standard_stable,1095,50,38,2,0.0355,0.0307,913,43,0.0856,0.0626,0,-0.0048,0.8652,1.0959,1.1628,-0.023
MERCH_STD_00236,standard_stable,3215,124,36,1,0.0112,0.01,2426,87,0.0423,0.0393,0,-0.0012,0.8938,0.9257,1.4253,-0.003
MERCH_STD_01315,standard_stable,1822,71,31,1,0.0174,0.0148,1352,57,0.0553,0.0467,0,-0.0026,0.8514,0.9352,1.2456,-0.0086
MERCH_HIBAS_00385,high_stable_fraud,930,38,126,5,0.136,0.128,587,24,0.3267,0.3208,0,-0.008,0.9412,0.9806,1.5833,-0.0059
MERCH_STD_00370,standard_stable,1910,78,64,3,0.034,0.0387,1492,67,0.0605,0.0423,0,0.0047,1.1378,0.9801,1.1642,-0.0182
MERCH_NOISE_00085,low_volume_noise,95,2,0,1,0.0,0.5,85,2,0.0291,0.0205,0,0.5,5001.0,0.5053,1.0,-0.0086
MERCH_FLASH_00615,flash_sale_high_vol,1778,576,40,14,0.0226,0.0249,1490,468,0.028,0.0948,0,0.0023,1.1013,7.775,1.2308,0.0668
MERCH_STD_00955,standard_stable,905,39,22,1,0.0246,0.0248,641,34,0.0565,0.0277,0,0.0002,1.0081,1.0343,1.1471,-0.0288
MERCH_HIBAS_00460,high_stable_fraud,573,25,67,3,0.1185,0.1198,417,19,0.2781,0.3764,0,0.0013,1.011,1.0471,1.3158,0.0983
MERCH_STD_01116,standard_stable,3689,143,105,4,0.0287,0.0291,2593,114,0.0699,0.0859,0,0.0004,1.0139,0.9303,1.2544,0.016
MERCH_STD_01351,standard_stable,641,24,22,1,0.0346,0.0374,462,20,0.0772,0.032,0,0.0028,1.0807,0.8986,1.2,-0.0452
MERCH_STD_01321,standard_stable,2479,109,68,3,0.0278,0.0257,1932,97,0.0286,0.0996,0,-0.0021,0.9247,1.0553,1.1237,0.071
MERCH_STD_00149,standard_stable,2354,99,91,3,0.0389,0.034,1927,86,0.05,0.0301,0,-0.0049,0.8744,1.0093,1.1512,-0.0199
MERCH_NOISE_00114,low_volume_noise,26,4,1,1,0.0385,0.25,23,4,0.1311,0.0308,0,0.2115,6.4793,3.6923,1.0,-0.1003
MERCH_STD_01575,standard_stable,2316,99,60,3,0.0263,0.0299,1744,81,0.0646,0.0427,0,0.0036,1.1364,1.0259,1.2222,-0.0219
MERCH_STD_01273,standard_stable,2656,124,93,4,0.0351,0.0332,1906,105,0.0217,0.0423,0,-0.0019,0.946,1.1205,1.181,0.0206
MERCH_FLASH_00168,flash_sale_high_vol,2462,604,24,7,0.01,0.0108,2003,521,0.0766,0.087,0,0.0008,1.0792,5.8879,1.1593,0.0104
MERCH_SPIKE_RUSH_00251,syndicate_bot_rush,1507,432,29,195,0.0197,0.4523,1235,114,0.0676,0.6784,1,0.4326,22.8485,6.8799,3.7895,0.6108
MERCH_STD_00317,standard_stable,1153,41,19,1,0.017,0.0188,893,31,0.0545,0.1015,0,0.0018,1.1053,0.8534,1.3226,0.047
MERCH_STD_01390,standard_stable,693,31,25,1,0.0366,0.03,582,24,0.0884,0.0882,0,-0.0066,0.8202,1.0736,1.2917,-0.0002
MERCH_SPIKE_ATO_00087,targeted_ato_surge,1107,111,27,40,0.0246,0.3585,885,41,0.0505,0.5605,1,0.3339,14.5182,2.4065,2.7073,0.51
MERCH_FLASH_00510,flash_sale_high_vol,1531,512,15,8,0.01,0.0161,1166,435,0.0504,0.0422,0,0.0061,1.604,8.0261,1.177,-0.0082
MERCH_FLASH_00301,flash_sale_high_vol,1228,395,33,4,0.0272,0.0092,1026,367,0.0202,0.0694,0,-0.018,0.3407,7.7199,1.0763,0.0492
MERCH_HIBAS_00305,high_stable_fraud,855,38,91,4,0.1069,0.0992,551,24,0.3704,0.3265,0,-0.0077,0.928,1.0667,1.5833,-0.0439
MERCH_STD_00357,standard_stable,3319,122,33,1,0.0101,0.0085,2386,93,0.0761,0.0991,0,-0.0016,0.8431,0.8822,1.3118,0.023
MERCH_SPIKE_ATO_00163,targeted_ato_surge,927,135,33,71,0.0356,0.5277,741,65,0.1085,0.8188,1,0.4921,14.7843,3.4951,2.0769,0.7103
MERCH_STD_01092,standard_stable,3446,136,128,5,0.0374,0.0366,2678,96,0.0928,0.0696,0,-0.0008,0.9787,0.9472,1.4167,-0.0232
MERCH_STD_01127,standard_stable,2089,97,67,3,0.0321,0.0303,1481,68,0.086,0.0522,0,-0.0018,0.9441,1.1144,1.4265,-0.0338
MERCH_STD_00316,standard_stable,2561,99,46,1,0.0181,0.0148,2195,77,0.0551,0.0445,0,-0.0033,0.8187,0.9278,1.2857,-0.0106
MERCH_STD_01561,standard_stable,2346,101,74,4,0.0317,0.0357,1771,90,0.095,0.063,0,0.004,1.1258,1.0332,1.1222,-0.032
MERCH_STD_00344,standard_stable,1913,87,71,4,0.0376,0.0439,1664,77,0.0572,0.0247,0,0.0063,1.1671,1.0915,1.1299,-0.0325
MERCH_SPIKE_RUSH_00237,syndicate_bot_rush,1453,343,26,146,0.0185,0.4265,1191,143,0.0396,0.8477,1,0.408,22.9355,5.6655,2.3986,0.8081
MERCH_FLASH_00638,flash_sale_high_vol,1208,192,17,2,0.0145,0.0089,1026,167,0.0362,0.0306,0,-0.0056,0.6164,3.8146,1.1497,-0.0056
MERCH_FLASH_00323,flash_sale_high_vol,1070,274,16,5,0.0153,0.0168,885,255,0.0747,0.0585,0,0.0015,1.0974,6.1458,1.0745,-0.0162
MERCH_FLASH_00469,flash_sale_high_vol,1517,311,32,3,0.0211,0.0082,1288,273,0.0687,0.0468,0,-0.0129,0.3915,4.9202,1.1392,-0.0219
MERCH_FLASH_00141,flash_sale_high_vol,2385,641,67,7,0.0281,0.0111,2112,579,0.0787,0.0519,0,-0.017,0.3972,6.4503,1.1071,-0.0268
MERCH_HIBAS_00425,high_stable_fraud,1626,80,176,8,0.1087,0.1034,1174,55,0.3901,0.383,0,-0.0053,0.9513,1.1808,1.4545,-0.0071
MERCH_HIBAS_00076,high_stable_fraud,1603,70,213,10,0.133,0.1451,1105,43,0.2847,0.3618,0,0.0121,1.0909,1.048,1.6279,0.0771
MERCH_STD_00279,standard_stable,3672,124,67,3,0.0183,0.0215,3258,100,0.0714,0.0663,0,0.0032,1.1739,0.8105,1.24,-0.0051
MERCH_SPIKE_ATO_00168,targeted_ato_surge,1158,160,37,81,0.0321,0.5059,926,49,0.0496,0.7731,1,0.4738,15.7143,3.3161,3.2653,0.7235
MERCH_STD_00958,standard_stable,644,29,18,1,0.029,0.0312,473,24,0.0949,0.0801,0,0.0022,1.0756,1.0807,1.2083,-0.0148
MERCH_SPIKE_ATO_00043,targeted_ato_surge,1103,93,20,43,0.019,0.4667,882,38,0.0883,0.8853,1,0.4477,24.4398,2.0236,2.4474,0.797
MERCH_STD_00973,standard_stable,2936,118,93,4,0.0317,0.0354,2542,85,0.039,0.047,0,0.0037,1.1164,0.9646,1.3882,0.008
MERCH_SPIKE_RUSH_00327,syndicate_bot_rush,771,183,17,52,0.023,0.2815,632,75,0.0272,0.6795,1,0.2585,12.1905,5.6965,2.44,0.6523
MERCH_STD_01522,standard_stable,1319,53,40,1,0.0306,0.0272,973,40,0.0328,0.0547,0,-0.0034,0.8893,0.9644,1.325,0.0219
MERCH_STD_01294,standard_stable,2916,119,114,4,0.0391,0.0325,2277,97,0.0672,0.0381,0,-0.0066,0.8316,0.9794,1.2268,-0.0291
MERCH_FLASH_00464,flash_sale_high_vol,1243,343,24,6,0.0197,0.0184,1020,309,0.0545,0.076,0,-0.0013,0.9343,6.6227,1.11,0.0215
MERCH_HIBAS_00236,high_stable_fraud,1743,65,260,11,0.1497,0.1641,1312,50,0.3289,0.3579,0,0.0144,1.0961,0.895,1.3,0.029
MERCH_STD_00235,standard_stable,2973,101,60,2,0.0202,0.0204,2398,74,0.069,0.0214,0,0.0002,1.0099,0.8153,1.3649,-0.0476
MERCH_STD_01087,standard_stable,2678,126,36,2,0.0135,0.0145,2310,92,0.0613,0.0861,0,0.001,1.0735,1.1292,1.3696,0.0248
MERCH_FLASH_00451,flash_sale_high_vol,1032,291,23,7,0.0227,0.0234,937,265,0.0384,0.1046,0,0.0007,1.0307,6.7674,1.0981,0.0662
MERCH_FLASH_00332,flash_sale_high_vol,1662,495,32,11,0.0197,0.0216,1288,399,0.0645,0.0917,0,0.0019,1.096,7.148,1.2406,0.0272
MERCH_STD_00521,standard_stable,3114,152,102,6,0.0328,0.0393,2396,115,0.0562,0.1057,0,0.0065,1.1976,1.1715,1.3217,0.0495
MERCH_SPIKE_ATO_00155,targeted_ato_surge,859,119,29,32,0.0339,0.2728,687,59,0.0352,0.8063,1,0.2389,8.0265,3.3248,2.0169,0.7711
MERCH_STD_00720,standard_stable,2608,87,70,2,0.0271,0.0222,2237,68,0.0397,0.0548,0,-0.0049,0.8199,0.8006,1.2794,0.0151
MERCH_NOISE_00296,low_volume_noise,50,1,0,0,0.0,0.0,45,1,0.1206,0.0639,0,0.0,1.0,0.48,1.0,-0.0567
MERCH_STD_00394,standard_stable,2166,108,41,2,0.0191,0.0194,1899,80,0.0464,0.0671,0,0.0003,1.0156,1.1967,1.35,0.0207
MERCH_NOISE_00082,low_volume_noise,26,3,1,0,0.0385,0.0,23,3,0.0778,0.084,0,-0.0385,0.0026,2.7692,1.0,0.0062
MERCH_STD_01194,standard_stable,1773,80,37,2,0.0214,0.0239,1250,69,0.0818,0.0716,0,0.0025,1.1163,1.0829,1.1594,-0.0102
MERCH_STD_00366,standard_stable,2536,90,57,2,0.0226,0.022,1954,75,0.0663,0.0692,0,-0.0006,0.9736,0.8517,1.2,0.0029
MERCH_SPIKE_RUSH_00231,syndicate_bot_rush,1279,212,33,102,0.0259,0.4819,1048,59,0.0949,0.7521,1,0.456,18.5385,3.9781,3.5932,0.6572
MERCH_STD_00428,standard_stable,2595,105,65,3,0.0253,0.0274,1939,79,0.0539,0.0478,0,0.0021,1.0827,0.9711,1.3291,-0.0061
MERCH_STD_00155,standard_stable,2575,96,95,4,0.0371,0.0436,2233,69,0.0248,0.1035,0,0.0065,1.1747,0.8948,1.3913,0.0787
MERCH_STD_00744,standard_stable,3281,133,79,3,0.0243,0.02,2882,114,0.0565,0.0479,0,-0.0043,0.8238,0.9729,1.1667,-0.0086
MERCH_STD_00239,standard_stable,3048,135,58,2,0.0193,0.0162,2739,115,0.0275,0.0856,0,-0.0031,0.8402,1.063,1.1739,0.0581
MERCH_SPIKE_RUSH_00381,syndicate_bot_rush,950,232,19,105,0.0201,0.4537,779,64,0.0245,0.9026,1,0.4336,22.4653,5.8611,3.625,0.8781
MERCH_STD_01272,standard_stable,3017,121,54,2,0.0182,0.0149,2281,85,0.0831,0.0456,0,-0.0033,0.8197,0.9625,1.4235,-0.0375
MERCH_FLASH_00542,flash_sale_high_vol,699,222,8,3,0.0115,0.0119,546,177,0.0214,0.0665,0,0.0004,1.0345,7.6223,1.2542,0.0451
MERCH_STD_00864,standard_stable,1816,59,55,2,0.0307,0.0257,1303,52,0.0747,0.0628,0,-0.005,0.8377,0.7797,1.1346,-0.0119
MERCH_ORG_00118,organic_growth,1247,66,39,2,0.0314,0.0237,1059,56,0.0551,0.0297,0,-0.0077,0.7556,1.2702,1.1786,-0.0254
MERCH_FLASH_00166,flash_sale_high_vol,1903,570,22,6,0.0118,0.0097,1539,509,0.0405,0.0914,0,-0.0021,0.8235,7.1886,1.1198,0.0509
MERCH_FLASH_00430,flash_sale_high_vol,2040,482,39,10,0.0192,0.0202,1660,417,0.0298,0.0912,0,0.001,1.0518,5.6706,1.1559,0.0614
MERCH_NOISE_00140,low_volume_noise,69,1,0,0,0.0,0.0,62,1,0.1411,0.0259,0,0.0,1.0,0.3478,1.0,-0.1152
MERCH_STD_01316,standard_stable,3182,137,119,4,0.0377,0.0304,2808,119,0.0708,0.0735,0,-0.0073,0.8069,1.0333,1.1513,0.0027
MERCH_NOISE_00293,low_volume_noise,63,1,2,0,0.0317,0.0,56,1,0.0432,0.1439,0,-0.0317,0.0031,0.381,1.0,0.1007
MERCH_HIBAS_00227,high_stable_fraud,519,17,71,2,0.1373,0.1261,396,12,0.3891,0.2771,0,-0.0112,0.9185,0.7861,1.4167,-0.112
MERCH_STD_01001,standard_stable,3042,114,75,2,0.0247,0.0198,2558,82,0.0638,0.0896,0,-0.0049,0.8024,0.8994,1.3902,0.0258
MERCH_NOISE_00169,low_volume_noise,45,2,0,0,0.0,0.0,40,2,0.1484,0.0762,0,0.0,1.0,1.0667,1.0,-0.0722
MERCH_FLASH_00099,flash_sale_high_vol,2456,448,34,11,0.0142,0.0239,1907,410,0.0443,0.0951,0,0.0097,1.6783,4.3779,1.0927,0.0508
MERCH_STD_00398,standard_stable,1804,85,38,2,0.0216,0.0195,1531,60,0.0813,0.0992,0,-0.0021,0.9032,1.1308,1.4167,0.0179
MERCH_SPIKE_ATO_00005,targeted_ato_surge,896,88,24,37,0.0275,0.416,716,30,0.0852,0.7071,1,0.3885,15.0761,2.3571,2.9333,0.6219
MERCH_FLASH_00164,flash_sale_high_vol,786,165,22,4,0.0283,0.0242,602,148,0.0779,0.0889,0,-0.0041,0.8556,5.0382,1.1149,0.011
MERCH_HIBAS_00214,high_stable_fraud,1485,60,221,8,0.1489,0.1377,1138,39,0.3128,0.3287,0,-0.0112,0.9248,0.9697,1.5385,0.0159
MERCH_STD_00474,standard_stable,2107,91,38,2,0.0184,0.0213,1594,78,0.0749,0.0712,0,0.0029,1.1568,1.0365,1.1667,-0.0037
MERCH_FLASH_00628,flash_sale_high_vol,875,275,19,3,0.0221,0.0104,677,245,0.0376,0.088,0,-0.0117,0.473,7.5429,1.1224,0.0504
MERCH_HIBAS_00024,high_stable_fraud,608,24,75,3,0.1243,0.115,391,16,0.3513,0.2999,0,-0.0093,0.9252,0.9474,1.5,-0.0514
MERCH_NOISE_00176,low_volume_noise,41,1,0,0,0.0,0.0,36,1,0.0469,0.1023,0,0.0,1.0,0.5854,1.0,0.0554
MERCH_STD_01419,standard_stable,1894,67,44,1,0.0237,0.02,1449,54,0.0308,0.075,0,-0.0037,0.8445,0.849,1.2407,0.0442
MERCH_FLASH_00369,flash_sale_high_vol,2365,658,52,11,0.0224,0.0163,2000,548,0.0417,0.0932,0,-0.0061,0.7289,6.6774,1.2007,0.0515
MERCH_STD_00060,standard_stable,2620,95,76,2,0.0292,0.0258,2109,69,0.0333,0.1036,0,-0.0034,0.884,0.8702,1.3768,0.0703
MERCH_FLASH_00489,flash_sale_high_vol,1950,590,30,7,0.0156,0.0111,1579,554,0.0422,0.0489,0,-0.0045,0.7134,7.2615,1.065,0.0067
MERCH_STD_01460,standard_stable,2881,109,73,3,0.0254,0.0298,2079,80,0.0439,0.1026,0,0.0044,1.1725,0.908,1.3625,0.0587
MERCH_SPIKE_RUSH_00160,syndicate_bot_rush,928,260,27,136,0.0293,0.5231,760,77,0.0303,0.6646,1,0.4938,17.7959,6.7241,3.3766,0.6343
MERCH_SPIKE_RUSH_00115,syndicate_bot_rush,949,192,25,85,0.027,0.4453,778,81,0.0968,0.949,1,0.4183,16.4354,4.8556,2.3704,0.8522
MERCH_HIBAS_00126,high_stable_fraud,693,25,91,3,0.1326,0.1337,537,17,0.251,0.2596,0,0.0011,1.0083,0.8658,1.4706,0.0086
MERCH_HIBAS_00289,high_stable_fraud,938,40,106,4,0.1135,0.1103,727,28,0.3118,0.3774,0,-0.0032,0.9718,1.0235,1.4286,0.0656
MERCH_HIBAS_00418,high_stable_fraud,959,39,153,6,0.1596,0.1576,626,27,0.2666,0.3875,0,-0.002,0.9875,0.976,1.4444,0.1209
MERCH_HIBAS_00469,high_stable_fraud,948,38,143,5,0.1509,0.1397,706,23,0.3115,0.3376,0,-0.0112,0.9258,0.962,1.6522,0.0261
MERCH_STD_00184,standard_stable,3205,114,109,4,0.0341,0.031,2406,82,0.0955,0.0602,0,-0.0031,0.9094,0.8537,1.3902,-0.0353
MERCH_STD_00417,standard_stable,794,35,13,1,0.0175,0.0162,587,25,0.0609,0.0651,0,-0.0013,0.9261,1.0579,1.4,0.0042
MERCH_STD_00056,standard_stable,2163,87,62,3,0.0288,0.0289,1832,76,0.0937,0.0704,0,0.0001,1.0035,0.9653,1.1447,-0.0233
MERCH_ORG_00063,organic_growth,635,35,10,1,0.017,0.0169,539,29,0.051,0.0334,0,-0.0001,0.9942,1.3228,1.2069,-0.0176
MERCH_NOISE_00047,low_volume_noise,87,1,0,0,0.0,0.0,78,1,0.0185,0.2374,0,0.0,1.0,0.2759,1.0,0.2189
MERCH_STD_00876,standard_stable,891,41,29,2,0.0333,0.0393,672,28,0.0464,0.0908,0,0.006,1.1796,1.1044,1.4643,0.0444
MERCH_STD_00017,standard_stable,1866,82,37,2,0.0199,0.0194,1314,70,0.0917,0.034,0,-0.0005,0.975,1.0547,1.1714,-0.0577
MERCH_ORG_00052,organic_growth,856,53,19,2,0.0233,0.0324,727,45,0.0318,0.0763,0,0.0091,1.3889,1.486,1.1778,0.0445
MERCH_SPIKE_ATO_00291,targeted_ato_surge,556,76,11,22,0.0204,0.284,444,27,0.0552,0.7572,1,0.2636,13.8585,3.2806,2.8148,0.702
MERCH_SPIKE_RUSH_00155,syndicate_bot_rush,1527,353,28,126,0.0188,0.3573,1252,115,0.058,0.7723,1,0.3385,18.9101,5.5481,3.0696,0.7143
MERCH_STD_00757,standard_stable,3417,153,88,4,0.0258,0.025,2930,112,0.0429,0.0538,0,-0.0008,0.9691,1.0746,1.3661,0.0109
MERCH_HIBAS_00410,high_stable_fraud,1178,43,180,7,0.1534,0.1564,773,26,0.3156,0.2982,0,0.003,1.0195,0.8761,1.6538,-0.0174
MERCH_HIBAS_00180,high_stable_fraud,957,39,107,4,0.1127,0.1028,574,26,0.3619,0.3243,0,-0.0099,0.9122,0.9781,1.5,-0.0376
MERCH_STD_01230,standard_stable,2156,87,39,2,0.0184,0.0173,1896,68,0.0534,0.0587,0,-0.0011,0.9405,0.9685,1.2794,0.0053
MERCH_STD_00894,standard_stable,1847,75,64,3,0.0351,0.0338,1603,59,0.0945,0.0409,0,-0.0013,0.9631,0.9746,1.2712,-0.0536
MERCH_HIBAS_00294,high_stable_fraud,1449,58,179,7,0.1241,0.1287,970,45,0.2811,0.3095,0,0.0046,1.037,0.9607,1.2889,0.0284
MERCH_STD_00476,standard_stable,599,23,21,1,0.0357,0.0386,420,17,0.0692,0.033,0,0.0029,1.081,0.9215,1.3529,-0.0362
MERCH_SPIKE_ATO_00183,targeted_ato_surge,1055,121,33,56,0.0322,0.465,844,41,0.1141,0.7067,1,0.4328,14.3994,2.7526,2.9512,0.5926
MERCH_STD_01587,standard_stable,1814,65,55,2,0.0306,0.0323,1425,51,0.0344,0.0945,0,0.0017,1.0554,0.86,1.2745,0.0601
MERCH_STD_00187,standard_stable,3171,119,101,4,0.0319,0.0367,2554,101,0.0856,0.0949,0,0.0048,1.15,0.9007,1.1782,0.0093
MERCH_FLASH_00211,flash_sale_high_vol,1236,354,19,5,0.0154,0.0153,1016,291,0.0777,0.0502,0,-0.0001,0.9935,6.8738,1.2165,-0.0275
MERCH_FLASH_00527,flash_sale_high_vol,1205,348,32,3,0.0273,0.0089,1046,315,0.0766,0.0537,0,-0.0184,0.3285,6.9311,1.1048,-0.0229
MERCH_HIBAS_00210,high_stable_fraud,908,43,91,4,0.1013,0.0928,605,27,0.3617,0.4085,0,-0.0085,0.9162,1.1366,1.5926,0.0468
MERCH_STD_01039,standard_stable,2903,131,83,4,0.0289,0.0277,2516,109,0.0218,0.0977,0,-0.0012,0.9586,1.083,1.2018,0.0759
MERCH_NOISE_00160,low_volume_noise,77,1,2,0,0.026,0.0,69,1,0.0208,0.1572,0,-0.026,0.0038,0.3117,1.0,0.1364
MERCH_SPIKE_RUSH_00120,syndicate_bot_rush,904,120,30,48,0.0332,0.3996,741,42,0.0429,0.7525,1,0.3664,12.003,3.1858,2.8571,0.7096
MERCH_STD_00848,standard_stable,895,43,10,1,0.0117,0.0136,635,37,0.0607,0.0902,0,0.0019,1.161,1.1531,1.1622,0.0295
MERCH_STD_01301,standard_stable,1791,70,29,1,0.0162,0.0137,1406,56,0.0264,0.0663,0,-0.0025,0.8466,0.938,1.25,0.0399
MERCH_SPIKE_RUSH_00426,syndicate_bot_rush,845,105,13,46,0.0157,0.4345,692,30,0.0936,0.93,1,0.4188,27.5063,2.9822,3.5,0.8364
MERCH_HIBAS_00047,high_stable_fraud,902,43,106,5,0.1182,0.1084,609,26,0.3214,0.2741,0,-0.0098,0.9172,1.1441,1.6538,-0.0473
MERCH_FLASH_00557,flash_sale_high_vol,1749,321,46,6,0.0265,0.0187,1569,295,0.0275,0.0692,0,-0.0078,0.7068,4.4048,1.0881,0.0417
MERCH_NOISE_00239,low_volume_noise,37,3,2,0,0.0541,0.0,33,3,0.1023,0.166,0,-0.0541,0.0018,1.9459,1.0,0.0637
MERCH_NOISE_00270,low_volume_noise,79,3,0,0,0.0,0.0,71,3,0.0954,0.0274,0,0.0,1.0,0.9114,1.0,-0.068
MERCH_STD_00711,standard_stable,929,33,18,1,0.0196,0.0204,791,28,0.0324,0.0757,0,0.0008,1.0406,0.8525,1.1786,0.0433
MERCH_NOISE_00034,low_volume_noise,35,2,1,1,0.0286,0.5,31,2,0.0709,0.1864,0,0.4714,17.4251,1.3714,1.0,0.1155
MERCH_STD_00866,standard_stable,3626,147,128,5,0.0354,0.0317,3055,117,0.0341,0.0612,0,-0.0037,0.8958,0.973,1.2564,0.0271
MERCH_SPIKE_RUSH_00154,syndicate_bot_rush,1527,260,43,107,0.0283,0.4123,1252,109,0.0623,0.841,1,0.384,14.5211,4.0864,2.3853,0.7787
MERCH_NOISE_00081,low_volume_noise,37,2,0,0,0.0,0.0,33,2,0.1106,0.1844,0,0.0,1.0,1.2973,1.0,0.0738
MERCH_SPIKE_ATO_00006,targeted_ato_surge,1101,117,18,38,0.0169,0.3254,880,58,0.0803,0.6759,1,0.3085,19.1471,2.5504,2.0172,0.5956
MERCH_STD_00214,standard_stable,2795,114,107,4,0.0386,0.0355,2223,88,0.038,0.0246,0,-0.0031,0.9199,0.9789,1.2955,-0.0134
MERCH_FLASH_00547,flash_sale_high_vol,1351,280,27,5,0.0201,0.0183,1084,234,0.0465,0.0823,0,-0.0018,0.9109,4.9741,1.1966,0.0358
MERCH_FLASH_00472,flash_sale_high_vol,2235,678,25,9,0.0114,0.013,1907,582,0.04,0.1104,0,0.0016,1.1391,7.2805,1.1649,0.0704
MERCH_HIBAS_00230,high_stable_fraud,1264,54,129,5,0.1025,0.0979,803,40,0.2536,0.4071,0,-0.0046,0.9552,1.0253,1.35,0.1535
MERCH_STD_00392,standard_stable,2879,105,103,4,0.036,0.0343,2306,82,0.0287,0.0354,0,-0.0017,0.9529,0.8753,1.2805,0.0067
MERCH_ORG_00004,organic_growth,1151,59,12,2,0.0111,0.0382,978,50,0.0511,0.0386,0,0.0271,3.4196,1.2302,1.18,-0.0125
MERCH_STD_01129,standard_stable,597,24,12,0,0.0205,0.0204,512,18,0.0796,0.0346,0,-0.0001,0.9951,0.9648,1.3333,-0.045
MERCH_FLASH_00455,flash_sale_high_vol,2064,419,43,5,0.0213,0.0129,1862,335,0.0749,0.0596,0,-0.0084,0.6075,4.8721,1.2507,-0.0153
MERCH_STD_01581,standard_stable,1747,85,62,3,0.0356,0.0345,1562,59,0.0461,0.0975,0,-0.0011,0.9692,1.1677,1.4407,0.0514
MERCH_FLASH_00179,flash_sale_high_vol,1009,359,12,8,0.012,0.0214,798,315,0.0629,0.0617,0,0.0094,1.7769,8.5391,1.1397,-0.0012
MERCH_HIBAS_00224,high_stable_fraud,2012,86,244,11,0.1214,0.1241,1571,52,0.255,0.2627,0,0.0027,1.0222,1.0258,1.6538,0.0077
MERCH_STD_01286,standard_stable,1811,74,57,2,0.032,0.0332,1569,66,0.0458,0.1102,0,0.0012,1.0374,0.9807,1.1212,0.0644
MERCH_ORG_00075,organic_growth,814,42,16,2,0.0199,0.0393,691,35,0.0387,0.044,0,0.0194,1.97,1.2383,1.2,0.0053
MERCH_SPIKE_RUSH_00436,syndicate_bot_rush,1451,280,41,150,0.0289,0.5375,1189,73,0.0274,0.7044,1,0.5086,18.5379,4.6313,3.8356,0.677
MERCH_SPIKE_RUSH_00463,syndicate_bot_rush,838,219,13,99,0.0156,0.4515,687,64,0.0769,0.6578,1,0.4359,28.7643,6.2721,3.4219,0.5809
MERCH_STD_00614,standard_stable,1004,44,27,1,0.0271,0.0244,789,36,0.0425,0.1115,0,-0.0027,0.9007,1.0518,1.2222,0.069
MERCH_STD_01277,standard_stable,1358,62,52,2,0.0386,0.0345,1150,44,0.0221,0.0228,0,-0.0041,0.8941,1.0957,1.4091,0.0007
MERCH_STD_00091,standard_stable,444,21,17,1,0.0398,0.0339,390,18,0.0629,0.0822,0,-0.0059,0.8521,1.1351,1.1667,0.0193
MERCH_SPIKE_ATO_00104,targeted_ato_surge,673,78,13,27,0.0202,0.3429,538,28,0.0353,0.7432,1,0.3227,16.8966,2.7816,2.7857,0.7079
MERCH_FLASH_00480,flash_sale_high_vol,1340,392,27,9,0.0207,0.0232,1119,322,0.0308,0.0444,0,0.0025,1.1202,7.0209,1.2174,0.0136
MERCH_ORG_00048,organic_growth,1181,63,24,1,0.0209,0.0229,1003,53,0.0588,0.0892,0,0.002,1.0952,1.2803,1.1887,0.0304
MERCH_STD_00380,standard_stable,900,35,10,0,0.0116,0.0104,741,30,0.0246,0.105,0,-0.0012,0.8974,0.9333,1.1667,0.0804
MERCH_SPIKE_RUSH_00018,syndicate_bot_rush,808,162,21,62,0.0269,0.3806,662,42,0.0565,0.8901,1,0.3537,14.1,4.8119,3.8571,0.8336
MERCH_STD_01115,standard_stable,3140,146,114,5,0.0364,0.0375,2669,123,0.0288,0.1199,0,0.0011,1.0301,1.1159,1.187,0.0911
MERCH_NOISE_00141,low_volume_noise,80,2,1,0,0.0125,0.0,72,2,0.1284,0.1668,0,-0.0125,0.0079,0.6,1.0,0.0384
MERCH_FLASH_00228,flash_sale_high_vol,1981,510,45,5,0.0229,0.0098,1528,429,0.066,0.0956,0,-0.0131,0.4304,6.1787,1.1888,0.0296
MERCH_FLASH_00233,flash_sale_high_vol,1525,272,29,5,0.0192,0.0173,1316,222,0.0353,0.0949,0,-0.0019,0.9016,4.2807,1.2252,0.0596
MERCH_STD_00256,standard_stable,630,21,7,0,0.0113,0.0123,560,17,0.0577,0.0686,0,0.001,1.0877,0.8,1.2353,0.0109
MERCH_ORG_00090,organic_growth,451,25,12,1,0.0272,0.0304,383,21,0.0543,0.0708,0,0.0032,1.1172,1.3304,1.1905,0.0165
MERCH_FLASH_00394,flash_sale_high_vol,1767,460,44,5,0.0254,0.0102,1328,382,0.0635,0.1046,0,-0.0152,0.4039,6.2479,1.2042,0.0411
MERCH_STD_00447,standard_stable,2264,92,39,1,0.0175,0.0146,1911,68,0.0355,0.0515,0,-0.0029,0.8352,0.9753,1.3529,0.016
MERCH_SPIKE_RUSH_00014,syndicate_bot_rush,1879,258,21,97,0.0114,0.3742,1540,98,0.0324,0.6599,1,0.3628,32.5478,3.2954,2.6327,0.6275
MERCH_STD_00953,standard_stable,2801,124,80,4,0.0288,0.0323,2184,110,0.062,0.0223,0,0.0035,1.1211,1.0625,1.1273,-0.0397
MERCH_SPIKE_RUSH_00441,syndicate_bot_rush,1191,183,15,80,0.013,0.4395,976,66,0.0933,0.6587,1,0.4265,33.5573,3.6877,2.7727,0.5654
MERCH_STD_00771,standard_stable,1288,54,35,2,0.0272,0.0288,1083,47,0.0651,0.0268,0,0.0016,1.0586,1.0062,1.1489,-0.0383
MERCH_STD_01293,standard_stable,1529,61,46,2,0.0303,0.027,1113,48,0.0609,0.0973,0,-0.0033,0.8914,0.9575,1.2708,0.0364
MERCH_FLASH_00612,flash_sale_high_vol,1163,392,20,5,0.0179,0.0116,979,371,0.0571,0.0488,0,-0.0063,0.65,8.0894,1.0566,-0.0083
MERCH_HIBAS_00288,high_stable_fraud,1714,64,224,8,0.1307,0.1324,1155,41,0.3755,0.3657,0,0.0017,1.013,0.8961,1.561,-0.0098
MERCH_NOISE_00040,low_volume_noise,72,3,0,0,0.0,0.0,64,3,0.0867,0.0759,0,0.0,1.0,1.0,1.0,-0.0108
MERCH_FLASH_00058,flash_sale_high_vol,1265,413,18,5,0.0145,0.0122,1124,359,0.0484,0.0993,0,-0.0023,0.8425,7.8356,1.1504,0.0509
MERCH_SPIKE_ATO_00238,targeted_ato_surge,680,52,22,17,0.0326,0.3261,544,24,0.0473,0.6503,1,0.2935,9.9755,1.8353,2.1667,0.603
MERCH_HIBAS_00392,high_stable_fraud,847,32,85,3,0.1009,0.0984,619,20,0.3942,0.3063,0,-0.0025,0.9752,0.9067,1.6,-0.0879
MERCH_SPIKE_RUSH_00179,syndicate_bot_rush,881,204,10,70,0.0115,0.3439,722,52,0.085,0.8925,1,0.3324,29.6552,5.5573,3.9231,0.8075
MERCH_STD_00204,standard_stable,2149,81,53,2,0.0248,0.0294,1697,59,0.0374,0.0295,0,0.0046,1.1847,0.9046,1.3729,-0.0079
MERCH_STD_00983,standard_stable,1063,38,16,1,0.0154,0.0132,871,32,0.0678,0.1009,0,-0.0022,0.8581,0.8579,1.1875,0.0331
MERCH_SPIKE_RUSH_00183,syndicate_bot_rush,916,273,26,100,0.0292,0.3651,751,88,0.0979,0.9326,1,0.3359,12.4642,7.1528,3.1023,0.8347
MERCH_NOISE_00186,low_volume_noise,85,2,0,0,0.0,0.0,76,2,0.0306,0.0371,0,0.0,1.0,0.5647,1.0,0.0065
MERCH_FLASH_00188,flash_sale_high_vol,2278,474,47,4,0.0207,0.0081,1959,399,0.035,0.1177,0,-0.0126,0.3942,4.9939,1.188,0.0827
MERCH_HIBAS_00284,high_stable_fraud,801,37,92,5,0.116,0.127,493,25,0.3501,0.3477,0,0.011,1.0947,1.1086,1.48,-0.0024
MERCH_STD_00252,standard_stable,1890,74,74,2,0.0396,0.0331,1535,53,0.0801,0.0708,0,-0.0065,0.8363,0.9397,1.3962,-0.0093
MERCH_STD_01374,standard_stable,1326,44,52,2,0.0398,0.0403,973,36,0.0992,0.1097,0,0.0005,1.0125,0.7964,1.2222,0.0105
MERCH_STD_00746,standard_stable,1887,86,48,2,0.0259,0.0224,1379,74,0.0449,0.083,0,-0.0035,0.8654,1.0938,1.1622,0.0381
MERCH_STD_00922,standard_stable,1320,51,50,2,0.0385,0.0309,1105,39,0.0739,0.0478,0,-0.0076,0.8031,0.9273,1.3077,-0.0261
MERCH_STD_01399,standard_stable,2481,93,72,2,0.0291,0.024,1970,74,0.0817,0.084,0,-0.0051,0.8253,0.8996,1.2568,0.0023
MERCH_HIBAS_00129,high_stable_fraud,1565,76,236,11,0.151,0.146,1092,55,0.3915,0.3826,0,-0.005,0.9669,1.1655,1.3818,-0.0089
MERCH_STD_01097,standard_stable,650,29,6,0,0.01,0.0087,575,20,0.0857,0.0857,0,-0.0013,0.8713,1.0708,1.45,0.0
MERCH_STD_00183,standard_stable,1304,45,42,1,0.0326,0.0322,965,33,0.0571,0.0489,0,-0.0004,0.9878,0.8282,1.3636,-0.0082
MERCH_SPIKE_ATO_00298,targeted_ato_surge,420,35,9,16,0.022,0.462,336,12,0.0717,0.5978,1,0.44,20.9095,2.0,2.9167,0.5261
MERCH_SPIKE_ATO_00008,targeted_ato_surge,918,96,22,36,0.0243,0.3756,734,35,0.0702,0.6534,1,0.3513,15.3975,2.5098,2.7429,0.5832
MERCH_HIBAS_00300,high_stable_fraud,1138,46,136,5,0.12,0.1172,708,35,0.3635,0.3074,0,-0.0028,0.9767,0.9701,1.3143,-0.0561
MERCH_STD_01327,standard_stable,3340,155,123,5,0.0369,0.0348,2821,125,0.0564,0.044,0,-0.0021,0.9432,1.1138,1.24,-0.0124
MERCH_SPIKE_ATO_00001,targeted_ato_surge,953,133,36,50,0.0378,0.3722,762,40,0.0395,0.6005,1,0.3344,9.8232,3.3494,3.325,0.561
MERCH_STD_00956,standard_stable,2983,117,87,3,0.0295,0.0284,2408,83,0.0439,0.1188,0,-0.0011,0.9628,0.9413,1.4096,0.0749
MERCH_STD_01463,standard_stable,2944,123,31,1,0.0107,0.0121,2151,93,0.0703,0.0384,0,0.0014,1.1296,1.0027,1.3226,-0.0319
MERCH_SPIKE_RUSH_00005,syndicate_bot_rush,598,76,10,38,0.0176,0.504,490,25,0.0661,0.9455,1,0.4864,28.4802,3.0502,3.04,0.8794
MERCH_NOISE_00043,low_volume_noise,31,1,0,0,0.0,0.0,27,1,0.1105,0.012,0,0.0,1.0,0.7742,1.0,-0.0985
MERCH_SPIKE_RUSH_00241,syndicate_bot_rush,674,174,12,72,0.0187,0.4117,552,68,0.0827,0.8501,1,0.393,21.9043,6.1958,2.5588,0.7674
MERCH_STD_00537,standard_stable,1728,71,26,1,0.0154,0.0172,1523,58,0.0439,0.0882,0,0.0018,1.1161,0.9861,1.2241,0.0443
MERCH_NOISE_00139,low_volume_noise,77,4,2,0,0.026,0.0,69,4,0.0547,0.0134,0,-0.026,0.0038,1.2468,1.0,-0.0413
MERCH_STD_00040,standard_stable,1027,41,27,1,0.0272,0.0274,875,35,0.0594,0.08,0,0.0002,1.0073,0.9581,1.1714,0.0206
MERCH_ORG_00074,organic_growth,742,39,14,1,0.0198,0.0226,630,33,0.0679,0.0782,0,0.0028,1.1407,1.2615,1.1818,0.0103
MERCH_SPIKE_RUSH_00242,syndicate_bot_rush,827,114,17,59,0.0217,0.5152,678,30,0.0981,0.6595,1,0.4935,23.6376,3.3083,3.8,0.5614
MERCH_HIBAS_00455,high_stable_fraud,1322,47,177,6,0.134,0.135,987,32,0.3163,0.3399,0,0.001,1.0075,0.8533,1.4688,0.0236
MERCH_FLASH_00561,flash_sale_high_vol,715,197,11,2,0.0167,0.0102,604,165,0.0352,0.1153,0,-0.0065,0.6131,6.6126,1.1939,0.0801
MERCH_NOISE_00142,low_volume_noise,43,1,0,0,0.0,0.0,38,1,0.1364,0.1352,0,0.0,1.0,0.5581,1.0,-0.0012
MERCH_STD_00268,standard_stable,3464,138,60,2,0.0174,0.016,2653,122,0.0746,0.1175,0,-0.0014,0.92,0.9561,1.1311,0.0429
MERCH_FLASH_00519,flash_sale_high_vol,1656,427,28,7,0.0175,0.0173,1456,398,0.0507,0.0745,0,-0.0002,0.9886,6.1884,1.0729,0.0238
MERCH_STD_00337,standard_stable,1355,67,24,1,0.018,0.0187,1050,57,0.0252,0.0454,0,0.0007,1.0387,1.1867,1.1754,0.0202
MERCH_STD_00010,standard_stable,1857,62,27,1,0.015,0.0125,1568,49,0.0329,0.0701,0,-0.0025,0.8344,0.8013,1.2653,0.0372
MERCH_STD_00346,standard_stable,2501,97,73,3,0.0294,0.0345,1901,72,0.0769,0.0856,0,0.0051,1.1729,0.9308,1.3472,0.0087
MERCH_HIBAS_00194,high_stable_fraud,1967,66,291,9,0.148,0.1387,1476,51,0.2823,0.3283,0,-0.0093,0.9372,0.8053,1.2941,0.046
MERCH_STD_01550,standard_stable,1612,55,26,1,0.0162,0.0181,1388,38,0.0958,0.0646,0,0.0019,1.1166,0.8189,1.4474,-0.0312
MERCH_ORG_00038,organic_growth,1310,69,39,1,0.0305,0.0137,1113,58,0.0307,0.0381,0,-0.0168,0.451,1.2641,1.1897,0.0074
MERCH_STD_00800,standard_stable,1339,60,33,2,0.0248,0.0293,972,52,0.0764,0.0893,0,0.0045,1.1807,1.0754,1.1538,0.0129
MERCH_NOISE_00131,low_volume_noise,27,2,0,1,0.0,0.5,24,2,0.0671,0.1966,0,0.5,5001.0,1.7778,1.0,0.1295
MERCH_ORG_00011,organic_growth,929,48,20,2,0.0226,0.0399,789,40,0.0595,0.0798,0,0.0173,1.7621,1.24,1.2,0.0203
MERCH_FLASH_00131,flash_sale_high_vol,1244,333,19,6,0.0155,0.0166,998,315,0.0228,0.0824,0,0.0011,1.0705,6.4244,1.0571,0.0596
MERCH_STD_00608,standard_stable,2540,126,87,4,0.0343,0.0294,2041,90,0.0706,0.0263,0,-0.0049,0.8576,1.1906,1.4,-0.0443
MERCH_STD_00852,standard_stable,2165,95,85,4,0.0397,0.0466,1578,75,0.0817,0.0568,0,0.0069,1.1734,1.0531,1.2667,-0.0249
MERCH_SPIKE_ATO_00097,targeted_ato_surge,895,127,29,62,0.0333,0.4905,716,43,0.0445,0.8084,1,0.4572,14.6886,3.4056,2.9535,0.7639
MERCH_FLASH_00270,flash_sale_high_vol,2485,401,70,7,0.0282,0.0174,2164,321,0.0658,0.0886,0,-0.0108,0.6184,3.8728,1.2492,0.0228
MERCH_STD_00419,standard_stable,717,34,8,0,0.0118,0.0119,550,28,0.0705,0.114,0,0.0001,1.0084,1.1381,1.2143,0.0435
MERCH_NOISE_00062,low_volume_noise,80,4,0,0,0.0,0.0,72,4,0.1271,0.1287,0,0.0,1.0,1.2,1.0,0.0016
MERCH_NOISE_00204,low_volume_noise,78,2,1,0,0.0128,0.0,70,2,0.1155,0.0697,0,-0.0128,0.0078,0.6154,1.0,-0.0458
MERCH_SPIKE_ATO_00260,targeted_ato_surge,525,72,14,30,0.0282,0.4144,420,34,0.0991,0.7321,1,0.3862,14.6466,3.2914,2.1176,0.633
MERCH_SPIKE_RUSH_00420,syndicate_bot_rush,1446,199,17,90,0.0119,0.4509,1185,79,0.0288,0.8884,1,0.439,37.5833,3.3029,2.519,0.8596
MERCH_NOISE_00110,low_volume_noise,86,3,0,0,0.0,0.0,77,3,0.1206,0.2047,0,0.0,1.0,0.8372,1.0,0.0841
MERCH_STD_01108,standard_stable,3184,141,32,2,0.0103,0.0108,2343,113,0.0778,0.0294,0,0.0005,1.0481,1.0628,1.2478,-0.0484
MERCH_SPIKE_RUSH_00220,syndicate_bot_rush,1564,504,50,220,0.032,0.4356,1282,137,0.0901,0.92,1,0.4036,13.5732,7.734,3.6788,0.8299
MERCH_SPIKE_ATO_00111,targeted_ato_surge,733,96,13,51,0.0187,0.527,586,36,0.0418,0.7321,1,0.5083,28.0372,3.1432,2.6667,0.6903
MERCH_HIBAS_00301,high_stable_fraud,2006,65,303,10,0.1514,0.1475,1387,48,0.3452,0.3653,0,-0.0039,0.9743,0.7777,1.3542,0.0201
MERCH_STD_01330,standard_stable,1087,39,18,1,0.0174,0.0147,917,29,0.0615,0.0532,0,-0.0027,0.8457,0.8611,1.3448,-0.0083
MERCH_STD_00192,standard_stable,2776,135,46,2,0.0166,0.017,2218,95,0.0479,0.1065,0,0.0004,1.024,1.1671,1.4211,0.0586
MERCH_SPIKE_ATO_00105,targeted_ato_surge,623,61,18,25,0.0303,0.4167,498,21,0.0912,0.849,1,0.3864,13.7105,2.3499,2.9048,0.7578
MERCH_STD_00325,standard_stable,1329,54,14,1,0.011,0.0132,932,39,0.0739,0.026,0,0.0022,1.1982,0.9752,1.3846,-0.0479
MERCH_NOISE_00228,low_volume_noise,82,3,0,0,0.0,0.0,73,3,0.0527,0.2034,0,0.0,1.0,0.878,1.0,0.1507
MERCH_STD_00810,standard_stable,696,35,9,1,0.014,0.0163,598,25,0.0659,0.0387,0,0.0023,1.1631,1.2069,1.4,-0.0272
MERCH_STD_00489,standard_stable,2163,85,44,2,0.0208,0.0181,1841,62,0.0823,0.0998,0,-0.0027,0.8708,0.9431,1.371,0.0175
MERCH_HIBAS_00135,high_stable_fraud,926,45,116,6,0.1255,0.1269,656,34,0.2767,0.3189,0,0.0014,1.0111,1.1663,1.3235,0.0422
MERCH_STD_00193,standard_stable,564,20,21,1,0.0384,0.0422,423,17,0.0797,0.1086,0,0.0038,1.0987,0.8511,1.1765,0.0289
MERCH_STD_01415,standard_stable,3301,139,76,4,0.0231,0.0271,2376,104,0.0888,0.0981,0,0.004,1.1724,1.0106,1.3365,0.0093
MERCH_SPIKE_RUSH_00248,syndicate_bot_rush,622,92,6,30,0.0104,0.3294,510,39,0.0504,0.732,1,0.319,31.381,3.5498,2.359,0.6816
MERCH_STD_01123,standard_stable,866,41,33,2,0.0392,0.046,745,34,0.0428,0.0527,0,0.0068,1.173,1.1363,1.2059,0.0099
MERCH_STD_00921,standard_stable,1990,81,43,1,0.0218,0.0184,1459,63,0.0932,0.0549,0,-0.0034,0.8447,0.9769,1.2857,-0.0383
MERCH_HIBAS_00344,high_stable_fraud,1680,67,252,11,0.1505,0.1645,1016,48,0.2668,0.3722,0,0.014,1.093,0.9571,1.3958,0.1054
MERCH_STD_01389,standard_stable,2129,93,62,3,0.0293,0.0288,1656,69,0.0374,0.0936,0,-0.0005,0.983,1.0484,1.3478,0.0562
MERCH_SPIKE_RUSH_00066,syndicate_bot_rush,1757,278,21,127,0.0121,0.4557,1440,100,0.0628,0.6746,1,0.4436,37.3607,3.7974,2.78,0.6118
MERCH_SPIKE_RUSH_00083,syndicate_bot_rush,1203,323,12,158,0.0104,0.4886,986,113,0.0219,0.6934,1,0.4782,46.5429,6.4439,2.8584,0.6715
MERCH_ORG_00018,organic_growth,827,48,8,2,0.0108,0.0369,702,40,0.0616,0.0483,0,0.0261,3.3945,1.393,1.2,-0.0133
MERCH_SPIKE_RUSH_00108,syndicate_bot_rush,1718,471,33,195,0.0194,0.4147,1408,141,0.0741,0.8189,1,0.3953,21.2718,6.5797,3.3404,0.7448
MERCH_STD_00013,standard_stable,843,29,19,1,0.0237,0.0219,687,21,0.0885,0.0959,0,-0.0018,0.9244,0.8256,1.381,0.0074
MERCH_NOISE_00211,low_volume_noise,32,1,0,0,0.0,0.0,28,1,0.0493,0.1986,0,0.0,1.0,0.75,1.0,0.1493
MERCH_HIBAS_00228,high_stable_fraud,1138,49,168,8,0.1477,0.1535,689,37,0.2844,0.3933,0,0.0058,1.0392,1.0334,1.3243,0.1089
MERCH_FLASH_00397,flash_sale_high_vol,1518,373,42,5,0.0283,0.0133,1151,343,0.0573,0.0537,0,-0.015,0.4718,5.8972,1.0875,-0.0036
MERCH_NOISE_00246,low_volume_noise,56,3,1,0,0.0179,0.0,50,3,0.0523,0.247,0,-0.0179,0.0056,1.2857,1.0,0.1947
MERCH_SPIKE_RUSH_00107,syndicate_bot_rush,1995,251,34,90,0.0172,0.3605,1635,77,0.0724,0.7613,1,0.3433,20.8439,3.0195,3.2597,0.6889
MERCH_HIBAS_00354,high_stable_fraud,593,24,88,3,0.1497,0.1364,443,17,0.252,0.4017,0,-0.0133,0.9112,0.9713,1.4118,0.1497
MERCH_STD_00470,standard_stable,506,19,7,0,0.0146,0.0168,415,13,0.0645,0.0456,0,0.0022,1.1497,0.9012,1.4615,-0.0189
MERCH_STD_00044,standard_stable,3184,149,113,4,0.0355,0.0301,2603,124,0.021,0.0654,0,-0.0054,0.8483,1.1231,1.2016,0.0444
MERCH_SPIKE_RUSH_00144,syndicate_bot_rush,578,124,9,68,0.016,0.5465,473,33,0.0675,0.6995,1,0.5305,33.9503,5.1488,3.7576,0.632
MERCH_STD_01125,standard_stable,3450,134,81,3,0.0235,0.0195,2569,96,0.0301,0.0364,0,-0.004,0.8305,0.9322,1.3958,0.0063
MERCH_STD_01168,standard_stable,2535,102,82,3,0.0327,0.0273,1783,87,0.064,0.0983,0,-0.0054,0.8354,0.9657,1.1724,0.0343
MERCH_STD_01592,standard_stable,2166,98,66,3,0.0307,0.0287,1715,81,0.0451,0.0379,0,-0.002,0.9351,1.0859,1.2099,-0.0072
MERCH_SPIKE_RUSH_00294,syndicate_bot_rush,1465,277,48,98,0.0333,0.3553,1201,116,0.071,0.9399,1,0.322,10.6407,4.5379,2.3879,0.8689
MERCH_NOISE_00078,low_volume_noise,42,1,0,0,0.0,0.0,37,1,0.0189,0.1226,0,0.0,1.0,0.5714,1.0,0.1037
MERCH_SPIKE_RUSH_00148,syndicate_bot_rush,815,121,15,31,0.019,0.2541,668,33,0.0954,0.934,1,0.2351,13.3089,3.5632,3.6667,0.8386
MERCH_HIBAS_00365,high_stable_fraud,591,25,77,3,0.1312,0.1267,386,19,0.2909,0.2734,0,-0.0045,0.9657,1.0152,1.3158,-0.0175
MERCH_ORG_00025,organic_growth,770,41,15,1,0.0204,0.0314,654,34,0.0405,0.0775,0,0.011,1.5366,1.2779,1.2059,0.037
MERCH_STD_00542,standard_stable,2429,108,42,2,0.0173,0.0179,1952,87,0.0378,0.088,0,0.0006,1.0345,1.0671,1.2414,0.0502
MERCH_STD_01392,standard_stable,1090,52,28,1,0.0265,0.0237,908,37,0.0771,0.0211,0,-0.0028,0.8947,1.145,1.4054,-0.056
MERCH_FLASH_00459,flash_sale_high_vol,2103,530,43,5,0.0209,0.0103,1681,474,0.0219,0.1169,0,-0.0106,0.4952,6.0485,1.1181,0.095
MERCH_SPIKE_ATO_00145,targeted_ato_surge,1201,154,23,49,0.0195,0.3174,960,61,0.0476,0.6853,1,0.2979,16.199,3.0774,2.5246,0.6377
MERCH_NOISE_00026,low_volume_noise,74,2,1,1,0.0135,0.5,66,2,0.066,0.0289,0,0.4865,36.7721,0.6486,1.0,-0.0371
MERCH_NOISE_00292,low_volume_noise,94,1,0,1,0.0,1.0,84,1,0.0383,0.0158,0,1.0,10001.0,0.2553,1.0,-0.0225
MERCH_HIBAS_00078,high_stable_fraud,1457,50,189,6,0.1302,0.1224,915,30,0.2979,0.3839,0,-0.0078,0.9401,0.8236,1.6667,0.086
MERCH_STD_00342,standard_stable,1697,85,66,4,0.0389,0.0424,1482,74,0.047,0.0811,0,0.0035,1.0897,1.2021,1.1486,0.0341
MERCH_STD_00203,standard_stable,2086,84,78,3,0.0378,0.0382,1711,71,0.0257,0.0716,0,0.0004,1.0106,0.9664,1.1831,0.0459
MERCH_STD_00274,standard_stable,759,36,19,1,0.0258,0.0276,545,29,0.0377,0.0934,0,0.0018,1.0695,1.1383,1.2414,0.0557
MERCH_SPIKE_ATO_00287,targeted_ato_surge,504,39,10,13,0.02,0.3432,403,16,0.0686,0.6047,1,0.3232,17.0796,1.8571,2.4375,0.5361
MERCH_STD_00714,standard_stable,1197,44,36,1,0.0307,0.031,998,37,0.0264,0.0223,0,0.0003,1.0097,0.8822,1.1892,-0.0041
MERCH_ORG_00028,organic_growth,618,36,10,1,0.0173,0.017,525,30,0.0253,0.0884,0,-0.0003,0.9828,1.3981,1.2,0.0631
MERCH_STD_00129,standard_stable,725,28,18,1,0.026,0.0213,507,22,0.082,0.0235,0,-0.0047,0.8199,0.9269,1.2727,-0.0585
MERCH_FLASH_00568,flash_sale_high_vol,2573,663,52,12,0.0205,0.0183,2018,595,0.04,0.0604,0,-0.0022,0.8932,6.1842,1.1143,0.0204
MERCH_STD_00272,standard_stable,3121,107,46,2,0.0148,0.015,2485,87,0.0239,0.0604,0,0.0002,1.0134,0.8228,1.2299,0.0365
MERCH_HIBAS_00019,high_stable_fraud,1586,73,245,10,0.1545,0.1425,1143,55,0.3713,0.2655,0,-0.012,0.9224,1.1047,1.3273,-0.1058
MERCH_HIBAS_00251,high_stable_fraud,1173,51,174,7,0.1485,0.1405,879,39,0.275,0.2568,0,-0.008,0.9462,1.0435,1.3077,-0.0182
MERCH_SPIKE_ATO_00284,targeted_ato_surge,401,43,11,24,0.0293,0.5482,320,19,0.0668,0.7636,1,0.5189,18.6497,2.5736,2.2632,0.6968
MERCH_FLASH_00493,flash_sale_high_vol,1836,555,50,12,0.0275,0.0217,1541,460,0.0635,0.0362,0,-0.0058,0.7899,7.2549,1.2065,-0.0273
MERCH_STD_00678,standard_stable,2598,86,55,2,0.0212,0.0215,2150,62,0.0642,0.0398,0,0.0003,1.0141,0.7945,1.3871,-0.0244
MERCH_STD_01562,standard_stable,602,29,21,1,0.0351,0.0398,469,20,0.0614,0.0576,0,0.0047,1.1335,1.1561,1.45,-0.0038
MERCH_SPIKE_ATO_00179,targeted_ato_surge,1084,137,39,73,0.0365,0.5338,867,65,0.1024,0.7563,1,0.4973,14.5874,3.0332,2.1077,0.6539
MERCH_STD_00683,standard_stable,1039,39,16,1,0.0157,0.0132,860,32,0.072,0.0973,0,-0.0025,0.8418,0.9009,1.2188,0.0253
MERCH_NOISE_00126,low_volume_noise,89,2,0,0,0.0,0.0,80,2,0.044,0.1977,0,0.0,1.0,0.5393,1.0,0.1537
MERCH_STD_01479,standard_stable,3768,132,107,4,0.0286,0.0337,2769,96,0.0454,0.0774,0,0.0051,1.1777,0.8408,1.375,0.032
MERCH_FLASH_00545,flash_sale_high_vol,1173,364,21,7,0.018,0.0202,1061,338,0.0753,0.1182,0,0.0022,1.1215,7.4476,1.0769,0.0429
MERCH_SPIKE_RUSH_00469,syndicate_bot_rush,1869,254,55,71,0.0296,0.2795,1532,66,0.0853,0.682,1,0.2499,9.4141,3.2616,3.8485,0.5967
MERCH_FLASH_00019,flash_sale_high_vol,2532,610,62,12,0.0246,0.0193,1961,512,0.0791,0.1182,0,-0.0053,0.7854,5.782,1.1914,0.0391
MERCH_STD_01456,standard_stable,1960,97,29,1,0.0152,0.0145,1385,71,0.0529,0.0918,0,-0.0007,0.9542,1.1878,1.3662,0.0389
MERCH_SPIKE_ATO_00083,targeted_ato_surge,425,62,13,17,0.032,0.2813,340,24,0.0635,0.6894,1,0.2493,8.7664,3.5012,2.5833,0.6259
MERCH_FLASH_00530,flash_sale_high_vol,1946,575,23,9,0.0121,0.0164,1738,501,0.0708,0.0757,0,0.0043,1.3525,7.0915,1.1477,0.0049
MERCH_STD_01597,standard_stable,1359,60,49,3,0.0363,0.0426,1197,49,0.0474,0.1126,0,0.0063,1.1731,1.0596,1.2245,0.0652
MERCH_HIBAS_00478,high_stable_fraud,764,33,115,5,0.1507,0.155,585,24,0.3498,0.2579,0,0.0043,1.0285,1.0366,1.375,-0.0919
MERCH_HIBAS_00429,high_stable_fraud,1761,89,244,13,0.1388,0.1474,1137,57,0.2894,0.4103,0,0.0086,1.0619,1.2129,1.5614,0.1209
MERCH_HIBAS_00002,high_stable_fraud,1072,45,169,7,0.1578,0.1552,759,35,0.3509,0.3865,0,-0.0026,0.9835,1.0075,1.2857,0.0356
MERCH_NOISE_00242,low_volume_noise,71,1,0,0,0.0,0.0,63,1,0.0244,0.0409,0,0.0,1.0,0.338,1.0,0.0165
MERCH_STD_01136,standard_stable,2320,80,23,1,0.01,0.0108,1996,67,0.073,0.0907,0,0.0008,1.0792,0.8276,1.194,0.0177
MERCH_FLASH_00180,flash_sale_high_vol,1522,371,22,4,0.0145,0.0116,1142,335,0.0624,0.1196,0,-0.0029,0.8014,5.8502,1.1075,0.0572
MERCH_FLASH_00128,flash_sale_high_vol,1727,421,24,6,0.0143,0.014,1514,381,0.0619,0.064,0,-0.0003,0.9792,5.8506,1.105,0.0021
MERCH_STD_01326,standard_stable,1535,69,49,3,0.0324,0.0367,1316,56,0.0312,0.0835,0,0.0043,1.1323,1.0788,1.2321,0.0523
MERCH_SPIKE_RUSH_00147,syndicate_bot_rush,844,198,26,65,0.0319,0.3274,692,79,0.0883,0.7826,1,0.2955,10.2344,5.6303,2.5063,0.6943
MERCH_NOISE_00307,low_volume_noise,80,1,0,0,0.0,0.0,72,1,0.1477,0.0849,0,0.0,1.0,0.3,1.0,-0.0628
MERCH_SPIKE_ATO_00277,targeted_ato_surge,1179,103,33,46,0.0284,0.447,943,37,0.114,0.7403,1,0.4186,15.6877,2.0967,2.7838,0.6263
MERCH_STD_01006,standard_stable,652,32,14,1,0.0223,0.0213,468,26,0.0936,0.0987,0,-0.001,0.9554,1.1779,1.2308,0.0051
MERCH_NOISE_00298,low_volume_noise,58,1,0,1,0.0,1.0,52,1,0.1306,0.1306,0,1.0,10001.0,0.4138,1.0,0.0
MERCH_STD_00892,standard_stable,2283,114,40,2,0.0179,0.0173,1709,90,0.051,0.093,0,-0.0006,0.9667,1.1984,1.2667,0.042
MERCH_STD_00581,standard_stable,809,29,10,0,0.013,0.0129,637,21,0.0204,0.0393,0,-0.0001,0.9924,0.8603,1.381,0.0189
MERCH_SPIKE_ATO_00137,targeted_ato_surge,544,39,9,16,0.017,0.4184,435,13,0.0393,0.571,1,0.4014,24.4737,1.7206,3.0,0.5317
MERCH_STD_00856,standard_stable,2218,84,77,3,0.0349,0.036,1623,67,0.0642,0.0842,0,0.0011,1.0314,0.9089,1.2537,0.02
MERCH_STD_00906,standard_stable,2188,105,35,1,0.0162,0.0136,1756,84,0.0659,0.1086,0,-0.0026,0.8405,1.1517,1.25,0.0427
MERCH_SPIKE_ATO_00254,targeted_ato_surge,903,126,34,66,0.0381,0.521,722,39,0.0459,0.8714,1,0.4829,13.6414,3.3488,3.2308,0.8255
MERCH_STD_01037,standard_stable,1957,70,50,1,0.0256,0.021,1605,57,0.0238,0.0578,0,-0.0046,0.821,0.8585,1.2281,0.034
MERCH_SPIKE_RUSH_00444,syndicate_bot_rush,1126,215,15,77,0.0139,0.3565,923,69,0.0612,0.7736,1,0.3426,25.4714,4.5826,3.1159,0.7124
MERCH_STD_01065,standard_stable,966,33,13,0,0.0136,0.0148,688,24,0.086,0.101,0,0.0012,1.0876,0.8199,1.375,0.015
MERCH_FLASH_00212,flash_sale_high_vol,1315,335,31,5,0.0241,0.015,1181,306,0.0512,0.0722,0,-0.0091,0.624,6.1141,1.0948,0.021
MERCH_SPIKE_RUSH_00170,syndicate_bot_rush,1370,245,40,72,0.0296,0.2943,1123,92,0.0761,0.774,1,0.2647,9.9125,4.292,2.663,0.6979
MERCH_STD_00531,standard_stable,2438,102,24,1,0.0101,0.0081,1743,80,0.0266,0.0476,0,-0.002,0.8039,1.0041,1.275,0.021
MERCH_STD_01034,standard_stable,3497,153,44,2,0.0128,0.0121,2619,124,0.0211,0.0665,0,-0.0007,0.9457,1.05,1.2339,0.0454
MERCH_STD_00969,standard_stable,3061,104,30,1,0.0101,0.0089,2177,83,0.0232,0.1003,0,-0.0012,0.8824,0.8154,1.253,0.0771
MERCH_ORG_00050,organic_growth,1134,58,38,2,0.0336,0.0262,963,49,0.0375,0.0772,0,-0.0074,0.7804,1.2275,1.1837,0.0397
MERCH_FLASH_00274,flash_sale_high_vol,1812,602,47,14,0.0263,0.0231,1386,491,0.0724,0.0728,0,-0.0032,0.8788,7.9735,1.2261,0.0004
MERCH_STD_00038,standard_stable,2932,115,83,4,0.0284,0.031,2101,102,0.031,0.1159,0,0.0026,1.0912,0.9413,1.1275,0.0849
MERCH_STD_01359,standard_stable,2813,102,33,1,0.012,0.0097,2255,89,0.0688,0.07,0,-0.0023,0.8099,0.8702,1.1461,0.0012
MERCH_STD_00594,standard_stable,2725,101,49,2,0.0183,0.0149,2380,82,0.0438,0.0269,0,-0.0034,0.8152,0.8895,1.2317,-0.0169
MERCH_FLASH_00598,flash_sale_high_vol,1601,385,21,5,0.0132,0.013,1227,317,0.0708,0.0931,0,-0.0002,0.985,5.7714,1.2145,0.0223
MERCH_STD_00427,standard_stable,1369,49,41,2,0.0306,0.0342,1035,40,0.0714,0.0853,0,0.0036,1.1173,0.859,1.225,0.0139
MERCH_FLASH_00222,flash_sale_high_vol,1650,381,46,9,0.0281,0.0247,1257,320,0.045,0.0824,0,-0.0034,0.8794,5.5418,1.1906,0.0374
MERCH_HIBAS_00149,high_stable_fraud,1953,69,215,8,0.1101,0.1123,1303,51,0.3284,0.2952,0,0.0022,1.02,0.8479,1.3529,-0.0332
MERCH_NOISE_00158,low_volume_noise,60,1,0,0,0.0,0.0,54,1,0.0996,0.0988,0,0.0,1.0,0.4,1.0,-0.0008
MERCH_SPIKE_ATO_00220,targeted_ato_surge,965,75,32,36,0.0335,0.476,772,26,0.0666,0.898,1,0.4425,14.1696,1.8653,2.8846,0.8314
MERCH_NOISE_00098,low_volume_noise,27,2,0,0,0.0,0.0,24,2,0.0668,0.0567,0,0.0,1.0,1.7778,1.0,-0.0101
MERCH_STD_01007,standard_stable,3353,147,97,3,0.0291,0.0237,2906,128,0.0933,0.0678,0,-0.0054,0.8151,1.0522,1.1484,-0.0255
MERCH_SPIKE_ATO_00195,targeted_ato_surge,743,101,15,47,0.0211,0.467,594,39,0.0896,0.8514,1,0.4459,22.033,3.2624,2.5897,0.7618
MERCH_STD_01529,standard_stable,2993,150,55,3,0.0186,0.0219,2350,110,0.0536,0.0656,0,0.0033,1.1765,1.2028,1.3636,0.012
MERCH_SPIKE_RUSH_00417,syndicate_bot_rush,1167,299,24,79,0.0214,0.263,956,83,0.0419,0.7074,1,0.2416,12.2372,6.1491,3.6024,0.6655
MERCH_STD_00284,standard_stable,982,43,18,1,0.0188,0.0188,813,38,0.0428,0.0893,0,0.0,1.0,1.0509,1.1316,0.0465
MERCH_FLASH_00108,flash_sale_high_vol,2285,664,63,12,0.0279,0.0176,1829,560,0.0725,0.0348,0,-0.0103,0.6321,6.9742,1.1857,-0.0377
MERCH_FLASH_00049,flash_sale_high_vol,2069,509,57,9,0.0279,0.0181,1667,447,0.023,0.0359,0,-0.0098,0.65,5.9043,1.1387,0.0129
MERCH_STD_00114,standard_stable,2832,145,66,4,0.0235,0.0258,2544,116,0.0728,0.0502,0,0.0023,1.0975,1.2288,1.25,-0.0226
MERCH_FLASH_00549,flash_sale_high_vol,1904,373,48,8,0.0257,0.0215,1732,346,0.0644,0.0886,0,-0.0042,0.8372,4.7017,1.078,0.0242
MERCH_STD_00642,standard_stable,2977,107,108,4,0.0363,0.0367,2216,75,0.0766,0.0749,0,0.0004,1.011,0.8626,1.4267,-0.0017
MERCH_STD_00646,standard_stable,2860,99,99,4,0.0349,0.0385,2295,70,0.0743,0.0917,0,0.0036,1.1029,0.8308,1.4143,0.0174
MERCH_STD_00550,standard_stable,658,27,25,1,0.0395,0.0443,538,23,0.0724,0.0891,0,0.0048,1.1212,0.9848,1.1739,0.0167
MERCH_SPIKE_RUSH_00291,syndicate_bot_rush,709,121,15,44,0.0223,0.3598,581,33,0.0317,0.903,1,0.3375,16.067,4.0959,3.6667,0.8713
MERCH_FLASH_00409,flash_sale_high_vol,1296,399,24,6,0.0191,0.0155,1079,332,0.0793,0.1103,0,-0.0036,0.8125,7.3889,1.2018,0.031
MERCH_FLASH_00240,flash_sale_high_vol,1857,542,54,5,0.0294,0.0095,1459,476,0.0355,0.0313,0,-0.0199,0.3254,7.0048,1.1387,-0.0042
MERCH_SPIKE_ATO_00302,targeted_ato_surge,1036,114,34,55,0.0335,0.484,828,55,0.0889,0.8107,1,0.4505,14.4077,2.6409,2.0727,0.7218
MERCH_STD_01003,standard_stable,2869,129,54,3,0.0191,0.0222,2286,108,0.0619,0.0961,0,0.0031,1.1615,1.0791,1.1944,0.0342
MERCH_STD_01225,standard_stable,2051,92,28,1,0.0141,0.0137,1819,82,0.0814,0.0442,0,-0.0004,0.9718,1.0765,1.122,-0.0372
MERCH_FLASH_00580,flash_sale_high_vol,2093,463,35,6,0.0168,0.0127,1883,398,0.0346,0.0939,0,-0.0041,0.7574,5.3091,1.1633,0.0593
MERCH_SPIKE_RUSH_00069,syndicate_bot_rush,935,196,30,69,0.0323,0.3542,766,60,0.0536,0.8063,1,0.3219,10.9352,5.031,3.2667,0.7527
MERCH_STD_00157,standard_stable,1024,39,39,2,0.0389,0.0446,861,33,0.0981,0.1042,0,0.0057,1.1462,0.9141,1.1818,0.0061
MERCH_SPIKE_RUSH_00474,syndicate_bot_rush,1218,182,36,66,0.03,0.3623,998,61,0.0385,0.6788,1,0.3323,12.0399,3.5862,2.9836,0.6403
MERCH_FLASH_00090,flash_sale_high_vol,1376,272,35,5,0.0256,0.0194,1183,252,0.0388,0.0975,0,-0.0062,0.7588,4.7442,1.0794,0.0587
MERCH_STD_00570,standard_stable,1417,60,37,1,0.0266,0.0217,1116,44,0.0933,0.1177,0,-0.0049,0.8165,1.0162,1.3636,0.0244
MERCH_STD_01360,standard_stable,3148,157,38,2,0.0122,0.0142,2633,117,0.0976,0.0965,0,0.002,1.1626,1.197,1.3419,-0.0011
MERCH_STD_00626,standard_stable,2487,85,82,3,0.0331,0.0305,1950,62,0.0537,0.0271,0,-0.0026,0.9217,0.8203,1.371,-0.0266
MERCH_STD_00085,standard_stable,1642,62,18,1,0.0115,0.0125,1198,43,0.0311,0.1119,0,0.001,1.0862,0.9062,1.4419,0.0808
MERCH_HIBAS_00231,high_stable_fraud,1540,67,233,10,0.1515,0.1536,1020,49,0.271,0.3392,0,0.0021,1.0139,1.0442,1.3673,0.0682
MERCH_ORG_00117,organic_growth,1026,63,25,1,0.0244,0.0202,872,53,0.0294,0.029,0,-0.0042,0.8286,1.4737,1.1887,-0.0004
MERCH_STD_01473,standard_stable,2993,114,98,4,0.0328,0.0316,2243,95,0.0213,0.0665,0,-0.0012,0.9635,0.9141,1.2,0.0452
MERCH_SPIKE_RUSH_00259,syndicate_bot_rush,1605,514,45,275,0.0284,0.5349,1316,156,0.0338,0.7997,1,0.5065,18.7719,7.686,3.2949,0.7659
MERCH_STD_00814,standard_stable,3479,126,68,2,0.0198,0.0161,2708,111,0.0785,0.0549,0,-0.0037,0.8141,0.8692,1.1351,-0.0236
MERCH_STD_00971,standard_stable,1184,48,25,1,0.0214,0.0237,893,38,0.0468,0.0985,0,0.0023,1.107,0.973,1.2632,0.0517
MERCH_SPIKE_ATO_00100,targeted_ato_surge,940,106,19,62,0.0203,0.5842,752,51,0.0562,0.7378,1,0.5639,28.6422,2.7064,2.0784,0.6816
MERCH_STD_01364,standard_stable,918,46,13,1,0.0143,0.0124,693,33,0.0788,0.0645,0,-0.0019,0.8681,1.2026,1.3939,-0.0143
MERCH_SPIKE_ATO_00135,targeted_ato_surge,1161,118,37,49,0.0325,0.4177,928,53,0.1081,0.8404,1,0.3852,12.816,2.4393,2.2264,0.7323
MERCH_SPIKE_ATO_00261,targeted_ato_surge,363,34,9,18,0.0274,0.5432,290,13,0.0483,0.8227,1,0.5158,19.7564,2.2479,2.6154,0.7744
MERCH_SPIKE_ATO_00252,targeted_ato_surge,1188,140,19,73,0.0163,0.5234,950,53,0.0732,0.7952,1,0.5071,31.9207,2.8283,2.6415,0.722
MERCH_FLASH_00016,flash_sale_high_vol,1701,569,50,12,0.0297,0.0212,1504,538,0.056,0.1092,0,-0.0085,0.7148,8.0282,1.0576,0.0532
MERCH_SPIKE_RUSH_00450,syndicate_bot_rush,1875,317,29,144,0.0156,0.4536,1537,113,0.0687,0.8533,1,0.438,28.8981,4.0576,2.8053,0.7846
MERCH_NOISE_00133,low_volume_noise,80,1,0,0,0.0,0.0,72,1,0.1261,0.2173,0,0.0,1.0,0.3,1.0,0.0912
MERCH_STD_00045,standard_stable,2930,125,69,3,0.0238,0.0219,2589,107,0.0288,0.1197,0,-0.0019,0.9205,1.0239,1.1682,0.0909
MERCH_FLASH_00082,flash_sale_high_vol,1508,426,16,7,0.0112,0.0165,1275,376,0.0234,0.0525,0,0.0053,1.469,6.7798,1.133,0.0291
MERCH_NOISE_00277,low_volume_noise,47,2,0,1,0.0,0.5,42,2,0.0362,0.0111,0,0.5,5001.0,1.0213,1.0,-0.0251
MERCH_SPIKE_ATO_00281,targeted_ato_surge,890,99,26,52,0.0299,0.5269,712,33,0.0804,0.765,1,0.497,17.5667,2.6697,3.0,0.6846
MERCH_SPIKE_ATO_00248,targeted_ato_surge,935,83,14,24,0.0151,0.2852,748,27,0.0433,0.768,1,0.2701,18.7697,2.1305,3.0741,0.7247
MERCH_SPIKE_ATO_00143,targeted_ato_surge,897,67,31,29,0.0354,0.4287,717,21,0.0499,0.8821,1,0.3933,12.0789,1.7926,3.1905,0.8322
MERCH_FLASH_00526,flash_sale_high_vol,1971,447,30,9,0.0156,0.0198,1616,413,0.0648,0.0778,0,0.0042,1.2675,5.4429,1.0823,0.013
MERCH_NOISE_00105,low_volume_noise,49,3,0,1,0.0,0.3333,44,3,0.0698,0.1188,0,0.3333,3334.0,1.4694,1.0,0.049
MERCH_ORG_00084,organic_growth,1180,65,36,2,0.0309,0.0248,1003,55,0.0231,0.0322,0,-0.0061,0.8032,1.322,1.1818,0.0091
MERCH_FLASH_00328,flash_sale_high_vol,1530,469,23,7,0.0155,0.0157,1185,375,0.0362,0.0794,0,0.0002,1.0128,7.3569,1.2507,0.0432
MERCH_ORG_00142,organic_growth,605,30,12,1,0.0204,0.0306,514,25,0.0523,0.077,0,0.0102,1.4976,1.1901,1.2,0.0247
MERCH_NOISE_00074,low_volume_noise,49,1,0,0,0.0,0.0,44,1,0.0929,0.0302,0,0.0,1.0,0.4898,1.0,-0.0627
MERCH_ORG_00120,organic_growth,1159,61,20,2,0.0178,0.0347,985,51,0.0607,0.0718,0,0.0169,1.9441,1.2632,1.1961,0.0111
MERCH_SPIKE_RUSH_00198,syndicate_bot_rush,611,146,8,51,0.0141,0.3522,501,37,0.0244,0.7678,1,0.3381,24.8099,5.7349,3.9459,0.7434
MERCH_SPIKE_RUSH_00084,syndicate_bot_rush,804,113,17,44,0.0222,0.3856,659,47,0.0551,0.6949,1,0.3634,17.296,3.3731,2.4043,0.6398
MERCH_HIBAS_00272,high_stable_fraud,1490,57,205,8,0.1376,0.1411,969,40,0.2808,0.406,0,0.0035,1.0254,0.9181,1.425,0.1252
MERCH_SPIKE_ATO_00247,targeted_ato_surge,863,60,30,20,0.0358,0.3304,690,28,0.0583,0.7172,1,0.2946,9.2061,1.6686,2.1429,0.6589
MERCH_STD_00403,standard_stable,1617,57,46,2,0.0287,0.0281,1402,47,0.0649,0.1085,0,-0.0006,0.9792,0.846,1.2128,0.0436
MERCH_HIBAS_00178,high_stable_fraud,548,24,84,4,0.1547,0.1542,380,18,0.3003,0.4093,0,-0.0005,0.9968,1.0511,1.3333,0.109
MERCH_HIBAS_00256,high_stable_fraud,1579,61,181,8,0.115,0.1263,1149,44,0.3278,0.3976,0,0.0113,1.0982,0.9272,1.3864,0.0698
MERCH_HIBAS_00368,high_stable_fraud,1487,62,223,10,0.1502,0.1613,1116,44,0.2875,0.2942,0,0.0111,1.0739,1.0007,1.4091,0.0067
MERCH_HIBAS_00022,high_stable_fraud,619,23,80,3,0.1295,0.118,379,14,0.2775,0.415,0,-0.0115,0.9113,0.8918,1.6429,0.1375
MERCH_NOISE_00273,low_volume_noise,93,1,1,0,0.0108,0.0,83,1,0.1215,0.076,0,-0.0108,0.0092,0.2581,1.0,-0.0455
MERCH_FLASH_00424,flash_sale_high_vol,2066,437,21,9,0.0106,0.021,1621,364,0.0733,0.1087,0,0.0104,1.972,5.0765,1.2005,0.0354
MERCH_STD_01210,standard_stable,3322,146,118,5,0.0358,0.0319,2671,127,0.0502,0.026,0,-0.0039,0.8914,1.0548,1.1496,-0.0242
MERCH_SPIKE_RUSH_00009,syndicate_bot_rush,893,159,11,76,0.0131,0.4784,732,62,0.0522,0.8232,1,0.4653,36.25,4.2732,2.5645,0.771
MERCH_FLASH_00602,flash_sale_high_vol,1490,414,43,4,0.0293,0.0095,1295,343,0.0372,0.0641,0,-0.0198,0.3265,6.6685,1.207,0.0269
MERCH_FLASH_00588,flash_sale_high_vol,1057,264,11,4,0.0113,0.0152,816,228,0.0584,0.1136,0,0.0039,1.3421,5.9943,1.1579,0.0552
MERCH_STD_01075,standard_stable,3839,161,144,6,0.0377,0.0344,3429,142,0.0627,0.0602,0,-0.0033,0.9127,1.0065,1.1338,-0.0025
MERCH_HIBAS_00400,high_stable_fraud,816,32,103,4,0.1274,0.1367,580,19,0.2899,0.3865,0,0.0093,1.0729,0.9412,1.6842,0.0966
MERCH_STD_01525,standard_stable,2358,90,66,3,0.0284,0.0287,1762,75,0.0798,0.1048,0,0.0003,1.0105,0.916,1.2,0.025
MERCH_HIBAS_00098,high_stable_fraud,1650,68,173,8,0.1054,0.1107,1055,46,0.3314,0.3202,0,0.0053,1.0502,0.9891,1.4783,-0.0112
MERCH_HIBAS_00217,high_stable_fraud,765,26,100,4,0.1309,0.1387,579,18,0.3597,0.2568,0,0.0078,1.0595,0.8157,1.4444,-0.1029
MERCH_FLASH_00463,flash_sale_high_vol,1314,361,23,5,0.0182,0.0133,986,321,0.0561,0.0865,0,-0.0049,0.7322,6.5936,1.1246,0.0304
MERCH_SPIKE_ATO_00129,targeted_ato_surge,447,58,15,17,0.0341,0.2888,357,19,0.0418,0.6084,1,0.2547,8.4474,3.1141,3.0526,0.5666
MERCH_STD_00079,standard_stable,1037,40,19,1,0.0185,0.0207,888,31,0.0581,0.1195,0,0.0022,1.1183,0.9257,1.2903,0.0614
MERCH_HIBAS_00371,high_stable_fraud,1700,84,185,8,0.1094,0.1007,1040,54,0.2979,0.3237,0,-0.0087,0.9205,1.1859,1.5556,0.0258
MERCH_STD_01110,standard_stable,567,22,15,1,0.028,0.0331,491,18,0.0472,0.0535,0,0.0051,1.1815,0.9312,1.2222,0.0063
MERCH_STD_01005,standard_stable,3329,118,69,2,0.0208,0.0176,2423,91,0.0686,0.0508,0,-0.0032,0.8469,0.8507,1.2967,-0.0178
MERCH_SPIKE_RUSH_00283,syndicate_bot_rush,646,118,20,34,0.0312,0.2922,529,29,0.0819,0.8715,1,0.261,9.3387,4.3839,4.069,0.7896
MERCH_STD_00327,standard_stable,2546,93,49,2,0.0196,0.0176,1787,83,0.0378,0.1015,0,-0.002,0.8985,0.8767,1.1205,0.0637
MERCH_STD_01398,standard_stable,1285,51,28,1,0.0221,0.0263,971,40,0.0328,0.0379,0,0.0042,1.1892,0.9525,1.275,0.0051
MERCH_FLASH_00502,flash_sale_high_vol,1470,531,24,11,0.0169,0.0215,1292,435,0.0419,0.0913,0,0.0046,1.2706,8.6694,1.2207,0.0494
MERCH_FLASH_00622,flash_sale_high_vol,1461,403,16,5,0.011,0.0115,1309,371,0.0517,0.1062,0,0.0005,1.045,6.6201,1.0863,0.0545
MERCH_STD_00352,standard_stable,1593,54,61,2,0.0389,0.0422,1306,45,0.0277,0.0389,0,0.0033,1.0846,0.8136,1.2,0.0112
MERCH_FLASH_00613,flash_sale_high_vol,2256,556,24,7,0.011,0.0121,2006,463,0.0692,0.0333,0,0.0011,1.0991,5.9149,1.2009,-0.0359
MERCH_STD_00308,standard_stable,1339,60,51,2,0.0383,0.041,1162,53,0.0329,0.1,0,0.0027,1.0703,1.0754,1.1321,0.0671
MERCH_STD_01211,standard_stable,1318,57,47,2,0.0361,0.0388,1176,43,0.0809,0.0223,0,0.0027,1.0746,1.0379,1.3256,-0.0586
MERCH_HIBAS_00260,high_stable_fraud,511,23,69,3,0.1363,0.1435,350,16,0.3424,0.3074,0,0.0072,1.0528,1.0802,1.4375,-0.035
MERCH_FLASH_00244,flash_sale_high_vol,2541,753,51,15,0.0201,0.02,2032,627,0.0508,0.0636,0,-0.0001,0.995,7.1122,1.201,0.0128
MERCH_STD_01143,standard_stable,684,28,20,1,0.0301,0.0294,609,20,0.0348,0.109,0,-0.0007,0.9768,0.9825,1.4,0.0742
MERCH_FLASH_00163,flash_sale_high_vol,2084,595,36,9,0.0175,0.0149,1907,534,0.0258,0.0731,0,-0.0026,0.8523,6.8522,1.1142,0.0473
MERCH_STD_00445,standard_stable,769,29,15,1,0.0202,0.0219,593,25,0.0393,0.0738,0,0.0017,1.0837,0.9051,1.16,0.0345
MERCH_STD_00310,standard_stable,824,30,16,1,0.0205,0.0221,689,24,0.0948,0.0585,0,0.0016,1.0777,0.8738,1.25,-0.0363
MERCH_NOISE_00035,low_volume_noise,55,3,0,0,0.0,0.0,49,3,0.1338,0.1819,0,0.0,1.0,1.3091,1.0,0.0481
MERCH_FLASH_00119,flash_sale_high_vol,1843,356,48,8,0.0264,0.023,1395,291,0.0308,0.0501,0,-0.0034,0.8717,4.6359,1.2234,0.0193
MERCH_NOISE_00033,low_volume_noise,74,1,2,0,0.027,0.0,66,1,0.0194,0.1832,0,-0.027,0.0037,0.3243,1.0,0.1638
MERCH_HIBAS_00108,high_stable_fraud,1268,52,190,8,0.1506,0.151,869,31,0.3733,0.3232,0,0.0004,1.0027,0.9842,1.6774,-0.0501
MERCH_STD_01471,standard_stable,1925,83,58,3,0.0302,0.0332,1427,59,0.0735,0.0436,0,0.003,1.099,1.0348,1.4068,-0.0299
MERCH_STD_01112,standard_stable,2067,75,64,2,0.0313,0.0255,1572,54,0.0517,0.1179,0,-0.0058,0.8153,0.8708,1.3889,0.0662
MERCH_STD_00150,standard_stable,2999,143,80,4,0.0269,0.0281,2354,110,0.0534,0.0318,0,0.0012,1.0444,1.1444,1.3,-0.0216
MERCH_HIBAS_00299,high_stable_fraud,1504,63,211,9,0.1404,0.1473,1103,48,0.3337,0.3096,0,0.0069,1.0491,1.0053,1.3125,-0.0241
MERCH_FLASH_00390,flash_sale_high_vol,1703,460,23,4,0.0137,0.0081,1459,413,0.0652,0.1133,0,-0.0056,0.5942,6.4827,1.1138,0.0481
MERCH_FLASH_00013,flash_sale_high_vol,1925,582,56,11,0.0291,0.019,1650,513,0.0565,0.0851,0,-0.0101,0.6541,7.2561,1.1345,0.0286
MERCH_FLASH_00501,flash_sale_high_vol,1808,587,28,9,0.0158,0.0148,1608,474,0.0331,0.0453,0,-0.001,0.9371,7.792,1.2384,0.0122
MERCH_ORG_00016,organic_growth,405,21,8,1,0.0222,0.0338,344,17,0.077,0.0744,0,0.0116,1.5202,1.2444,1.2353,-0.0026
MERCH_NOISE_00165,low_volume_noise,24,4,0,0,0.0,0.0,21,4,0.0397,0.1999,0,0.0,1.0,4.0,1.0,0.1602
MERCH_STD_01420,standard_stable,1372,54,14,0,0.0108,0.0089,1051,37,0.0575,0.0967,0,-0.0019,0.8257,0.9446,1.4595,0.0392
MERCH_FLASH_00243,flash_sale_high_vol,1351,462,34,4,0.0256,0.0082,1199,437,0.0218,0.0952,0,-0.0174,0.323,8.2073,1.0572,0.0734
MERCH_FLASH_00348,flash_sale_high_vol,1555,469,28,11,0.0181,0.0229,1277,400,0.0606,0.098,0,0.0048,1.2637,7.2386,1.1725,0.0374
MERCH_STD_01289,standard_stable,3403,127,76,3,0.0225,0.0214,2706,107,0.0271,0.1049,0,-0.0011,0.9513,0.8957,1.1869,0.0778
MERCH_SPIKE_ATO_00149,targeted_ato_surge,1128,148,29,53,0.026,0.3586,902,46,0.0639,0.7435,1,0.3326,13.7433,3.1489,3.2174,0.6796
MERCH_NOISE_00083,low_volume_noise,89,1,0,1,0.0,1.0,80,1,0.0941,0.0431,0,1.0,10001.0,0.2697,1.0,-0.051
MERCH_SPIKE_ATO_00015,targeted_ato_surge,670,59,18,32,0.0276,0.5387,536,21,0.072,0.5965,1,0.5111,19.4513,2.1134,2.8095,0.5245
MERCH_STD_00786,standard_stable,3140,122,120,5,0.0384,0.0416,2615,90,0.0443,0.073,0,0.0032,1.0831,0.9325,1.3556,0.0287
MERCH_SPIKE_RUSH_00185,syndicate_bot_rush,517,101,16,45,0.0321,0.4498,423,27,0.0336,0.8742,1,0.4177,13.972,4.6886,3.7407,0.8406
MERCH_STD_01128,standard_stable,913,32,34,1,0.0376,0.0309,715,26,0.0581,0.1098,0,-0.0067,0.8223,0.8412,1.2308,0.0517
MERCH_FLASH_00143,flash_sale_high_vol,2066,463,47,4,0.023,0.0085,1831,379,0.0368,0.1152,0,-0.0145,0.3723,5.3785,1.2216,0.0784
MERCH_STD_00536,standard_stable,501,22,12,1,0.025,0.0255,422,16,0.0732,0.0904,0,0.0005,1.0199,1.0539,1.375,0.0172
MERCH_STD_01540,standard_stable,1907,75,39,2,0.0209,0.0215,1683,57,0.0606,0.1062,0,0.0006,1.0286,0.9439,1.3158,0.0456
MERCH_SPIKE_ATO_00304,targeted_ato_surge,391,55,12,22,0.0308,0.4021,312,17,0.1056,0.5937,1,0.3713,13.0162,3.376,3.2353,0.4881
MERCH_STD_01309,standard_stable,1591,55,26,1,0.0168,0.0135,1223,42,0.0959,0.0245,0,-0.0033,0.8047,0.8297,1.3095,-0.0714
MERCH_FLASH_00110,flash_sale_high_vol,1277,218,33,4,0.0266,0.0179,1006,181,0.0569,0.0411,0,-0.0087,0.6742,4.0971,1.2044,-0.0158
MERCH_SPIKE_RUSH_00348,syndicate_bot_rush,1346,345,29,128,0.0219,0.3711,1103,151,0.0588,0.9385,1,0.3492,16.8727,6.1516,2.2848,0.8797
MERCH_SPIKE_ATO_00123,targeted_ato_surge,1074,170,21,63,0.0199,0.3696,859,64,0.0897,0.6734,1,0.3497,18.485,3.7989,2.6562,0.5837
MERCH_ORG_00107,organic_growth,1126,59,21,2,0.0191,0.0289,957,50,0.0773,0.0419,0,0.0098,1.5104,1.2575,1.18,-0.0354
MERCH_NOISE_00003,low_volume_noise,57,2,0,0,0.0,0.0,51,2,0.0433,0.0565,0,0.0,1.0,0.8421,1.0,0.0132
MERCH_STD_00015,standard_stable,1401,64,18,1,0.0131,0.0114,1239,52,0.0477,0.0791,0,-0.0017,0.8712,1.0964,1.2308,0.0314
MERCH_FLASH_00040,flash_sale_high_vol,1148,379,31,8,0.0276,0.0216,914,353,0.022,0.0681,0,-0.006,0.7834,7.9233,1.0737,0.0461
MERCH_STD_01338,standard_stable,923,40,33,1,0.036,0.0365,779,32,0.0256,0.1004,0,0.0005,1.0139,1.0401,1.25,0.0748
MERCH_STD_01520,standard_stable,3170,142,50,3,0.0159,0.0191,2529,108,0.063,0.0264,0,0.0032,1.2,1.0751,1.3148,-0.0366
MERCH_STD_01263,standard_stable,1018,45,35,2,0.0348,0.0401,774,37,0.0939,0.0372,0,0.0053,1.1519,1.0609,1.2162,-0.0567
MERCH_NOISE_00288,low_volume_noise,69,3,0,0,0.0,0.0,62,3,0.0699,0.1674,0,0.0,1.0,1.0435,1.0,0.0975
MERCH_HIBAS_00199,high_stable_fraud,1082,49,120,6,0.1116,0.1223,766,33,0.3688,0.2828,0,0.0107,1.0958,1.0869,1.4848,-0.086
MERCH_STD_01245,standard_stable,497,19,7,0,0.015,0.0164,359,15,0.0343,0.0318,0,0.0014,1.0927,0.9175,1.2667,-0.0025
MERCH_STD_00556,standard_stable,1099,46,26,1,0.0241,0.0252,817,38,0.0813,0.0367,0,0.0011,1.0455,1.0045,1.2105,-0.0446
MERCH_STD_00048,standard_stable,654,24,22,1,0.034,0.0388,465,20,0.0942,0.0972,0,0.0048,1.1408,0.8807,1.2,0.003
MERCH_SPIKE_ATO_00199,targeted_ato_surge,860,91,20,48,0.0239,0.5293,688,43,0.0404,0.556,1,0.5054,22.0583,2.5395,2.1163,0.5156
MERCH_FLASH_00261,flash_sale_high_vol,1995,521,55,5,0.0277,0.0093,1693,424,0.077,0.0882,0,-0.0184,0.3381,6.2677,1.2288,0.0112
MERCH_STD_00759,standard_stable,1821,85,49,2,0.0272,0.0219,1588,70,0.0796,0.0694,0,-0.0053,0.8059,1.1203,1.2143,-0.0102
MERCH_STD_00449,standard_stable,2500,99,34,1,0.0137,0.0127,2173,76,0.0857,0.0642,0,-0.001,0.9275,0.9504,1.3026,-0.0215
MERCH_SPIKE_ATO_00232,targeted_ato_surge,678,74,13,26,0.0195,0.3547,542,22,0.0953,0.5959,1,0.3352,18.102,2.6195,3.3636,0.5006
MERCH_STD_00565,standard_stable,1862,88,38,2,0.0205,0.0178,1519,68,0.0241,0.1133,0,-0.0027,0.8689,1.1343,1.2941,0.0892
MERCH_STD_00595,standard_stable,2873,103,86,4,0.03,0.035,2443,85,0.0721,0.1104,0,0.005,1.1661,0.8604,1.2118,0.0383
MERCH_HIBAS_00216,high_stable_fraud,1254,61,198,9,0.1585,0.1462,962,37,0.3893,0.3561,0,-0.0123,0.9224,1.1675,1.6486,-0.0332
MERCH_STD_00801,standard_stable,1596,78,16,1,0.0102,0.0106,1245,63,0.0232,0.0374,0,0.0004,1.0388,1.1729,1.2381,0.0142
MERCH_STD_01053,standard_stable,2093,81,62,2,0.0301,0.0243,1499,62,0.098,0.0747,0,-0.0058,0.8079,0.9288,1.3065,-0.0233
MERCH_SPIKE_ATO_00188,targeted_ato_surge,1091,100,36,38,0.0339,0.3827,872,40,0.0828,0.7921,1,0.3488,11.2588,2.1998,2.5,0.7093
MERCH_STD_00899,standard_stable,731,32,10,1,0.0138,0.0162,536,25,0.0282,0.0539,0,0.0024,1.1727,1.0506,1.28,0.0257
MERCH_SPIKE_RUSH_00451,syndicate_bot_rush,601,156,15,76,0.0259,0.4898,492,60,0.0366,0.671,1,0.4639,18.8423,6.2296,2.6,0.6344
MERCH_SPIKE_RUSH_00280,syndicate_bot_rush,1599,359,27,179,0.0175,0.4991,1311,158,0.033,0.8544,1,0.4816,28.3636,5.3884,2.2722,0.8214
MERCH_STD_01233,standard_stable,3242,122,86,3,0.0266,0.0285,2512,86,0.0853,0.0252,0,0.0019,1.0712,0.9031,1.4186,-0.0601
MERCH_STD_00867,standard_stable,2576,114,44,2,0.0173,0.0165,1942,84,0.0843,0.0554,0,-0.0008,0.954,1.0621,1.3571,-0.0289
MERCH_SPIKE_RUSH_00016,syndicate_bot_rush,1860,269,19,85,0.0106,0.317,1525,115,0.0798,0.8352,1,0.3064,29.6355,3.471,2.3391,0.7554
MERCH_STD_00770,standard_stable,2900,116,73,3,0.0253,0.022,2181,102,0.0447,0.1175,0,-0.0033,0.8701,0.96,1.1373,0.0728
MERCH_SPIKE_ATO_00025,targeted_ato_surge,780,67,25,32,0.0321,0.4784,624,22,0.0952,0.6861,1,0.4463,14.8602,2.0615,3.0455,0.5909
MERCH_STD_01094,standard_stable,2086,83,81,3,0.039,0.0345,1537,68,0.0368,0.0753,0,-0.0045,0.8849,0.9549,1.2206,0.0385
MERCH_STD_00926,standard_stable,1194,52,32,1,0.027,0.0267,881,43,0.0264,0.0785,0,-0.0003,0.9889,1.0452,1.2093,0.0521
MERCH_STD_00540,standard_stable,2930,100,40,2,0.0138,0.0163,2322,82,0.0219,0.0479,0,0.0025,1.1799,0.8191,1.2195,0.026
MERCH_STD_01174,standard_stable,751,28,26,1,0.0353,0.0356,647,20,0.0703,0.0631,0,0.0003,1.0085,0.8948,1.4,-0.0072
MERCH_SPIKE_RUSH_00306,syndicate_bot_rush,1040,276,23,93,0.023,0.3383,852,84,0.0374,0.7588,1,0.3153,14.6494,6.3692,3.2857,0.7214
MERCH_ORG_00093,organic_growth,1210,65,13,2,0.0111,0.0298,1028,55,0.0666,0.0615,0,0.0187,2.6696,1.2893,1.1818,-0.0051
MERCH_STD_00766,standard_stable,3414,149,61,3,0.0179,0.0188,2814,113,0.0251,0.041,0,0.0009,1.05,1.0475,1.3186,0.0159
MERCH_SPIKE_RUSH_00186,syndicate_bot_rush,1891,319,20,93,0.0111,0.2902,1550,139,0.0535,0.9343,1,0.2791,25.9196,4.0487,2.295,0.8808
MERCH_STD_00399,standard_stable,1810,78,67,3,0.0375,0.0359,1442,66,0.0434,0.1004,0,-0.0016,0.9574,1.0343,1.1818,0.057
MERCH_STD_01334,standard_stable,1854,73,52,2,0.0285,0.0268,1325,65,0.034,0.0455,0,-0.0017,0.9406,0.945,1.1231,0.0115
MERCH_STD_00078,standard_stable,1617,66,41,2,0.0259,0.0268,1343,50,0.0393,0.0522,0,0.0009,1.0346,0.9796,1.32,0.0129
MERCH_STD_00954,standard_stable,1322,55,19,1,0.0147,0.0139,1066,38,0.0879,0.0562,0,-0.0008,0.9459,0.9985,1.4474,-0.0317
MERCH_HIBAS_00265,high_stable_fraud,1411,70,206,10,0.1462,0.139,1067,50,0.291,0.3,0,-0.0072,0.9508,1.1906,1.4,0.009
MERCH_HIBAS_00130,high_stable_fraud,1128,44,125,5,0.1112,0.1177,813,33,0.3265,0.3146,0,0.0065,1.0584,0.9362,1.3333,-0.0119
MERCH_FLASH_00433,flash_sale_high_vol,820,172,16,4,0.0197,0.0234,662,162,0.0762,0.0541,0,0.0037,1.1869,5.0341,1.0617,-0.0221
MERCH_SPIKE_RUSH_00345,syndicate_bot_rush,668,82,14,23,0.0224,0.2837,547,23,0.0249,0.9344,1,0.2613,12.6133,2.9461,3.5652,0.9095
MERCH_FLASH_00225,flash_sale_high_vol,1580,289,29,7,0.0187,0.0248,1378,257,0.0489,0.094,0,0.0061,1.3245,4.3899,1.1245,0.0451
MERCH_FLASH_00097,flash_sale_high_vol,909,186,15,2,0.0173,0.0085,697,157,0.0651,0.036,0,-0.0088,0.4943,4.9109,1.1847,-0.0291
MERCH_SPIKE_ATO_00180,targeted_ato_surge,602,59,9,32,0.0151,0.5503,481,24,0.0535,0.8623,1,0.5352,36.2105,2.3522,2.4583,0.8088
MERCH_NOISE_00253,low_volume_noise,55,2,1,0,0.0182,0.0,49,2,0.107,0.0252,0,-0.0182,0.0055,0.8727,1.0,-0.0818
MERCH_STD_00131,standard_stable,1792,76,31,1,0.0177,0.0177,1523,60,0.0494,0.0419,0,0.0,1.0,1.0179,1.2667,-0.0075
MERCH_STD_00881,standard_stable,2459,107,84,4,0.0344,0.0392,1816,78,0.0552,0.0205,0,0.0048,1.1391,1.0443,1.3718,-0.0347
MERCH_FLASH_00101,flash_sale_high_vol,870,192,22,2,0.0262,0.0118,751,165,0.0701,0.0874,0,-0.0144,0.4525,5.2966,1.1636,0.0173
MERCH_FLASH_00604,flash_sale_high_vol,1007,284,27,7,0.0274,0.0239,863,240,0.0683,0.0983,0,-0.0035,0.8727,6.7686,1.1833,0.03
MERCH_STD_00020,standard_stable,1985,78,75,2,0.0381,0.0312,1562,70,0.0913,0.0949,0,-0.0069,0.8194,0.9431,1.1143,0.0036
MERCH_STD_01436,standard_stable,3397,132,119,5,0.0351,0.037,2756,116,0.0343,0.0405,0,0.0019,1.054,0.9326,1.1379,0.0062
MERCH_STD_00488,standard_stable,2084,76,78,2,0.0375,0.0323,1758,62,0.0361,0.096,0,-0.0052,0.8617,0.8752,1.2258,0.0599
MERCH_FLASH_00260,flash_sale_high_vol,1662,373,33,9,0.0199,0.024,1444,352,0.0708,0.1035,0,0.0041,1.205,5.3863,1.0597,0.0327
MERCH_STD_00483,standard_stable,2204,76,30,1,0.0138,0.0142,1646,64,0.096,0.0966,0,0.0004,1.0288,0.8276,1.1875,0.0006
MERCH_STD_01320,standard_stable,2469,99,24,1,0.0101,0.0096,2119,70,0.0239,0.082,0,-0.0005,0.951,0.9623,1.4143,0.0581
MERCH_NOISE_00195,low_volume_noise,56,2,0,0,0.0,0.0,50,2,0.0806,0.1048,0,0.0,1.0,0.8571,1.0,0.0242
MERCH_SPIKE_ATO_00196,targeted_ato_surge,514,42,12,15,0.0245,0.3669,411,18,0.0528,0.8338,1,0.3424,14.9187,1.9611,2.3333,0.781
MERCH_STD_00879,standard_stable,3540,129,136,5,0.0386,0.0404,3064,103,0.049,0.1185,0,0.0018,1.0465,0.8746,1.2524,0.0695
MERCH_STD_00296,standard_stable,3300,123,89,3,0.027,0.024,2864,95,0.0515,0.0446,0,-0.003,0.8893,0.8945,1.2947,-0.0069
MERCH_HIBAS_00097,high_stable_fraud,1216,52,176,8,0.145,0.1536,910,41,0.3716,0.2614,0,0.0086,1.0593,1.0263,1.2683,-0.1102
MERCH_STD_00596,standard_stable,3440,134,77,3,0.0225,0.0254,2851,95,0.0314,0.11,0,0.0029,1.1283,0.9349,1.4105,0.0786
MERCH_SPIKE_RUSH_00054,syndicate_bot_rush,905,136,20,48,0.023,0.3527,742,47,0.0997,0.7941,1,0.3297,15.2727,3.6066,2.8936,0.6944
MERCH_SPIKE_ATO_00118,targeted_ato_surge,885,91,29,37,0.0337,0.4047,708,36,0.036,0.7536,1,0.371,11.9763,2.4678,2.5278,0.7176
MERCH_STD_01445,standard_stable,3153,137,110,5,0.0352,0.0336,2651,117,0.0586,0.0625,0,-0.0016,0.9547,1.0428,1.1709,0.0039
MERCH_FLASH_00380,flash_sale_high_vol,2182,670,40,12,0.0186,0.0179,1866,559,0.0468,0.0633,0,-0.0007,0.9626,7.3694,1.1986,0.0165
MERCH_FLASH_00630,flash_sale_high_vol,715,192,7,4,0.0104,0.0186,594,173,0.047,0.0338,0,0.0082,1.781,6.4448,1.1098,-0.0132
MERCH_STD_01200,standard_stable,3040,112,118,4,0.0391,0.04,2239,85,0.0952,0.1068,0,0.0009,1.023,0.8842,1.3176,0.0116
MERCH_ORG_00101,organic_growth,930,51,17,1,0.0191,0.0188,790,43,0.0298,0.0224,0,-0.0003,0.9844,1.3161,1.186,-0.0074
MERCH_STD_00730,standard_stable,1459,64,55,3,0.0383,0.0412,1189,51,0.0693,0.1098,0,0.0029,1.0755,1.0528,1.2549,0.0405
MERCH_STD_00271,standard_stable,3197,120,88,4,0.0276,0.0298,2849,98,0.0731,0.0637,0,0.0022,1.0794,0.9008,1.2245,-0.0094
MERCH_ORG_00021,organic_growth,1152,68,32,2,0.0282,0.0337,979,57,0.0223,0.0391,0,0.0055,1.1943,1.4167,1.193,0.0168
MERCH_STD_01088,standard_stable,1181,44,34,1,0.0292,0.0277,877,38,0.0389,0.0321,0,-0.0015,0.9488,0.8942,1.1579,-0.0068
MERCH_SPIKE_RUSH_00040,syndicate_bot_rush,1234,236,17,117,0.0142,0.497,1011,103,0.0459,0.7018,1,0.4828,34.7622,4.59,2.2913,0.6559
MERCH_STD_00432,standard_stable,1863,79,69,3,0.0374,0.0369,1667,55,0.099,0.1049,0,-0.0005,0.9867,1.0177,1.4364,0.0059
MERCH_SPIKE_RUSH_00102,syndicate_bot_rush,743,158,14,71,0.0195,0.4523,609,51,0.0211,0.656,1,0.4328,23.0816,5.1036,3.098,0.6349
MERCH_STD_01385,standard_stable,1167,44,39,2,0.0339,0.0381,899,31,0.0263,0.1043,0,0.0042,1.1235,0.9049,1.4194,0.078
MERCH_STD_01068,standard_stable,1595,71,61,3,0.0383,0.0387,1429,54,0.0954,0.0895,0,0.0004,1.0104,1.0683,1.3148,-0.0059
MERCH_SPIKE_ATO_00125,targeted_ato_surge,959,79,34,36,0.0355,0.4588,767,34,0.0684,0.7177,1,0.4233,12.8904,1.9771,2.3235,0.6493
MERCH_SPIKE_ATO_00071,targeted_ato_surge,863,120,20,68,0.0235,0.5677,690,51,0.0837,0.6827,1,0.5442,24.0593,3.3372,2.3529,0.599
MERCH_STD_01455,standard_stable,1474,72,52,2,0.0359,0.0338,1235,57,0.0809,0.059,0,-0.0021,0.9417,1.1723,1.2632,-0.0219
MERCH_STD_01447,standard_stable,1125,49,34,1,0.0307,0.0293,833,43,0.0555,0.0808,0,-0.0014,0.9545,1.0453,1.1395,0.0253
MERCH_SPIKE_RUSH_00071,syndicate_bot_rush,972,268,28,103,0.0298,0.3844,797,71,0.0301,0.7233,1,0.3546,12.8595,6.6173,3.7746,0.6932
MERCH_STD_00102,standard_stable,1473,65,53,3,0.0363,0.0433,1320,57,0.0257,0.0338,0,0.007,1.1923,1.0591,1.1404,0.0081
MERCH_SPIKE_RUSH_00087,syndicate_bot_rush,1109,134,21,34,0.0196,0.2535,909,52,0.076,0.6845,1,0.2339,12.8731,2.8999,2.5769,0.6085
MERCH_FLASH_00011,flash_sale_high_vol,2088,632,57,8,0.0277,0.0127,1793,600,0.0346,0.0726,0,-0.015,0.4604,7.2644,1.0533,0.038
MERCH_STD_00440,standard_stable,3780,125,118,4,0.0314,0.0326,3393,111,0.0285,0.0596,0,0.0012,1.0381,0.7937,1.1261,0.0311
MERCH_HIBAS_00334,high_stable_fraud,1111,45,129,5,0.1164,0.1138,757,32,0.2951,0.2964,0,-0.0026,0.9777,0.9721,1.4062,0.0013
MERCH_STD_01282,standard_stable,2395,85,27,1,0.0115,0.0125,1727,63,0.0599,0.0364,0,0.001,1.0862,0.8518,1.3492,-0.0235
MERCH_SPIKE_ATO_00044,targeted_ato_surge,385,43,8,13,0.0208,0.2924,308,16,0.1035,0.6073,1,0.2716,13.9952,2.6805,2.6875,0.5038
MERCH_STD_00119,standard_stable,1307,60,25,1,0.0196,0.0188,1094,42,0.052,0.1075,0,-0.0008,0.9594,1.1018,1.4286,0.0555
MERCH_STD_00653,standard_stable,826,34,24,1,0.0291,0.0247,603,24,0.0582,0.0807,0,-0.0044,0.8493,0.9879,1.4167,0.0225
MERCH_STD_00995,standard_stable,675,24,15,1,0.0235,0.0216,540,18,0.0976,0.0675,0,-0.0019,0.9195,0.8533,1.3333,-0.0301
MERCH_STD_00846,standard_stable,3753,140,45,2,0.012,0.0139,3203,118,0.0734,0.0615,0,0.0019,1.157,0.8953,1.1864,-0.0119
MERCH_FLASH_00541,flash_sale_high_vol,1601,349,36,3,0.023,0.0097,1451,329,0.0463,0.0823,0,-0.0133,0.4242,5.2317,1.0608,0.036
MERCH_SPIKE_ATO_00310,targeted_ato_surge,460,46,7,26,0.0166,0.5731,368,16,0.1054,0.7576,1,0.5565,34.3234,2.4,2.875,0.6522
MERCH_NOISE_00164,low_volume_noise,64,1,2,0,0.0312,0.0,57,1,0.0327,0.2337,0,-0.0312,0.0032,0.375,1.0,0.201
MERCH_SPIKE_RUSH_00355,syndicate_bot_rush,1880,528,27,241,0.0147,0.4557,1541,214,0.0567,0.7102,1,0.441,30.7973,6.7404,2.4673,0.6535
MERCH_SPIKE_RUSH_00034,syndicate_bot_rush,808,208,11,86,0.0141,0.4138,662,64,0.0451,0.7612,1,0.3997,29.1479,6.1782,3.25,0.7161
MERCH_STD_00940,standard_stable,710,28,27,1,0.0392,0.0326,632,24,0.0725,0.0751,0,-0.0066,0.8321,0.9465,1.1667,0.0026
MERCH_STD_01144,standard_stable,3261,127,45,2,0.0138,0.0152,2834,97,0.0249,0.0866,0,0.0014,1.1007,0.9347,1.3093,0.0617
MERCH_ORG_00015,organic_growth,625,37,6,1,0.0102,0.0306,531,31,0.0366,0.0291,0,0.0204,2.9806,1.4208,1.1935,-0.0075
MERCH_STD_00459,standard_stable,3173,121,126,5,0.0399,0.0402,2525,104,0.0927,0.0931,0,0.0003,1.0075,0.9152,1.1635,0.0004
MERCH_STD_00276,standard_stable,591,25,9,0,0.0158,0.0186,473,18,0.0285,0.0538,0,0.0028,1.1761,1.0152,1.3889,0.0253
MERCH_STD_00562,standard_stable,3344,150,75,3,0.0227,0.0193,2887,113,0.0639,0.075,0,-0.0034,0.8509,1.0766,1.3274,0.0111
MERCH_STD_01252,standard_stable,1336,55,48,2,0.0364,0.0333,951,40,0.0649,0.0884,0,-0.0031,0.9151,0.988,1.375,0.0235
MERCH_STD_00197,standard_stable,781,31,31,1,0.0397,0.0339,675,25,0.082,0.0831,0,-0.0058,0.8543,0.9526,1.24,0.0011
MERCH_STD_00006,standard_stable,2923,131,54,2,0.0186,0.0159,2162,91,0.083,0.0865,0,-0.0027,0.8556,1.0756,1.4396,0.0035
MERCH_STD_00396,standard_stable,2972,128,112,5,0.0378,0.038,2503,102,0.0924,0.0384,0,0.0002,1.0053,1.0336,1.2549,-0.054
MERCH_STD_00247,standard_stable,3080,157,41,2,0.0134,0.0158,2349,121,0.0562,0.0616,0,0.0024,1.1778,1.2234,1.2975,0.0054
MERCH_SPIKE_ATO_00202,targeted_ato_surge,550,55,11,18,0.0213,0.3261,440,17,0.0659,0.7443,1,0.3048,15.243,2.4,3.2353,0.6784
MERCH_NOISE_00230,low_volume_noise,60,2,0,0,0.0,0.0,54,2,0.0494,0.1676,0,0.0,1.0,0.8,1.0,0.1182
MERCH_FLASH_00253,flash_sale_high_vol,1558,493,45,5,0.0291,0.0099,1266,432,0.0752,0.1035,0,-0.0192,0.3425,7.5944,1.1412,0.0283
MERCH_STD_00877,standard_stable,647,25,12,1,0.0189,0.0205,538,20,0.0929,0.0303,0,0.0016,1.0842,0.9274,1.25,-0.0626
MERCH_STD_00592,standard_stable,1379,69,39,2,0.029,0.0237,1005,50,0.0682,0.1121,0,-0.0053,0.8179,1.2009,1.38,0.0439
MERCH_FLASH_00134,flash_sale_high_vol,1356,278,31,3,0.0233,0.0117,1174,223,0.0534,0.0682,0,-0.0116,0.5043,4.9204,1.2466,0.0148
MERCH_SPIKE_RUSH_00288,syndicate_bot_rush,1535,424,29,96,0.0189,0.2273,1258,151,0.0259,0.7264,1,0.2084,11.9684,6.6293,2.8079,0.7005
MERCH_SPIKE_ATO_00070,targeted_ato_surge,562,73,11,27,0.0198,0.3689,449,28,0.0914,0.8598,1,0.3491,18.5427,3.1174,2.6071,0.7684
MERCH_STD_00438,standard_stable,592,23,10,0,0.0179,0.019,473,16,0.0258,0.0386,0,0.0011,1.0611,0.9324,1.4375,0.0128
MERCH_FLASH_00235,flash_sale_high_vol,1126,222,23,3,0.021,0.0127,876,188,0.0659,0.0409,0,-0.0083,0.6066,4.7318,1.1809,-0.025
MERCH_STD_01335,standard_stable,1315,50,43,2,0.0329,0.0389,934,43,0.0248,0.0591,0,0.006,1.1818,0.9125,1.1628,0.0343
MERCH_STD_00667,standard_stable,2208,103,60,3,0.0274,0.0314,1907,81,0.0295,0.0769,0,0.004,1.1455,1.1196,1.2716,0.0474
MERCH_SPIKE_ATO_00295,targeted_ato_surge,942,113,34,60,0.0367,0.5308,753,50,0.0706,0.8194,1,0.4941,14.4266,2.879,2.26,0.7488
MERCH_STD_00942,standard_stable,1589,65,54,2,0.0341,0.0276,1202,48,0.0835,0.0649,0,-0.0065,0.8099,0.9817,1.3542,-0.0186
MERCH_STD_00068,standard_stable,2981,126,99,4,0.0335,0.0283,2523,99,0.0642,0.0854,0,-0.0052,0.8452,1.0144,1.2727,0.0212
MERCH_NOISE_00256,low_volume_noise,78,3,0,1,0.0,0.3333,70,3,0.0764,0.1666,0,0.3333,3334.0,0.9231,1.0,0.0902
MERCH_FLASH_00206,flash_sale_high_vol,1294,297,14,6,0.0114,0.0218,1008,268,0.0476,0.0364,0,0.0104,1.9043,5.5085,1.1082,-0.0112
MERCH_SPIKE_RUSH_00334,syndicate_bot_rush,708,156,19,52,0.028,0.3321,580,66,0.0928,0.8666,1,0.3041,11.8221,5.2881,2.3636,0.7738
MERCH_STD_01114,standard_stable,2813,110,89,3,0.0318,0.0291,2144,98,0.0372,0.0329,0,-0.0027,0.9154,0.9385,1.1224,-0.0043
MERCH_NOISE_00282,low_volume_noise,91,3,0,0,0.0,0.0,81,3,0.0605,0.1678,0,0.0,1.0,0.7912,1.0,0.1073
MERCH_SPIKE_RUSH_00464,syndicate_bot_rush,785,243,25,75,0.0322,0.3094,643,83,0.0985,0.8498,1,0.2772,9.582,7.4293,2.9277,0.7513
MERCH_HIBAS_00141,high_stable_fraud,1935,85,219,9,0.1133,0.1093,1384,52,0.3711,0.413,0,-0.004,0.9647,1.0543,1.6346,0.0419
MERCH_STD_00715,standard_stable,819,31,19,1,0.024,0.0231,645,22,0.0933,0.0799,0,-0.0009,0.9627,0.9084,1.4091,-0.0134
MERCH_STD_00278,standard_stable,3618,142,92,3,0.0257,0.0227,3125,113,0.0227,0.0883,0,-0.003,0.8837,0.942,1.2566,0.0656
MERCH_STD_01126,standard_stable,1283,52,49,2,0.0385,0.0367,1123,37,0.0587,0.1045,0,-0.0018,0.9534,0.9727,1.4054,0.0458
MERCH_SPIKE_ATO_00108,targeted_ato_surge,554,61,15,28,0.0275,0.4543,443,20,0.0917,0.6251,1,0.4268,16.4638,2.6426,3.05,0.5334
MERCH_SPIKE_RUSH_00400,syndicate_bot_rush,1755,429,54,96,0.0312,0.2241,1439,148,0.0368,0.6951,1,0.1929,7.1629,5.8667,2.8986,0.6583
MERCH_FLASH_00560,flash_sale_high_vol,2286,696,24,15,0.0107,0.021,1964,620,0.0331,0.0493,0,0.0103,1.9537,7.3071,1.1226,0.0162
MERCH_STD_00783,standard_stable,3524,123,105,3,0.0298,0.0249,2630,109,0.097,0.0582,0,-0.0049,0.8361,0.8377,1.1284,-0.0388
MERCH_STD_00788,standard_stable,1159,50,37,1,0.0327,0.0297,853,38,0.0584,0.0774,0,-0.003,0.9085,1.0354,1.3158,0.019
MERCH_FLASH_00497,flash_sale_high_vol,1878,569,24,6,0.0128,0.0098,1444,489,0.0203,0.0949,0,-0.003,0.7674,7.2716,1.1636,0.0746
MERCH_SPIKE_RUSH_00065,syndicate_bot_rush,1079,267,22,86,0.021,0.3205,884,114,0.0537,0.7525,1,0.2995,15.1943,5.9388,2.3421,0.6988
MERCH_FLASH_00592,flash_sale_high_vol,1217,269,31,4,0.0261,0.0145,961,238,0.0596,0.0587,0,-0.0116,0.5573,5.3048,1.1303,-0.0009
MERCH_SPIKE_ATO_00215,targeted_ato_surge,1167,124,40,68,0.0345,0.5522,933,41,0.0988,0.788,1,0.5177,15.9624,2.5501,3.0244,0.6892
MERCH_STD_00490,standard_stable,2539,115,46,2,0.0182,0.0189,2244,89,0.09,0.0363,0,0.0007,1.0383,1.087,1.2921,-0.0537
MERCH_HIBAS_00058,high_stable_fraud,498,23,69,3,0.1401,0.1441,358,15,0.3386,0.3774,0,0.004,1.0285,1.1084,1.5333,0.0388
MERCH_STD_00332,standard_stable,3283,117,60,2,0.0183,0.0191,2341,87,0.0249,0.0749,0,0.0008,1.0435,0.8553,1.3448,0.05
MERCH_STD_01395,standard_stable,2937,125,36,2,0.0124,0.0126,2277,103,0.0605,0.1137,0,0.0002,1.016,1.0215,1.2136,0.0532
MERCH_HIBAS_00091,high_stable_fraud,1812,73,235,10,0.1298,0.1425,1375,45,0.3412,0.3324,0,0.0127,1.0978,0.9669,1.6222,-0.0088
MERCH_STD_00242,standard_stable,2014,85,35,1,0.0177,0.0152,1551,69,0.0531,0.1024,0,-0.0025,0.8596,1.0129,1.2319,0.0493
MERCH_SPIKE_ATO_00018,targeted_ato_surge,494,66,15,32,0.0313,0.4828,395,27,0.0608,0.6347,1,0.4515,15.379,3.2065,2.4444,0.5739
MERCH_HIBAS_00161,high_stable_fraud,983,40,149,6,0.152,0.1502,747,28,0.3901,0.33,0,-0.0018,0.9882,0.9766,1.4286,-0.0601
MERCH_STD_00916,standard_stable,893,36,22,1,0.0256,0.0243,635,32,0.0996,0.0565,0,-0.0013,0.9494,0.9675,1.125,-0.0431
MERCH_FLASH_00189,flash_sale_high_vol,918,220,26,3,0.029,0.0147,701,189,0.0783,0.0925,0,-0.0143,0.5086,5.7516,1.164,0.0142
MERCH_SPIKE_ATO_00106,targeted_ato_surge,456,61,16,33,0.0363,0.5397,364,25,0.0363,0.5761,1,0.5034,14.8297,3.2105,2.44,0.5398
MERCH_STD_01377,standard_stable,2188,95,34,2,0.0156,0.0172,1861,73,0.0615,0.0964,0,0.0016,1.1019,1.042,1.3014,0.0349
MERCH_STD_00059,standard_stable,978,38,13,1,0.0136,0.0161,879,32,0.0449,0.0888,0,0.0025,1.1825,0.9325,1.1875,0.0439
MERCH_STD_00028,standard_stable,2181,91,78,3,0.036,0.0347,1689,71,0.0722,0.1067,0,-0.0013,0.964,1.0014,1.2817,0.0345
MERCH_FLASH_00462,flash_sale_high_vol,1971,368,32,7,0.0167,0.0198,1762,340,0.0576,0.0505,0,0.0031,1.1845,4.481,1.0824,-0.0071
MERCH_STD_01103,standard_stable,880,34,14,1,0.0161,0.0167,623,24,0.0977,0.0865,0,0.0006,1.037,0.9273,1.4167,-0.0112
MERCH_STD_01319,standard_stable,3281,131,68,3,0.021,0.0198,2811,96,0.0373,0.0239,0,-0.0012,0.9431,0.9582,1.3646,-0.0134
MERCH_STD_00865,standard_stable,1188,48,19,1,0.016,0.0177,901,38,0.0378,0.0579,0,0.0017,1.1056,0.9697,1.2632,0.0201
MERCH_SPIKE_RUSH_00364,syndicate_bot_rush,1142,352,20,161,0.0176,0.4564,936,131,0.0291,0.9052,1,0.4388,25.791,7.3975,2.687,0.8761
MERCH_SPIKE_ATO_00312,targeted_ato_surge,1028,96,27,50,0.0267,0.5198,822,41,0.048,0.7024,1,0.4931,19.3993,2.2412,2.3415,0.6544
MERCH_FLASH_00165,flash_sale_high_vol,2449,662,55,6,0.0228,0.0085,2014,558,0.0695,0.091,0,-0.0143,0.3755,6.4875,1.1864,0.0215
MERCH_SPIKE_RUSH_00195,syndicate_bot_rush,817,134,9,31,0.0121,0.2326,669,42,0.0858,0.8161,1,0.2205,19.0738,3.9364,3.1905,0.7303
MERCH_HIBAS_00370,high_stable_fraud,1915,71,223,8,0.1169,0.1176,1227,52,0.337,0.2691,0,0.0007,1.006,0.8898,1.3654,-0.0679
MERCH_STD_00567,standard_stable,3623,155,111,5,0.0307,0.0347,3160,125,0.0436,0.0223,0,0.004,1.1299,1.0268,1.24,-0.0213
MERCH_FLASH_00230,flash_sale_high_vol,2068,487,23,10,0.0112,0.0209,1795,461,0.0416,0.0548,0,0.0097,1.8584,5.6518,1.0564,0.0132
MERCH_SPIKE_RUSH_00375,syndicate_bot_rush,1368,320,30,99,0.0221,0.3108,1121,81,0.0372,0.8909,1,0.2887,14.0045,5.614,3.9506,0.8537
MERCH_SPIKE_RUSH_00257,syndicate_bot_rush,1162,309,12,135,0.0106,0.437,952,87,0.0709,0.8298,1,0.4264,40.8505,6.3821,3.5517,0.7589
MERCH_SPIKE_RUSH_00341,syndicate_bot_rush,842,234,25,75,0.0297,0.3205,690,61,0.0335,0.839,1,0.2908,10.7584,6.6698,3.8361,0.8055
MERCH_FLASH_00050,flash_sale_high_vol,1369,245,30,3,0.0223,0.0109,1075,212,0.0348,0.0424,0,-0.0114,0.4911,4.2951,1.1557,0.0076
MERCH_FLASH_00470,flash_sale_high_vol,1887,486,40,7,0.0217,0.0136,1554,405,0.031,0.1025,0,-0.0081,0.6284,6.1812,1.2,0.0715
MERCH_FLASH_00002,flash_sale_high_vol,1833,344,18,7,0.01,0.0211,1400,306,0.0715,0.0967,0,0.0111,2.099,4.5041,1.1242,0.0252
MERCH_STD_00463,standard_stable,1776,73,45,2,0.0257,0.0294,1383,60,0.0399,0.0219,0,0.0037,1.1434,0.9865,1.2167,-0.018
MERCH_FLASH_00555,flash_sale_high_vol,1812,399,29,5,0.0161,0.0132,1399,346,0.0472,0.0671,0,-0.0029,0.821,5.2848,1.1532,0.0199
MERCH_FLASH_00627,flash_sale_high_vol,1918,437,34,5,0.0181,0.0105,1546,407,0.0261,0.1162,0,-0.0076,0.5824,5.4682,1.0737,0.0901
MERCH_STD_01342,standard_stable,2607,100,38,1,0.0147,0.012,2115,89,0.0544,0.119,0,-0.0027,0.8176,0.9206,1.1236,0.0646
MERCH_NOISE_00132,low_volume_noise,94,2,1,0,0.0106,0.0,84,2,0.1469,0.082,0,-0.0106,0.0093,0.5106,1.0,-0.0649
MERCH_SPIKE_RUSH_00209,syndicate_bot_rush,595,116,19,40,0.0323,0.3457,487,37,0.049,0.7714,1,0.3134,10.6728,4.679,3.1351,0.7224
MERCH_FLASH_00194,flash_sale_high_vol,1010,279,29,4,0.0289,0.0142,791,264,0.0632,0.0496,0,-0.0147,0.4931,6.6297,1.0568,-0.0136
MERCH_FLASH_00539,flash_sale_high_vol,2010,354,44,3,0.022,0.0084,1688,321,0.0265,0.0686,0,-0.0136,0.3846,4.2269,1.1028,0.0421
MERCH_SPIKE_ATO_00209,targeted_ato_surge,967,70,26,28,0.0271,0.3957,773,31,0.0933,0.7202,1,0.3686,14.5515,1.7373,2.2581,0.6269
MERCH_STD_00807,standard_stable,1962,100,45,3,0.0234,0.0254,1393,87,0.0861,0.0747,0,0.002,1.0851,1.2232,1.1494,-0.0114
MERCH_FLASH_00103,flash_sale_high_vol,1364,397,33,5,0.0245,0.0136,1040,372,0.0389,0.0548,0,-0.0109,0.5569,6.9853,1.0672,0.0159
MERCH_STD_01565,standard_stable,1286,56,29,1,0.0229,0.0229,927,43,0.0501,0.0907,0,0.0,1.0,1.0451,1.3023,0.0406
MERCH_STD_01384,standard_stable,2516,92,59,2,0.0235,0.0267,2108,77,0.0622,0.1076,0,0.0032,1.1356,0.8776,1.1948,0.0454
MERCH_ORG_00089,organic_growth,1375,76,47,2,0.0344,0.0318,1168,64,0.0709,0.0282,0,-0.0026,0.9246,1.3265,1.1875,-0.0427
MERCH_ORG_00070,organic_growth,1312,72,19,1,0.0147,0.0131,1115,61,0.0338,0.054,0,-0.0016,0.8919,1.3171,1.1803,0.0202
MERCH_STD_01312,standard_stable,1457,61,32,1,0.0223,0.0244,1216,50,0.0689,0.0718,0,0.0021,1.0938,1.0048,1.22,0.0029
MERCH_SPIKE_RUSH_00321,syndicate_bot_rush,578,165,13,80,0.0238,0.4866,473,60,0.0234,0.8756,1,0.4628,20.364,6.8512,2.75,0.8522
MERCH_STD_00851,standard_stable,2869,109,74,2,0.0258,0.0229,2445,93,0.0821,0.0342,0,-0.0029,0.888,0.9118,1.172,-0.0479
MERCH_FLASH_00508,flash_sale_high_vol,1031,303,30,5,0.0294,0.0173,865,250,0.0468,0.043,0,-0.0121,0.5898,7.0533,1.212,-0.0038
MERCH_STD_00702,standard_stable,2508,127,88,4,0.0354,0.0305,2102,101,0.0625,0.0906,0,-0.0049,0.862,1.2153,1.2574,0.0281
MERCH_SPIKE_RUSH_00129,syndicate_bot_rush,917,190,11,85,0.0126,0.4477,751,54,0.0922,0.7752,1,0.4351,35.2598,4.9727,3.5185,0.683
MERCH_HIBAS_00175,high_stable_fraud,1858,69,261,10,0.1409,0.1421,1423,53,0.2654,0.3976,0,0.0012,1.0085,0.8913,1.3019,0.1322
MERCH_STD_00467,standard_stable,1358,62,18,1,0.0135,0.0117,978,45,0.0845,0.0306,0,-0.0018,0.8676,1.0957,1.3778,-0.0539
MERCH_STD_00717,standard_stable,1101,48,33,2,0.0307,0.033,938,36,0.0428,0.0691,0,0.0023,1.0747,1.0463,1.3333,0.0263
MERCH_STD_00888,standard_stable,3703,166,59,3,0.0161,0.019,3085,144,0.0649,0.1144,0,0.0029,1.179,1.0759,1.1528,0.0495
MERCH_STD_00205,standard_stable,475,21,15,1,0.0331,0.0269,386,15,0.0953,0.0367,0,-0.0062,0.8133,1.0611,1.4,-0.0586
MERCH_STD_00434,standard_stable,1601,64,25,1,0.0158,0.0178,1346,51,0.0499,0.0868,0,0.002,1.1258,0.9594,1.2549,0.0369
MERCH_ORG_00061,organic_growth,1046,63,34,2,0.033,0.0284,889,53,0.0303,0.0676,0,-0.0046,0.861,1.4455,1.1887,0.0373
MERCH_FLASH_00400,flash_sale_high_vol,1106,203,17,2,0.0157,0.0094,949,180,0.0715,0.0583,0,-0.0063,0.6013,4.4051,1.1278,-0.0132
MERCH_SPIKE_ATO_00173,targeted_ato_surge,444,58,8,29,0.0187,0.5043,355,23,0.1156,0.8175,1,0.4856,26.8298,3.1351,2.5217,0.7019
MERCH_STD_00905,standard_stable,2006,87,66,3,0.0331,0.0302,1508,65,0.047,0.0805,0,-0.0029,0.9127,1.0409,1.3385,0.0335
MERCH_FLASH_00056,flash_sale_high_vol,1997,379,24,7,0.0122,0.0182,1780,326,0.0254,0.0636,0,0.006,1.4878,4.5548,1.1626,0.0382
MERCH_NOISE_00151,low_volume_noise,93,1,0,0,0.0,0.0,83,1,0.1045,0.1288,0,0.0,1.0,0.2581,1.0,0.0243
MERCH_STD_01268,standard_stable,1042,44,23,1,0.0225,0.0214,836,32,0.0324,0.0276,0,-0.0011,0.9513,1.0134,1.375,-0.0048
MERCH_FLASH_00325,flash_sale_high_vol,1819,633,32,5,0.0177,0.0083,1585,599,0.0262,0.0545,0,-0.0094,0.4719,8.3518,1.0568,0.0283
MERCH_STD_01223,standard_stable,2352,78,80,3,0.0341,0.0393,2102,66,0.0296,0.1007,0,0.0052,1.152,0.7959,1.1818,0.0711
MERCH_STD_01258,standard_stable,947,40,15,1,0.0167,0.0135,794,29,0.0481,0.0535,0,-0.0032,0.8095,1.0137,1.3793,0.0054
MERCH_STD_00054,standard_stable,2450,96,54,2,0.0224,0.0199,2003,73,0.0229,0.0618,0,-0.0025,0.8889,0.9404,1.3151,0.0389
MERCH_STD_01224,standard_stable,2419,106,88,4,0.0365,0.0417,2017,80,0.098,0.0771,0,0.0052,1.1421,1.0517,1.325,-0.0209
MERCH_STD_01528,standard_stable,2733,124,99,4,0.0363,0.0355,2005,101,0.0697,0.0723,0,-0.0008,0.978,1.0889,1.2277,0.0026
MERCH_HIBAS_00472,high_stable_fraud,1666,56,168,6,0.1013,0.1056,1109,34,0.2951,0.2649,0,0.0043,1.0424,0.8067,1.6471,-0.0302
MERCH_STD_00153,standard_stable,1034,50,13,1,0.0129,0.0124,891,44,0.0265,0.0852,0,-0.0005,0.9615,1.1605,1.1364,0.0587
MERCH_STD_00729,standard_stable,2839,124,42,2,0.0148,0.0169,2069,108,0.0384,0.0653,0,0.0021,1.1409,1.0483,1.1481,0.0269
MERCH_HIBAS_00048,high_stable_fraud,662,23,72,3,0.1095,0.1115,402,13,0.3147,0.3121,0,0.002,1.0182,0.8338,1.7692,-0.0026
MERCH_FLASH_00181,flash_sale_high_vol,1073,280,31,7,0.029,0.0244,986,257,0.08,0.0863,0,-0.0046,0.8419,6.2628,1.0895,0.0063
MERCH_NOISE_00106,low_volume_noise,79,2,0,0,0.0,0.0,71,2,0.0431,0.0771,0,0.0,1.0,0.6076,1.0,0.034
MERCH_SPIKE_RUSH_00229,syndicate_bot_rush,1288,172,27,54,0.0212,0.3136,1056,64,0.0427,0.6643,1,0.2924,14.7277,3.205,2.6875,0.6216
MERCH_SPIKE_RUSH_00281,syndicate_bot_rush,1059,259,14,86,0.0139,0.3302,868,99,0.0425,0.6502,1,0.3163,23.5929,5.8697,2.6162,0.6077
MERCH_FLASH_00041,flash_sale_high_vol,1363,276,28,3,0.0212,0.0115,1208,223,0.0496,0.0472,0,-0.0097,0.5446,4.8599,1.2377,-0.0024
MERCH_STD_00084,standard_stable,1928,70,67,2,0.0352,0.0327,1443,55,0.0747,0.0428,0,-0.0025,0.9292,0.8714,1.2727,-0.0319
MERCH_STD_01203,standard_stable,1268,47,49,2,0.0387,0.0338,996,35,0.0719,0.0891,0,-0.0049,0.8737,0.8896,1.3429,0.0172
MERCH_FLASH_00478,flash_sale_high_vol,1508,322,39,6,0.0261,0.0194,1225,277,0.0534,0.0926,0,-0.0067,0.7443,5.1247,1.1625,0.0392
MERCH_FLASH_00296,flash_sale_high_vol,1126,247,32,4,0.0285,0.0156,1032,202,0.0685,0.0811,0,-0.0129,0.549,5.2647,1.2228,0.0126
MERCH_HIBAS_00282,high_stable_fraud,1605,67,226,9,0.1409,0.1274,1201,46,0.3286,0.2586,0,-0.0135,0.9043,1.0019,1.4565,-0.07
MERCH_STD_00820,standard_stable,3124,131,108,4,0.0347,0.0298,2236,116,0.0541,0.0551,0,-0.0049,0.8592,1.0064,1.1293,0.001
MERCH_STD_01516,standard_stable,1037,53,18,1,0.0178,0.0152,753,44,0.0525,0.0348,0,-0.0026,0.8547,1.2266,1.2045,-0.0177
MERCH_STD_00105,standard_stable,3158,125,116,4,0.0369,0.0334,2745,91,0.0531,0.065,0,-0.0035,0.9054,0.95,1.3736,0.0119
MERCH_SPIKE_ATO_00318,targeted_ato_surge,679,66,23,17,0.0345,0.2517,543,20,0.0546,0.8839,1,0.2172,7.2775,2.3328,3.3,0.8293
MERCH_HIBAS_00145,high_stable_fraud,1669,55,236,7,0.1417,0.1297,1273,36,0.3886,0.2701,0,-0.012,0.9154,0.7909,1.5278,-0.1185
MERCH_HIBAS_00088,high_stable_fraud,1708,66,226,9,0.1328,0.1396,1060,40,0.3976,0.4058,0,0.0068,1.0512,0.9274,1.65,0.0082
MERCH_STD_01380,standard_stable,3159,126,121,6,0.0385,0.0457,2787,88,0.071,0.0378,0,0.0072,1.1865,0.9573,1.4318,-0.0332
MERCH_STD_00853,standard_stable,2459,92,97,4,0.0398,0.0467,1918,73,0.0623,0.0465,0,0.0069,1.1729,0.8979,1.2603,-0.0158
MERCH_HIBAS_00331,high_stable_fraud,1716,71,242,10,0.1416,0.1422,1150,52,0.2675,0.274,0,0.0006,1.0042,0.993,1.3654,0.0065
MERCH_SPIKE_RUSH_00404,syndicate_bot_rush,1794,374,41,109,0.0232,0.2921,1471,158,0.0966,0.7551,1,0.2689,12.5408,5.0033,2.3671,0.6585
MERCH_FLASH_00048,flash_sale_high_vol,2238,692,56,7,0.0253,0.0097,1846,646,0.0455,0.0809,0,-0.0156,0.3858,7.4209,1.0712,0.0354
MERCH_STD_00689,standard_stable,1084,44,12,1,0.0113,0.0126,791,34,0.0992,0.0706,0,0.0013,1.114,0.9742,1.2941,-0.0286
MERCH_STD_00200,standard_stable,1358,67,41,2,0.0307,0.0282,1105,50,0.0643,0.0822,0,-0.0025,0.9188,1.1841,1.34,0.0179
MERCH_FLASH_00112,flash_sale_high_vol,1121,227,19,4,0.0177,0.0197,946,212,0.0345,0.0453,0,0.002,1.1124,4.8599,1.0708,0.0108
MERCH_STD_01491,standard_stable,2829,116,90,3,0.0321,0.0287,2149,101,0.0518,0.0444,0,-0.0034,0.8944,0.9841,1.1485,-0.0074
MERCH_STD_00458,standard_stable,2150,87,38,2,0.018,0.0206,1641,69,0.0961,0.0998,0,0.0026,1.1436,0.9712,1.2609,0.0037
MERCH_STD_01402,standard_stable,3240,115,51,2,0.0159,0.0172,2370,98,0.0646,0.0677,0,0.0013,1.0812,0.8519,1.1735,0.0031
MERCH_STD_01474,standard_stable,2413,105,89,3,0.0369,0.032,1797,80,0.0359,0.0711,0,-0.0049,0.8676,1.0443,1.3125,0.0352
MERCH_HIBAS_00280,high_stable_fraud,994,41,143,6,0.1445,0.1388,666,28,0.3364,0.3661,0,-0.0057,0.9606,0.9899,1.4643,0.0297
MERCH_STD_01176,standard_stable,2735,100,61,2,0.0226,0.0189,2339,78,0.0607,0.0669,0,-0.0037,0.837,0.8775,1.2821,0.0062
MERCH_SPIKE_RUSH_00446,syndicate_bot_rush,954,259,33,116,0.0347,0.4487,782,78,0.0855,0.8172,1,0.414,12.8966,6.5157,3.3205,0.7317
MERCH_SPIKE_RUSH_00165,syndicate_bot_rush,1234,340,28,183,0.0232,0.5394,1011,88,0.0678,0.7398,1,0.5162,23.1545,6.6126,3.8636,0.672
MERCH_SPIKE_RUSH_00174,syndicate_bot_rush,1377,311,46,155,0.0336,0.4968,1129,91,0.047,0.8681,1,0.4632,14.7448,5.4205,3.4176,0.8211
MERCH_FLASH_00227,flash_sale_high_vol,1045,320,20,5,0.0192,0.0162,851,270,0.0742,0.0504,0,-0.003,0.8446,7.3493,1.1852,-0.0238
MERCH_ORG_00102,organic_growth,645,37,14,1,0.0224,0.032,548,31,0.0557,0.0281,0,0.0096,1.4267,1.3767,1.1935,-0.0276
MERCH_SPIKE_RUSH_00056,syndicate_bot_rush,863,181,18,73,0.0216,0.4019,707,65,0.0768,0.7857,1,0.3803,18.5253,5.0336,2.7846,0.7089
MERCH_FLASH_00158,flash_sale_high_vol,2163,581,55,9,0.0255,0.0151,1631,528,0.0663,0.0587,0,-0.0104,0.5938,6.4466,1.1004,-0.0076
MERCH_STD_01030,standard_stable,866,31,30,1,0.0355,0.0385,687,26,0.0926,0.1072,0,0.003,1.0843,0.8591,1.1923,0.0146
MERCH_STD_00413,standard_stable,1936,83,69,4,0.036,0.0431,1647,72,0.0866,0.093,0,0.0071,1.1967,1.0289,1.1528,0.0064
MERCH_STD_01433,standard_stable,3234,149,100,4,0.0312,0.0284,2340,122,0.0672,0.047,0,-0.0028,0.9105,1.1058,1.2213,-0.0202
MERCH_STD_00313,standard_stable,983,48,11,1,0.0113,0.0122,695,33,0.0647,0.0483,0,0.0009,1.0789,1.1719,1.4545,-0.0164
MERCH_STD_00513,standard_stable,888,31,31,1,0.0359,0.0384,704,23,0.0429,0.0336,0,0.0025,1.0694,0.8378,1.3478,-0.0093
MERCH_FLASH_00242,flash_sale_high_vol,833,230,20,2,0.0244,0.0106,753,195,0.0231,0.0375,0,-0.0138,0.4367,6.6267,1.1795,0.0144
MERCH_STD_01442,standard_stable,1489,74,32,2,0.0219,0.0249,1052,52,0.0736,0.07,0,0.003,1.1364,1.1927,1.4231,-0.0036
MERCH_FLASH_00023,flash_sale_high_vol,1675,498,40,9,0.0244,0.0175,1520,464,0.0709,0.0507,0,-0.0069,0.7184,7.1355,1.0733,-0.0202
MERCH_STD_01235,standard_stable,2945,118,67,3,0.0229,0.0219,2367,85,0.054,0.0852,0,-0.001,0.9565,0.9616,1.3882,0.0312
MERCH_STD_00177,standard_stable,2579,100,52,2,0.0203,0.0186,1892,73,0.0246,0.1149,0,-0.0017,0.9167,0.9306,1.3699,0.0903
MERCH_HIBAS_00420,high_stable_fraud,1275,50,179,7,0.1405,0.1401,941,33,0.362,0.3102,0,-0.0004,0.9972,0.9412,1.5152,-0.0518
MERCH_NOISE_00226,low_volume_noise,94,1,1,0,0.0106,0.0,84,1,0.1033,0.1722,0,-0.0106,0.0093,0.2553,1.0,0.0689
MERCH_STD_00706,standard_stable,2694,102,85,3,0.0318,0.0342,2302,90,0.0811,0.0633,0,0.0024,1.0752,0.9087,1.1333,-0.0178
MERCH_FLASH_00329,flash_sale_high_vol,1498,539,33,10,0.0223,0.0179,1257,481,0.0728,0.1151,0,-0.0044,0.8036,8.6355,1.1206,0.0423
MERCH_SPIKE_ATO_00058,targeted_ato_surge,409,31,6,8,0.0153,0.2559,327,14,0.034,0.6804,1,0.2406,16.6234,1.8191,2.2143,0.6464
MERCH_STD_00610,standard_stable,466,22,9,1,0.021,0.0245,408,16,0.053,0.0946,0,0.0035,1.1659,1.133,1.375,0.0416
MERCH_ORG_00057,organic_growth,1089,67,33,1,0.0304,0.0117,925,56,0.0498,0.0769,0,-0.0187,0.3869,1.4766,1.1964,0.0271
MERCH_STD_00589,standard_stable,3278,135,107,5,0.0329,0.0394,2452,101,0.0274,0.0754,0,0.0065,1.197,0.9884,1.3366,0.048
MERCH_FLASH_00477,flash_sale_high_vol,2118,641,24,11,0.0117,0.0165,1605,539,0.0396,0.0901,0,0.0048,1.4068,7.2635,1.1892,0.0505
MERCH_STD_01154,standard_stable,1281,56,13,1,0.0104,0.0109,902,48,0.0811,0.0508,0,0.0005,1.0476,1.0492,1.1667,-0.0303
MERCH_SPIKE_RUSH_00033,syndicate_bot_rush,1387,316,15,109,0.011,0.346,1137,113,0.0762,0.7429,1,0.335,31.1802,5.4679,2.7965,0.6667
MERCH_HIBAS_00052,high_stable_fraud,1156,51,158,7,0.1367,0.1417,817,30,0.2614,0.4155,0,0.005,1.0365,1.0588,1.7,0.1541
MERCH_FLASH_00278,flash_sale_high_vol,975,318,24,8,0.0254,0.0249,886,275,0.028,0.031,0,-0.0005,0.9804,7.8277,1.1564,0.003
MERCH_STD_00345,standard_stable,724,27,12,1,0.0177,0.0209,535,24,0.0809,0.0841,0,0.0032,1.1798,0.895,1.125,0.0032
MERCH_SPIKE_RUSH_00338,syndicate_bot_rush,1878,333,28,132,0.0151,0.3959,1539,141,0.0837,0.7406,1,0.3808,26.0526,4.2556,2.3617,0.6569
MERCH_STD_00732,standard_stable,3697,155,103,4,0.0281,0.0245,2942,116,0.0203,0.1167,0,-0.0036,0.8723,1.0062,1.3362,0.0964
MERCH_NOISE_00100,low_volume_noise,48,1,0,0,0.0,0.0,43,1,0.1322,0.1323,0,0.0,1.0,0.5,1.0,0.0001
MERCH_STD_00777,standard_stable,1506,53,42,1,0.0279,0.0224,1071,38,0.0406,0.1107,0,-0.0055,0.8036,0.8446,1.3947,0.0701
MERCH_STD_00806,standard_stable,3829,161,60,3,0.0159,0.0165,3089,129,0.0883,0.0811,0,0.0006,1.0375,1.0091,1.2481,-0.0072
MERCH_STD_01599,standard_stable,2472,116,28,1,0.0115,0.0117,1931,88,0.0241,0.0881,0,0.0002,1.0172,1.1262,1.3182,0.064
MERCH_HIBAS_00138,high_stable_fraud,673,25,74,3,0.1112,0.107,521,15,0.3349,0.3457,0,-0.0042,0.9623,0.8915,1.6667,0.0108
MERCH_STD_01408,standard_stable,2508,96,58,2,0.0233,0.0251,1964,84,0.0419,0.1124,0,0.0018,1.0769,0.9187,1.1429,0.0705
MERCH_HIBAS_00064,high_stable_fraud,1110,45,142,6,0.1287,0.1232,850,34,0.2902,0.3615,0,-0.0055,0.9573,0.973,1.3235,0.0713
MERCH_STD_00465,standard_stable,2620,111,77,4,0.0296,0.0323,1900,93,0.0587,0.1119,0,0.0027,1.0909,1.0168,1.1935,0.0532
MERCH_STD_00760,standard_stable,2292,97,89,3,0.0392,0.0339,1630,80,0.0987,0.1096,0,-0.0053,0.8651,1.0157,1.2125,0.0109
MERCH_HIBAS_00005,high_stable_fraud,968,47,127,6,0.1322,0.1269,608,36,0.3796,0.3551,0,-0.0053,0.9599,1.1653,1.3056,-0.0245
MERCH_FLASH_00314,flash_sale_high_vol,1926,621,36,8,0.0187,0.0133,1523,521,0.0628,0.0558,0,-0.0054,0.7128,7.7383,1.1919,-0.007
MERCH_STD_01443,standard_stable,1003,34,16,1,0.0165,0.0181,824,26,0.0754,0.1111,0,0.0016,1.0964,0.8136,1.3077,0.0357
MERCH_STD_01328,standard_stable,1168,46,33,1,0.0289,0.0281,939,36,0.0884,0.0643,0,-0.0008,0.9724,0.9452,1.2778,-0.0241
MERCH_STD_00559,standard_stable,3306,138,96,4,0.0291,0.0283,2527,112,0.022,0.0207,0,-0.0008,0.9726,1.0018,1.2321,-0.0013
MERCH_SPIKE_RUSH_00026,syndicate_bot_rush,847,203,21,72,0.0253,0.3543,694,76,0.0714,0.6539,1,0.329,13.9528,5.7521,2.6711,0.5825
MERCH_STD_01458,standard_stable,627,28,22,1,0.0351,0.0414,506,23,0.0348,0.0741,0,0.0063,1.179,1.0718,1.2174,0.0393
MERCH_STD_00735,standard_stable,3004,113,39,2,0.0133,0.0144,2256,90,0.0289,0.1185,0,0.0011,1.0821,0.9028,1.2556,0.0896
MERCH_FLASH_00091,flash_sale_high_vol,1879,553,42,7,0.0224,0.0127,1553,478,0.0664,0.0301,0,-0.0097,0.5689,7.0633,1.1569,-0.0363
MERCH_SPIKE_ATO_00225,targeted_ato_surge,1069,109,28,44,0.0267,0.4075,855,33,0.0386,0.8972,1,0.3808,15.209,2.4471,3.303,0.8586
MERCH_HIBAS_00458,high_stable_fraud,1090,51,155,8,0.1428,0.1482,869,33,0.2813,0.3021,0,0.0054,1.0378,1.1229,1.5455,0.0208
MERCH_SPIKE_RUSH_00407,syndicate_bot_rush,809,236,17,123,0.0211,0.5232,663,79,0.0411,0.6894,1,0.5021,24.684,7.0012,2.9873,0.6483
MERCH_FLASH_00351,flash_sale_high_vol,1272,320,22,3,0.0173,0.0099,966,298,0.0733,0.0302,0,-0.0074,0.5747,6.0377,1.0738,-0.0431
MERCH_FLASH_00353,flash_sale_high_vol,977,185,18,3,0.0194,0.018,864,164,0.0518,0.1063,0,-0.0014,0.9282,4.5445,1.128,0.0545
MERCH_SPIKE_RUSH_00074,syndicate_bot_rush,571,112,15,45,0.0274,0.4051,468,33,0.0523,0.746,1,0.3777,14.7345,4.7075,3.3939,0.6937
MERCH_SPIKE_ATO_00156,targeted_ato_surge,1174,100,22,26,0.0188,0.2644,939,32,0.0355,0.5688,1,0.2456,13.9947,2.0443,3.125,0.5333
MERCH_FLASH_00512,flash_sale_high_vol,1585,569,46,7,0.0296,0.0128,1339,520,0.0752,0.0827,0,-0.0168,0.4343,8.6158,1.0942,0.0075
MERCH_FLASH_00293,flash_sale_high_vol,1813,296,45,5,0.0249,0.0175,1526,252,0.0652,0.1168,0,-0.0074,0.704,3.9184,1.1746,0.0516
MERCH_FLASH_00170,flash_sale_high_vol,1802,530,40,12,0.0224,0.0227,1603,478,0.0428,0.045,0,0.0003,1.0133,7.0588,1.1088,0.0022
MERCH_HIBAS_00065,high_stable_fraud,1445,57,211,8,0.1464,0.1459,1153,36,0.2722,0.2742,0,-0.0005,0.9966,0.9467,1.5833,0.002
MERCH_FLASH_00037,flash_sale_high_vol,1043,184,21,4,0.0206,0.0241,869,167,0.0331,0.0423,0,0.0035,1.1691,4.2339,1.1018,0.0092
MERCH_SPIKE_ATO_00028,targeted_ato_surge,1174,113,36,38,0.0307,0.3386,939,53,0.0982,0.7752,1,0.3079,10.9968,2.3101,2.1321,0.677
MERCH_NOISE_00212,low_volume_noise,84,1,1,0,0.0119,0.0,75,1,0.0168,0.0676,0,-0.0119,0.0083,0.2857,1.0,0.0508
MERCH_SPIKE_RUSH_00353,syndicate_bot_rush,1674,272,22,86,0.0134,0.3179,1372,89,0.0674,0.9392,1,0.3045,23.5556,3.8996,3.0562,0.8718
MERCH_STD_01028,standard_stable,1237,52,34,1,0.0278,0.0263,1020,45,0.0393,0.0543,0,-0.0015,0.9462,1.0089,1.1556,0.015
MERCH_NOISE_00209,low_volume_noise,79,1,1,1,0.0127,1.0,71,1,0.0408,0.0298,0,0.9873,78.1328,0.3038,1.0,-0.011
MERCH_SPIKE_ATO_00094,targeted_ato_surge,740,81,20,38,0.0276,0.4745,592,39,0.0455,0.6751,1,0.4469,17.1336,2.627,2.0769,0.6296
MERCH_SPIKE_RUSH_00046,syndicate_bot_rush,1638,236,17,114,0.0107,0.4845,1343,82,0.0966,0.7745,1,0.4738,44.8704,3.4579,2.878,0.6779
MERCH_SPIKE_RUSH_00118,syndicate_bot_rush,719,147,23,60,0.0333,0.4114,589,38,0.0479,0.6624,1,0.3781,12.3204,4.9068,3.8684,0.6145
MERCH_FLASH_00265,flash_sale_high_vol,1830,320,37,6,0.0203,0.0184,1639,256,0.0296,0.0766,0,-0.0019,0.9069,4.1967,1.25,0.047
MERCH_STD_00600,standard_stable,1851,68,44,2,0.0239,0.0231,1411,52,0.075,0.0241,0,-0.0008,0.9667,0.8817,1.3077,-0.0509
MERCH_HIBAS_00262,high_stable_fraud,1558,63,245,11,0.1577,0.1669,1087,40,0.3443,0.3297,0,0.0092,1.0583,0.9705,1.575,-0.0146
MERCH_HIBAS_00349,high_stable_fraud,1572,72,165,7,0.105,0.1027,1022,49,0.3955,0.3133,0,-0.0023,0.9781,1.0992,1.4694,-0.0822
MERCH_HIBAS_00448,high_stable_fraud,1585,82,168,9,0.1061,0.1093,1245,51,0.3652,0.2899,0,0.0032,1.0301,1.2416,1.6078,-0.0753
MERCH_ORG_00056,organic_growth,812,43,22,1,0.0275,0.0317,690,36,0.0625,0.0699,0,0.0042,1.1522,1.2709,1.1944,0.0074
MERCH_STD_00915,standard_stable,2478,115,95,4,0.0385,0.0344,1838,101,0.0686,0.1094,0,-0.0041,0.8938,1.1138,1.1386,0.0408
MERCH_HIBAS_00039,high_stable_fraud,710,29,104,4,0.1466,0.1366,495,22,0.2993,0.2828,0,-0.01,0.9318,0.9803,1.3182,-0.0165
MERCH_STD_00857,standard_stable,1817,74,27,1,0.0154,0.0146,1513,58,0.0823,0.0626,0,-0.0008,0.9484,0.9774,1.2759,-0.0197
MERCH_STD_00947,standard_stable,1730,64,65,2,0.0379,0.0387,1247,52,0.0493,0.1168,0,0.0008,1.0211,0.8879,1.2308,0.0675
MERCH_STD_00224,standard_stable,857,33,26,1,0.0306,0.028,623,26,0.0531,0.0722,0,-0.0026,0.9153,0.9242,1.2692,0.0191
MERCH_STD_00673,standard_stable,1310,55,30,1,0.023,0.0262,976,38,0.0231,0.0334,0,0.0032,1.1385,1.0076,1.4474,0.0103
MERCH_SPIKE_RUSH_00329,syndicate_bot_rush,1297,271,20,148,0.0157,0.5467,1063,109,0.047,0.9396,1,0.531,34.6076,5.0146,2.4862,0.8926
MERCH_SPIKE_RUSH_00004,syndicate_bot_rush,1556,353,52,192,0.034,0.5442,1275,101,0.0835,0.7415,1,0.5102,15.9619,5.4447,3.495,0.658
MERCH_STD_01559,standard_stable,2634,108,70,3,0.0267,0.0269,2228,91,0.0803,0.0591,0,0.0002,1.0075,0.9841,1.1868,-0.0212
MERCH_FLASH_00062,flash_sale_high_vol,1516,350,36,5,0.0241,0.0135,1324,299,0.0302,0.0589,0,-0.0106,0.562,5.5409,1.1706,0.0287
MERCH_SPIKE_RUSH_00236,syndicate_bot_rush,653,85,6,41,0.0103,0.488,535,23,0.0835,0.7551,1,0.4777,46.9327,3.124,3.6957,0.6716
MERCH_NOISE_00056,low_volume_noise,89,4,0,0,0.0,0.0,80,4,0.1219,0.0125,0,0.0,1.0,1.0787,1.0,-0.1094
MERCH_NOISE_00107,low_volume_noise,49,1,0,0,0.0,0.0,44,1,0.0309,0.2042,0,0.0,1.0,0.4898,1.0,0.1733
MERCH_STD_01366,standard_stable,1120,52,37,2,0.0331,0.031,939,43,0.0377,0.0829,0,-0.0021,0.9367,1.1143,1.2093,0.0452
MERCH_FLASH_00123,flash_sale_high_vol,1220,427,26,6,0.0219,0.0151,1121,352,0.0678,0.1135,0,-0.0068,0.6909,8.4,1.2131,0.0457
MERCH_STD_00315,standard_stable,1823,86,62,3,0.0344,0.0306,1440,68,0.0861,0.0884,0,-0.0038,0.8899,1.1322,1.2647,0.0023
MERCH_FLASH_00537,flash_sale_high_vol,1252,278,13,6,0.011,0.0207,961,252,0.0658,0.0812,0,0.0097,1.8739,5.3291,1.1032,0.0154
MERCH_STD_00164,standard_stable,1246,56,18,1,0.0151,0.0132,898,44,0.0616,0.0708,0,-0.0019,0.875,1.0787,1.2727,0.0092
MERCH_STD_00923,standard_stable,472,19,14,1,0.0311,0.0276,374,16,0.0296,0.0892,0,-0.0035,0.8878,0.9661,1.1875,0.0596
MERCH_STD_00255,standard_stable,3422,127,54,2,0.016,0.019,2880,104,0.0446,0.0499,0,0.003,1.1863,0.8907,1.2212,0.0053
MERCH_SPIKE_RUSH_00125,syndicate_bot_rush,1246,226,16,50,0.0136,0.22,1021,57,0.0685,0.9128,1,0.2064,16.0657,4.3531,3.9649,0.8443
MERCH_STD_00406,standard_stable,2753,109,59,3,0.0217,0.0248,2090,80,0.0447,0.0403,0,0.0031,1.1422,0.9502,1.3625,-0.0044
MERCH_STD_00863,standard_stable,1585,73,32,1,0.0205,0.0185,1198,60,0.0203,0.0928,0,-0.002,0.9029,1.1054,1.2167,0.0725
MERCH_SPIKE_ATO_00056,targeted_ato_surge,476,35,17,15,0.0366,0.439,380,12,0.0731,0.8356,1,0.4024,11.9646,1.7647,2.9167,0.7625
MERCH_STD_00198,standard_stable,3321,143,85,4,0.0257,0.0252,2554,113,0.0336,0.0997,0,-0.0005,0.9806,1.0334,1.2655,0.0661
MERCH_STD_00962,standard_stable,2403,118,92,4,0.0385,0.0326,1847,87,0.0349,0.0691,0,-0.0059,0.8472,1.1785,1.3563,0.0342
MERCH_SPIKE_RUSH_00276,syndicate_bot_rush,1102,188,36,47,0.0334,0.2503,903,83,0.0648,0.9398,1,0.2169,7.4746,4.0944,2.2651,0.875
MERCH_HIBAS_00057,high_stable_fraud,1932,85,308,13,0.1595,0.1536,1306,62,0.2524,0.419,0,-0.0059,0.963,1.0559,1.371,0.1666
MERCH_HIBAS_00437,high_stable_fraud,1001,43,120,5,0.12,0.1126,629,27,0.3814,0.3658,0,-0.0074,0.9384,1.031,1.5926,-0.0156
MERCH_FLASH_00172,flash_sale_high_vol,957,203,21,4,0.0229,0.0199,755,168,0.0207,0.0554,0,-0.003,0.8696,5.0909,1.2083,0.0347
MERCH_STD_00063,standard_stable,2306,88,28,1,0.0125,0.0142,1908,73,0.0736,0.0963,0,0.0017,1.1349,0.9159,1.2055,0.0227
MERCH_STD_00191,standard_stable,2869,136,113,5,0.0394,0.0363,2450,104,0.0685,0.0858,0,-0.0031,0.9215,1.1377,1.3077,0.0173
MERCH_STD_00831,standard_stable,1098,42,22,1,0.0206,0.0197,883,33,0.042,0.0625,0,-0.0009,0.9565,0.918,1.2727,0.0205
MERCH_HIBAS_00127,high_stable_fraud,1440,53,178,7,0.1241,0.1295,951,32,0.3114,0.3417,0,0.0054,1.0435,0.8833,1.6562,0.0303
MERCH_SPIKE_RUSH_00318,syndicate_bot_rush,1206,308,31,132,0.0263,0.4271,988,122,0.0325,0.7471,1,0.4008,16.1818,6.1294,2.5246,0.7146
MERCH_SPIKE_RUSH_00477,syndicate_bot_rush,1750,220,44,67,0.0254,0.306,1435,66,0.0809,0.7657,1,0.2806,12.0039,3.0171,3.3333,0.6848
MERCH_STD_00621,standard_stable,2597,117,51,3,0.0197,0.0214,2311,95,0.0436,0.069,0,0.0017,1.0859,1.0812,1.2316,0.0254
MERCH_SPIKE_RUSH_00223,syndicate_bot_rush,1057,204,19,110,0.0181,0.5411,866,85,0.0759,0.7412,1,0.523,29.7363,4.632,2.4,0.6653
MERCH_STD_00388,standard_stable,2325,98,75,3,0.0325,0.0357,1724,78,0.0671,0.0202,0,0.0032,1.0982,1.0116,1.2564,-0.0469
MERCH_STD_00318,standard_stable,1557,64,59,2,0.0382,0.0372,1322,50,0.0532,0.0725,0,-0.001,0.9739,0.9865,1.28,0.0193
MERCH_STD_01099,standard_stable,2419,115,40,2,0.0168,0.0185,2067,81,0.0932,0.0775,0,0.0017,1.1006,1.141,1.4198,-0.0157
MERCH_SPIKE_RUSH_00228,syndicate_bot_rush,765,168,23,39,0.0302,0.2326,627,66,0.0227,0.8313,1,0.2024,7.6799,5.2706,2.5455,0.8086
MERCH_STD_00943,standard_stable,1438,50,15,1,0.0106,0.012,1164,42,0.0871,0.1142,0,0.0014,1.1308,0.8345,1.1905,0.0271
MERCH_HIBAS_00286,high_stable_fraud,1180,47,184,8,0.1562,0.164,733,36,0.2771,0.317,0,0.0078,1.0499,0.9559,1.3056,0.0399
MERCH_STD_00330,standard_stable,3225,135,89,4,0.0278,0.0283,2464,102,0.0659,0.0383,0,0.0005,1.0179,1.0047,1.3235,-0.0276
MERCH_SPIKE_ATO_00091,targeted_ato_surge,817,85,31,40,0.0389,0.4746,653,29,0.0818,0.7394,1,0.4357,12.1718,2.4969,2.931,0.6576
MERCH_STD_01378,standard_stable,594,24,12,0,0.0213,0.0202,426,19,0.0737,0.0992,0,-0.0011,0.9486,0.9697,1.2632,0.0255
MERCH_STD_01178,standard_stable,1926,69,45,2,0.0237,0.0234,1375,60,0.0785,0.096,0,-0.0003,0.9874,0.8598,1.15,0.0175
MERCH_FLASH_00127,flash_sale_high_vol,1863,348,38,6,0.0204,0.018,1692,297,0.0505,0.0505,0,-0.0024,0.8829,4.4831,1.1717,0.0
MERCH_FLASH_00637,flash_sale_high_vol,2168,519,32,5,0.0148,0.0087,1663,443,0.061,0.1049,0,-0.0061,0.5906,5.7454,1.1716,0.0439
MERCH_SPIKE_RUSH_00324,syndicate_bot_rush,1535,184,46,41,0.0303,0.2231,1258,82,0.0622,0.6691,1,0.1928,7.3421,2.8769,2.2439,0.6069
MERCH_NOISE_00094,low_volume_noise,39,1,0,0,0.0,0.0,35,1,0.1013,0.097,0,0.0,1.0,0.6154,1.0,-0.0043
MERCH_STD_01397,standard_stable,1477,62,33,2,0.0226,0.027,1170,51,0.0931,0.0829,0,0.0044,1.1938,1.0074,1.2157,-0.0102
MERCH_SPIKE_RUSH_00282,syndicate_bot_rush,1477,268,24,89,0.0163,0.3329,1211,93,0.085,0.8451,1,0.3166,20.3049,4.3548,2.8817,0.7601
MERCH_FLASH_00144,flash_sale_high_vol,1167,222,34,2,0.0295,0.0107,962,203,0.0731,0.098,0,-0.0188,0.3649,4.5656,1.0936,0.0249
MERCH_SPIKE_RUSH_00396,syndicate_bot_rush,741,215,19,57,0.0263,0.265,607,75,0.0779,0.9102,1,0.2387,10.0417,6.9636,2.8667,0.8323
MERCH_STD_00633,standard_stable,3106,105,81,3,0.0264,0.0268,2705,89,0.0433,0.0324,0,0.0004,1.0151,0.8113,1.1798,-0.0109
MERCH_STD_00265,standard_stable,3266,141,45,2,0.014,0.0159,2441,102,0.0207,0.0247,0,0.0019,1.1348,1.0361,1.3824,0.004
MERCH_HIBAS_00263,high_stable_fraud,840,41,92,5,0.1096,0.1127,533,30,0.3403,0.3728,0,0.0031,1.0283,1.1714,1.3667,0.0325
MERCH_STD_01078,standard_stable,667,27,14,1,0.0215,0.0209,487,20,0.0252,0.0315,0,-0.0006,0.9722,0.9715,1.35,0.0063
MERCH_HIBAS_00235,high_stable_fraud,1464,62,190,8,0.13,0.1213,943,40,0.276,0.2869,0,-0.0087,0.9331,1.0164,1.55,0.0109
MERCH_SPIKE_ATO_00141,targeted_ato_surge,513,47,15,15,0.0298,0.3141,410,23,0.0326,0.6154,1,0.2843,10.5084,2.1988,2.0435,0.5828
MERCH_STD_01255,standard_stable,3779,133,86,3,0.023,0.0261,2918,97,0.0641,0.0689,0,0.0031,1.1342,0.8447,1.3711,0.0048
MERCH_NOISE_00223,low_volume_noise,68,2,1,0,0.0147,0.0,61,2,0.0669,0.1944,0,-0.0147,0.0068,0.7059,1.0,0.1275
MERCH_FLASH_00129,flash_sale_high_vol,1778,453,41,10,0.0236,0.0227,1408,366,0.0778,0.0355,0,-0.0009,0.962,6.1147,1.2377,-0.0423
MERCH_SPIKE_ATO_00114,targeted_ato_surge,1029,117,20,55,0.02,0.469,823,41,0.043,0.874,1,0.449,23.3383,2.7289,2.8537,0.831
MERCH_STD_01299,standard_stable,3482,146,122,5,0.0353,0.0311,2624,119,0.0725,0.0403,0,-0.0042,0.8814,1.0063,1.2269,-0.0322
MERCH_FLASH_00603,flash_sale_high_vol,2203,394,62,4,0.0285,0.009,1962,332,0.055,0.1181,0,-0.0195,0.3182,4.2923,1.1867,0.0631
MERCH_FLASH_00585,flash_sale_high_vol,1772,353,29,5,0.0169,0.0155,1596,307,0.0474,0.0488,0,-0.0014,0.9176,4.781,1.1498,0.0014
MERCH_FLASH_00362,flash_sale_high_vol,1876,373,45,8,0.0244,0.0224,1471,339,0.0555,0.0647,0,-0.002,0.9184,4.7719,1.1003,0.0092
MERCH_STD_00529,standard_stable,1610,68,60,2,0.0377,0.0364,1445,48,0.0946,0.0702,0,-0.0013,0.9656,1.0137,1.4167,-0.0244
MERCH_STD_01020,standard_stable,2346,121,34,2,0.0148,0.0177,1870,96,0.0819,0.0236,0,0.0029,1.1946,1.2379,1.2604,-0.0583
MERCH_STD_01468,standard_stable,1267,51,28,1,0.0226,0.0261,1022,44,0.0781,0.0551,0,0.0035,1.1542,0.9661,1.1591,-0.023
MERCH_STD_01323,standard_stable,1827,68,23,1,0.013,0.0128,1381,51,0.0772,0.0818,0,-0.0002,0.9847,0.8933,1.3333,0.0046
MERCH_FLASH_00203,flash_sale_high_vol,1819,454,26,8,0.0148,0.0167,1618,392,0.0462,0.1186,0,0.0019,1.1275,5.9901,1.1582,0.0724
MERCH_HIBAS_00360,high_stable_fraud,722,26,73,3,0.1012,0.102,496,18,0.3072,0.3164,0,0.0008,1.0079,0.8643,1.4444,0.0092
MERCH_ORG_00067,organic_growth,574,29,6,1,0.0111,0.0399,487,24,0.0744,0.0424,0,0.0288,3.5714,1.2125,1.2083,-0.032
MERCH_FLASH_00365,flash_sale_high_vol,2184,539,49,13,0.0227,0.0238,1794,465,0.0736,0.0844,0,0.0011,1.0482,5.9231,1.1591,0.0108
MERCH_SPIKE_ATO_00246,targeted_ato_surge,820,80,20,30,0.0254,0.3799,656,26,0.0544,0.7398,1,0.3545,14.902,2.3415,3.0769,0.6854
MERCH_FLASH_00609,flash_sale_high_vol,1931,588,23,14,0.012,0.0242,1657,482,0.0586,0.0405,0,0.0122,2.0083,7.3081,1.2199,-0.0181
MERCH_HIBAS_00241,high_stable_fraud,1579,60,230,9,0.1461,0.1498,1262,46,0.3813,0.3657,0,0.0037,1.0253,0.912,1.3043,-0.0156
MERCH_STD_00803,standard_stable,1257,50,20,1,0.0164,0.0166,913,41,0.0284,0.0227,0,0.0002,1.0121,0.9547,1.2195,-0.0057
MERCH_HIBAS_00026,high_stable_fraud,1993,73,202,7,0.1018,0.1023,1410,55,0.2712,0.3558,0,0.0005,1.0049,0.8791,1.3273,0.0846
MERCH_SPIKE_ATO_00286,targeted_ato_surge,759,98,17,31,0.0226,0.3177,607,35,0.0448,0.6333,1,0.2951,14.0,3.0988,2.8,0.5885
MERCH_SPIKE_ATO_00136,targeted_ato_surge,816,79,21,28,0.0269,0.3542,652,24,0.0481,0.8055,1,0.3273,13.1222,2.3235,3.2917,0.7574
MERCH_STD_00186,standard_stable,3353,113,56,2,0.0168,0.0193,2552,93,0.0808,0.0328,0,0.0025,1.1479,0.8088,1.2151,-0.048
MERCH_SPIKE_ATO_00283,targeted_ato_surge,378,54,5,30,0.0156,0.559,302,18,0.0359,0.6377,1,0.5434,35.6115,3.4286,3.0,0.6018
MERCH_STD_00675,standard_stable,1889,74,35,2,0.0187,0.0218,1341,51,0.0346,0.1011,0,0.0031,1.1649,0.9402,1.451,0.0665
MERCH_FLASH_00317,flash_sale_high_vol,2020,398,23,6,0.0116,0.0141,1794,356,0.0721,0.1195,0,0.0025,1.2137,4.7287,1.118,0.0474
MERCH_HIBAS_00278,high_stable_fraud,1339,45,194,6,0.145,0.1403,942,34,0.3571,0.3434,0,-0.0047,0.9676,0.8066,1.3235,-0.0137
MERCH_STD_01337,standard_stable,2584,104,95,4,0.0371,0.0348,2073,76,0.07,0.097,0,-0.0023,0.9382,0.9659,1.3684,0.027
MERCH_NOISE_00207,low_volume_noise,47,1,0,1,0.0,1.0,42,1,0.0486,0.2088,0,1.0,10001.0,0.5106,1.0,0.1602
MERCH_HIBAS_00475,high_stable_fraud,733,33,113,5,0.1552,0.1551,461,22,0.2708,0.2616,0,-0.0001,0.9994,1.0805,1.5,-0.0092
MERCH_FLASH_00352,flash_sale_high_vol,1651,562,43,10,0.0262,0.0185,1410,480,0.035,0.0749,0,-0.0077,0.7072,8.1696,1.1708,0.0399
MERCH_SPIKE_ATO_00206,targeted_ato_surge,1012,104,33,32,0.0333,0.3044,809,49,0.0592,0.5886,1,0.2711,9.1168,2.4664,2.1224,0.5294
MERCH_STD_01477,standard_stable,3623,167,134,6,0.0371,0.0381,3260,142,0.0619,0.0855,0,0.001,1.0269,1.1063,1.1761,0.0236
MERCH_STD_00664,standard_stable,1407,55,47,2,0.034,0.0278,1135,49,0.0975,0.0421,0,-0.0062,0.8182,0.9382,1.1224,-0.0554
MERCH_SPIKE_RUSH_00428,syndicate_bot_rush,780,94,20,28,0.0268,0.2983,639,32,0.0625,0.8982,1,0.2715,11.0929,2.8923,2.9375,0.8357
MERCH_SPIKE_RUSH_00050,syndicate_bot_rush,592,104,16,35,0.0277,0.3348,485,45,0.0665,0.8925,1,0.3071,12.0468,4.2162,2.3111,0.826
MERCH_STD_01552,standard_stable,1053,44,17,1,0.0162,0.0161,914,39,0.0538,0.0897,0,-0.0001,0.9939,1.0028,1.1282,0.0359
MERCH_STD_01518,standard_stable,1615,79,25,1,0.0156,0.0155,1326,57,0.0688,0.0755,0,-0.0001,0.9936,1.174,1.386,0.0067
MERCH_FLASH_00427,flash_sale_high_vol,1865,491,42,7,0.023,0.0139,1407,425,0.0227,0.0722,0,-0.0091,0.6061,6.3185,1.1553,0.0495
MERCH_SPIKE_ATO_00264,targeted_ato_surge,664,77,11,46,0.0176,0.5956,531,38,0.0671,0.8372,1,0.578,33.6554,2.7831,2.0263,0.7701
MERCH_STD_01530,standard_stable,2006,91,38,2,0.0194,0.0203,1669,70,0.0469,0.0552,0,0.0009,1.0462,1.0887,1.3,0.0083
MERCH_STD_00070,standard_stable,2202,95,52,2,0.0239,0.0231,1890,68,0.0644,0.1002,0,-0.0008,0.9667,1.0354,1.3971,0.0358
MERCH_STD_00124,standard_stable,1866,63,29,1,0.0158,0.0153,1537,55,0.0985,0.027,0,-0.0005,0.9686,0.8103,1.1455,-0.0715
MERCH_STD_00681,standard_stable,636,25,19,1,0.0306,0.0253,485,18,0.0204,0.0735,0,-0.0053,0.8274,0.9434,1.3889,0.0531
MERCH_STD_00964,standard_stable,2680,95,98,3,0.0367,0.0345,2404,69,0.0302,0.0929,0,-0.0022,0.9402,0.8507,1.3768,0.0627
MERCH_SPIKE_RUSH_00013,syndicate_bot_rush,1115,233,28,98,0.0259,0.4215,914,63,0.03,0.868,1,0.3956,16.2154,5.0152,3.6984,0.838
MERCH_STD_00520,standard_stable,1302,62,23,1,0.0184,0.0158,940,45,0.0262,0.1075,0,-0.0026,0.8595,1.1429,1.3778,0.0813
MERCH_STD_00779,standard_stable,2361,96,86,4,0.0367,0.0413,1678,67,0.0623,0.0274,0,0.0046,1.125,0.9759,1.4328,-0.0349
MERCH_FLASH_00359,flash_sale_high_vol,2163,595,63,9,0.0294,0.015,1950,561,0.0675,0.0801,0,-0.0144,0.5119,6.6019,1.0606,0.0126
MERCH_ORG_00143,organic_growth,937,49,32,2,0.0349,0.0323,796,41,0.0459,0.0463,0,-0.0026,0.9257,1.2551,1.1951,0.0004
MERCH_SPIKE_ATO_00191,targeted_ato_surge,572,69,18,23,0.0318,0.3379,457,25,0.051,0.6329,1,0.3061,10.5956,2.8951,2.76,0.5819
MERCH_STD_01213,standard_stable,3263,128,102,4,0.0313,0.0333,2709,113,0.0971,0.0627,0,0.002,1.0637,0.9415,1.1327,-0.0344
MERCH_STD_00196,standard_stable,2121,106,83,5,0.0392,0.0458,1625,77,0.0369,0.029,0,0.0066,1.1679,1.1994,1.3766,-0.0079
MERCH_HIBAS_00452,high_stable_fraud,1273,63,182,10,0.1432,0.1529,935,44,0.2961,0.3222,0,0.0097,1.0677,1.1877,1.4318,0.0261
MERCH_STD_00407,standard_stable,1348,59,19,1,0.0148,0.017,959,43,0.0927,0.109,0,0.0022,1.1477,1.0504,1.3721,0.0163
MERCH_STD_01281,standard_stable,1587,62,56,3,0.0358,0.0415,1362,44,0.0779,0.0971,0,0.0057,1.1588,0.9376,1.4091,0.0192
MERCH_HIBAS_00003,high_stable_fraud,958,40,103,5,0.1084,0.1167,747,24,0.3745,0.2687,0,0.0083,1.0765,1.0021,1.6667,-0.1058
MERCH_STD_00444,standard_stable,2126,92,84,4,0.0399,0.0387,1522,70,0.039,0.0214,0,-0.0012,0.97,1.0386,1.3143,-0.0176
MERCH_STD_00025,standard_stable,822,35,31,1,0.0378,0.0348,655,29,0.0964,0.0486,0,-0.003,0.9208,1.0219,1.2069,-0.0478
MERCH_NOISE_00089,low_volume_noise,72,1,0,0,0.0,0.0,64,1,0.1322,0.0531,0,0.0,1.0,0.3333,1.0,-0.0791
MERCH_HIBAS_00104,high_stable_fraud,936,39,118,5,0.1261,0.1382,661,29,0.3358,0.2656,0,0.0121,1.0959,1.0,1.3448,-0.0702
MERCH_FLASH_00488,flash_sale_high_vol,780,229,10,2,0.0131,0.0081,715,212,0.0494,0.1129,0,-0.005,0.6212,7.0462,1.0802,0.0635
MERCH_STD_01350,standard_stable,2660,99,38,1,0.0146,0.012,2079,84,0.0358,0.0742,0,-0.0026,0.8231,0.8932,1.1786,0.0384
MERCH_SPIKE_RUSH_00218,syndicate_bot_rush,560,104,19,48,0.0342,0.459,459,28,0.0697,0.8243,1,0.4248,13.3848,4.4571,3.7143,0.7546
MERCH_HIBAS_00082,high_stable_fraud,1478,52,169,6,0.1146,0.1228,1032,37,0.3233,0.3552,0,0.0082,1.0715,0.8444,1.4054,0.0319
MERCH_SPIKE_ATO_00279,targeted_ato_surge,686,83,13,39,0.0195,0.4654,548,26,0.0358,0.6544,1,0.4459,23.75,2.9038,3.1923,0.6186
MERCH_SPIKE_ATO_00034,targeted_ato_surge,902,120,22,62,0.0248,0.5183,721,55,0.0401,0.8797,1,0.4935,20.8193,3.1929,2.1818,0.8396
MERCH_STD_00627,standard_stable,861,36,15,1,0.0179,0.0147,699,28,0.0838,0.0984,0,-0.0032,0.8222,1.0035,1.2857,0.0146
MERCH_STD_01150,standard_stable,3184,142,122,6,0.0386,0.0438,2575,115,0.0488,0.1028,0,0.0052,1.1344,1.0704,1.2348,0.054
MERCH_STD_00469,standard_stable,1736,71,46,2,0.027,0.0289,1239,63,0.0748,0.0382,0,0.0019,1.0701,0.9816,1.127,-0.0366
MERCH_STD_01064,standard_stable,2754,111,79,3,0.029,0.0308,2157,93,0.0242,0.0755,0,0.0018,1.0619,0.9673,1.1935,0.0513
MERCH_STD_01598,standard_stable,805,33,18,1,0.023,0.0241,709,26,0.0643,0.0623,0,0.0011,1.0476,0.9839,1.2692,-0.002
MERCH_SPIKE_RUSH_00311,syndicate_bot_rush,637,185,19,65,0.0311,0.352,522,73,0.0513,0.7457,1,0.3209,11.2853,6.9702,2.5342,0.6944
MERCH_ORG_00139,organic_growth,547,27,8,0,0.0161,0.0181,464,22,0.0799,0.0558,0,0.002,1.1235,1.1846,1.2273,-0.0241
MERCH_STD_01145,standard_stable,2744,133,75,3,0.0275,0.0247,2235,109,0.0639,0.1069,0,-0.0028,0.8986,1.1633,1.2202,0.043
MERCH_STD_01555,standard_stable,729,25,25,1,0.0351,0.0383,510,20,0.049,0.0581,0,0.0032,1.0909,0.823,1.25,0.0091
MERCH_SPIKE_RUSH_00207,syndicate_bot_rush,1341,194,40,93,0.0299,0.4784,1099,80,0.0662,0.7664,1,0.4485,15.95,3.472,2.425,0.7002
MERCH_FLASH_00432,flash_sale_high_vol,1070,376,17,5,0.0166,0.0145,943,326,0.047,0.1042,0,-0.0021,0.8743,8.4336,1.1534,0.0572
MERCH_FLASH_00289,flash_sale_high_vol,1906,312,29,8,0.0154,0.0241,1674,259,0.0539,0.0835,0,0.0087,1.5613,3.9286,1.2046,0.0296
MERCH_STD_01465,standard_stable,1981,96,33,2,0.017,0.0168,1754,70,0.0347,0.0796,0,-0.0002,0.9883,1.163,1.3714,0.0449
MERCH_ORG_00069,organic_growth,750,44,19,1,0.0263,0.0268,637,37,0.0208,0.0216,0,0.0005,1.0189,1.408,1.1892,0.0008
MERCH_STD_00112,standard_stable,1237,50,29,1,0.0237,0.0204,1022,38,0.0937,0.0519,0,-0.0033,0.8613,0.9701,1.3158,-0.0418
MERCH_SPIKE_RUSH_00221,syndicate_bot_rush,837,125,26,44,0.032,0.35,686,39,0.0599,0.9167,1,0.318,10.9065,3.5842,3.2051,0.8568
MERCH_SPIKE_ATO_00009,targeted_ato_surge,809,109,20,36,0.0249,0.3263,647,42,0.0842,0.7401,1,0.3014,13.056,3.2336,2.5952,0.6559
MERCH_STD_00373,standard_stable,2832,106,31,1,0.011,0.009,2168,84,0.0485,0.0761,0,-0.002,0.8198,0.8983,1.2619,0.0276
MERCH_STD_01285,standard_stable,1219,47,38,2,0.0316,0.036,985,37,0.0352,0.0353,0,0.0044,1.1388,0.9253,1.2703,0.0001
MERCH_SPIKE_ATO_00201,targeted_ato_surge,1011,122,23,49,0.0236,0.4056,808,44,0.1122,0.8031,1,0.382,17.1181,2.8961,2.7727,0.6909
MERCH_FLASH_00368,flash_sale_high_vol,797,192,14,2,0.0181,0.0118,711,174,0.0772,0.0728,0,-0.0063,0.6538,5.7817,1.1034,-0.0044
MERCH_HIBAS_00147,high_stable_fraud,1248,49,180,8,0.1448,0.1593,771,36,0.3666,0.2939,0,0.0145,1.1001,0.9423,1.3611,-0.0727
MERCH_SPIKE_ATO_00227,targeted_ato_surge,535,55,19,19,0.0368,0.3528,428,20,0.0385,0.8434,1,0.316,9.5637,2.4673,2.75,0.8049
MERCH_HIBAS_00029,high_stable_fraud,1241,50,142,6,0.1149,0.1224,969,32,0.3897,0.3534,0,0.0075,1.0652,0.967,1.5625,-0.0363
MERCH_FLASH_00381,flash_sale_high_vol,1726,566,31,10,0.0181,0.0173,1557,472,0.0464,0.075,0,-0.0008,0.956,7.8702,1.1992,0.0286
MERCH_STD_01019,standard_stable,2638,104,65,3,0.0247,0.0258,1912,76,0.0442,0.0371,0,0.0011,1.0444,0.9462,1.3684,-0.0071
MERCH_SPIKE_ATO_00210,targeted_ato_surge,1097,110,20,58,0.019,0.5312,877,49,0.0995,0.8579,1,0.5122,27.8168,2.4066,2.2449,0.7584
MERCH_STD_00949,standard_stable,1188,41,38,1,0.0322,0.0272,1057,29,0.0406,0.0383,0,-0.005,0.8452,0.8283,1.4138,-0.0023
MERCH_FLASH_00442,flash_sale_high_vol,1348,426,19,6,0.0145,0.0152,1015,375,0.0606,0.071,0,0.0007,1.0479,7.5846,1.136,0.0104
MERCH_SPIKE_RUSH_00191,syndicate_bot_rush,1049,283,18,88,0.018,0.3124,860,108,0.0532,0.6804,1,0.2944,17.2652,6.4747,2.6204,0.6272
MERCH_HIBAS_00099,high_stable_fraud,1626,78,237,11,0.1463,0.1448,1151,49,0.2793,0.3404,0,-0.0015,0.9898,1.1513,1.5918,0.0611
MERCH_NOISE_00018,low_volume_noise,74,2,1,1,0.0135,0.5,66,2,0.0497,0.024,0,0.4865,36.7721,0.6486,1.0,-0.0257
MERCH_STD_00506,standard_stable,1466,59,25,1,0.0176,0.0161,1046,49,0.0201,0.0876,0,-0.0015,0.9153,0.9659,1.2041,0.0675
MERCH_ORG_00034,organic_growth,1439,83,42,3,0.0296,0.0306,1223,70,0.0798,0.0208,0,0.001,1.0337,1.3843,1.1857,-0.059
MERCH_NOISE_00269,low_volume_noise,45,1,0,1,0.0,1.0,40,1,0.1328,0.0864,0,1.0,10001.0,0.5333,1.0,-0.0464
MERCH_FLASH_00008,flash_sale_high_vol,1205,215,28,2,0.0233,0.0114,965,202,0.0396,0.0318,0,-0.0119,0.4915,4.2822,1.0644,-0.0078
MERCH_STD_00022,standard_stable,1412,47,24,1,0.0172,0.0195,1031,34,0.068,0.1075,0,0.0023,1.1329,0.7989,1.3824,0.0395
MERCH_FLASH_00342,flash_sale_high_vol,1176,292,18,5,0.0159,0.0185,976,262,0.0646,0.0857,0,0.0026,1.1625,5.9592,1.1145,0.0211
MERCH_SPIKE_RUSH_00351,syndicate_bot_rush,1075,210,11,56,0.0103,0.2684,881,65,0.0219,0.6606,1,0.2581,25.8173,4.6884,3.2308,0.6387
MERCH_FLASH_00584,flash_sale_high_vol,1230,293,12,4,0.0101,0.0128,1042,274,0.0504,0.0908,0,0.0027,1.2647,5.7171,1.0693,0.0404
MERCH_ORG_00152,organic_growth,937,49,9,1,0.0101,0.0118,796,41,0.0542,0.0211,0,0.0017,1.1667,1.2551,1.1951,-0.0331
MERCH_ORG_00040,organic_growth,599,35,10,1,0.0174,0.0391,509,29,0.059,0.051,0,0.0217,2.24,1.4023,1.2069,-0.008
MERCH_STD_00855,standard_stable,2101,81,44,1,0.0212,0.0172,1648,63,0.038,0.0447,0,-0.004,0.8122,0.9253,1.2857,0.0067
MERCH_FLASH_00422,flash_sale_high_vol,2298,431,27,6,0.012,0.0147,1839,371,0.0224,0.0359,0,0.0027,1.2231,4.5013,1.1617,0.0135
MERCH_HIBAS_00285,high_stable_fraud,1408,58,163,7,0.116,0.1133,1044,36,0.3244,0.413,0,-0.0027,0.9767,0.9886,1.6111,0.0886
MERCH_HIBAS_00070,high_stable_fraud,1436,56,184,7,0.1282,0.1285,936,37,0.3968,0.3167,0,0.0003,1.0023,0.9359,1.5135,-0.0801
MERCH_FLASH_00138,flash_sale_high_vol,2313,631,65,8,0.0284,0.0122,1904,541,0.0221,0.0669,0,-0.0162,0.4316,6.5473,1.1664,0.0448
MERCH_STD_01031,standard_stable,715,29,26,1,0.0376,0.0391,506,25,0.0237,0.0514,0,0.0015,1.0398,0.9734,1.16,0.0277
MERCH_SPIKE_ATO_00245,targeted_ato_surge,564,46,9,17,0.017,0.3642,451,18,0.0463,0.5892,1,0.3472,21.3041,1.9574,2.5556,0.5429
MERCH_FLASH_00291,flash_sale_high_vol,762,221,22,5,0.0295,0.0221,574,202,0.0491,0.0899,0,-0.0074,0.75,6.9606,1.0941,0.0408
MERCH_STD_00534,standard_stable,2110,80,68,2,0.0327,0.0289,1496,63,0.0852,0.093,0,-0.0038,0.8841,0.91,1.2698,0.0078
MERCH_SPIKE_RUSH_00292,syndicate_bot_rush,1331,225,13,51,0.0103,0.2258,1091,56,0.0226,0.8065,1,0.2155,21.7212,4.0571,4.0179,0.7839
MERCH_HIBAS_00412,high_stable_fraud,1727,87,213,11,0.1238,0.1269,1375,64,0.3586,0.2629,0,0.0031,1.025,1.209,1.3594,-0.0957
MERCH_FLASH_00431,flash_sale_high_vol,932,195,12,2,0.0129,0.012,745,165,0.0631,0.0459,0,-0.0009,0.9308,5.0215,1.1818,-0.0172
MERCH_STD_00331,standard_stable,2002,91,27,1,0.0138,0.0138,1729,75,0.0768,0.0916,0,0.0,1.0,1.0909,1.2133,0.0148
MERCH_STD_00928,standard_stable,1692,68,42,1,0.0253,0.0217,1192,48,0.0923,0.1083,0,-0.0036,0.8583,0.9645,1.4167,0.016
MERCH_FLASH_00150,flash_sale_high_vol,1704,291,37,3,0.0222,0.0111,1432,263,0.0509,0.062,0,-0.0111,0.5022,4.0986,1.1065,0.0111
MERCH_STD_01090,standard_stable,2465,90,78,3,0.0319,0.0366,2065,64,0.0553,0.0968,0,0.0047,1.1469,0.8763,1.4062,0.0415
MERCH_SPIKE_RUSH_00431,syndicate_bot_rush,1720,350,22,133,0.0128,0.3805,1410,142,0.0669,0.896,1,0.3677,29.5039,4.8837,2.4648,0.8291
MERCH_NOISE_00294,low_volume_noise,47,2,0,1,0.0,0.5,42,2,0.1038,0.1738,0,0.5,5001.0,1.0213,1.0,0.07
MERCH_STD_00080,standard_stable,2747,116,101,4,0.0371,0.0324,2231,83,0.0722,0.1155,0,-0.0047,0.8737,1.0135,1.3976,0.0433
MERCH_FLASH_00298,flash_sale_high_vol,1166,211,24,5,0.021,0.0214,1038,175,0.0679,0.0625,0,0.0004,1.019,4.3431,1.2057,-0.0054
MERCH_SPIKE_ATO_00189,targeted_ato_surge,861,85,16,48,0.0188,0.5697,688,29,0.0429,0.8107,1,0.5509,30.1481,2.3693,2.931,0.7678
MERCH_FLASH_00517,flash_sale_high_vol,1283,257,27,3,0.0215,0.0136,1086,221,0.0296,0.0849,0,-0.0079,0.6343,4.8075,1.1629,0.0553
MERCH_STD_00980,standard_stable,3637,169,141,6,0.0389,0.036,3173,145,0.0821,0.1096,0,-0.0029,0.9256,1.1152,1.1655,0.0275
MERCH_HIBAS_00405,high_stable_fraud,1283,49,140,6,0.1094,0.114,775,35,0.3276,0.3085,0,0.0046,1.042,0.9166,1.4,-0.0191
MERCH_STD_00104,standard_stable,3190,122,102,4,0.0321,0.0304,2491,103,0.0818,0.0407,0,-0.0017,0.9472,0.9179,1.1845,-0.0411
MERCH_SPIKE_RUSH_00101,syndicate_bot_rush,592,184,19,75,0.033,0.4059,485,50,0.0565,0.7753,1,0.3729,12.2659,7.4595,3.68,0.7188
MERCH_NOISE_00128,low_volume_noise,38,1,0,1,0.0,1.0,34,1,0.119,0.2285,0,1.0,10001.0,0.6316,1.0,0.1095
MERCH_SPIKE_ATO_00039,targeted_ato_surge,543,59,13,32,0.0251,0.5461,434,23,0.0547,0.6429,1,0.521,21.6746,2.6077,2.5652,0.5882
MERCH_FLASH_00308,flash_sale_high_vol,851,151,20,2,0.024,0.0119,744,124,0.0615,0.0946,0,-0.0121,0.4979,4.2585,1.2177,0.0331
MERCH_STD_01048,standard_stable,1137,41,37,1,0.0334,0.0326,952,35,0.0597,0.0406,0,-0.0008,0.9761,0.8654,1.1714,-0.0191
MERCH_NOISE_00193,low_volume_noise,52,2,1,1,0.0192,0.5,46,2,0.0824,0.1267,0,0.4808,25.9119,0.9231,1.0,0.0443
MERCH_NOISE_00166,low_volume_noise,88,1,0,0,0.0,0.0,79,1,0.142,0.0487,0,0.0,1.0,0.2727,1.0,-0.0933
MERCH_NOISE_00240,low_volume_noise,42,2,0,0,0.0,0.0,37,2,0.1323,0.0667,0,0.0,1.0,1.1429,1.0,-0.0656
MERCH_HIBAS_00162,high_stable_fraud,1062,49,118,5,0.1118,0.1048,733,32,0.2531,0.3308,0,-0.007,0.9374,1.1073,1.5312,0.0777
MERCH_HIBAS_00273,high_stable_fraud,1149,44,159,6,0.1384,0.1366,888,33,0.3555,0.33,0,-0.0018,0.987,0.9191,1.3333,-0.0255
MERCH_FLASH_00116,flash_sale_high_vol,1320,443,26,8,0.0201,0.0185,1060,416,0.062,0.0539,0,-0.0016,0.9208,8.0545,1.0649,-0.0081
MERCH_FLASH_00286,flash_sale_high_vol,1906,329,34,6,0.0179,0.0171,1676,311,0.0735,0.0378,0,-0.0008,0.9556,4.1427,1.0579,-0.0357
MERCH_STD_00580,standard_stable,1359,50,50,2,0.0373,0.0365,1053,35,0.0434,0.0323,0,-0.0008,0.9786,0.883,1.4286,-0.0111
MERCH_STD_01166,standard_stable,2278,117,27,1,0.0121,0.0128,1709,92,0.096,0.0639,0,0.0007,1.0574,1.2327,1.2717,-0.0321
MERCH_STD_01151,standard_stable,1301,58,34,2,0.0268,0.0265,1087,46,0.0727,0.0874,0,-0.0003,0.9888,1.0699,1.2609,0.0147
MERCH_SPIKE_RUSH_00196,syndicate_bot_rush,559,90,11,31,0.0207,0.3431,458,28,0.0595,0.8592,1,0.3224,16.5,3.864,3.2143,0.7997
MERCH_FLASH_00267,flash_sale_high_vol,1914,451,40,7,0.0212,0.0153,1595,391,0.0463,0.0489,0,-0.0059,0.723,5.6552,1.1535,0.0026
MERCH_FLASH_00414,flash_sale_high_vol,925,267,22,4,0.0241,0.0134,773,222,0.0502,0.0759,0,-0.0107,0.5579,6.9276,1.2027,0.0257
MERCH_FLASH_00495,flash_sale_high_vol,2343,398,68,5,0.0291,0.013,1941,356,0.0622,0.1007,0,-0.0161,0.4486,4.0768,1.118,0.0385
MERCH_FLASH_00263,flash_sale_high_vol,1600,438,44,6,0.0279,0.0134,1210,411,0.0795,0.0414,0,-0.0145,0.4821,6.57,1.0657,-0.0381
MERCH_HIBAS_00342,high_stable_fraud,684,34,96,5,0.1415,0.1384,516,20,0.3736,0.373,0,-0.0031,0.9781,1.193,1.7,-0.0006
MERCH_STD_00365,standard_stable,2001,73,39,2,0.0197,0.021,1414,55,0.0275,0.0391,0,0.0013,1.0657,0.8756,1.3273,0.0116
MERCH_STD_00560,standard_stable,2852,135,73,3,0.0257,0.0226,2507,99,0.0908,0.0963,0,-0.0031,0.8798,1.136,1.3636,0.0055
MERCH_NOISE_00224,low_volume_noise,31,2,0,0,0.0,0.0,27,2,0.0942,0.222,0,0.0,1.0,1.5484,1.0,0.1278
MERCH_STD_00870,standard_stable,2200,109,38,2,0.0176,0.0155,1887,79,0.0843,0.0386,0,-0.0021,0.8814,1.1891,1.3797,-0.0457
MERCH_FLASH_00201,flash_sale_high_vol,1148,327,18,6,0.0162,0.0177,964,308,0.0393,0.0872,0,0.0015,1.092,6.8362,1.0617,0.0479
MERCH_FLASH_00485,flash_sale_high_vol,1472,313,22,5,0.0152,0.0169,1108,285,0.038,0.0684,0,0.0017,1.1111,5.1033,1.0982,0.0304
MERCH_STD_00586,standard_stable,613,29,22,1,0.0361,0.036,546,25,0.086,0.106,0,-0.0001,0.9972,1.1354,1.16,0.02
MERCH_SPIKE_RUSH_00350,syndicate_bot_rush,555,123,7,33,0.0131,0.2655,455,32,0.0627,0.9119,1,0.2524,20.1212,5.3189,3.8438,0.8492
MERCH_SPIKE_ATO_00229,targeted_ato_surge,1041,137,36,79,0.0355,0.5753,832,68,0.0338,0.7031,1,0.5398,16.1629,3.1585,2.0147,0.6693
MERCH_SPIKE_RUSH_00319,syndicate_bot_rush,1163,218,38,54,0.0328,0.2492,953,83,0.0355,0.8186,1,0.2164,7.5775,4.4987,2.6265,0.7831
MERCH_STD_00411,standard_stable,613,25,7,0,0.0128,0.0141,481,18,0.0238,0.0225,0,0.0013,1.1008,0.9788,1.3889,-0.0013
MERCH_STD_01096,standard_stable,801,32,22,1,0.0284,0.0284,585,25,0.0248,0.1126,0,0.0,1.0,0.9588,1.28,0.0878
MERCH_FLASH_00025,flash_sale_high_vol,1379,252,24,5,0.0181,0.0184,1156,238,0.0649,0.1188,0,0.0003,1.0165,4.3858,1.0588,0.0539
MERCH_STD_00977,standard_stable,2599,119,74,3,0.0285,0.0265,2244,104,0.0884,0.0531,0,-0.002,0.9301,1.0989,1.1442,-0.0353
MERCH_SPIKE_RUSH_00307,syndicate_bot_rush,875,148,22,81,0.026,0.5473,717,56,0.0314,0.8988,1,0.5213,20.9732,4.0594,2.6429,0.8674
MERCH_FLASH_00184,flash_sale_high_vol,1379,365,35,6,0.0255,0.0156,1264,330,0.0454,0.1164,0,-0.0099,0.6133,6.3524,1.1061,0.071
MERCH_STD_00553,standard_stable,591,20,17,1,0.0288,0.0267,516,16,0.053,0.0665,0,-0.0021,0.9273,0.8122,1.25,0.0135
MERCH_HIBAS_00421,high_stable_fraud,1412,50,143,5,0.1014,0.1026,877,32,0.3624,0.2544,0,0.0012,1.0118,0.8499,1.5625,-0.108
MERCH_STD_01523,standard_stable,1130,48,40,1,0.0361,0.0303,908,34,0.0818,0.0262,0,-0.0058,0.8398,1.0195,1.4118,-0.0556
MERCH_SPIKE_ATO_00305,targeted_ato_surge,879,111,33,28,0.0377,0.25,703,41,0.0462,0.6492,1,0.2123,6.6164,3.0307,2.7073,0.603
MERCH_STD_00282,standard_stable,2508,107,73,3,0.0292,0.0236,2236,87,0.0825,0.0577,0,-0.0056,0.8089,1.0239,1.2299,-0.0248
MERCH_HIBAS_00474,high_stable_fraud,916,41,136,7,0.1485,0.1618,621,30,0.2935,0.3604,0,0.0133,1.0895,1.0742,1.3667,0.0669
MERCH_HIBAS_00351,high_stable_fraud,676,27,76,3,0.1125,0.1205,470,17,0.3363,0.2716,0,0.008,1.071,0.9586,1.5882,-0.0647
MERCH_SPIKE_RUSH_00302,syndicate_bot_rush,618,91,18,29,0.0302,0.3141,506,34,0.0398,0.7943,1,0.2839,10.3696,3.534,2.6765,0.7545
MERCH_SPIKE_ATO_00078,targeted_ato_surge,408,45,14,20,0.0365,0.4412,326,13,0.0742,0.6932,1,0.4047,12.0574,2.6471,3.4615,0.619
MERCH_STD_00503,standard_stable,2715,116,33,2,0.0125,0.0139,2362,98,0.0646,0.0924,0,0.0014,1.1111,1.0254,1.1837,0.0278
MERCH_STD_00927,standard_stable,1185,42,41,1,0.0348,0.0334,1003,30,0.0653,0.0872,0,-0.0014,0.9599,0.8506,1.4,0.0219
MERCH_ORG_00157,organic_growth,976,55,23,1,0.0242,0.0117,829,46,0.0628,0.0712,0,-0.0125,0.4856,1.3525,1.1957,0.0084
MERCH_STD_00321,standard_stable,904,38,23,1,0.0265,0.027,672,26,0.0953,0.0308,0,0.0005,1.0188,1.0088,1.4615,-0.0645
MERCH_SPIKE_ATO_00026,targeted_ato_surge,977,92,25,51,0.0265,0.5541,781,29,0.0737,0.5868,1,0.5276,20.8346,2.26,3.1724,0.5131
MERCH_HIBAS_00362,high_stable_fraud,1904,79,249,10,0.1309,0.1281,1437,50,0.2568,0.3419,0,-0.0028,0.9786,0.9958,1.58,0.0851
MERCH_FLASH_00333,flash_sale_high_vol,1896,388,39,7,0.0209,0.0176,1431,344,0.0741,0.0304,0,-0.0033,0.8429,4.9114,1.1279,-0.0437
MERCH_STD_00494,standard_stable,1167,43,22,1,0.0191,0.0177,1021,37,0.0288,0.0658,0,-0.0014,0.9271,0.8843,1.1622,0.037
MERCH_SPIKE_ATO_00211,targeted_ato_surge,705,76,21,33,0.03,0.4333,564,24,0.0657,0.7154,1,0.4033,14.3987,2.5872,3.1667,0.6497
MERCH_SPIKE_ATO_00050,targeted_ato_surge,502,63,9,29,0.0196,0.4524,401,29,0.0363,0.8873,1,0.4328,22.9695,3.012,2.1724,0.851
MERCH_FLASH_00075,flash_sale_high_vol,2243,511,24,4,0.011,0.0083,2020,422,0.0575,0.0814,0,-0.0027,0.7568,5.4677,1.2109,0.0239
MERCH_HIBAS_00393,high_stable_fraud,1845,80,230,10,0.1249,0.1262,1158,59,0.3369,0.3462,0,0.0013,1.0104,1.0407,1.3559,0.0093
MERCH_NOISE_00214,low_volume_noise,27,2,2,0,0.0741,0.0,24,2,0.0651,0.072,0,-0.0741,0.0013,1.7778,1.0,0.0069
MERCH_STD_00516,standard_stable,624,24,19,1,0.0307,0.0273,461,16,0.0579,0.0239,0,-0.0034,0.8896,0.9231,1.5,-0.034
MERCH_SPIKE_ATO_00234,targeted_ato_surge,966,90,30,45,0.032,0.5007,772,29,0.032,0.6044,1,0.4687,15.6012,2.236,3.1034,0.5724
MERCH_FLASH_00441,flash_sale_high_vol,1769,460,19,5,0.0109,0.0105,1440,436,0.0513,0.0331,0,-0.0004,0.9636,6.2408,1.055,-0.0182
MERCH_SPIKE_ATO_00214,targeted_ato_surge,415,48,8,17,0.0207,0.3461,332,23,0.0832,0.75,1,0.3254,16.6442,2.7759,2.087,0.6668
MERCH_NOISE_00301,low_volume_noise,85,3,0,0,0.0,0.0,76,3,0.0224,0.0453,0,0.0,1.0,0.8471,1.0,0.0229
MERCH_STD_00143,standard_stable,3239,128,67,3,0.0208,0.0202,2677,113,0.0946,0.0591,0,-0.0006,0.9713,0.9484,1.1327,-0.0355
MERCH_HIBAS_00395,high_stable_fraud,728,34,109,5,0.1509,0.1589,487,24,0.3898,0.2981,0,0.008,1.053,1.1209,1.4167,-0.0917
MERCH_STD_00861,standard_stable,2046,96,70,4,0.0345,0.0385,1670,77,0.0716,0.0488,0,0.004,1.1156,1.1261,1.2468,-0.0228
MERCH_SPIKE_ATO_00164,targeted_ato_surge,898,101,35,34,0.0394,0.3349,718,35,0.1016,0.8963,1,0.2955,8.481,2.6993,2.8857,0.7947
MERCH_FLASH_00372,flash_sale_high_vol,1524,316,37,7,0.0245,0.0231,1260,282,0.0753,0.0964,0,-0.0014,0.9431,4.9764,1.1206,0.0211
MERCH_STD_01349,standard_stable,1591,62,57,2,0.0361,0.0358,1352,53,0.0812,0.0584,0,-0.0003,0.9917,0.9353,1.1698,-0.0228
MERCH_SPIKE_RUSH_00021,syndicate_bot_rush,1206,232,13,126,0.0108,0.5438,988,92,0.062,0.9087,1,0.533,49.8991,4.6169,2.5217,0.8467
MERCH_HIBAS_00450,high_stable_fraud,1284,46,133,5,0.1039,0.1133,892,34,0.283,0.2903,0,0.0094,1.0904,0.8598,1.3529,0.0073
MERCH_STD_01563,standard_stable,795,32,11,1,0.0146,0.0161,617,25,0.0679,0.116,0,0.0015,1.102,0.966,1.28,0.0481
MERCH_SPIKE_RUSH_00386,syndicate_bot_rush,1292,344,16,179,0.013,0.5208,1059,153,0.0361,0.926,1,0.5078,39.7634,6.3901,2.2484,0.8899
MERCH_SPIKE_RUSH_00140,syndicate_bot_rush,1774,412,32,219,0.0181,0.5317,1454,111,0.0835,0.8669,1,0.5136,29.2198,5.5738,3.7117,0.7834
MERCH_NOISE_00218,low_volume_noise,30,2,2,0,0.0667,0.0,27,2,0.1362,0.0195,0,-0.0667,0.0015,1.6,1.0,-0.1167
MERCH_SPIKE_ATO_00147,targeted_ato_surge,936,103,20,37,0.0221,0.3615,748,35,0.0397,0.5511,1,0.3394,16.2883,2.641,2.9429,0.5114
MERCH_HIBAS_00467,high_stable_fraud,1746,79,273,13,0.1569,0.1696,1088,57,0.376,0.3838,0,0.0127,1.0809,1.0859,1.386,0.0078
MERCH_STD_00697,standard_stable,2022,86,24,1,0.0122,0.0099,1426,68,0.0377,0.0794,0,-0.0023,0.813,1.0208,1.2647,0.0417
MERCH_SPIKE_RUSH_00254,syndicate_bot_rush,1158,185,24,73,0.0209,0.3926,949,53,0.0666,0.9475,1,0.3717,18.7,3.8342,3.4906,0.8809
MERCH_NOISE_00005,low_volume_noise,51,3,1,0,0.0196,0.0,45,3,0.127,0.1256,0,-0.0196,0.0051,1.4118,1.0,-0.0014
MERCH_STD_00705,standard_stable,1754,80,25,1,0.0145,0.0167,1545,70,0.0561,0.0484,0,0.0022,1.1507,1.0946,1.1429,-0.0077
MERCH_STD_01158,standard_stable,2017,86,78,3,0.039,0.0325,1419,72,0.0337,0.0388,0,-0.0065,0.8338,1.0233,1.1944,0.0051
MERCH_STD_00966,standard_stable,926,31,16,1,0.0177,0.02,741,23,0.0209,0.0235,0,0.0023,1.1292,0.8035,1.3478,0.0026
MERCH_SPIKE_ATO_00240,targeted_ato_surge,892,103,16,34,0.0189,0.3337,713,44,0.0431,0.801,1,0.3148,17.5684,2.7713,2.3409,0.7579
MERCH_STD_00233,standard_stable,2698,125,56,3,0.0208,0.0214,2003,110,0.0474,0.0239,0,0.0006,1.0287,1.1119,1.1364,-0.0235
MERCH_STD_01322,standard_stable,514,22,7,0,0.0146,0.0163,363,16,0.0474,0.0456,0,0.0017,1.1156,1.0272,1.375,-0.0018
MERCH_FLASH_00476,flash_sale_high_vol,778,229,10,4,0.0131,0.0189,707,206,0.021,0.0759,0,0.0058,1.4394,7.0643,1.1117,0.0549
MERCH_STD_00691,standard_stable,609,24,13,0,0.0215,0.0193,445,19,0.0756,0.0395,0,-0.0022,0.8981,0.9458,1.2632,-0.0361
MERCH_STD_01344,standard_stable,874,39,24,1,0.0284,0.0254,662,30,0.0596,0.059,0,-0.003,0.8947,1.0709,1.3,-0.0006
MERCH_SPIKE_ATO_00035,targeted_ato_surge,415,33,6,12,0.0157,0.3604,332,14,0.1109,0.7833,1,0.3447,22.8165,1.9084,2.3571,0.6724
MERCH_STD_00975,standard_stable,3257,108,87,2,0.027,0.0227,2910,90,0.0802,0.0876,0,-0.0043,0.8413,0.7958,1.2,0.0074
MERCH_STD_00475,standard_stable,1913,80,64,3,0.0338,0.0405,1522,68,0.089,0.0412,0,0.0067,1.1976,1.0037,1.1765,-0.0478
MERCH_STD_01594,standard_stable,2970,131,67,3,0.0228,0.021,2335,101,0.0474,0.0588,0,-0.0018,0.9214,1.0586,1.297,0.0114
MERCH_ORG_00158,organic_growth,882,55,28,2,0.0325,0.0344,749,46,0.0757,0.0541,0,0.0019,1.0583,1.4966,1.1957,-0.0216
MERCH_STD_01054,standard_stable,2733,134,86,4,0.0316,0.0298,2459,110,0.0799,0.0452,0,-0.0018,0.9432,1.1767,1.2182,-0.0347
MERCH_STD_01002,standard_stable,574,27,17,1,0.0305,0.0281,513,23,0.0721,0.0592,0,-0.0024,0.9216,1.1289,1.1739,-0.0129
MERCH_HIBAS_00219,high_stable_fraud,1580,65,202,8,0.1279,0.1172,1040,46,0.3692,0.4051,0,-0.0107,0.9164,0.9873,1.413,0.0359
MERCH_STD_01487,standard_stable,3676,151,59,3,0.0162,0.0181,3208,113,0.0561,0.0422,0,0.0019,1.1166,0.9859,1.3363,-0.0139
MERCH_SPIKE_RUSH_00190,syndicate_bot_rush,1704,385,17,160,0.0103,0.4162,1397,131,0.087,0.8432,1,0.4059,40.0288,5.4225,2.9389,0.7562
MERCH_STD_00508,standard_stable,2813,135,83,3,0.0298,0.0243,2280,110,0.0443,0.1076,0,-0.0055,0.8161,1.1518,1.2273,0.0633
MERCH_STD_00283,standard_stable,519,21,13,0,0.0252,0.0236,389,16,0.05,0.117,0,-0.0016,0.9368,0.9711,1.3125,0.067
MERCH_FLASH_00268,flash_sale_high_vol,1795,524,50,5,0.0282,0.0088,1547,447,0.0758,0.1142,0,-0.0194,0.3145,7.0061,1.1723,0.0384
MERCH_HIBAS_00117,high_stable_fraud,1835,80,207,9,0.1129,0.1174,1125,59,0.2819,0.2933,0,0.0045,1.0398,1.0463,1.3559,0.0114
MERCH_STD_01058,standard_stable,2804,139,106,5,0.038,0.0359,2133,101,0.0933,0.0828,0,-0.0021,0.9449,1.1897,1.3762,-0.0105
MERCH_SPIKE_ATO_00167,targeted_ato_surge,388,34,11,12,0.0297,0.3605,310,11,0.0386,0.7866,1,0.3308,12.1007,2.1031,3.0909,0.748
MERCH_SPIKE_RUSH_00043,syndicate_bot_rush,721,207,22,105,0.0318,0.5077,591,63,0.0694,0.7669,1,0.4759,15.9185,6.8904,3.2857,0.6975
MERCH_FLASH_00273,flash_sale_high_vol,970,254,24,2,0.0255,0.0089,830,233,0.0436,0.0521,0,-0.0166,0.3516,6.2845,1.0901,0.0085
MERCH_NOISE_00066,low_volume_noise,40,2,0,0,0.0,0.0,36,2,0.1483,0.2238,0,0.0,1.0,1.2,1.0,0.0755
MERCH_SPIKE_RUSH_00385,syndicate_bot_rush,1374,283,21,153,0.016,0.5417,1126,86,0.078,0.9334,1,0.5257,33.6522,4.9432,3.2907,0.8554
MERCH_FLASH_00636,flash_sale_high_vol,1317,319,14,3,0.0113,0.0105,1179,271,0.0777,0.0916,0,-0.0008,0.9298,5.8132,1.1771,0.0139
MERCH_STD_00481,standard_stable,3082,110,88,3,0.0286,0.0252,2497,78,0.0793,0.104,0,-0.0034,0.8815,0.8566,1.4103,0.0247
MERCH_SPIKE_RUSH_00200,syndicate_bot_rush,1055,142,14,72,0.0134,0.5038,865,49,0.0202,0.8088,1,0.4904,37.3259,3.2303,2.898,0.7886
MERCH_NOISE_00162,low_volume_noise,84,1,0,0,0.0,0.0,75,1,0.0198,0.0201,0,0.0,1.0,0.2857,1.0,0.0003
MERCH_ORG_00119,organic_growth,1276,77,26,3,0.0205,0.0328,1084,65,0.0377,0.0702,0,0.0123,1.5971,1.4483,1.1846,0.0325
MERCH_SPIKE_RUSH_00133,syndicate_bot_rush,1370,314,34,160,0.0249,0.5088,1123,93,0.0337,0.8154,1,0.4839,20.356,5.5007,3.3763,0.7817
MERCH_FLASH_00321,flash_sale_high_vol,886,136,26,3,0.0295,0.0233,690,120,0.0607,0.0623,0,-0.0062,0.7905,3.684,1.1333,0.0016
MERCH_HIBAS_00018,high_stable_fraud,1119,47,139,6,0.1251,0.1275,788,29,0.2907,0.3974,0,0.0024,1.0192,1.008,1.6207,0.1067
MERCH_STD_00698,standard_stable,508,21,16,1,0.0318,0.0338,431,14,0.0816,0.0468,0,0.002,1.0627,0.9921,1.5,-0.0348
MERCH_FLASH_00509,flash_sale_high_vol,793,171,17,2,0.0221,0.0105,711,139,0.0623,0.0675,0,-0.0116,0.4775,5.1753,1.2302,0.0052
MERCH_STD_01205,standard_stable,1622,69,22,1,0.0137,0.0152,1341,51,0.0844,0.0414,0,0.0015,1.1087,1.021,1.3529,-0.043
MERCH_NOISE_00290,low_volume_noise,67,2,0,1,0.0,0.5,60,2,0.1397,0.2353,0,0.5,5001.0,0.7164,1.0,0.0956
MERCH_STD_00606,standard_stable,1410,55,29,1,0.0206,0.0202,988,44,0.0798,0.0375,0,-0.0004,0.9807,0.9362,1.25,-0.0423
MERCH_STD_00672,standard_stable,1791,81,18,1,0.0102,0.0122,1443,62,0.0514,0.0296,0,0.002,1.1942,1.0854,1.3065,-0.0218
MERCH_STD_01231,standard_stable,3221,137,116,6,0.0362,0.0428,2457,98,0.0616,0.0428,0,0.0066,1.1818,1.0208,1.398,-0.0188
MERCH_NOISE_00124,low_volume_noise,40,2,0,0,0.0,0.0,36,2,0.0525,0.0624,0,0.0,1.0,1.2,1.0,0.0099
MERCH_STD_00378,standard_stable,595,20,22,1,0.0378,0.0319,498,16,0.0255,0.1034,0,-0.0059,0.8443,0.8067,1.25,0.0779
MERCH_NOISE_00054,low_volume_noise,38,1,0,0,0.0,0.0,34,1,0.1092,0.0971,0,0.0,1.0,0.6316,1.0,-0.0121
MERCH_HIBAS_00373,high_stable_fraud,1264,52,193,8,0.1528,0.1515,776,32,0.25,0.3111,0,-0.0013,0.9915,0.9873,1.625,0.0611
MERCH_HIBAS_00171,high_stable_fraud,693,32,103,5,0.1489,0.1486,517,20,0.2846,0.3497,0,-0.0003,0.998,1.1082,1.6,0.0651
MERCH_FLASH_00343,flash_sale_high_vol,1696,296,30,3,0.018,0.0107,1446,277,0.0215,0.079,0,-0.0073,0.5967,4.1887,1.0686,0.0575
MERCH_SPIKE_RUSH_00171,syndicate_bot_rush,1032,340,22,88,0.0217,0.2575,846,123,0.0215,0.7476,1,0.2358,11.8165,7.907,2.7642,0.7261
MERCH_STD_01546,standard_stable,3341,139,78,3,0.0235,0.0222,2789,97,0.0899,0.0302,0,-0.0013,0.9449,0.9985,1.433,-0.0597
MERCH_FLASH_00429,flash_sale_high_vol,1538,355,42,6,0.0274,0.0163,1291,300,0.0643,0.0923,0,-0.0111,0.5964,5.5397,1.1833,0.028
MERCH_STD_00482,standard_stable,3084,121,117,5,0.0382,0.0378,2677,86,0.0215,0.0225,0,-0.0004,0.9896,0.9416,1.407,0.001
MERCH_STD_01403,standard_stable,1469,60,46,2,0.0317,0.0351,1199,53,0.0667,0.072,0,0.0034,1.1069,0.9803,1.1321,0.0053
MERCH_NOISE_00265,low_volume_noise,49,1,0,1,0.0,1.0,44,1,0.0444,0.2071,0,1.0,10001.0,0.4898,1.0,0.1627
MERCH_STD_01329,standard_stable,811,32,28,1,0.0353,0.0389,588,27,0.0366,0.0689,0,0.0036,1.1017,0.947,1.1852,0.0323
MERCH_STD_00690,standard_stable,2058,75,32,1,0.0156,0.0167,1603,56,0.0225,0.1046,0,0.0011,1.0701,0.8746,1.3393,0.0821
MERCH_FLASH_00428,flash_sale_high_vol,1403,425,36,7,0.0257,0.0175,1273,358,0.0357,0.0465,0,-0.0082,0.6822,7.2701,1.1872,0.0108
MERCH_STD_00765,standard_stable,542,20,16,0,0.0303,0.025,450,15,0.0841,0.1137,0,-0.0053,0.8257,0.8856,1.3333,0.0296
MERCH_NOISE_00053,low_volume_noise,94,4,1,0,0.0106,0.0,84,4,0.0421,0.156,0,-0.0106,0.0093,1.0213,1.0,0.1139
MERCH_STD_00583,standard_stable,1869,72,26,1,0.0142,0.0131,1405,57,0.0722,0.0709,0,-0.0011,0.9231,0.9246,1.2632,-0.0013
MERCH_SPIKE_RUSH_00308,syndicate_bot_rush,1565,433,24,113,0.0158,0.2611,1283,144,0.0854,0.8904,1,0.2453,16.4277,6.6403,3.0069,0.805
MERCH_FLASH_00396,flash_sale_high_vol,1143,326,32,6,0.0288,0.0184,955,306,0.0437,0.1111,0,-0.0104,0.6401,6.8451,1.0654,0.0674
MERCH_STD_00936,standard_stable,3333,121,118,4,0.0357,0.0299,2519,105,0.0725,0.1167,0,-0.0058,0.838,0.8713,1.1524,0.0442
MERCH_HIBAS_00310,high_stable_fraud,493,23,66,3,0.1342,0.1321,336,16,0.3395,0.3936,0,-0.0021,0.9844,1.1197,1.4375,0.0541
MERCH_FLASH_00098,flash_sale_high_vol,1905,367,52,8,0.0276,0.0215,1708,347,0.0685,0.0411,0,-0.0061,0.7798,4.6236,1.0576,-0.0274
MERCH_SPIKE_ATO_00217,targeted_ato_surge,749,106,24,37,0.0325,0.3521,599,51,0.0972,0.8958,1,0.3196,10.8037,3.3965,2.0784,0.7986
MERCH_STD_01264,standard_stable,3056,111,105,4,0.0344,0.0335,2217,99,0.025,0.0265,0,-0.0009,0.9739,0.8717,1.1212,0.0015
MERCH_STD_00391,standard_stable,3616,165,143,8,0.0396,0.0462,3077,135,0.0338,0.0743,0,0.0066,1.1662,1.0951,1.2222,0.0405
MERCH_FLASH_00022,flash_sale_high_vol,1603,436,47,10,0.0296,0.0236,1239,391,0.0319,0.0549,0,-0.006,0.798,6.5278,1.1151,0.023
MERCH_STD_01503,standard_stable,1804,81,51,2,0.0283,0.0288,1343,60,0.0281,0.0936,0,0.0005,1.0176,1.0776,1.35,0.0655
MERCH_STD_00909,standard_stable,2346,108,28,1,0.0123,0.0129,1910,87,0.0514,0.0455,0,0.0006,1.0484,1.1049,1.2414,-0.0059
MERCH_FLASH_00072,flash_sale_high_vol,2026,378,53,6,0.0264,0.0167,1720,352,0.0256,0.0605,0,-0.0097,0.634,4.4778,1.0739,0.0349
MERCH_STD_01449,standard_stable,788,37,7,0,0.0101,0.0118,649,26,0.0992,0.1176,0,0.0017,1.1667,1.1269,1.4231,0.0184
MERCH_HIBAS_00459,high_stable_fraud,1512,65,169,7,0.1118,0.1077,1102,50,0.2708,0.3429,0,-0.0041,0.9634,1.0317,1.3,0.0721
MERCH_STD_01278,standard_stable,1050,36,21,1,0.0209,0.025,847,28,0.0615,0.072,0,0.0041,1.1952,0.8229,1.2857,0.0105
MERCH_ORG_00112,organic_growth,1194,67,36,1,0.0305,0.0136,1014,56,0.04,0.0892,0,-0.0169,0.4477,1.3467,1.1964,0.0492
MERCH_SPIKE_RUSH_00070,syndicate_bot_rush,1768,454,40,227,0.0228,0.4998,1449,118,0.0674,0.663,1,0.477,21.8297,6.1629,3.8475,0.5956
MERCH_FLASH_00448,flash_sale_high_vol,1411,440,16,11,0.012,0.0239,1182,385,0.0581,0.0822,0,0.0119,1.9835,7.4841,1.1429,0.0241
MERCH_STD_01196,standard_stable,2065,90,50,3,0.0245,0.0284,1522,75,0.0372,0.1023,0,0.0039,1.1585,1.046,1.2,0.0651
MERCH_NOISE_00170,low_volume_noise,24,1,0,1,0.0,1.0,21,1,0.0898,0.2018,0,1.0,10001.0,1.0,1.0,0.112
MERCH_SPIKE_ATO_00102,targeted_ato_surge,501,48,14,15,0.0289,0.3187,400,17,0.0451,0.8312,1,0.2898,10.9931,2.2994,2.8235,0.7861
MERCH_SPIKE_RUSH_00038,syndicate_bot_rush,1019,271,31,133,0.0314,0.492,835,84,0.0996,0.7572,1,0.4606,15.6222,6.3827,3.2262,0.6576
MERCH_STD_00075,standard_stable,3298,121,62,2,0.0189,0.0162,2687,108,0.0761,0.0795,0,-0.0027,0.8579,0.8805,1.1204,0.0034
MERCH_HIBAS_00164,high_stable_fraud,1715,62,183,6,0.107,0.0991,1296,44,0.295,0.2776,0,-0.0079,0.9262,0.8676,1.4091,-0.0174
MERCH_STD_01515,standard_stable,2610,111,96,4,0.0368,0.0319,2273,98,0.028,0.0952,0,-0.0049,0.8672,1.0207,1.1327,0.0672
MERCH_STD_00903,standard_stable,1796,73,38,2,0.0213,0.0231,1327,64,0.0485,0.0619,0,0.0018,1.0841,0.9755,1.1406,0.0134
MERCH_HIBAS_00037,high_stable_fraud,1782,62,282,10,0.1585,0.1608,1274,39,0.3372,0.3117,0,0.0023,1.0145,0.835,1.5897,-0.0255
MERCH_STD_00372,standard_stable,2037,78,70,2,0.0347,0.0292,1630,65,0.0836,0.079,0,-0.0055,0.842,0.919,1.2,-0.0046
MERCH_HIBAS_00312,high_stable_fraud,1802,72,185,7,0.1031,0.0961,1209,51,0.3258,0.3334,0,-0.007,0.9322,0.9589,1.4118,0.0076
MERCH_STD_01435,standard_stable,2982,102,57,2,0.0194,0.0195,2257,77,0.0942,0.0353,0,0.0001,1.0051,0.8209,1.3247,-0.0589
MERCH_HIBAS_00302,high_stable_fraud,1726,74,229,10,0.1331,0.1415,1152,56,0.2676,0.277,0,0.0084,1.0631,1.029,1.3214,0.0094
MERCH_STD_01107,standard_stable,2590,96,83,3,0.0323,0.0316,1986,76,0.056,0.0343,0,-0.0007,0.9784,0.8896,1.2632,-0.0217
MERCH_STD_00676,standard_stable,2166,76,44,2,0.0207,0.0236,1599,53,0.0658,0.0283,0,0.0029,1.1394,0.8421,1.434,-0.0375
MERCH_SPIKE_RUSH_00232,syndicate_bot_rush,1503,381,18,123,0.0124,0.3229,1232,124,0.0277,0.893,1,0.3105,25.84,6.0838,3.0726,0.8653
MERCH_STD_00812,standard_stable,2464,115,73,3,0.0298,0.0295,1986,90,0.0258,0.0987,0,-0.0003,0.99,1.1201,1.2778,0.0729
MERCH_FLASH_00570,flash_sale_high_vol,2120,704,41,15,0.0197,0.0211,1658,637,0.0573,0.0908,0,0.0014,1.0707,7.9698,1.1052,0.0335
MERCH_SPIKE_RUSH_00017,syndicate_bot_rush,759,118,22,42,0.0302,0.3534,622,39,0.067,0.7624,1,0.3232,11.6667,3.7312,3.0256,0.6954
MERCH_FLASH_00195,flash_sale_high_vol,820,161,12,2,0.015,0.0119,631,137,0.0492,0.071,0,-0.0031,0.7947,4.7122,1.1752,0.0218
MERCH_STD_00171,standard_stable,1334,63,35,1,0.0265,0.0219,1062,53,0.0798,0.1015,0,-0.0046,0.8271,1.1334,1.1887,0.0217
MERCH_SPIKE_ATO_00017,targeted_ato_surge,981,131,24,71,0.0253,0.5441,784,54,0.0932,0.712,1,0.5188,21.4252,3.2049,2.4259,0.6188
MERCH_FLASH_00281,flash_sale_high_vol,1034,288,27,6,0.0264,0.0203,950,271,0.0361,0.0431,0,-0.0061,0.7698,6.6847,1.0627,0.007
MERCH_STD_00985,standard_stable,3527,122,62,2,0.0176,0.0156,2742,106,0.0677,0.0268,0,-0.002,0.887,0.8302,1.1509,-0.0409
MERCH_STD_01428,standard_stable,1098,47,28,1,0.0261,0.0292,777,38,0.0769,0.1172,0,0.0031,1.1183,1.0273,1.2368,0.0403
MERCH_STD_00210,standard_stable,2421,97,78,3,0.0325,0.0303,1756,71,0.088,0.0646,0,-0.0022,0.9325,0.9616,1.3662,-0.0234
MERCH_STD_00986,standard_stable,1795,79,39,2,0.0222,0.0235,1453,69,0.0213,0.0974,0,0.0013,1.0583,1.0563,1.1449,0.0761
MERCH_SPIKE_RUSH_00192,syndicate_bot_rush,1354,313,35,73,0.0259,0.2337,1110,91,0.076,0.7903,1,0.2078,8.9923,5.548,3.4396,0.7143
MERCH_SPIKE_RUSH_00262,syndicate_bot_rush,1312,327,44,141,0.0339,0.4321,1075,82,0.0559,0.7304,1,0.3982,12.7118,5.9817,3.9878,0.6745
MERCH_HIBAS_00422,high_stable_fraud,1231,54,131,6,0.107,0.1169,872,35,0.3117,0.3467,0,0.0099,1.0924,1.0528,1.5429,0.035
MERCH_HIBAS_00414,high_stable_fraud,1696,66,270,10,0.1596,0.1474,1062,45,0.3707,0.327,0,-0.0122,0.9236,0.934,1.4667,-0.0437
MERCH_STD_00795,standard_stable,1619,66,51,2,0.0318,0.0325,1371,59,0.0663,0.1009,0,0.0007,1.0219,0.9784,1.1186,0.0346
MERCH_STD_01084,standard_stable,3491,154,48,2,0.014,0.0162,2667,108,0.0683,0.0638,0,0.0022,1.156,1.0587,1.4259,-0.0045
MERCH_STD_00021,standard_stable,3515,128,89,4,0.0256,0.0284,2925,99,0.0276,0.0947,0,0.0028,1.1089,0.874,1.2929,0.0671
MERCH_HIBAS_00075,high_stable_fraud,1712,75,208,9,0.1219,0.1187,1064,47,0.3242,0.2636,0,-0.0032,0.9738,1.0514,1.5957,-0.0606
MERCH_FLASH_00635,flash_sale_high_vol,1575,255,37,6,0.0237,0.0234,1279,217,0.0444,0.0917,0,-0.0003,0.9874,3.8857,1.1751,0.0473
MERCH_STD_00799,standard_stable,2557,106,30,1,0.012,0.0109,1956,77,0.0727,0.0727,0,-0.0011,0.9091,0.9949,1.3766,0.0
MERCH_FLASH_00482,flash_sale_high_vol,1978,578,24,14,0.0122,0.0237,1794,462,0.0333,0.0922,0,0.0115,1.935,7.0131,1.2511,0.0589
MERCH_SPIKE_RUSH_00124,syndicate_bot_rush,585,116,7,39,0.0136,0.3336,479,37,0.0573,0.7809,1,0.32,24.3577,4.759,3.1351,0.7236
MERCH_FLASH_00033,flash_sale_high_vol,2155,362,60,7,0.0283,0.0203,1691,331,0.062,0.0463,0,-0.008,0.7183,4.0316,1.0937,-0.0157
MERCH_STD_00492,standard_stable,1992,89,30,1,0.0154,0.0137,1630,69,0.0349,0.0338,0,-0.0017,0.8903,1.0723,1.2899,-0.0011
MERCH_STD_00753,standard_stable,2971,129,60,3,0.0205,0.0202,2660,103,0.0508,0.0595,0,-0.0003,0.9854,1.0421,1.2524,0.0087
MERCH_STD_01134,standard_stable,2676,113,91,4,0.0343,0.038,2098,90,0.0761,0.0768,0,0.0037,1.1076,1.0135,1.2556,0.0007
MERCH_HIBAS_00257,high_stable_fraud,727,24,107,3,0.1484,0.1375,515,14,0.2924,0.3186,0,-0.0109,0.9266,0.7923,1.7143,0.0262
MERCH_FLASH_00030,flash_sale_high_vol,1602,256,32,4,0.0202,0.0162,1216,236,0.0268,0.0495,0,-0.004,0.803,3.8352,1.0847,0.0227
MERCH_FLASH_00516,flash_sale_high_vol,1727,481,20,10,0.012,0.0211,1460,406,0.0632,0.0703,0,0.0091,1.7521,6.6844,1.1847,0.0071
MERCH_STD_01262,standard_stable,3184,125,71,2,0.0226,0.0194,2523,91,0.0615,0.1123,0,-0.0032,0.859,0.9422,1.3736,0.0508
MERCH_HIBAS_00266,high_stable_fraud,1467,71,150,7,0.1029,0.1047,1102,51,0.3275,0.3809,0,0.0018,1.0175,1.1616,1.3922,0.0534
MERCH_SPIKE_RUSH_00440,syndicate_bot_rush,1251,318,34,149,0.0275,0.4698,1025,112,0.0494,0.7103,1,0.4423,17.0254,6.1007,2.8393,0.6609
MERCH_STD_00336,standard_stable,2933,106,37,1,0.0127,0.0114,2283,89,0.0579,0.0771,0,-0.0013,0.8984,0.8674,1.191,0.0192
MERCH_STD_01195,standard_stable,2166,75,49,2,0.0227,0.021,1631,62,0.0343,0.0845,0,-0.0017,0.9254,0.831,1.2097,0.0502
MERCH_SPIKE_RUSH_00335,syndicate_bot_rush,1500,469,17,106,0.0119,0.2251,1230,163,0.0494,0.8828,1,0.2132,18.7667,7.504,2.8773,0.8334
MERCH_HIBAS_00167,high_stable_fraud,669,28,71,3,0.1075,0.1103,512,19,0.3956,0.3513,0,0.0028,1.026,1.0045,1.4737,-0.0443
MERCH_SPIKE_RUSH_00035,syndicate_bot_rush,1458,401,26,115,0.018,0.2877,1195,109,0.0626,0.9429,1,0.2697,15.9006,6.6008,3.6789,0.8803
MERCH_SPIKE_ATO_00096,targeted_ato_surge,1240,147,31,82,0.0251,0.5553,992,50,0.0945,0.7649,1,0.5302,22.0397,2.8452,2.94,0.6704
MERCH_ORG_00125,organic_growth,1376,85,26,2,0.0196,0.0267,1169,72,0.0794,0.0642,0,0.0071,1.3604,1.4826,1.1806,-0.0152
MERCH_NOISE_00216,low_volume_noise,73,1,1,0,0.0137,0.0,65,1,0.0872,0.1725,0,-0.0137,0.0072,0.3288,1.0,0.0853
MERCH_SPIKE_RUSH_00356,syndicate_bot_rush,1623,250,55,84,0.0342,0.3373,1330,99,0.0658,0.78,1,0.3031,9.8367,3.6969,2.5253,0.7142
MERCH_FLASH_00124,flash_sale_high_vol,1729,339,28,6,0.0165,0.0182,1590,290,0.0298,0.0542,0,0.0017,1.1024,4.7056,1.169,0.0244
MERCH_HIBAS_00225,high_stable_fraud,1519,70,168,8,0.1106,0.1207,1083,52,0.2782,0.4054,0,0.0101,1.0912,1.106,1.3462,0.1272
MERCH_ORG_00006,organic_growth,1036,56,34,2,0.033,0.0362,880,47,0.0796,0.0437,0,0.0032,1.0967,1.2973,1.1915,-0.0359
MERCH_STD_00815,standard_stable,3450,142,63,2,0.0183,0.0162,3026,109,0.0726,0.0589,0,-0.0021,0.8859,0.9878,1.3028,-0.0137
MERCH_SPIKE_ATO_00258,targeted_ato_surge,907,109,21,60,0.0232,0.5475,725,49,0.0495,0.5677,1,0.5243,23.5021,2.8842,2.2245,0.5182
MERCH_STD_01584,standard_stable,1586,78,37,2,0.0235,0.021,1334,54,0.0926,0.115,0,-0.0025,0.8941,1.1803,1.4444,0.0224
MERCH_STD_00497,standard_stable,954,44,14,1,0.015,0.018,712,38,0.0423,0.0848,0,0.003,1.1987,1.1069,1.1579,0.0425
MERCH_SPIKE_ATO_00276,targeted_ato_surge,458,57,9,14,0.021,0.252,366,25,0.1098,0.5657,1,0.231,11.9479,2.9869,2.28,0.4559
MERCH_STD_00140,standard_stable,752,30,21,1,0.0286,0.0326,639,25,0.0621,0.1197,0,0.004,1.1394,0.9574,1.2,0.0576
MERCH_STD_00510,standard_stable,3152,129,124,6,0.0394,0.0436,2525,113,0.0715,0.1084,0,0.0042,1.1063,0.9822,1.1416,0.0369
MERCH_STD_00058,standard_stable,1310,53,19,1,0.0152,0.0167,920,45,0.0885,0.0572,0,0.0015,1.098,0.971,1.1778,-0.0313
MERCH_HIBAS_00404,high_stable_fraud,1737,85,180,8,0.104,0.0937,1237,51,0.3022,0.3607,0,-0.0103,0.9011,1.1744,1.6667,0.0585
MERCH_STD_00657,standard_stable,2077,83,60,2,0.0291,0.0267,1509,74,0.0284,0.0729,0,-0.0024,0.9178,0.9591,1.1216,0.0445
MERCH_SPIKE_ATO_00317,targeted_ato_surge,1178,139,22,52,0.0193,0.3725,942,52,0.0547,0.7658,1,0.3532,19.2062,2.8319,2.6731,0.7111
MERCH_FLASH_00593,flash_sale_high_vol,796,154,17,2,0.0223,0.0133,726,137,0.0557,0.0876,0,-0.009,0.5982,4.6432,1.1241,0.0319
MERCH_HIBAS_00411,high_stable_fraud,481,19,57,2,0.1187,0.1071,327,13,0.3199,0.3719,0,-0.0116,0.9024,0.948,1.4615,0.052
MERCH_STD_00918,standard_stable,3195,138,51,2,0.016,0.0144,2721,112,0.0493,0.0283,0,-0.0016,0.9006,1.0366,1.2321,-0.021
MERCH_HIBAS_00442,high_stable_fraud,835,35,84,3,0.1012,0.0919,639,23,0.2616,0.3858,0,-0.0093,0.9082,1.006,1.5217,0.1242
MERCH_HIBAS_00112,high_stable_fraud,781,33,96,4,0.123,0.1129,491,22,0.2853,0.3936,0,-0.0101,0.918,1.0141,1.5,0.1083
MERCH_STD_00930,standard_stable,3281,139,69,4,0.0212,0.0253,2375,118,0.0467,0.0317,0,0.0041,1.1925,1.0168,1.178,-0.015
MERCH_STD_00055,standard_stable,1851,83,50,2,0.0272,0.0294,1535,68,0.0453,0.0987,0,0.0022,1.0806,1.0762,1.2206,0.0534
MERCH_FLASH_00583,flash_sale_high_vol,1394,323,21,4,0.0153,0.0121,1082,260,0.0603,0.1088,0,-0.0032,0.7922,5.561,1.2423,0.0485
MERCH_HIBAS_00372,high_stable_fraud,1427,52,190,7,0.1336,0.1305,1125,39,0.3611,0.3018,0,-0.0031,0.9768,0.8746,1.3333,-0.0593
MERCH_NOISE_00179,low_volume_noise,33,1,0,0,0.0,0.0,29,1,0.0954,0.0234,0,0.0,1.0,0.7273,1.0,-0.072
MERCH_SPIKE_RUSH_00360,syndicate_bot_rush,627,89,21,48,0.0338,0.5405,514,39,0.0649,0.7497,1,0.5067,15.9469,3.4067,2.2821,0.6848
MERCH_HIBAS_00327,high_stable_fraud,716,26,107,4,0.1504,0.1538,481,16,0.3474,0.3792,0,0.0034,1.0226,0.8715,1.625,0.0318
MERCH_HIBAS_00383,high_stable_fraud,1683,74,263,12,0.1566,0.1585,1108,53,0.2697,0.3208,0,0.0019,1.0121,1.0553,1.3962,0.0511
MERCH_STD_01066,standard_stable,3035,141,78,3,0.0258,0.0221,2564,101,0.0931,0.0837,0,-0.0037,0.8571,1.115,1.396,-0.0094
MERCH_STD_01162,standard_stable,1331,60,49,2,0.0369,0.0324,1030,51,0.0622,0.0374,0,-0.0045,0.8784,1.0819,1.1765,-0.0248
MERCH_STD_00663,standard_stable,2466,95,25,1,0.0104,0.0104,1879,79,0.0393,0.0973,0,0.0,1.0,0.9246,1.2025,0.058
MERCH_STD_00661,standard_stable,2691,120,38,1,0.0144,0.0117,2025,85,0.0734,0.0568,0,-0.0027,0.8138,1.0702,1.4118,-0.0166
MERCH_FLASH_00475,flash_sale_high_vol,1301,313,28,8,0.022,0.0241,1122,263,0.0585,0.1165,0,0.0021,1.095,5.774,1.1901,0.058
MERCH_STD_01348,standard_stable,3777,134,130,5,0.0346,0.0369,2706,117,0.0613,0.0376,0,0.0023,1.0663,0.8515,1.1453,-0.0237
MERCH_NOISE_00234,low_volume_noise,68,3,1,0,0.0147,0.0,61,3,0.0162,0.2118,0,-0.0147,0.0068,1.0588,1.0,0.1956
MERCH_STD_01576,standard_stable,2027,82,69,2,0.0345,0.0287,1616,71,0.0657,0.0519,0,-0.0058,0.8324,0.9709,1.1549,-0.0138
MERCH_STD_00437,standard_stable,1140,51,29,1,0.0261,0.0223,1005,41,0.0669,0.071,0,-0.0038,0.855,1.0737,1.2439,0.0041
MERCH_STD_00996,standard_stable,1697,58,50,2,0.0295,0.0309,1270,44,0.0765,0.0757,0,0.0014,1.0473,0.8203,1.3182,-0.0008
MERCH_FLASH_00236,flash_sale_high_vol,1777,432,36,8,0.0208,0.0193,1590,356,0.0688,0.0355,0,-0.0015,0.9282,5.8346,1.2135,-0.0333
MERCH_SPIKE_RUSH_00047,syndicate_bot_rush,1508,475,46,161,0.031,0.3395,1236,148,0.0928,0.8833,1,0.3085,10.9196,7.5597,3.2095,0.7905
MERCH_STD_00883,standard_stable,1178,45,17,1,0.015,0.0161,945,36,0.0401,0.1133,0,0.0011,1.0728,0.9168,1.25,0.0732
MERCH_SPIKE_ATO_00046,targeted_ato_surge,827,79,24,38,0.0296,0.4822,661,39,0.0361,0.6656,1,0.4526,16.2391,2.2926,2.0256,0.6295
MERCH_FLASH_00434,flash_sale_high_vol,1372,373,19,4,0.0139,0.0102,1076,326,0.0648,0.0965,0,-0.0037,0.7357,6.5248,1.1442,0.0317
MERCH_FLASH_00416,flash_sale_high_vol,974,250,29,3,0.0298,0.0134,835,218,0.0774,0.0375,0,-0.0164,0.4515,6.1602,1.1468,-0.0399
MERCH_SPIKE_RUSH_00397,syndicate_bot_rush,1607,528,55,285,0.0346,0.5398,1317,196,0.0866,0.6728,1,0.5052,15.5591,7.8855,2.6939,0.5862
MERCH_SPIKE_ATO_00290,targeted_ato_surge,600,68,15,33,0.0262,0.4836,480,28,0.0822,0.7715,1,0.4574,18.3916,2.72,2.4286,0.6893
MERCH_SPIKE_ATO_00059,targeted_ato_surge,525,74,11,38,0.0223,0.519,420,35,0.0948,0.6656,1,0.4967,23.1741,3.3829,2.1143,0.5708
MERCH_STD_00011,standard_stable,992,38,23,1,0.0234,0.0215,819,29,0.027,0.0318,0,-0.0019,0.9191,0.9194,1.3103,0.0048
MERCH_HIBAS_00223,high_stable_fraud,673,27,73,3,0.1087,0.1006,498,17,0.2963,0.3589,0,-0.0081,0.9256,0.9629,1.5882,0.0626
MERCH_HIBAS_00329,high_stable_fraud,1434,70,155,8,0.1084,0.1165,896,47,0.2752,0.413,0,0.0081,1.0747,1.1715,1.4894,0.1378
MERCH_HIBAS_00479,high_stable_fraud,1036,48,109,5,0.1055,0.096,810,33,0.355,0.2751,0,-0.0095,0.91,1.112,1.4545,-0.0799
MERCH_STD_01029,standard_stable,2828,101,98,4,0.0348,0.0353,2488,78,0.0544,0.1185,0,0.0005,1.0143,0.8571,1.2949,0.0641
MERCH_FLASH_00295,flash_sale_high_vol,943,149,16,2,0.0177,0.0167,751,134,0.0373,0.0734,0,-0.001,0.9438,3.7922,1.1119,0.0361
MERCH_FLASH_00618,flash_sale_high_vol,2494,426,72,5,0.0291,0.0116,1883,396,0.0617,0.046,0,-0.0175,0.4007,4.0994,1.0758,-0.0157
MERCH_HIBAS_00030,high_stable_fraud,1279,55,146,6,0.1143,0.1177,971,42,0.3426,0.2562,0,0.0034,1.0297,1.0321,1.3095,-0.0864
MERCH_STD_00842,standard_stable,3633,128,139,5,0.0385,0.0363,2549,114,0.0922,0.0228,0,-0.0022,0.943,0.8456,1.1228,-0.0694
MERCH_STD_00650,standard_stable,1448,62,39,2,0.027,0.0312,1286,46,0.028,0.0985,0,0.0042,1.155,1.0276,1.3478,0.0705
MERCH_FLASH_00483,flash_sale_high_vol,1149,216,29,3,0.0253,0.0156,1046,187,0.0747,0.0668,0,-0.0097,0.6181,4.5117,1.1551,-0.0079
MERCH_FLASH_00276,flash_sale_high_vol,843,177,9,3,0.0112,0.0185,663,142,0.0571,0.0557,0,0.0073,1.646,5.0391,1.2465,-0.0014
MERCH_FLASH_00266,flash_sale_high_vol,1610,483,17,6,0.0106,0.0121,1383,426,0.0459,0.0831,0,0.0015,1.1402,7.2,1.1338,0.0372
MERCH_HIBAS_00035,high_stable_fraud,1435,54,225,9,0.1572,0.1646,1138,35,0.3869,0.3905,0,0.0074,1.047,0.9031,1.5429,0.0036
MERCH_STD_00049,standard_stable,2837,100,31,1,0.0112,0.0095,2272,84,0.0704,0.1051,0,-0.0017,0.8496,0.846,1.1905,0.0347
MERCH_STD_01010,standard_stable,1482,57,24,1,0.0162,0.0136,1116,49,0.0621,0.0624,0,-0.0026,0.8405,0.9231,1.1633,0.0003
MERCH_NOISE_00059,low_volume_noise,35,1,1,0,0.0286,0.0,31,1,0.1238,0.0612,0,-0.0286,0.0035,0.6857,1.0,-0.0626
MERCH_FLASH_00559,flash_sale_high_vol,2459,412,48,9,0.0198,0.0216,2109,353,0.0785,0.0605,0,0.0018,1.0905,4.0211,1.1671,-0.018
MERCH_FLASH_00020,flash_sale_high_vol,1197,312,17,4,0.0146,0.0118,1029,253,0.0262,0.0549,0,-0.0028,0.8095,6.2556,1.2332,0.0287
MERCH_STD_00946,standard_stable,1370,63,23,1,0.0172,0.0197,1037,50,0.0601,0.116,0,0.0025,1.1445,1.1036,1.26,0.0559
MERCH_STD_01305,standard_stable,3234,135,67,3,0.0208,0.0215,2538,121,0.0432,0.0613,0,0.0007,1.0335,1.0019,1.1157,0.0181
MERCH_FLASH_00550,flash_sale_high_vol,1562,438,42,7,0.0273,0.0154,1379,353,0.0688,0.103,0,-0.0119,0.5657,6.7298,1.2408,0.0342
MERCH_SPIKE_ATO_00045,targeted_ato_surge,1222,153,33,76,0.0278,0.499,977,56,0.0806,0.5908,1,0.4712,17.8889,3.0049,2.7321,0.5102
MERCH_STD_01175,standard_stable,1092,48,21,1,0.0197,0.0202,876,37,0.0521,0.1018,0,0.0005,1.0253,1.0549,1.2973,0.0497
MERCH_HIBAS_00086,high_stable_fraud,1764,73,235,9,0.1333,0.1231,1338,56,0.3717,0.4111,0,-0.0102,0.9235,0.9932,1.3036,0.0394
MERCH_FLASH_00345,flash_sale_high_vol,2396,469,29,7,0.0122,0.0157,2189,382,0.0541,0.0607,0,0.0035,1.2846,4.6978,1.2277,0.0066
MERCH_STD_00468,standard_stable,2515,90,81,2,0.0325,0.0268,1986,66,0.0759,0.0557,0,-0.0057,0.8252,0.8588,1.3636,-0.0202
MERCH_FLASH_00073,flash_sale_high_vol,2003,562,54,9,0.027,0.0168,1694,521,0.0722,0.1022,0,-0.0102,0.6236,6.7339,1.0787,0.03
MERCH_STD_01159,standard_stable,1717,74,48,2,0.0285,0.0241,1471,58,0.0689,0.0204,0,-0.0044,0.8462,1.0344,1.2759,-0.0485
MERCH_FLASH_00363,flash_sale_high_vol,1065,233,18,2,0.0171,0.0103,932,193,0.0334,0.0606,0,-0.0068,0.6047,5.2507,1.2073,0.0272
MERCH_HIBAS_00463,high_stable_fraud,1431,63,164,8,0.1153,0.1198,904,41,0.3574,0.2758,0,0.0045,1.039,1.0566,1.5366,-0.0816
MERCH_STD_00034,standard_stable,3149,134,92,3,0.0293,0.025,2541,107,0.0886,0.0663,0,-0.0043,0.8537,1.0213,1.2523,-0.0223
MERCH_STD_00737,standard_stable,561,22,16,1,0.0293,0.0258,471,18,0.0248,0.1081,0,-0.0035,0.881,0.9412,1.2222,0.0833
MERCH_STD_00066,standard_stable,2290,92,46,2,0.0202,0.0164,2027,72,0.0446,0.0798,0,-0.0038,0.8128,0.9642,1.2778,0.0352
MERCH_STD_01386,standard_stable,2785,112,37,1,0.0135,0.012,2357,83,0.0373,0.0232,0,-0.0015,0.8897,0.9652,1.3494,-0.0141
MERCH_STD_00228,standard_stable,3704,138,41,2,0.0113,0.0115,2701,105,0.099,0.0216,0,0.0002,1.0175,0.8942,1.3143,-0.0774
MERCH_STD_00355,standard_stable,2948,107,42,1,0.0143,0.0126,2079,86,0.076,0.0848,0,-0.0017,0.8819,0.8711,1.2442,0.0088
MERCH_STD_00874,standard_stable,1320,53,42,1,0.0322,0.0263,957,42,0.0797,0.0664,0,-0.0059,0.8173,0.9636,1.2619,-0.0133
MERCH_NOISE_00015,low_volume_noise,71,2,0,0,0.0,0.0,63,2,0.0381,0.1929,0,0.0,1.0,0.6761,1.0,0.1548
MERCH_FLASH_00554,flash_sale_high_vol,2373,399,60,9,0.0256,0.0225,1948,363,0.0224,0.1104,0,-0.0031,0.8794,4.0354,1.0992,0.088
MERCH_FLASH_00136,flash_sale_high_vol,2161,398,30,5,0.0141,0.0132,1947,342,0.0381,0.0967,0,-0.0009,0.9366,4.4202,1.1637,0.0586
MERCH_SPIKE_RUSH_00379,syndicate_bot_rush,1977,400,65,149,0.0331,0.373,1621,108,0.0373,0.8457,1,0.3399,11.238,4.8558,3.7037,0.8084
MERCH_STD_01283,standard_stable,3125,106,110,4,0.0353,0.0343,2716,81,0.0757,0.0789,0,-0.001,0.9718,0.8141,1.3086,0.0032
MERCH_SPIKE_RUSH_00024,syndicate_bot_rush,616,91,13,33,0.0212,0.3641,505,33,0.0202,0.74,1,0.3429,17.0986,3.5455,2.7576,0.7198
MERCH_SPIKE_RUSH_00075,syndicate_bot_rush,1748,446,29,112,0.0171,0.251,1433,129,0.0285,0.7215,1,0.2339,14.5988,6.1236,3.4574,0.693
MERCH_SPIKE_RUSH_00456,syndicate_bot_rush,1766,392,57,178,0.0323,0.4544,1448,158,0.086,0.8756,1,0.4221,14.0278,5.3273,2.481,0.7896
MERCH_STD_00146,standard_stable,3439,121,103,4,0.0301,0.0355,2677,107,0.0663,0.0205,0,0.0054,1.1788,0.8444,1.1308,-0.0458
MERCH_SPIKE_RUSH_00320,syndicate_bot_rush,782,165,22,68,0.0284,0.4096,641,48,0.0642,0.7764,1,0.3812,14.3754,5.0639,3.4375,0.7122
MERCH_FLASH_00077,flash_sale_high_vol,1336,369,17,4,0.0129,0.0111,1121,312,0.0582,0.0491,0,-0.0018,0.8615,6.6287,1.1827,-0.0091
MERCH_STD_00462,standard_stable,1688,72,44,2,0.0261,0.0258,1377,50,0.0926,0.0271,0,-0.0003,0.9885,1.0237,1.44,-0.0655
MERCH_SPIKE_ATO_00082,targeted_ato_surge,1174,100,20,47,0.0177,0.4659,939,44,0.0308,0.5999,1,0.4482,26.1798,2.0443,2.2727,0.5691
MERCH_STD_00122,standard_stable,1805,74,52,2,0.0293,0.0265,1475,57,0.0375,0.1016,0,-0.0028,0.9048,0.9839,1.2982,0.0641
MERCH_SPIKE_ATO_00300,targeted_ato_surge,391,52,11,29,0.0287,0.5645,312,17,0.0897,0.7146,1,0.5358,19.6042,3.1918,3.0588,0.6249
MERCH_FLASH_00629,flash_sale_high_vol,1920,362,51,8,0.0269,0.0233,1758,325,0.0791,0.104,0,-0.0036,0.8667,4.525,1.1138,0.0249
MERCH_NOISE_00145,low_volume_noise,58,1,0,1,0.0,1.0,52,1,0.0791,0.2075,0,1.0,10001.0,0.4138,1.0,0.1284
MERCH_FLASH_00066,flash_sale_high_vol,2258,517,38,12,0.0169,0.0224,2042,424,0.0309,0.0612,0,0.0055,1.3235,5.4951,1.2193,0.0303
MERCH_NOISE_00052,low_volume_noise,49,1,0,1,0.0,1.0,44,1,0.1202,0.1985,0,1.0,10001.0,0.4898,1.0,0.0783
MERCH_STD_01461,standard_stable,2403,119,37,2,0.0155,0.0149,1694,106,0.0321,0.071,0,-0.0006,0.9615,1.1885,1.1226,0.0389
MERCH_ORG_00046,organic_growth,997,61,23,2,0.0233,0.0298,847,51,0.0673,0.0412,0,0.0065,1.2778,1.4684,1.1961,-0.0261
MERCH_SPIKE_RUSH_00136,syndicate_bot_rush,1490,446,46,123,0.031,0.275,1221,178,0.0217,0.7331,1,0.244,8.8457,7.1839,2.5056,0.7114
MERCH_STD_01505,standard_stable,3039,131,54,2,0.0179,0.0151,2721,96,0.0413,0.0297,0,-0.0028,0.8444,1.0346,1.3646,-0.0116
MERCH_NOISE_00303,low_volume_noise,33,3,0,0,0.0,0.0,29,3,0.138,0.1073,0,0.0,1.0,2.1818,1.0,-0.0307
MERCH_ORG_00029,organic_growth,699,38,10,1,0.0156,0.0148,594,32,0.0221,0.0414,0,-0.0008,0.949,1.3047,1.1875,0.0193
MERCH_SPIKE_RUSH_00011,syndicate_bot_rush,1345,414,18,104,0.014,0.2505,1102,177,0.0593,0.7168,1,0.2365,17.773,7.3874,2.339,0.6575
MERCH_STD_00669,standard_stable,524,18,7,0,0.0136,0.0117,453,15,0.0959,0.1179,0,-0.0019,0.8613,0.8244,1.2,0.022
MERCH_STD_01133,standard_stable,1168,45,44,2,0.0385,0.0355,927,31,0.0937,0.0299,0,-0.003,0.9223,0.9247,1.4516,-0.0638
MERCH_ORG_00095,organic_growth,1069,58,21,1,0.0199,0.0153,908,49,0.02,0.0523,0,-0.0046,0.77,1.3022,1.1837,0.0323
MERCH_STD_00159,standard_stable,1860,76,38,1,0.0208,0.0174,1330,65,0.0557,0.1131,0,-0.0034,0.8373,0.9806,1.1692,0.0574
MERCH_ORG_00041,organic_growth,1088,55,32,1,0.0295,0.0231,924,46,0.0714,0.0694,0,-0.0064,0.7838,1.2132,1.1957,-0.002
MERCH_SPIKE_RUSH_00172,syndicate_bot_rush,1597,330,19,81,0.012,0.2461,1309,107,0.0815,0.7275,1,0.2341,20.3471,4.9593,3.0841,0.646
MERCH_SPIKE_RUSH_00052,syndicate_bot_rush,520,69,11,20,0.023,0.2966,426,19,0.0476,0.9075,1,0.2736,12.8442,3.1846,3.6316,0.8599
MERCH_SPIKE_RUSH_00263,syndicate_bot_rush,1327,188,23,93,0.018,0.4925,1088,84,0.0824,0.6915,1,0.4745,27.2155,3.4002,2.2381,0.6091
MERCH_SPIKE_ATO_00257,targeted_ato_surge,500,47,14,13,0.0288,0.2766,400,16,0.0694,0.878,1,0.2478,9.5744,2.256,2.9375,0.8086
MERCH_FLASH_00094,flash_sale_high_vol,1848,472,29,10,0.0157,0.0216,1414,445,0.0735,0.1167,0,0.0059,1.3734,6.1299,1.0607,0.0432
MERCH_STD_00789,standard_stable,3257,119,98,4,0.0303,0.03,2498,88,0.0208,0.0539,0,-0.0003,0.9901,0.8769,1.3523,0.0331
MERCH_STD_00833,standard_stable,887,47,34,2,0.0384,0.0424,640,41,0.0795,0.0532,0,0.004,1.1039,1.2717,1.1463,-0.0263
MERCH_SPIKE_ATO_00316,targeted_ato_surge,764,64,29,28,0.0381,0.444,611,22,0.1065,0.6687,1,0.4059,11.6257,2.0105,2.9091,0.5622
MERCH_STD_00176,standard_stable,1251,56,44,2,0.0354,0.0407,1098,42,0.0521,0.0468,0,0.0053,1.1493,1.0743,1.3333,-0.0053
MERCH_SPIKE_RUSH_00383,syndicate_bot_rush,1172,214,14,80,0.0123,0.3759,961,89,0.0811,0.698,1,0.3636,30.3226,4.3823,2.4045,0.6169
MERCH_SPIKE_RUSH_00362,syndicate_bot_rush,1035,212,34,56,0.0331,0.2655,848,81,0.0225,0.932,1,0.2324,8.0,4.9159,2.6173,0.9095
MERCH_NOISE_00136,low_volume_noise,67,1,2,0,0.0299,0.0,60,1,0.1173,0.1339,0,-0.0299,0.0033,0.3582,1.0,0.0166
MERCH_STD_00052,standard_stable,2501,116,36,2,0.0144,0.0133,2039,97,0.0719,0.1141,0,-0.0011,0.9241,1.1132,1.1959,0.0422
MERCH_SPIKE_RUSH_00025,syndicate_bot_rush,1301,251,23,74,0.0178,0.293,1066,77,0.075,0.7512,1,0.2752,16.3743,4.6303,3.2597,0.6762
MERCH_STD_01439,standard_stable,2532,98,64,2,0.0254,0.023,2033,73,0.0875,0.0589,0,-0.0024,0.9059,0.9289,1.3425,-0.0286
MERCH_STD_00485,standard_stable,3322,154,81,3,0.0246,0.0221,2685,128,0.0983,0.0945,0,-0.0025,0.8988,1.1126,1.2031,-0.0038
MERCH_SPIKE_RUSH_00093,syndicate_bot_rush,1198,370,36,145,0.0305,0.3925,982,145,0.0944,0.7076,1,0.362,12.8301,7.4124,2.5517,0.6132
MERCH_STD_00722,standard_stable,3401,164,101,4,0.0299,0.0258,2957,115,0.0554,0.0672,0,-0.0041,0.8633,1.1573,1.4261,0.0118
MERCH_HIBAS_00328,high_stable_fraud,1483,56,193,7,0.1308,0.1201,913,34,0.3001,0.3108,0,-0.0107,0.9183,0.9063,1.6471,0.0107
MERCH_SPIKE_RUSH_00203,syndicate_bot_rush,1562,291,28,105,0.0182,0.3593,1280,117,0.0602,0.8055,1,0.3411,19.6393,4.4712,2.4872,0.7453
MERCH_STD_01188,standard_stable,3250,143,84,4,0.0259,0.0298,2587,128,0.09,0.071,0,0.0039,1.15,1.056,1.1172,-0.019
MERCH_FLASH_00614,flash_sale_high_vol,2072,408,59,9,0.0288,0.0228,1846,362,0.0222,0.0859,0,-0.006,0.7924,4.7259,1.1271,0.0637
MERCH_STD_00326,standard_stable,2405,92,66,3,0.0276,0.0298,1969,68,0.0651,0.1082,0,0.0022,1.0794,0.9181,1.3529,0.0431
MERCH_STD_00097,standard_stable,871,36,31,1,0.036,0.0302,645,30,0.0219,0.1179,0,-0.0058,0.8393,0.992,1.2,0.096
MERCH_SPIKE_ATO_00003,targeted_ato_surge,602,81,22,33,0.0375,0.4054,481,38,0.0753,0.6403,1,0.3679,10.7846,3.2292,2.1316,0.565
MERCH_SPIKE_RUSH_00309,syndicate_bot_rush,1250,395,22,181,0.0183,0.4581,1025,162,0.025,0.9322,1,0.4398,24.9022,7.584,2.4383,0.9072
MERCH_STD_01287,standard_stable,2736,114,54,2,0.02,0.0213,2219,91,0.0811,0.0533,0,0.0013,1.0647,1.0,1.2527,-0.0278
MERCH_ORG_00091,organic_growth,527,27,8,1,0.0154,0.0225,447,22,0.0656,0.0782,0,0.0071,1.4581,1.2296,1.2273,0.0126
MERCH_STD_00369,standard_stable,2234,79,41,2,0.0188,0.0206,1609,56,0.0449,0.0212,0,0.0018,1.0952,0.8487,1.4107,-0.0237
MERCH_STD_00401,standard_stable,1273,52,31,2,0.025,0.0294,892,37,0.0397,0.0399,0,0.0044,1.1753,0.9804,1.4054,0.0002
MERCH_SPIKE_RUSH_00008,syndicate_bot_rush,1130,186,15,55,0.0134,0.2967,926,63,0.0498,0.8901,1,0.2833,21.9852,3.9504,2.9524,0.8403
MERCH_STD_00270,standard_stable,1155,51,14,1,0.0129,0.0141,824,42,0.0705,0.0957,0,0.0012,1.0923,1.0597,1.2143,0.0252
MERCH_FLASH_00226,flash_sale_high_vol,900,175,11,1,0.0125,0.0084,790,145,0.0699,0.1114,0,-0.0041,0.6746,4.6667,1.2069,0.0415
MERCH_HIBAS_00079,high_stable_fraud,595,25,63,3,0.1075,0.1011,358,16,0.3994,0.3072,0,-0.0064,0.9405,1.0084,1.5625,-0.0922
MERCH_ORG_00160,organic_growth,1154,69,25,2,0.0225,0.0331,980,58,0.0322,0.0293,0,0.0106,1.469,1.435,1.1897,-0.0029
MERCH_NOISE_00309,low_volume_noise,75,4,0,1,0.0,0.25,67,4,0.0821,0.2357,0,0.25,2501.0,1.28,1.0,0.1536
MERCH_HIBAS_00054,high_stable_fraud,588,29,77,4,0.1318,0.145,426,20,0.368,0.2608,0,0.0132,1.1001,1.1837,1.45,-0.1072
MERCH_HIBAS_00028,high_stable_fraud,790,35,122,6,0.1549,0.1614,580,23,0.2521,0.2682,0,0.0065,1.0419,1.0633,1.5217,0.0161
MERCH_NOISE_00161,low_volume_noise,25,2,0,0,0.0,0.0,22,2,0.0862,0.1637,0,0.0,1.0,1.92,1.0,0.0775
MERCH_SPIKE_RUSH_00261,syndicate_bot_rush,835,135,21,37,0.0254,0.2743,684,40,0.0633,0.9033,1,0.2489,10.7608,3.8802,3.375,0.84
MERCH_SPIKE_RUSH_00045,syndicate_bot_rush,1826,438,30,232,0.0165,0.5297,1497,174,0.0224,0.8314,1,0.5132,31.9157,5.7568,2.5172,0.809
MERCH_SPIKE_RUSH_00323,syndicate_bot_rush,1259,212,40,48,0.0322,0.2243,1032,61,0.0932,0.7134,1,0.1921,6.9474,4.0413,3.4754,0.6202
MERCH_NOISE_00051,low_volume_noise,66,2,0,0,0.0,0.0,59,2,0.0972,0.1921,0,0.0,1.0,0.7273,1.0,0.0949
MERCH_STD_00739,standard_stable,1086,41,31,1,0.0288,0.0239,765,36,0.0449,0.0861,0,-0.0049,0.8304,0.9061,1.1389,0.0412
MERCH_STD_00968,standard_stable,1545,57,34,1,0.0226,0.0184,1092,43,0.0775,0.0331,0,-0.0042,0.815,0.8854,1.3256,-0.0444
MERCH_HIBAS_00292,high_stable_fraud,1359,68,136,6,0.1004,0.0909,908,49,0.3056,0.3148,0,-0.0095,0.9055,1.2009,1.3878,0.0092
MERCH_FLASH_00046,flash_sale_high_vol,1956,512,19,4,0.0101,0.0081,1775,430,0.0723,0.0311,0,-0.002,0.8039,6.2822,1.1907,-0.0412
MERCH_NOISE_00208,low_volume_noise,73,3,0,0,0.0,0.0,65,3,0.0464,0.1352,0,0.0,1.0,0.9863,1.0,0.0888
MERCH_STD_01146,standard_stable,2371,104,32,1,0.0137,0.0117,1672,82,0.0658,0.1199,0,-0.002,0.8551,1.0527,1.2683,0.0541
MERCH_STD_00064,standard_stable,643,26,16,1,0.0262,0.0298,512,22,0.0882,0.0705,0,0.0036,1.1369,0.9705,1.1818,-0.0177
MERCH_HIBAS_00222,high_stable_fraud,1628,59,245,10,0.1505,0.1611,1082,38,0.2502,0.2901,0,0.0106,1.0704,0.8698,1.5526,0.0399
MERCH_FLASH_00174,flash_sale_high_vol,1734,529,21,9,0.0125,0.0177,1484,500,0.0409,0.1021,0,0.0052,1.4127,7.3218,1.058,0.0612
MERCH_NOISE_00023,low_volume_noise,28,4,0,0,0.0,0.0,25,4,0.0949,0.1638,0,0.0,1.0,3.4286,1.0,0.0689
MERCH_STD_01199,standard_stable,1224,59,48,3,0.0397,0.0435,890,41,0.034,0.1138,0,0.0038,1.0955,1.1569,1.439,0.0798
MERCH_STD_00431,standard_stable,1539,60,20,1,0.0133,0.016,1204,42,0.0962,0.022,0,0.0027,1.2015,0.9357,1.4286,-0.0742
MERCH_STD_00772,standard_stable,1380,56,34,1,0.0248,0.0258,1071,47,0.0779,0.0914,0,0.001,1.0402,0.9739,1.1915,0.0135
MERCH_FLASH_00302,flash_sale_high_vol,1710,302,42,6,0.0247,0.0214,1364,278,0.0452,0.0339,0,-0.0033,0.8669,4.2386,1.0863,-0.0113
MERCH_STD_00251,standard_stable,2262,91,48,2,0.0214,0.0254,1819,80,0.0835,0.0259,0,0.004,1.186,0.9655,1.1375,-0.0576
MERCH_SPIKE_RUSH_00410,syndicate_bot_rush,1275,262,26,97,0.0208,0.3687,1045,67,0.0398,0.9463,1,0.3479,17.6459,4.9318,3.9104,0.9065
MERCH_FLASH_00083,flash_sale_high_vol,1954,644,41,6,0.0212,0.0088,1614,550,0.0264,0.1156,0,-0.0124,0.4178,7.9099,1.1709,0.0892
MERCH_STD_01495,standard_stable,3181,124,116,4,0.0365,0.0352,2628,95,0.0628,0.0404,0,-0.0013,0.9645,0.9356,1.3053,-0.0224
MERCH_HIBAS_00468,high_stable_fraud,489,18,52,2,0.1069,0.1113,386,13,0.2654,0.2915,0,0.0044,1.0411,0.8834,1.3846,0.0261
MERCH_SPIKE_RUSH_00123,syndicate_bot_rush,1075,230,10,102,0.0102,0.444,881,92,0.0561,0.8735,1,0.4338,43.1165,5.1349,2.5,0.8174
MERCH_SPIKE_RUSH_00161,syndicate_bot_rush,1422,464,42,125,0.03,0.2688,1166,142,0.0619,0.7792,1,0.2388,8.9336,7.8312,3.2676,0.7173
MERCH_FLASH_00471,flash_sale_high_vol,1154,189,27,4,0.0242,0.023,1020,173,0.0686,0.0824,0,-0.0012,0.9506,3.9307,1.0925,0.0138
MERCH_NOISE_00241,low_volume_noise,65,2,0,1,0.0,0.5,58,2,0.0676,0.0206,0,0.5,5001.0,0.7385,1.0,-0.047
MERCH_HIBAS_00379,high_stable_fraud,940,36,143,5,0.1522,0.1371,653,22,0.2766,0.4175,0,-0.0151,0.9009,0.9191,1.6364,0.1409
MERCH_SPIKE_ATO_00200,targeted_ato_surge,659,50,22,26,0.0343,0.5174,527,20,0.0928,0.7282,1,0.4831,15.0436,1.8209,2.5,0.6354
MERCH_STD_00696,standard_stable,3450,138,45,2,0.0133,0.0119,3025,100,0.0243,0.0904,0,-0.0014,0.8955,0.96,1.38,0.0661
MERCH_HIBAS_00381,high_stable_fraud,474,20,56,2,0.1202,0.1082,338,12,0.3396,0.2907,0,-0.012,0.9002,1.0127,1.6667,-0.0489
MERCH_STD_00495,standard_stable,1666,59,44,2,0.0266,0.0302,1490,49,0.0728,0.0728,0,0.0036,1.1348,0.8499,1.2041,0.0
MERCH_SPIKE_ATO_00166,targeted_ato_surge,1145,109,42,28,0.0367,0.2607,916,36,0.0367,0.6348,1,0.224,7.087,2.2847,3.0278,0.5981
MERCH_FLASH_00607,flash_sale_high_vol,966,299,23,7,0.0243,0.0233,769,241,0.0504,0.1088,0,-0.001,0.959,7.4286,1.2407,0.0584
MERCH_STD_00950,standard_stable,484,19,18,1,0.0392,0.0393,411,15,0.0795,0.0862,0,0.0001,1.0025,0.9421,1.2667,0.0067
MERCH_HIBAS_00470,high_stable_fraud,602,26,77,3,0.1288,0.1216,404,19,0.2553,0.2697,0,-0.0072,0.9441,1.0365,1.3684,0.0144
MERCH_STD_01164,standard_stable,1095,42,19,1,0.0177,0.0182,934,36,0.0518,0.0267,0,0.0005,1.0281,0.9205,1.1667,-0.0251
MERCH_STD_00358,standard_stable,2157,92,69,2,0.0324,0.0261,1630,70,0.0419,0.1012,0,-0.0063,0.8062,1.0236,1.3143,0.0593
MERCH_FLASH_00071,flash_sale_high_vol,2195,446,29,10,0.0136,0.0224,1649,414,0.0233,0.0652,0,0.0088,1.6423,4.8765,1.0773,0.0419
MERCH_SPIKE_RUSH_00111,syndicate_bot_rush,645,166,10,58,0.0167,0.3475,528,64,0.083,0.7041,1,0.3308,20.6905,6.1767,2.5938,0.6211
MERCH_FLASH_00407,flash_sale_high_vol,861,220,9,5,0.0116,0.0227,765,200,0.0204,0.1079,0,0.0111,1.9487,6.1324,1.1,0.0875
MERCH_FLASH_00085,flash_sale_high_vol,1219,240,27,2,0.0226,0.01,966,218,0.042,0.0757,0,-0.0126,0.4449,4.7252,1.1009,0.0337
MERCH_STD_01310,standard_stable,2167,92,67,2,0.031,0.0249,1790,70,0.0818,0.0388,0,-0.0061,0.8039,1.0189,1.3143,-0.043
MERCH_FLASH_00582,flash_sale_high_vol,2125,498,62,5,0.0296,0.0108,1870,459,0.0624,0.1077,0,-0.0188,0.367,5.6245,1.085,0.0453
MERCH_FLASH_00043,flash_sale_high_vol,2038,611,43,11,0.0211,0.0178,1810,499,0.0449,0.1077,0,-0.0033,0.8443,7.1953,1.2244,0.0628
MERCH_STD_00885,standard_stable,1525,75,19,1,0.0131,0.0112,1146,62,0.0768,0.0361,0,-0.0019,0.8561,1.1803,1.2097,-0.0407
MERCH_FLASH_00231,flash_sale_high_vol,1431,439,20,7,0.0143,0.0167,1263,405,0.0487,0.0967,0,0.0024,1.1667,7.3627,1.084,0.048
MERCH_STD_00003,standard_stable,3142,122,102,5,0.0327,0.0389,2760,104,0.0356,0.0667,0,0.0062,1.189,0.9319,1.1731,0.0311
MERCH_HIBAS_00240,high_stable_fraud,1877,75,276,10,0.1473,0.1393,1438,55,0.2934,0.356,0,-0.008,0.9457,0.959,1.3636,0.0626
MERCH_NOISE_00147,low_volume_noise,46,2,0,0,0.0,0.0,41,2,0.1103,0.1184,0,0.0,1.0,1.0435,1.0,0.0081
MERCH_STD_00076,standard_stable,1845,63,45,1,0.0249,0.0236,1316,46,0.0214,0.0653,0,-0.0013,0.948,0.8195,1.3696,0.0439
MERCH_HIBAS_00313,high_stable_fraud,500,20,50,2,0.1017,0.1047,312,15,0.3446,0.287,0,0.003,1.0295,0.96,1.3333,-0.0576
MERCH_HIBAS_00259,high_stable_fraud,1498,53,205,7,0.1373,0.1269,1075,39,0.3653,0.3679,0,-0.0104,0.9243,0.8491,1.359,0.0026
MERCH_STD_00285,standard_stable,531,19,12,0,0.0239,0.025,443,16,0.0613,0.0804,0,0.0011,1.0458,0.8588,1.1875,0.0191
MERCH_HIBAS_00016,high_stable_fraud,808,40,125,6,0.1557,0.1446,637,29,0.3248,0.4123,0,-0.0111,0.9288,1.1881,1.3793,0.0875
MERCH_STD_00829,standard_stable,1822,75,70,3,0.0387,0.0423,1569,54,0.0722,0.0682,0,0.0036,1.0928,0.9879,1.3889,-0.004
MERCH_HIBAS_00073,high_stable_fraud,505,25,71,3,0.1406,0.1315,335,17,0.3999,0.3859,0,-0.0091,0.9353,1.1881,1.4706,-0.014
MERCH_SPIKE_RUSH_00347,syndicate_bot_rush,1221,213,29,67,0.024,0.314,1001,85,0.0626,0.7578,1,0.29,13.0332,4.1867,2.5059,0.6952
MERCH_NOISE_00006,low_volume_noise,75,3,1,1,0.0133,0.3333,67,3,0.1254,0.087,0,0.32,24.8806,0.96,1.0,-0.0384
MERCH_HIBAS_00291,high_stable_fraud,827,32,95,4,0.1152,0.1154,557,23,0.3423,0.2785,0,0.0002,1.0017,0.9287,1.3913,-0.0638
MERCH_STD_00065,standard_stable,3375,131,119,5,0.0355,0.0355,2721,94,0.0519,0.1117,0,0.0,1.0,0.9316,1.3936,0.0598
MERCH_STD_00860,standard_stable,1785,84,30,1,0.0172,0.0165,1513,66,0.0273,0.0641,0,-0.0007,0.9595,1.1294,1.2727,0.0368
MERCH_FLASH_00229,flash_sale_high_vol,1059,304,12,7,0.0119,0.0215,955,283,0.0403,0.0529,0,0.0096,1.8,6.8895,1.0742,0.0126
MERCH_STD_01425,standard_stable,3692,145,69,2,0.0188,0.0165,2789,103,0.0714,0.0857,0,-0.0023,0.8783,0.9426,1.4078,0.0143
MERCH_STD_00967,standard_stable,2946,117,42,1,0.0145,0.0126,2128,88,0.064,0.041,0,-0.0019,0.8699,0.9532,1.3295,-0.023
MERCH_FLASH_00316,flash_sale_high_vol,872,182,17,1,0.0204,0.0082,688,162,0.0267,0.089,0,-0.0122,0.4049,5.0092,1.1235,0.0623
MERCH_STD_00818,standard_stable,2270,100,48,2,0.0215,0.0184,1714,83,0.0583,0.097,0,-0.0031,0.8565,1.0573,1.2048,0.0387
MERCH_FLASH_00486,flash_sale_high_vol,1512,450,41,10,0.0277,0.0228,1256,389,0.0342,0.079,0,-0.0049,0.8237,7.1429,1.1568,0.0448
MERCH_FLASH_00401,flash_sale_high_vol,1006,215,29,5,0.0298,0.0227,884,201,0.0455,0.0391,0,-0.0071,0.7625,5.1292,1.0697,-0.0064
MERCH_STD_00471,standard_stable,3196,158,102,4,0.032,0.0265,2347,122,0.0895,0.0737,0,-0.0055,0.8287,1.1865,1.2951,-0.0158
MERCH_HIBAS_00464,high_stable_fraud,1688,62,228,9,0.1352,0.1475,1319,39,0.3495,0.3848,0,0.0123,1.0909,0.8815,1.5897,0.0353
MERCH_SPIKE_RUSH_00042,syndicate_bot_rush,1764,522,29,141,0.0165,0.2705,1446,234,0.0691,0.9246,1,0.254,16.3012,7.102,2.2308,0.8555
MERCH_STD_00461,standard_stable,1708,68,18,1,0.011,0.0109,1282,48,0.0752,0.0635,0,-0.0001,0.991,0.9555,1.4167,-0.0117
MERCH_STD_01314,standard_stable,1109,55,26,1,0.0236,0.0219,950,45,0.0756,0.0486,0,-0.0017,0.9283,1.1903,1.2222,-0.027
MERCH_STD_00269,standard_stable,1794,65,44,1,0.0246,0.022,1445,46,0.0945,0.0324,0,-0.0026,0.8947,0.8696,1.413,-0.0621
MERCH_STD_00748,standard_stable,870,31,18,1,0.0217,0.0197,739,25,0.0845,0.0743,0,-0.002,0.9083,0.8552,1.24,-0.0102
MERCH_HIBAS_00316,high_stable_fraud,942,42,142,7,0.1508,0.1576,730,25,0.2893,0.2702,0,0.0068,1.0451,1.0701,1.68,-0.0191
MERCH_NOISE_00245,low_volume_noise,73,1,0,0,0.0,0.0,65,1,0.0325,0.068,0,0.0,1.0,0.3288,1.0,0.0355
MERCH_STD_01201,standard_stable,757,28,21,1,0.0278,0.0284,618,21,0.0434,0.0429,0,0.0006,1.0215,0.8877,1.3333,-0.0005
MERCH_NOISE_00038,low_volume_noise,41,3,1,0,0.0244,0.0,36,3,0.0478,0.1177,0,-0.0244,0.0041,1.7561,1.0,0.0699
MERCH_STD_01063,standard_stable,2180,78,66,2,0.0303,0.0249,1798,64,0.0645,0.0446,0,-0.0054,0.8224,0.8587,1.2188,-0.0199
MERCH_SPIKE_ATO_00139,targeted_ato_surge,755,66,27,37,0.0369,0.555,604,29,0.0956,0.8548,1,0.5181,15.0027,2.098,2.2759,0.7592
MERCH_SPIKE_RUSH_00049,syndicate_bot_rush,1643,291,29,81,0.0177,0.2772,1347,127,0.0807,0.78,1,0.2595,15.5787,4.2508,2.2913,0.6993
MERCH_STD_00498,standard_stable,605,25,17,1,0.0296,0.0265,523,22,0.0567,0.0836,0,-0.0031,0.8956,0.9917,1.1364,0.0269
MERCH_FLASH_00199,flash_sale_high_vol,1371,286,14,5,0.0106,0.0181,1214,269,0.0305,0.0548,0,0.0075,1.7009,5.0066,1.0632,0.0243
MERCH_NOISE_00159,low_volume_noise,26,1,0,0,0.0,0.0,23,1,0.0501,0.1792,0,0.0,1.0,0.9231,1.0,0.1291
MERCH_STD_00024,standard_stable,2398,114,60,3,0.0252,0.026,1774,98,0.0772,0.0939,0,0.0008,1.0316,1.141,1.1633,0.0167
MERCH_STD_00631,standard_stable,2576,101,53,2,0.0209,0.021,2268,74,0.0662,0.0954,0,0.0001,1.0048,0.941,1.3649,0.0292
MERCH_STD_00002,standard_stable,1836,81,69,3,0.0378,0.0427,1448,60,0.0644,0.0264,0,0.0049,1.1293,1.0588,1.35,-0.038
MERCH_ORG_00138,organic_growth,1021,54,25,1,0.0253,0.0129,867,45,0.0314,0.0351,0,-0.0124,0.5118,1.2693,1.2,0.0037
MERCH_HIBAS_00017,high_stable_fraud,1535,58,172,7,0.1126,0.1219,987,35,0.2899,0.3317,0,0.0093,1.0825,0.9068,1.6571,0.0418
MERCH_STD_00061,standard_stable,3606,170,126,5,0.0352,0.0302,2847,132,0.0264,0.0955,0,-0.005,0.8584,1.1314,1.2879,0.0691
MERCH_HIBAS_00298,high_stable_fraud,1310,56,153,6,0.1171,0.1089,787,39,0.2859,0.3995,0,-0.0082,0.93,1.026,1.4359,0.1136
MERCH_STD_00579,standard_stable,1002,36,15,0,0.0151,0.0124,887,25,0.0259,0.0651,0,-0.0027,0.8224,0.8623,1.44,0.0392
MERCH_HIBAS_00107,high_stable_fraud,1207,50,154,6,0.1277,0.1211,910,30,0.2903,0.3403,0,-0.0066,0.9484,0.9942,1.6667,0.05
MERCH_ORG_00023,organic_growth,730,43,14,0,0.02,0.0104,620,36,0.0744,0.0684,0,-0.0096,0.5224,1.4137,1.1944,-0.006
MERCH_STD_00900,standard_stable,650,24,25,1,0.0397,0.0454,465,19,0.0562,0.1132,0,0.0057,1.1432,0.8862,1.2632,0.057
MERCH_HIBAS_00044,high_stable_fraud,1219,42,194,7,0.1598,0.1603,856,29,0.275,0.3585,0,0.0005,1.0031,0.8269,1.4483,0.0835
MERCH_SPIKE_ATO_00193,targeted_ato_surge,984,136,37,38,0.038,0.2788,787,65,0.0501,0.8732,1,0.2408,7.3202,3.3171,2.0923,0.8231
MERCH_SPIKE_RUSH_00269,syndicate_bot_rush,748,132,15,58,0.0205,0.4376,613,42,0.0335,0.7951,1,0.4171,21.2476,4.2353,3.1429,0.7616
MERCH_NOISE_00189,low_volume_noise,95,3,0,0,0.0,0.0,85,3,0.1312,0.1659,0,0.0,1.0,0.7579,1.0,0.0347
MERCH_STD_00929,standard_stable,2819,136,72,4,0.0258,0.0276,2038,119,0.0329,0.0372,0,0.0018,1.0695,1.1579,1.1429,0.0043
MERCH_SPIKE_ATO_00216,targeted_ato_surge,894,104,29,59,0.0327,0.5684,715,45,0.053,0.6143,1,0.5357,17.3323,2.7919,2.3111,0.5613
MERCH_STD_00557,standard_stable,609,26,20,1,0.0332,0.0359,475,19,0.0625,0.0404,0,0.0027,1.0811,1.0246,1.3684,-0.0221
MERCH_STD_01100,standard_stable,1851,86,68,4,0.0369,0.0417,1538,73,0.0754,0.1121,0,0.0048,1.1297,1.1151,1.1781,0.0367
MERCH_STD_00005,standard_stable,881,38,14,1,0.0168,0.0164,763,31,0.045,0.1032,0,-0.0004,0.9763,1.0352,1.2258,0.0582
MERCH_FLASH_00410,flash_sale_high_vol,1887,564,44,6,0.0237,0.0107,1487,526,0.0452,0.0634,0,-0.013,0.4538,7.1733,1.0722,0.0182
MERCH_STD_01167,standard_stable,3532,145,71,3,0.0203,0.0216,3017,112,0.0242,0.0371,0,0.0013,1.0637,0.9853,1.2946,0.0129
MERCH_FLASH_00439,flash_sale_high_vol,1062,220,26,4,0.0247,0.0191,929,179,0.0394,0.0666,0,-0.0056,0.7742,4.9718,1.2291,0.0272
MERCH_FLASH_00492,flash_sale_high_vol,1970,633,44,11,0.0226,0.0169,1542,558,0.0553,0.0663,0,-0.0057,0.7489,7.7117,1.1344,0.011
MERCH_HIBAS_00364,high_stable_fraud,507,23,53,2,0.106,0.0969,397,16,0.3545,0.2723,0,-0.0091,0.9142,1.0888,1.4375,-0.0822
MERCH_SPIKE_RUSH_00032,syndicate_bot_rush,588,107,11,28,0.0188,0.2638,482,30,0.0861,0.6785,1,0.245,13.963,4.3673,3.5667,0.5924
MERCH_STD_00263,standard_stable,3316,128,115,4,0.0349,0.0346,2909,106,0.0748,0.0463,0,-0.0003,0.9914,0.9264,1.2075,-0.0285
MERCH_SPIKE_RUSH_00022,syndicate_bot_rush,560,65,15,29,0.0275,0.4528,459,17,0.0712,0.7403,1,0.4253,16.4094,2.7857,3.8235,0.6691
MERCH_STD_01217,standard_stable,3717,155,144,6,0.0388,0.0382,2758,120,0.0951,0.0564,0,-0.0006,0.9846,1.0008,1.2917,-0.0387
MERCH_HIBAS_00010,high_stable_fraud,659,31,90,4,0.1378,0.1255,421,21,0.2594,0.3221,0,-0.0123,0.9108,1.129,1.4762,0.0627
MERCH_SPIKE_ATO_00299,targeted_ato_surge,646,77,24,41,0.0374,0.5298,516,30,0.0338,0.7931,1,0.4924,14.1307,2.8607,2.5667,0.7593
MERCH_STD_01170,standard_stable,2547,131,62,3,0.0244,0.0238,2273,108,0.0288,0.0709,0,-0.0006,0.9755,1.2344,1.213,0.0421
MERCH_HIBAS_00169,high_stable_fraud,742,37,88,5,0.1192,0.1265,460,22,0.3239,0.2972,0,0.0073,1.0612,1.1968,1.6818,-0.0267
MERCH_SPIKE_RUSH_00061,syndicate_bot_rush,1729,509,40,177,0.0236,0.3475,1417,223,0.0704,0.8709,1,0.3239,14.6667,7.0654,2.2825,0.8005
MERCH_SPIKE_RUSH_00290,syndicate_bot_rush,1821,390,53,154,0.0292,0.3942,1493,148,0.076,0.8138,1,0.365,13.4573,5.14,2.6351,0.7378
MERCH_HIBAS_00330,high_stable_fraud,912,43,130,6,0.1436,0.1362,605,29,0.2902,0.2991,0,-0.0074,0.9485,1.1316,1.4828,0.0089
MERCH_SPIKE_RUSH_00210,syndicate_bot_rush,1579,331,39,168,0.0252,0.5084,1294,94,0.0298,0.7723,1,0.4832,20.0988,5.031,3.5213,0.7425
MERCH_SPIKE_RUSH_00044,syndicate_bot_rush,945,209,26,62,0.0279,0.2961,774,86,0.0982,0.7589,1,0.2682,10.5786,5.3079,2.4302,0.6607
MERCH_SPIKE_ATO_00062,targeted_ato_surge,1002,135,22,59,0.0221,0.4388,801,44,0.1155,0.7273,1,0.4167,19.7703,3.2335,3.0682,0.6118
MERCH_STD_01247,standard_stable,887,38,32,1,0.0366,0.0369,757,29,0.0719,0.0277,0,0.0003,1.0082,1.0282,1.3103,-0.0442
MERCH_ORG_00008,organic_growth,1234,67,15,1,0.0122,0.0172,1048,56,0.0779,0.0678,0,0.005,1.4065,1.3031,1.1964,-0.0101
MERCH_STD_01290,standard_stable,836,33,33,1,0.0398,0.0335,691,25,0.0273,0.0204,0,-0.0063,0.8421,0.9474,1.32,-0.0069
MERCH_STD_01484,standard_stable,2990,130,94,5,0.0317,0.0366,2530,110,0.0843,0.0756,0,0.0049,1.1541,1.0435,1.1818,-0.0087
MERCH_STD_00175,standard_stable,662,30,16,1,0.0243,0.0234,538,24,0.0869,0.0309,0,-0.0009,0.9631,1.0876,1.25,-0.056
MERCH_FLASH_00130,flash_sale_high_vol,2287,583,64,13,0.0284,0.022,1995,512,0.0418,0.0303,0,-0.0064,0.7754,6.1181,1.1387,-0.0115
MERCH_NOISE_00037,low_volume_noise,95,1,2,0,0.0211,0.0,85,1,0.0465,0.0918,0,-0.0211,0.0047,0.2526,1.0,0.0453
MERCH_HIBAS_00201,high_stable_fraud,903,29,102,3,0.1137,0.1152,578,21,0.2844,0.3228,0,0.0015,1.0132,0.7708,1.381,0.0384
MERCH_HIBAS_00233,high_stable_fraud,1897,83,255,12,0.1345,0.1388,1445,60,0.3796,0.3561,0,0.0043,1.0319,1.0501,1.3833,-0.0235
MERCH_STD_00862,standard_stable,3227,140,58,3,0.018,0.0205,2532,123,0.0296,0.0228,0,0.0025,1.1381,1.0412,1.1382,-0.0068
MERCH_FLASH_00405,flash_sale_high_vol,1674,419,45,4,0.0274,0.0096,1519,370,0.0363,0.1109,0,-0.0178,0.3527,6.0072,1.1324,0.0746
MERCH_HIBAS_00428,high_stable_fraud,702,27,82,3,0.1182,0.1261,460,20,0.396,0.3064,0,0.0079,1.0668,0.9231,1.35,-0.0896
MERCH_SPIKE_RUSH_00432,syndicate_bot_rush,1877,427,55,182,0.0298,0.4265,1539,147,0.0968,0.8953,1,0.3967,14.2676,5.4598,2.9048,0.7985
MERCH_STD_01588,standard_stable,2674,112,39,1,0.0147,0.0123,2053,86,0.0907,0.0616,0,-0.0024,0.8378,1.0052,1.3023,-0.0291
MERCH_STD_01347,standard_stable,2355,108,50,2,0.0215,0.0178,1809,84,0.0773,0.0399,0,-0.0037,0.8287,1.1006,1.2857,-0.0374
MERCH_STD_00371,standard_stable,3271,131,35,1,0.0108,0.0102,2519,105,0.0907,0.0492,0,-0.0006,0.945,0.9612,1.2476,-0.0415
MERCH_FLASH_00078,flash_sale_high_vol,2086,586,60,11,0.0291,0.0183,1858,488,0.058,0.0651,0,-0.0108,0.6301,6.7421,1.2008,0.0071
MERCH_HIBAS_00059,high_stable_fraud,1290,48,134,5,0.1042,0.1138,857,34,0.328,0.4092,0,0.0096,1.092,0.893,1.4118,0.0812
MERCH_NOISE_00069,low_volume_noise,40,1,0,0,0.0,0.0,36,1,0.1072,0.224,0,0.0,1.0,0.6,1.0,0.1168
MERCH_STD_01590,standard_stable,2593,119,47,2,0.0183,0.0181,1953,106,0.0538,0.0571,0,-0.0002,0.9891,1.1014,1.1226,0.0033
MERCH_HIBAS_00261,high_stable_fraud,1174,55,123,6,0.1053,0.1029,881,38,0.3715,0.3757,0,-0.0024,0.9772,1.1244,1.4474,0.0042
MERCH_HIBAS_00043,high_stable_fraud,1107,48,114,5,0.1033,0.1113,839,29,0.3242,0.3528,0,0.008,1.0774,1.0407,1.6552,0.0286
MERCH_STD_01111,standard_stable,1347,51,28,1,0.0211,0.0199,1063,38,0.0332,0.0573,0,-0.0012,0.9434,0.9087,1.3421,0.0241
MERCH_STD_01381,standard_stable,1344,49,32,1,0.0245,0.0219,948,40,0.0911,0.1198,0,-0.0026,0.8943,0.875,1.225,0.0287
MERCH_HIBAS_00326,high_stable_fraud,1112,46,159,6,0.1434,0.1358,830,31,0.2589,0.3171,0,-0.0076,0.947,0.9928,1.4839,0.0582
MERCH_SPIKE_RUSH_00287,syndicate_bot_rush,653,178,14,96,0.0227,0.5404,535,52,0.0943,0.8515,1,0.5177,23.7061,6.5421,3.4231,0.7572
MERCH_HIBAS_00174,high_stable_fraud,1050,49,136,6,0.1303,0.128,689,38,0.2863,0.2519,0,-0.0023,0.9824,1.12,1.2895,-0.0344
MERCH_HIBAS_00403,high_stable_fraud,744,27,105,4,0.1423,0.134,594,19,0.349,0.3377,0,-0.0083,0.9417,0.871,1.4211,-0.0113
MERCH_STD_01511,standard_stable,630,22,18,1,0.0293,0.0328,499,16,0.0859,0.0543,0,0.0035,1.119,0.8381,1.375,-0.0316
MERCH_SPIKE_RUSH_00205,syndicate_bot_rush,1168,253,15,65,0.013,0.2565,957,106,0.065,0.8933,1,0.2435,19.5878,5.1986,2.3868,0.8283
MERCH_HIBAS_00148,high_stable_fraud,863,37,118,5,0.1378,0.14,547,29,0.275,0.3461,0,0.0022,1.016,1.029,1.2759,0.0711
MERCH_STD_00261,standard_stable,924,39,29,1,0.0318,0.0346,659,34,0.0868,0.0289,0,0.0028,1.0878,1.013,1.1471,-0.0579
MERCH_SPIKE_RUSH_00448,syndicate_bot_rush,902,138,21,57,0.0234,0.4141,739,45,0.0482,0.7077,1,0.3907,17.6255,3.6718,3.0667,0.6595
MERCH_HIBAS_00432,high_stable_fraud,804,36,97,4,0.1215,0.1139,639,22,0.3961,0.2617,0,-0.0076,0.9375,1.0746,1.6364,-0.1344
MERCH_STD_01370,standard_stable,1632,71,34,1,0.0209,0.0182,1334,51,0.0379,0.0761,0,-0.0027,0.8714,1.0441,1.3922,0.0382
MERCH_STD_00116,standard_stable,2420,102,53,2,0.0222,0.0189,1738,85,0.0724,0.0863,0,-0.0033,0.852,1.0116,1.2,0.0139
MERCH_STD_01244,standard_stable,1930,82,39,1,0.0206,0.0174,1606,67,0.0718,0.0811,0,-0.0032,0.8454,1.0197,1.2239,0.0093
MERCH_SPIKE_RUSH_00145,syndicate_bot_rush,1219,297,26,161,0.0214,0.5415,999,122,0.0967,0.7068,1,0.5201,25.1907,5.8474,2.4344,0.6101
MERCH_SPIKE_ATO_00319,targeted_ato_surge,724,68,27,30,0.0384,0.4465,579,31,0.0853,0.5893,1,0.4081,11.6,2.2541,2.1935,0.504
MERCH_STD_00050,standard_stable,1009,37,15,1,0.0158,0.0171,904,30,0.0244,0.0816,0,0.0013,1.0818,0.8801,1.2333,0.0572
MERCH_STD_00623,standard_stable,2260,82,58,2,0.0259,0.03,1993,66,0.0645,0.0258,0,0.0041,1.1577,0.8708,1.2424,-0.0387
MERCH_HIBAS_00268,high_stable_fraud,681,27,70,3,0.1031,0.0977,538,18,0.3234,0.3138,0,-0.0054,0.9477,0.9515,1.5,-0.0096
MERCH_NOISE_00268,low_volume_noise,58,4,0,0,0.0,0.0,52,4,0.0281,0.0578,0,0.0,1.0,1.6552,1.0,0.0297
MERCH_HIBAS_00087,high_stable_fraud,1189,54,130,6,0.1101,0.1119,775,41,0.338,0.4114,0,0.0018,1.0163,1.09,1.3171,0.0734
MERCH_HIBAS_00055,high_stable_fraud,1730,58,228,7,0.1318,0.1239,1165,45,0.3458,0.3367,0,-0.0079,0.9401,0.8046,1.2889,-0.0091
MERCH_STD_01566,standard_stable,1369,63,17,1,0.0125,0.0109,1093,51,0.0947,0.0856,0,-0.0016,0.873,1.1045,1.2353,-0.0091
MERCH_HIBAS_00090,high_stable_fraud,902,40,96,4,0.1067,0.1092,649,27,0.2941,0.2611,0,0.0025,1.0234,1.0643,1.4815,-0.033
MERCH_STD_00826,standard_stable,1167,45,17,1,0.0148,0.0173,1011,37,0.0772,0.0334,0,0.0025,1.1678,0.9254,1.2162,-0.0438
MERCH_NOISE_00197,low_volume_noise,24,1,0,1,0.0,1.0,21,1,0.0301,0.1968,0,1.0,10001.0,1.0,1.0,0.1667
MERCH_HIBAS_00023,high_stable_fraud,941,34,95,4,0.1012,0.1094,599,22,0.374,0.2706,0,0.0082,1.0809,0.8672,1.5455,-0.1034
MERCH_SPIKE_ATO_00019,targeted_ato_surge,385,53,11,30,0.0307,0.5677,308,16,0.1033,0.7591,1,0.537,18.4351,3.3039,3.3125,0.6558
MERCH_STD_00136,standard_stable,2030,92,54,2,0.0269,0.0222,1421,68,0.0916,0.0846,0,-0.0047,0.8259,1.0877,1.3529,-0.007
MERCH_STD_00871,standard_stable,3627,154,46,2,0.0127,0.0132,2783,115,0.0775,0.0941,0,0.0005,1.0391,1.019,1.3391,0.0166
MERCH_STD_00660,standard_stable,1205,48,21,1,0.0175,0.0179,901,37,0.0724,0.1036,0,0.0004,1.0227,0.956,1.2973,0.0312
MERCH_FLASH_00125,flash_sale_high_vol,1702,489,24,5,0.0146,0.0095,1456,422,0.0276,0.0871,0,-0.0051,0.6531,6.8954,1.1588,0.0595
MERCH_SPIKE_ATO_00213,targeted_ato_surge,537,47,18,16,0.0349,0.3348,429,20,0.0853,0.6973,1,0.2999,9.5686,2.1006,2.35,0.612
MERCH_STD_00538,standard_stable,2695,101,93,3,0.0348,0.028,1952,73,0.0903,0.0625,0,-0.0068,0.8052,0.8994,1.3836,-0.0278
MERCH_SPIKE_RUSH_00449,syndicate_bot_rush,1083,213,27,110,0.0252,0.5187,888,75,0.0824,0.9054,1,0.4935,20.5059,4.7202,2.84,0.823
MERCH_FLASH_00221,flash_sale_high_vol,2316,433,62,7,0.0272,0.0158,1875,359,0.0424,0.0886,0,-0.0114,0.5824,4.487,1.2061,0.0462
MERCH_ORG_00144,organic_growth,1150,68,38,1,0.0339,0.0199,977,57,0.0506,0.0352,0,-0.014,0.5882,1.4191,1.193,-0.0154
MERCH_FLASH_00092,flash_sale_high_vol,1463,437,33,7,0.0229,0.0165,1232,370,0.0388,0.0971,0,-0.0064,0.7217,7.1688,1.1811,0.0583
MERCH_HIBAS_00248,high_stable_fraud,1654,63,169,7,0.1025,0.1053,1020,48,0.2914,0.3987,0,0.0028,1.0273,0.9141,1.3125,0.1073
MERCH_STD_00258,standard_stable,1012,39,18,1,0.0186,0.0206,808,34,0.0226,0.0267,0,0.002,1.107,0.9249,1.1471,0.0041
MERCH_FLASH_00412,flash_sale_high_vol,1390,274,31,4,0.023,0.0145,1091,245,0.0267,0.0703,0,-0.0085,0.632,4.7309,1.1184,0.0436
MERCH_FLASH_00115,flash_sale_high_vol,2296,655,24,14,0.0107,0.0215,1980,615,0.0682,0.0497,0,0.0108,2.0,6.8467,1.065,-0.0185
MERCH_FLASH_00357,flash_sale_high_vol,838,157,22,3,0.0268,0.0199,687,126,0.0522,0.0527,0,-0.0069,0.7435,4.4964,1.246,0.0005
MERCH_SPIKE_RUSH_00277,syndicate_bot_rush,1760,371,38,102,0.0218,0.2748,1443,126,0.0857,0.9466,1,0.253,12.5525,5.0591,2.9444,0.8609
MERCH_STD_00749,standard_stable,3330,149,42,2,0.0129,0.0104,2728,127,0.0466,0.0799,0,-0.0025,0.8077,1.0739,1.1732,0.0333
MERCH_HIBAS_00155,high_stable_fraud,1867,77,230,9,0.1236,0.114,1382,61,0.2696,0.2759,0,-0.0096,0.9224,0.9898,1.2623,0.0063
MERCH_HIBAS_00144,high_stable_fraud,1423,49,186,6,0.1309,0.1204,1026,34,0.3894,0.3918,0,-0.0105,0.9198,0.8264,1.4412,0.0024
MERCH_NOISE_00115,low_volume_noise,88,3,0,0,0.0,0.0,79,3,0.059,0.0736,0,0.0,1.0,0.8182,1.0,0.0146
MERCH_SPIKE_RUSH_00020,syndicate_bot_rush,1831,268,39,94,0.0214,0.3512,1501,99,0.0945,0.8988,1,0.3298,16.3395,3.5128,2.7071,0.8043
MERCH_HIBAS_00397,high_stable_fraud,1748,67,237,9,0.1359,0.1295,1072,44,0.281,0.3857,0,-0.0064,0.9529,0.9199,1.5227,0.1047
MERCH_STD_01547,standard_stable,3691,152,44,2,0.012,0.0112,3287,129,0.0606,0.063,0,-0.0008,0.9339,0.9884,1.1783,0.0024
MERCH_STD_01568,standard_stable,3832,160,75,3,0.0196,0.0174,2977,134,0.0975,0.0639,0,-0.0022,0.8883,1.0021,1.194,-0.0336
MERCH_STD_01165,standard_stable,1963,92,31,2,0.0159,0.0189,1394,79,0.0717,0.0461,0,0.003,1.1875,1.1248,1.1646,-0.0256
MERCH_SPIKE_ATO_00013,targeted_ato_surge,498,41,10,12,0.0211,0.2812,398,14,0.0525,0.6694,1,0.2601,13.2689,1.9759,2.9286,0.6169
MERCH_SPIKE_ATO_00063,targeted_ato_surge,513,43,10,15,0.0208,0.3437,410,17,0.0563,0.5643,1,0.3229,16.4498,2.0117,2.5294,0.508
MERCH_SPIKE_ATO_00128,targeted_ato_surge,1012,90,32,49,0.0317,0.5416,809,41,0.0637,0.8873,1,0.5099,17.0346,2.1344,2.1951,0.8236
MERCH_HIBAS_00451,high_stable_fraud,1383,50,162,6,0.1173,0.1185,840,33,0.3334,0.2508,0,0.0012,1.0102,0.8677,1.5152,-0.0826
MERCH_STD_00618,standard_stable,1062,40,38,1,0.0364,0.034,885,29,0.0944,0.0564,0,-0.0024,0.9342,0.904,1.3793,-0.038
MERCH_ORG_00049,organic_growth,684,37,18,1,0.0276,0.0175,581,31,0.0579,0.0733,0,-0.0101,0.6354,1.2982,1.1935,0.0154
MERCH_SPIKE_RUSH_00224,syndicate_bot_rush,1424,182,28,62,0.0203,0.341,1167,63,0.096,0.8682,1,0.3207,16.7206,3.0674,2.8889,0.7722
MERCH_STD_00144,standard_stable,1492,62,40,2,0.027,0.0287,1209,47,0.0477,0.0579,0,0.0017,1.0627,0.9973,1.3191,0.0102
MERCH_FLASH_00620,flash_sale_high_vol,2301,413,57,6,0.0252,0.0141,2003,350,0.0626,0.0603,0,-0.0111,0.5613,4.3077,1.18,-0.0023
MERCH_NOISE_00225,low_volume_noise,39,1,0,0,0.0,0.0,35,1,0.1361,0.1757,0,0.0,1.0,0.6154,1.0,0.0396
MERCH_STD_00287,standard_stable,2233,100,68,3,0.0309,0.0262,1976,70,0.0869,0.0277,0,-0.0047,0.8484,1.0748,1.4286,-0.0592
MERCH_SPIKE_RUSH_00149,syndicate_bot_rush,1257,278,38,122,0.0308,0.4401,1030,123,0.0338,0.6916,1,0.4093,14.246,5.3079,2.2602,0.6578
MERCH_STD_00838,standard_stable,601,25,23,1,0.0388,0.0438,436,18,0.0957,0.0584,0,0.005,1.1285,0.9983,1.3889,-0.0373
MERCH_FLASH_00213,flash_sale_high_vol,2545,684,61,16,0.0241,0.0233,2325,555,0.0798,0.0933,0,-0.0008,0.9669,6.4503,1.2324,0.0135
MERCH_STD_00588,standard_stable,1560,75,20,1,0.0134,0.0137,1187,61,0.0466,0.0648,0,0.0003,1.0222,1.1538,1.2295,0.0182
MERCH_SPIKE_ATO_00053,targeted_ato_surge,409,50,7,13,0.0193,0.2648,327,15,0.0556,0.7034,1,0.2455,13.6546,2.934,3.3333,0.6478
MERCH_FLASH_00454,flash_sale_high_vol,1747,456,21,7,0.0123,0.0143,1443,411,0.0678,0.0614,0,0.002,1.1613,6.2645,1.1095,-0.0064
MERCH_SPIKE_RUSH_00349,syndicate_bot_rush,1833,405,53,160,0.0291,0.3958,1503,145,0.0361,0.7143,1,0.3667,13.5582,5.3028,2.7931,0.6782
MERCH_STD_00719,standard_stable,2584,125,68,3,0.0267,0.024,2189,111,0.0893,0.0602,0,-0.0027,0.8993,1.161,1.1261,-0.0291
MERCH_STD_01490,standard_stable,1880,70,56,2,0.0303,0.0302,1381,57,0.0293,0.0398,0,-0.0001,0.9967,0.8936,1.2281,0.0105
MERCH_STD_01412,standard_stable,2180,95,68,3,0.0316,0.0337,1692,82,0.0389,0.0356,0,0.0021,1.0662,1.0459,1.1585,-0.0033
MERCH_SPIKE_RUSH_00312,syndicate_bot_rush,489,90,6,28,0.0143,0.3153,400,37,0.0363,0.8958,1,0.301,21.9028,4.4172,2.4324,0.8595
MERCH_ORG_00110,organic_growth,743,37,9,0,0.0128,0.011,631,31,0.0679,0.0672,0,-0.0018,0.8605,1.1952,1.1935,-0.0007
MERCH_HIBAS_00168,high_stable_fraud,1262,57,140,7,0.1114,0.1163,808,39,0.3034,0.3246,0,0.0049,1.0439,1.084,1.4615,0.0212
MERCH_SPIKE_ATO_00064,targeted_ato_surge,649,73,18,20,0.0278,0.2773,519,25,0.0553,0.7197,1,0.2495,9.9427,2.6995,2.92,0.6644
MERCH_STD_00225,standard_stable,1225,54,34,2,0.0284,0.0301,884,37,0.0399,0.0657,0,0.0017,1.0596,1.058,1.4595,0.0258
MERCH_SPIKE_ATO_00311,targeted_ato_surge,985,95,28,24,0.0289,0.2563,788,41,0.0975,0.8077,1,0.2274,8.8414,2.3147,2.3171,0.7102
MERCH_SPIKE_RUSH_00285,syndicate_bot_rush,1481,295,31,106,0.0216,0.3584,1214,102,0.0477,0.7269,1,0.3368,16.5207,4.7806,2.8922,0.6792
MERCH_SPIKE_RUSH_00310,syndicate_bot_rush,782,162,24,70,0.031,0.4322,641,58,0.0893,0.6968,1,0.4012,13.9003,4.9719,2.7931,0.6075
MERCH_SPIKE_ATO_00190,targeted_ato_surge,518,57,16,32,0.0328,0.5655,414,27,0.0753,0.8863,1,0.5327,17.1915,2.6409,2.1111,0.811
MERCH_STD_01117,standard_stable,1507,61,43,2,0.0291,0.0345,1267,42,0.0219,0.089,0,0.0054,1.1849,0.9715,1.4524,0.0671
MERCH_SPIKE_ATO_00223,targeted_ato_surge,909,84,13,22,0.015,0.2659,727,29,0.0664,0.8229,1,0.2509,17.6159,2.2178,2.8966,0.7565
MERCH_STD_01124,standard_stable,3683,137,76,3,0.0208,0.0191,2818,119,0.0208,0.0636,0,-0.0017,0.9187,0.8928,1.1513,0.0428
MERCH_FLASH_00344,flash_sale_high_vol,1157,330,28,7,0.025,0.0203,1020,267,0.0506,0.0536,0,-0.0047,0.8127,6.8453,1.236,0.003
MERCH_ORG_00133,organic_growth,1119,59,16,2,0.0148,0.037,951,50,0.0483,0.0586,0,0.0222,2.4899,1.2654,1.18,0.0103
MERCH_FLASH_00573,flash_sale_high_vol,1533,295,38,5,0.0248,0.0178,1193,245,0.034,0.0313,0,-0.007,0.7189,4.6184,1.2041,-0.0027
MERCH_HIBAS_00377,high_stable_fraud,1780,75,192,8,0.1083,0.1106,1186,48,0.3828,0.2741,0,0.0023,1.0212,1.0112,1.5625,-0.1087
MERCH_STD_00868,standard_stable,1877,89,57,3,0.0306,0.0286,1668,62,0.0306,0.0789,0,-0.002,0.9349,1.138,1.4355,0.0483
MERCH_STD_01050,standard_stable,3580,152,68,3,0.019,0.0173,2894,122,0.0398,0.0548,0,-0.0017,0.911,1.019,1.2459,0.015
MERCH_SPIKE_ATO_00047,targeted_ato_surge,535,41,15,19,0.0286,0.4643,428,16,0.0353,0.8526,1,0.4357,16.1812,1.8393,2.5625,0.8173
MERCH_HIBAS_00111,high_stable_fraud,1338,46,202,7,0.1515,0.1524,848,30,0.3885,0.4196,0,0.0009,1.0059,0.8251,1.5333,0.0311
MERCH_STD_01147,standard_stable,2890,112,58,3,0.0204,0.0243,2264,96,0.0621,0.0424,0,0.0039,1.1902,0.9301,1.1667,-0.0197
MERCH_ORG_00072,organic_growth,1233,63,41,2,0.0333,0.0301,1048,53,0.0578,0.0669,0,-0.0032,0.9042,1.2263,1.1887,0.0091
MERCH_STD_01361,standard_stable,2439,118,61,3,0.0254,0.0291,1981,94,0.0758,0.0728,0,0.0037,1.1451,1.1611,1.2553,-0.003
MERCH_SPIKE_RUSH_00453,syndicate_bot_rush,720,160,16,37,0.0225,0.2306,590,63,0.0715,0.6721,1,0.2081,10.208,5.3333,2.5397,0.6006
MERCH_ORG_00020,organic_growth,1340,81,19,1,0.0142,0.0159,1139,68,0.0789,0.0514,0,0.0017,1.1189,1.4507,1.1912,-0.0275
MERCH_STD_01462,standard_stable,1314,50,43,2,0.0333,0.0354,1158,43,0.0532,0.0641,0,0.0021,1.0629,0.9132,1.1628,0.0109
MERCH_NOISE_00144,low_volume_noise,89,3,0,0,0.0,0.0,80,3,0.0143,0.0599,0,0.0,1.0,0.809,1.0,0.0456
MERCH_STD_00590,standard_stable,2501,85,50,2,0.0201,0.0212,2250,64,0.0347,0.0482,0,0.0011,1.0545,0.8157,1.3281,0.0135
MERCH_FLASH_00067,flash_sale_high_vol,2165,373,46,5,0.0216,0.0132,1939,317,0.0262,0.0572,0,-0.0084,0.6129,4.1349,1.1767,0.031
MERCH_STD_00053,standard_stable,944,38,20,1,0.0221,0.0187,686,28,0.0444,0.0628,0,-0.0034,0.8468,0.9661,1.3571,0.0184
MERCH_STD_01567,standard_stable,563,22,19,1,0.0338,0.0395,453,15,0.0393,0.1106,0,0.0057,1.1681,0.9378,1.4667,0.0713
MERCH_STD_00767,standard_stable,889,34,33,1,0.0378,0.0393,790,26,0.0622,0.0896,0,0.0015,1.0396,0.9179,1.3077,0.0274
MERCH_SPIKE_RUSH_00197,syndicate_bot_rush,1069,340,12,153,0.0114,0.4493,876,129,0.0931,0.8125,1,0.4379,39.0783,7.6333,2.6357,0.7194
MERCH_FLASH_00039,flash_sale_high_vol,2036,611,58,9,0.0288,0.0141,1687,576,0.0737,0.0472,0,-0.0147,0.4913,7.2024,1.0608,-0.0265
MERCH_STD_00132,standard_stable,1186,41,16,0,0.0136,0.0118,871,35,0.0519,0.119,0,-0.0018,0.8686,0.8297,1.1714,0.0671
MERCH_STD_01444,standard_stable,601,24,9,0,0.0165,0.016,467,17,0.0842,0.058,0,-0.0005,0.9699,0.9584,1.4118,-0.0262
MERCH_STD_01407,standard_stable,1307,58,20,1,0.016,0.0189,972,51,0.046,0.0758,0,0.0029,1.1801,1.065,1.1373,0.0298
MERCH_SPIKE_RUSH_00244,syndicate_bot_rush,547,63,14,24,0.0258,0.3819,448,17,0.0844,0.6586,1,0.3561,14.749,2.7642,3.7059,0.5742
MERCH_STD_01261,standard_stable,2239,90,44,2,0.0198,0.0214,1798,76,0.0246,0.0625,0,0.0016,1.0804,0.9647,1.1842,0.0379
MERCH_STD_00979,standard_stable,828,37,27,1,0.0335,0.0271,710,32,0.0904,0.1023,0,-0.0064,0.8095,1.0725,1.1562,0.0119
MERCH_STD_00796,standard_stable,3001,106,115,4,0.0386,0.0334,2452,83,0.0657,0.0998,0,-0.0052,0.8656,0.8477,1.2771,0.0341
MERCH_STD_00827,standard_stable,503,20,6,0,0.0127,0.0113,444,17,0.0855,0.0914,0,-0.0014,0.8906,0.9543,1.1765,0.0059
MERCH_HIBAS_00132,high_stable_fraud,950,41,106,5,0.1121,0.113,730,28,0.3413,0.4076,0,0.0009,1.008,1.0358,1.4643,0.0663
MERCH_STD_01089,standard_stable,536,25,8,0,0.0157,0.0127,405,17,0.0523,0.0249,0,-0.003,0.8101,1.1194,1.4706,-0.0274
MERCH_STD_01527,standard_stable,3270,123,82,4,0.0253,0.0298,2703,99,0.0679,0.083,0,0.0045,1.1772,0.9028,1.2424,0.0151
MERCH_STD_00137,standard_stable,1095,42,26,1,0.0241,0.0283,779,31,0.0669,0.0395,0,0.0042,1.1736,0.9205,1.3548,-0.0274
MERCH_STD_01149,standard_stable,1995,104,31,2,0.0157,0.0164,1767,79,0.0773,0.0972,0,0.0007,1.0443,1.2511,1.3165,0.0199
MERCH_SPIKE_RUSH_00048,syndicate_bot_rush,1323,355,43,127,0.0328,0.3576,1084,124,0.0279,0.8932,1,0.3248,10.8723,6.4399,2.8629,0.8653
MERCH_STD_00535,standard_stable,1788,74,41,2,0.0231,0.0233,1495,59,0.0952,0.0628,0,0.0002,1.0086,0.9933,1.2542,-0.0324
MERCH_SPIKE_RUSH_00411,syndicate_bot_rush,1652,496,56,110,0.0345,0.2209,1354,214,0.0968,0.8386,1,0.1864,6.3873,7.2058,2.3178,0.7418
MERCH_SPIKE_RUSH_00168,syndicate_bot_rush,1089,151,13,43,0.0126,0.2852,892,60,0.0527,0.8428,1,0.2726,22.4646,3.3278,2.5167,0.7901
MERCH_STD_01119,standard_stable,2756,141,74,4,0.0272,0.0261,2458,104,0.0285,0.0725,0,-0.0011,0.9597,1.2279,1.3558,0.044
MERCH_STD_00425,standard_stable,1734,83,53,3,0.0306,0.0339,1431,67,0.0225,0.0923,0,0.0033,1.1075,1.1488,1.2388,0.0698
MERCH_FLASH_00367,flash_sale_high_vol,1670,461,28,9,0.017,0.0203,1387,422,0.0779,0.0481,0,0.0033,1.193,6.6251,1.0924,-0.0298
MERCH_FLASH_00159,flash_sale_high_vol,1622,427,28,7,0.0174,0.0154,1458,387,0.0266,0.102,0,-0.002,0.8857,6.3181,1.1034,0.0754
MERCH_STD_00854,standard_stable,3773,166,147,7,0.0392,0.0419,2981,144,0.0219,0.1034,0,0.0027,1.0687,1.0559,1.1528,0.0815
MERCH_STD_00092,standard_stable,1212,52,33,2,0.0278,0.0296,1051,36,0.0677,0.0431,0,0.0018,1.0645,1.0297,1.4444,-0.0246
MERCH_NOISE_00102,low_volume_noise,35,1,2,0,0.0571,0.0,31,1,0.0817,0.0112,0,-0.0571,0.0017,0.6857,1.0,-0.0705
MERCH_STD_00152,standard_stable,1023,42,21,1,0.0213,0.0174,810,33,0.0371,0.034,0,-0.0039,0.8178,0.9853,1.2727,-0.0031
MERCH_STD_00493,standard_stable,1104,56,21,1,0.0192,0.0217,854,45,0.0654,0.1029,0,0.0025,1.1295,1.2174,1.2444,0.0375
MERCH_NOISE_00072,low_volume_noise,43,1,0,0,0.0,0.0,38,1,0.0859,0.0981,0,0.0,1.0,0.5581,1.0,0.0122
MERCH_SPIKE_RUSH_00435,syndicate_bot_rush,1397,345,41,139,0.0295,0.4026,1145,91,0.089,0.945,1,0.3731,13.6047,5.927,3.7912,0.856
MERCH_STD_00012,standard_stable,3765,134,116,5,0.031,0.0368,3221,113,0.0559,0.0472,0,0.0058,1.1865,0.8542,1.1858,-0.0087
MERCH_HIBAS_00398,high_stable_fraud,1125,54,159,7,0.1415,0.1359,690,33,0.3786,0.3938,0,-0.0056,0.9605,1.152,1.6364,0.0152
MERCH_STD_01013,standard_stable,2939,120,116,5,0.0395,0.0395,2336,94,0.0877,0.0355,0,0.0,1.0,0.9799,1.2766,-0.0522
MERCH_ORG_00140,organic_growth,731,40,20,0,0.028,0.0109,621,34,0.0528,0.0413,0,-0.0171,0.3915,1.3133,1.1765,-0.0115
MERCH_NOISE_00028,low_volume_noise,42,1,0,1,0.0,1.0,37,1,0.0365,0.1837,0,1.0,10001.0,0.5714,1.0,0.1472
MERCH_STD_00222,standard_stable,871,37,26,1,0.0302,0.025,692,31,0.0428,0.0535,0,-0.0052,0.8284,1.0195,1.1935,0.0107
MERCH_STD_01426,standard_stable,3326,138,49,2,0.0148,0.0126,2576,110,0.024,0.0357,0,-0.0022,0.8523,0.9958,1.2545,0.0117
MERCH_STD_00674,standard_stable,2399,97,87,3,0.0366,0.0352,1753,75,0.0466,0.107,0,-0.0014,0.9619,0.9704,1.2933,0.0604
MERCH_NOISE_00108,low_volume_noise,87,3,1,0,0.0115,0.0,78,3,0.0237,0.1298,0,-0.0115,0.0086,0.8276,1.0,0.1061
MERCH_NOISE_00156,low_volume_noise,55,3,1,1,0.0182,0.3333,49,3,0.1269,0.1852,0,0.3151,18.2186,1.3091,1.0,0.0583
MERCH_FLASH_00047,flash_sale_high_vol,874,285,22,5,0.0252,0.0169,708,229,0.055,0.0642,0,-0.0083,0.6719,7.8261,1.2445,0.0092
MERCH_FLASH_00249,flash_sale_high_vol,698,175,14,4,0.0212,0.0247,619,143,0.045,0.0688,0,0.0035,1.1643,6.0172,1.2238,0.0238
MERCH_FLASH_00393,flash_sale_high_vol,1876,418,34,4,0.0183,0.0094,1715,348,0.0497,0.0403,0,-0.0089,0.5163,5.3475,1.2011,-0.0094
MERCH_STD_01451,standard_stable,1009,38,14,0,0.0144,0.0131,755,26,0.0653,0.0601,0,-0.0013,0.9103,0.9039,1.4615,-0.0052
MERCH_FLASH_00500,flash_sale_high_vol,1846,552,22,8,0.0123,0.0151,1616,516,0.0794,0.0826,0,0.0028,1.2258,7.1766,1.0698,0.0032
MERCH_FLASH_00190,flash_sale_high_vol,1457,407,25,5,0.0173,0.0123,1130,368,0.0722,0.1111,0,-0.005,0.7126,6.7042,1.106,0.0389
MERCH_NOISE_00167,low_volume_noise,46,1,0,0,0.0,0.0,41,1,0.0655,0.0211,0,0.0,1.0,0.5217,1.0,-0.0444
MERCH_SPIKE_ATO_00207,targeted_ato_surge,467,57,11,26,0.0256,0.4642,373,18,0.0567,0.8637,1,0.4386,18.0661,2.9293,3.1667,0.807
MERCH_HIBAS_00454,high_stable_fraud,1871,83,215,9,0.1153,0.105,1224,51,0.3171,0.3583,0,-0.0103,0.9107,1.0647,1.6275,0.0412
MERCH_STD_00515,standard_stable,3024,121,48,2,0.0159,0.0145,2387,92,0.0417,0.0849,0,-0.0014,0.9125,0.9603,1.3152,0.0432
MERCH_STD_00168,standard_stable,1919,80,48,2,0.0252,0.0248,1426,67,0.0305,0.0399,0,-0.0004,0.9842,1.0005,1.194,0.0094
MERCH_NOISE_00267,low_volume_noise,44,2,0,0,0.0,0.0,39,2,0.0433,0.1653,0,0.0,1.0,1.0909,1.0,0.122
MERCH_NOISE_00044,low_volume_noise,60,2,0,0,0.0,0.0,54,2,0.1245,0.1405,0,0.0,1.0,0.8,1.0,0.016
MERCH_STD_01422,standard_stable,1361,54,19,1,0.0144,0.0115,1005,44,0.0899,0.0249,0,-0.0029,0.8,0.9522,1.2273,-0.065
MERCH_SPIKE_ATO_00011,targeted_ato_surge,1045,97,30,55,0.0296,0.5675,836,43,0.0532,0.6568,1,0.5379,19.1111,2.2278,2.2558,0.6036
MERCH_NOISE_00304,low_volume_noise,41,2,0,0,0.0,0.0,36,2,0.0106,0.1551,0,0.0,1.0,1.1707,1.0,0.1445
MERCH_STD_01308,standard_stable,1024,40,12,1,0.012,0.0132,719,29,0.0502,0.0707,0,0.0012,1.0992,0.9375,1.3793,0.0205
MERCH_SPIKE_RUSH_00214,syndicate_bot_rush,1076,297,17,159,0.0159,0.5367,882,91,0.0945,0.8954,1,0.5208,33.55,6.6245,3.2637,0.8009
MERCH_HIBAS_00191,high_stable_fraud,1772,73,214,8,0.1211,0.1137,1383,53,0.2729,0.3758,0,-0.0074,0.9389,0.9887,1.3774,0.1029
MERCH_FLASH_00596,flash_sale_high_vol,1662,509,25,9,0.0151,0.0174,1464,450,0.0542,0.1072,0,0.0023,1.1513,7.3502,1.1311,0.053
MERCH_STD_01585,standard_stable,483,22,10,1,0.0224,0.0228,397,16,0.0262,0.0892,0,0.0004,1.0178,1.0932,1.375,0.063
MERCH_FLASH_00084,flash_sale_high_vol,2247,402,64,10,0.0289,0.0247,2004,334,0.056,0.1018,0,-0.0042,0.8552,4.2937,1.2036,0.0458
MERCH_STD_00415,standard_stable,3306,156,103,6,0.0313,0.0368,2913,127,0.0663,0.0367,0,0.0055,1.1752,1.1325,1.2283,-0.0296
MERCH_ORG_00130,organic_growth,383,19,7,0,0.0191,0.015,325,16,0.0643,0.0483,0,-0.0041,0.7865,1.1906,1.1875,-0.016
MERCH_HIBAS_00386,high_stable_fraud,1586,69,166,7,0.1048,0.0978,1080,51,0.399,0.2844,0,-0.007,0.9333,1.0441,1.3529,-0.1146
MERCH_NOISE_00146,low_volume_noise,38,3,0,0,0.0,0.0,34,3,0.0744,0.2481,0,0.0,1.0,1.8947,1.0,0.1737
MERCH_ORG_00043,organic_growth,1432,86,20,2,0.0146,0.0259,1217,73,0.0728,0.0887,0,0.0113,1.7687,1.4413,1.1781,0.0159
MERCH_FLASH_00102,flash_sale_high_vol,1227,273,33,6,0.0273,0.0205,1006,240,0.064,0.0354,0,-0.0068,0.7518,5.3399,1.1375,-0.0286
MERCH_SPIKE_RUSH_00078,syndicate_bot_rush,1373,395,31,108,0.0227,0.2722,1125,136,0.0722,0.9226,1,0.2495,11.943,6.9046,2.9044,0.8504
MERCH_FLASH_00120,flash_sale_high_vol,1438,354,40,6,0.0279,0.0171,1156,325,0.0266,0.0571,0,-0.0108,0.6143,5.9082,1.0892,0.0305
MERCH_SPIKE_RUSH_00037,syndicate_bot_rush,1879,539,34,236,0.0184,0.4378,1540,194,0.0746,0.7547,1,0.4194,23.6703,6.8845,2.7784,0.6801
MERCH_STD_00147,standard_stable,621,21,16,1,0.0269,0.0295,540,16,0.0573,0.0205,0,0.0026,1.0963,0.8116,1.3125,-0.0368
MERCH_STD_00707,standard_stable,1333,62,26,1,0.0198,0.0199,1058,47,0.0712,0.072,0,0.0001,1.005,1.1163,1.3191,0.0008
MERCH_STD_01498,standard_stable,865,35,24,1,0.0278,0.0294,736,31,0.048,0.0363,0,0.0016,1.0573,0.9711,1.129,-0.0117
MERCH_HIBAS_00309,high_stable_fraud,1485,58,192,7,0.1298,0.1257,911,42,0.2567,0.2502,0,-0.0041,0.9684,0.9374,1.381,-0.0065
MERCH_FLASH_00114,flash_sale_high_vol,2041,584,20,7,0.0102,0.0114,1719,468,0.0505,0.0654,0,0.0012,1.1165,6.8672,1.2479,0.0149
MERCH_FLASH_00057,flash_sale_high_vol,1342,239,30,4,0.023,0.0151,1153,200,0.0444,0.0852,0,-0.0079,0.658,4.2742,1.195,0.0408
MERCH_SPIKE_ATO_00142,targeted_ato_surge,871,105,16,52,0.0195,0.4936,696,40,0.1003,0.8353,1,0.4741,25.1888,2.8932,2.625,0.735
MERCH_STD_00794,standard_stable,1257,49,18,1,0.0147,0.016,1072,35,0.0882,0.0924,0,0.0013,1.0878,0.9356,1.4,0.0042
MERCH_SPIKE_RUSH_00286,syndicate_bot_rush,930,219,18,94,0.0196,0.4283,762,98,0.0692,0.8704,1,0.4087,21.7462,5.6516,2.2347,0.8012
MERCH_HIBAS_00322,high_stable_fraud,993,45,158,8,0.1592,0.1707,676,32,0.3176,0.3265,0,0.0115,1.0722,1.0876,1.4062,0.0089
MERCH_STD_00845,standard_stable,1471,60,32,2,0.0221,0.0265,1319,48,0.0659,0.1097,0,0.0044,1.1982,0.9789,1.25,0.0438
MERCH_FLASH_00176,flash_sale_high_vol,1761,317,48,8,0.0275,0.0247,1330,263,0.0625,0.0376,0,-0.0028,0.8986,4.3203,1.2053,-0.0249
MERCH_STD_00217,standard_stable,3312,143,52,2,0.016,0.0129,2931,127,0.021,0.0963,0,-0.0031,0.8075,1.0362,1.126,0.0753
MERCH_FLASH_00467,flash_sale_high_vol,754,181,10,2,0.0136,0.0105,612,169,0.0357,0.0452,0,-0.0031,0.7737,5.7613,1.071,0.0095
MERCH_FLASH_00419,flash_sale_high_vol,2511,402,39,10,0.0157,0.0245,2188,370,0.0676,0.0962,0,0.0088,1.557,3.8423,1.0865,0.0286
MERCH_HIBAS_00069,high_stable_fraud,1766,76,258,11,0.1461,0.1478,1334,50,0.3678,0.3656,0,0.0017,1.0116,1.0328,1.52,-0.0022
MERCH_STD_00742,standard_stable,3033,130,59,2,0.0196,0.0191,2537,94,0.0549,0.1092,0,-0.0005,0.9746,1.0287,1.383,0.0543
MERCH_HIBAS_00040,high_stable_fraud,507,22,59,2,0.1176,0.1125,319,17,0.3947,0.3665,0,-0.0051,0.9567,1.0414,1.2941,-0.0282
MERCH_STD_00133,standard_stable,935,36,21,1,0.0235,0.027,836,31,0.0354,0.0421,0,0.0035,1.1483,0.9241,1.1613,0.0067
MERCH_SPIKE_ATO_00095,targeted_ato_surge,397,32,15,10,0.0397,0.3248,317,12,0.0563,0.7408,1,0.2851,8.1633,1.9345,2.6667,0.6845
MERCH_FLASH_00611,flash_sale_high_vol,1718,401,45,8,0.0266,0.0201,1531,361,0.0516,0.0354,0,-0.0065,0.7566,5.6019,1.1108,-0.0162
MERCH_HIBAS_00276,high_stable_fraud,790,32,100,4,0.1271,0.1352,608,21,0.3172,0.4127,0,0.0081,1.0637,0.9722,1.5238,0.0955
MERCH_FLASH_00640,flash_sale_high_vol,1491,400,40,9,0.0269,0.0221,1149,365,0.0397,0.1081,0,-0.0048,0.8222,6.4386,1.0959,0.0684
MERCH_SPIKE_RUSH_00392,syndicate_bot_rush,1114,296,24,151,0.0218,0.5116,913,132,0.0589,0.788,1,0.4898,23.3653,6.377,2.2424,0.7291
MERCH_STD_01137,standard_stable,2912,101,93,3,0.0321,0.0265,2248,81,0.081,0.0535,0,-0.0056,0.8261,0.8324,1.2469,-0.0275
MERCH_NOISE_00039,low_volume_noise,61,3,0,1,0.0,0.3333,54,3,0.0664,0.2157,0,0.3333,3334.0,1.1803,1.0,0.1493
MERCH_STD_01238,standard_stable,3719,162,140,7,0.0379,0.0441,2959,118,0.0462,0.0492,0,0.0062,1.1632,1.0454,1.3729,0.003
MERCH_STD_01021,standard_stable,1667,86,36,2,0.022,0.0242,1495,73,0.0686,0.0954,0,0.0022,1.0995,1.2382,1.1781,0.0268
MERCH_NOISE_00112,low_volume_noise,38,4,0,0,0.0,0.0,34,4,0.0481,0.0414,0,0.0,1.0,2.5263,1.0,-0.0067
MERCH_SPIKE_ATO_00004,targeted_ato_surge,565,44,12,13,0.0214,0.2869,452,20,0.1094,0.8556,1,0.2655,13.3488,1.869,2.2,0.7462
MERCH_NOISE_00300,low_volume_noise,83,2,1,0,0.012,0.0,74,2,0.116,0.0361,0,-0.012,0.0083,0.5783,1.0,-0.0799
MERCH_SPIKE_RUSH_00462,syndicate_bot_rush,1812,434,19,213,0.0109,0.4899,1485,132,0.0723,0.7982,1,0.479,44.5455,5.7483,3.2879,0.7259
MERCH_STD_00526,standard_stable,1623,65,28,1,0.0178,0.0172,1238,57,0.0475,0.0437,0,-0.0006,0.9665,0.9612,1.1404,-0.0038
MERCH_ORG_00082,organic_growth,765,42,22,1,0.03,0.0314,650,35,0.0414,0.0249,0,0.0014,1.0465,1.3176,1.2,-0.0165
MERCH_ORG_00053,organic_growth,917,52,27,1,0.0297,0.0168,779,44,0.0689,0.0201,0,-0.0129,0.5671,1.361,1.1818,-0.0488
MERCH_HIBAS_00341,high_stable_fraud,716,29,78,3,0.1103,0.1001,463,18,0.2946,0.4063,0,-0.0102,0.9076,0.9721,1.6111,0.1117
MERCH_HIBAS_00443,high_stable_fraud,913,40,132,6,0.1451,0.1547,591,27,0.3545,0.3037,0,0.0096,1.0661,1.0515,1.4815,-0.0508
MERCH_STD_00314,standard_stable,2311,91,87,4,0.0377,0.0404,1642,81,0.0985,0.0939,0,0.0027,1.0714,0.945,1.1235,-0.0046
MERCH_STD_00074,standard_stable,1438,54,31,1,0.0219,0.0253,1060,38,0.0474,0.0918,0,0.0034,1.1545,0.9013,1.4211,0.0444
MERCH_STD_00298,standard_stable,1984,80,49,2,0.025,0.0282,1684,61,0.084,0.1054,0,0.0032,1.1275,0.9677,1.3115,0.0214
MERCH_STD_01212,standard_stable,750,32,14,1,0.0194,0.0192,561,22,0.0742,0.0224,0,-0.0002,0.9897,1.024,1.4545,-0.0518
MERCH_STD_00238,standard_stable,3379,132,87,4,0.026,0.0288,2882,114,0.0916,0.0634,0,0.0028,1.1073,0.9376,1.1579,-0.0282
MERCH_FLASH_00132,flash_sale_high_vol,1368,422,19,4,0.0143,0.0098,1212,377,0.0261,0.0558,0,-0.0045,0.6875,7.4035,1.1194,0.0297
