account_id,cluster_id,cluster_size,shared_device_account_count,shared_ip_account_count,shared_payment_account_count,shared_address_account_count,entity_overlap_score,bipartite_degree_centrality,creation_velocity_window_hours,payment_to_device_ratio,account_to_payment_ratio,behavior_similarity_score,temporal_coordination_score,suspicious_behavior_overlap,return_behavior_similarity,transaction_pattern_similarity,is_ring_member_label
ACC_000001,RING_00001,1,0,0,0,0,0.0,0.0,0.0,1.0,1.0,1.0,0.1071,0.0729,1.0,1.0,0
ACC_000002,RING_00002,1,0,0,0,0,0.0,0.0,0.0,1.0,1.0,1.0,0.1071,0.0605,1.0,1.0,0
ACC_000003,RING_00003,10,0,0,0,9,0.2,1.0,443.38,1.0,1.0,0.8577,0.0796,0.7727,0.9367,0.7787,1
ACC_000004,RING_00003,10,0,0,0,9,0.2,1.0,443.38,1.0,1.0,0.8577,0.0796,0.7727,0.9367,0.7787,1
ACC_000005,RING_00003,10,0,0,0,9,0.2,1.0,443.38,1.0,1.0,0.8577,0.0796,0.7727,0.9367,0.7787,1
ACC_000006,RING_00003,10,0,0,0,9,0.2,1.0,443.38,1.0,1.0,0.8577,0.0796,0.7727,0.9367,0.7787,1
ACC_000007,RING_00003,10,0,0,0,9,0.2,1.0,443.38,1.0,1.0,0.8577,0.0796,0.7727,0.9367,0.7787,1
ACC_000008,RING_00003,10,0,0,0,9,0.2,1.0,443.38,1.0,1.0,0.8577,0.0796,0.7727,0.9367,0.7787,1
ACC_000009,RING_00003,10,0,0,0,9,0.2,1.0,443.38,1.0,1.0,0.8577,0.0796,0.7727,0.9367,0.7787,1
ACC_000010,RING_00003,10,0,0,0,9,0.2,1.0,443.38,1.0,1.0,0.8577,0.0796,0.7727,0.9367,0.7787,1
ACC_000011,RING_00003,10,0,0,0,9,0.2,1.0,443.38,1.0,1.0,0.8577,0.0796,0.7727,0.9367,0.7787,1
ACC_000012,RING_00003,10,0,0,0,9,0.2,1.0,443.38,1.0,1.0,0.8577,0.0796,0.7727,0.9367,0.7787,1
ACC_000013,RING_00004,18,17,17,17,17,1.0,1.0,0.39,1.0,18.0,0.9904,0.9907,0.8256,1.0,0.9809,1
ACC_000014,RING_00004,18,17,17,17,17,1.0,1.0,0.39,1.0,18.0,0.9904,0.9907,0.8256,1.0,0.9809,1
ACC_000015,RING_00004,18,17,17,17,17,1.0,1.0,0.39,1.0,18.0,0.9904,0.9907,0.8256,1.0,0.9809,1
ACC_000016,RING_00004,18,17,17,17,17,1.0,1.0,0.39,1.0,18.0,0.9904,0.9907,0.8256,1.0,0.9809,1
ACC_000017,RING_00004,18,17,17,17,17,1.0,1.0,0.39,1.0,18.0,0.9904,0.9907,0.8256,1.0,0.9809,1
ACC_000018,RING_00004,18,17,17,17,17,1.0,1.0,0.39,1.0,18.0,0.9904,0.9907,0.8256,1.0,0.9809,1
ACC_000019,RING_00004,18,17,17,17,17,1.0,1.0,0.39,1.0,18.0,0.9904,0.9907,0.8256,1.0,0.9809,1
ACC_000020,RING_00004,18,17,17,17,17,1.0,1.0,0.39,1.0,18.0,0.9904,0.9907,0.8256,1.0,0.9809,1
ACC_000021,RING_00004,18,17,17,17,17,1.0,1.0,0.39,1.0,18.0,0.9904,0.9907,0.8256,1.0,0.9809,1
ACC_000022,RING_00004,18,17,17,17,17,1.0,1.0,0.39,1.0,18.0,0.9904,0.9907,0.8256,1.0,0.9809,1
ACC_000023,RING_00004,18,17,17,17,17,1.0,1.0,0.39,1.0,18.0,0.9904,0.9907,0.8256,1.0,0.9809,1
ACC_000024,RING_00004,18,17,17,17,17,1.0,1.0,0.39,1.0,18.0,0.9904,0.9907,0.8256,1.0,0.9809,1
ACC_000025,RING_00004,18,17,17,17,17,1.0,1.0,0.39,1.0,18.0,0.9904,0.9907,0.8256,1.0,0.9809,1
ACC_000026,RING_00004,18,17,17,17,17,1.0,1.0,0.39,1.0,18.0,0.9904,0.9907,0.8256,1.0,0.9809,1
ACC_000027,RING_00004,18,17,17,17,17,1.0,1.0,0.39,1.0,18.0,0.9904,0.9907,0.8256,1.0,0.9809,1
ACC_000028,RING_00004,18,17,17,17,17,1.0,1.0,0.39,1.0,18.0,0.9904,0.9907,0.8256,1.0,0.9809,1
ACC_000029,RING_00004,18,17,17,17,17,1.0,1.0,0.39,1.0,18.0,0.9904,0.9907,0.8256,1.0,0.9809,1
ACC_000030,RING_00004,18,17,17,17,17,1.0,1.0,0.39,1.0,18.0,0.9904,0.9907,0.8256,1.0,0.9809,1
ACC_000031,RING_00005,30,0,29,0,0,0.1,1.0,7980.22,1.0,1.0,0.845,0.0055,0.0468,0.9002,0.7898,0
ACC_000032,RING_00005,30,0,29,0,0,0.1,1.0,7980.22,1.0,1.0,0.845,0.0055,0.0468,0.9002,0.7898,0
ACC_000033,RING_00005,30,0,29,0,0,0.1,1.0,7980.22,1.0,1.0,0.845,0.0055,0.0468,0.9002,0.7898,0
ACC_000034,RING_00005,30,0,29,0,0,0.1,1.0,7980.22,1.0,1.0,0.845,0.0055,0.0468,0.9002,0.7898,0
ACC_000035,RING_00005,30,0,29,0,0,0.1,1.0,7980.22,1.0,1.0,0.845,0.0055,0.0468,0.9002,0.7898,0
ACC_000036,RING_00005,30,0,29,0,0,0.1,1.0,7980.22,1.0,1.0,0.845,0.0055,0.0468,0.9002,0.7898,0
ACC_000037,RING_00005,30,0,29,0,0,0.1,1.0,7980.22,1.0,1.0,0.845,0.0055,0.0468,0.9002,0.7898,0
ACC_000038,RING_00005,30,0,29,0,0,0.1,1.0,7980.22,1.0,1.0,0.845,0.0055,0.0468,0.9002,0.7898,0
ACC_000039,RING_00005,30,0,29,0,0,0.1,1.0,7980.22,1.0,1.0,0.845,0.0055,0.0468,0.9002,0.7898,0
ACC_000040,RING_00005,30,0,29,0,0,0.1,1.0,7980.22,1.0,1.0,0.845,0.0055,0.0468,0.9002,0.7898,0
ACC_000041,RING_00005,30,0,29,0,0,0.1,1.0,7980.22,1.0,1.0,0.845,0.0055,0.0468,0.9002,0.7898,0
ACC_000042,RING_00005,30,0,29,0,0,0.1,1.0,7980.22,1.0,1.0,0.845,0.0055,0.0468,0.9002,0.7898,0
ACC_000043,RING_00005,30,0,29,0,0,0.1,1.0,7980.22,1.0,1.0,0.845,0.0055,0.0468,0.9002,0.7898,0
ACC_000044,RING_00005,30,0,29,0,0,0.1,1.0,7980.22,1.0,1.0,0.845,0.0055,0.0468,0.9002,0.7898,0
ACC_000045,RING_00005,30,0,29,0,0,0.1,1.0,7980.22,1.0,1.0,0.845,0.0055,0.0468,0.9002,0.7898,0
ACC_000046,RING_00005,30,0,29,0,0,0.1,1.0,7980.22,1.0,1.0,0.845,0.0055,0.0468,0.9002,0.7898,0
ACC_000047,RING_00005,30,0,29,0,0,0.1,1.0,7980.22,1.0,1.0,0.845,0.0055,0.0468,0.9002,0.7898,0
ACC_000048,RING_00005,30,0,29,0,0,0.1,1.0,7980.22,1.0,1.0,0.845,0.0055,0.0468,0.9002,0.7898,0
ACC_000049,RING_00005,30,0,29,0,0,0.1,1.0,7980.22,1.0,1.0,0.845,0.0055,0.0468,0.9002,0.7898,0
ACC_000050,RING_00005,30,0,29,0,0,0.1,1.0,7980.22,1.0,1.0,0.845,0.0055,0.0468,0.9002,0.7898,0
ACC_000051,RING_00005,30,0,29,0,0,0.1,1.0,7980.22,1.0,1.0,0.845,0.0055,0.0468,0.9002,0.7898,0
ACC_000052,RING_00005,30,0,29,0,0,0.1,1.0,7980.22,1.0,1.0,0.845,0.0055,0.0468,0.9002,0.7898,0
ACC_000053,RING_00005,30,0,29,0,0,0.1,1.0,7980.22,1.0,1.0,0.845,0.0055,0.0468,0.9002,0.7898,0
ACC_000054,RING_00005,30,0,29,0,0,0.1,1.0,7980.22,1.0,1.0,0.845,0.0055,0.0468,0.9002,0.7898,0
ACC_000055,RING_00005,30,0,29,0,0,0.1,1.0,7980.22,1.0,1.0,0.845,0.0055,0.0468,0.9002,0.7898,0
ACC_000056,RING_00005,30,0,29,0,0,0.1,1.0,7980.22,1.0,1.0,0.845,0.0055,0.0468,0.9002,0.7898,0
ACC_000057,RING_00005,30,0,29,0,0,0.1,1.0,7980.22,1.0,1.0,0.845,0.0055,0.0468,0.9002,0.7898,0
ACC_000058,RING_00005,30,0,29,0,0,0.1,1.0,7980.22,1.0,1.0,0.845,0.0055,0.0468,0.9002,0.7898,0
ACC_000059,RING_00005,30,0,29,0,0,0.1,1.0,7980.22,1.0,1.0,0.845,0.0055,0.0468,0.9002,0.7898,0
ACC_000060,RING_00005,30,0,29,0,0,0.1,1.0,7980.22,1.0,1.0,0.845,0.0055,0.0468,0.9002,0.7898,0
ACC_000061,RING_00006,18,17,17,17,17,1.0,1.0,0.41,1.0,18.0,0.9916,0.9893,0.8296,1.0,0.9831,1
ACC_000062,RING_00006,18,17,17,17,17,1.0,1.0,0.41,1.0,18.0,0.9916,0.9893,0.8296,1.0,0.9831,1
ACC_000063,RING_00006,18,17,17,17,17,1.0,1.0,0.41,1.0,18.0,0.9916,0.9893,0.8296,1.0,0.9831,1
ACC_000064,RING_00006,18,17,17,17,17,1.0,1.0,0.41,1.0,18.0,0.9916,0.9893,0.8296,1.0,0.9831,1
ACC_000065,RING_00006,18,17,17,17,17,1.0,1.0,0.41,1.0,18.0,0.9916,0.9893,0.8296,1.0,0.9831,1
ACC_000066,RING_00006,18,17,17,17,17,1.0,1.0,0.41,1.0,18.0,0.9916,0.9893,0.8296,1.0,0.9831,1
ACC_000067,RING_00006,18,17,17,17,17,1.0,1.0,0.41,1.0,18.0,0.9916,0.9893,0.8296,1.0,0.9831,1
ACC_000068,RING_00006,18,17,17,17,17,1.0,1.0,0.41,1.0,18.0,0.9916,0.9893,0.8296,1.0,0.9831,1
ACC_000069,RING_00006,18,17,17,17,17,1.0,1.0,0.41,1.0,18.0,0.9916,0.9893,0.8296,1.0,0.9831,1
ACC_000070,RING_00006,18,17,17,17,17,1.0,1.0,0.41,1.0,18.0,0.9916,0.9893,0.8296,1.0,0.9831,1
ACC_000071,RING_00006,18,17,17,17,17,1.0,1.0,0.41,1.0,18.0,0.9916,0.9893,0.8296,1.0,0.9831,1
ACC_000072,RING_00006,18,17,17,17,17,1.0,1.0,0.41,1.0,18.0,0.9916,0.9893,0.8296,1.0,0.9831,1
ACC_000073,RING_00006,18,17,17,17,17,1.0,1.0,0.41,1.0,18.0,0.9916,0.9893,0.8296,1.0,0.9831,1
ACC_000074,RING_00006,18,17,17,17,17,1.0,1.0,0.41,1.0,18.0,0.9916,0.9893,0.8296,1.0,0.9831,1
ACC_000075,RING_00006,18,17,17,17,17,1.0,1.0,0.41,1.0,18.0,0.9916,0.9893,0.8296,1.0,0.9831,1
ACC_000076,RING_00006,18,17,17,17,17,1.0,1.0,0.41,1.0,18.0,0.9916,0.9893,0.8296,1.0,0.9831,1
ACC_000077,RING_00006,18,17,17,17,17,1.0,1.0,0.41,1.0,18.0,0.9916,0.9893,0.8296,1.0,0.9831,1
ACC_000078,RING_00006,18,17,17,17,17,1.0,1.0,0.41,1.0,18.0,0.9916,0.9893,0.8296,1.0,0.9831,1
ACC_000079,RING_00007,1,0,0,0,0,0.0,0.0,0.0,1.0,1.0,1.0,0.1071,0.078,1.0,1.0,0
ACC_000080,RING_00008,1,0,0,0,0,0.0,0.0,0.0,1.0,1.0,1.0,0.1071,0.0842,1.0,1.0,0
ACC_000081,RING_00009,7,0,0,6,0,0.4,1.0,8241.92,0.1429,7.0,0.8554,0.0043,0.0561,0.9231,0.7877,0
ACC_000082,RING_00009,7,0,0,6,0,0.4,1.0,8241.92,0.1429,7.0,0.8554,0.0043,0.0561,0.9231,0.7877,0
ACC_000083,RING_00009,7,0,0,6,0,0.4,1.0,8241.92,0.1429,7.0,0.8554,0.0043,0.0561,0.9231,0.7877,0
ACC_000084,RING_00009,7,0,0,6,0,0.4,1.0,8241.92,0.1429,7.0,0.8554,0.0043,0.0561,0.9231,0.7877,0
ACC_000085,RING_00009,7,0,0,6,0,0.4,1.0,8241.92,0.1429,7.0,0.8554,0.0043,0.0561,0.9231,0.7877,0
ACC_000086,RING_00009,7,0,0,6,0,0.4,1.0,8241.92,0.1429,7.0,0.8554,0.0043,0.0561,0.9231,0.7877,0
ACC_000087,RING_00009,7,0,0,6,0,0.4,1.0,8241.92,0.1429,7.0,0.8554,0.0043,0.0561,0.9231,0.7877,0
ACC_000088,RING_00010,1,0,0,0,0,0.0,0.0,0.0,1.0,1.0,1.0,0.1071,0.0207,1.0,1.0,0
ACC_000089,RING_00011,18,17,0,0,0,0.3,1.0,6201.69,18.0,1.0,0.7952,0.0066,0.0414,0.9503,0.64,0
ACC_000090,RING_00011,18,17,0,0,0,0.3,1.0,6201.69,18.0,1.0,0.7952,0.0066,0.0414,0.9503,0.64,0
ACC_000091,RING_00011,18,17,0,0,0,0.3,1.0,6201.69,18.0,1.0,0.7952,0.0066,0.0414,0.9503,0.64,0
ACC_000092,RING_00011,18,17,0,0,0,0.3,1.0,6201.69,18.0,1.0,0.7952,0.0066,0.0414,0.9503,0.64,0
ACC_000093,RING_00011,18,17,0,0,0,0.3,1.0,6201.69,18.0,1.0,0.7952,0.0066,0.0414,0.9503,0.64,0
ACC_000094,RING_00011,18,17,0,0,0,0.3,1.0,6201.69,18.0,1.0,0.7952,0.0066,0.0414,0.9503,0.64,0
ACC_000095,RING_00011,18,17,0,0,0,0.3,1.0,6201.69,18.0,1.0,0.7952,0.0066,0.0414,0.9503,0.64,0
ACC_000096,RING_00011,18,17,0,0,0,0.3,1.0,6201.69,18.0,1.0,0.7952,0.0066,0.0414,0.9503,0.64,0
ACC_000097,RING_00011,18,17,0,0,0,0.3,1.0,6201.69,18.0,1.0,0.7952,0.0066,0.0414,0.9503,0.64,0
ACC_000098,RING_00011,18,17,0,0,0,0.3,1.0,6201.69,18.0,1.0,0.7952,0.0066,0.0414,0.9503,0.64,0
ACC_000099,RING_00011,18,17,0,0,0,0.3,1.0,6201.69,18.0,1.0,0.7952,0.0066,0.0414,0.9503,0.64,0
ACC_000100,RING_00011,18,17,0,0,0,0.3,1.0,6201.69,18.0,1.0,0.7952,0.0066,0.0414,0.9503,0.64,0
ACC_000101,RING_00011,18,17,0,0,0,0.3,1.0,6201.69,18.0,1.0,0.7952,0.0066,0.0414,0.9503,0.64,0
ACC_000102,RING_00011,18,17,0,0,0,0.3,1.0,6201.69,18.0,1.0,0.7952,0.0066,0.0414,0.9503,0.64,0
ACC_000103,RING_00011,18,17,0,0,0,0.3,1.0,6201.69,18.0,1.0,0.7952,0.0066,0.0414,0.9503,0.64,0
ACC_000104,RING_00011,18,17,0,0,0,0.3,1.0,6201.69,18.0,1.0,0.7952,0.0066,0.0414,0.9503,0.64,0
ACC_000105,RING_00011,18,17,0,0,0,0.3,1.0,6201.69,18.0,1.0,0.7952,0.0066,0.0414,0.9503,0.64,0
ACC_000106,RING_00011,18,17,0,0,0,0.3,1.0,6201.69,18.0,1.0,0.7952,0.0066,0.0414,0.9503,0.64,0
ACC_000107,RING_00012,1,0,0,0,0,0.0,0.0,0.0,1.0,1.0,1.0,0.1071,0.0402,1.0,1.0,0
ACC_000108,RING_00013,24,0,0,0,23,0.2,1.0,9267.61,1.0,1.0,0.803,0.004,0.0365,0.9297,0.6762,0
ACC_000109,RING_00013,24,0,0,0,23,0.2,1.0,9267.61,1.0,1.0,0.803,0.004,0.0365,0.9297,0.6762,0
ACC_000110,RING_00013,24,0,0,0,23,0.2,1.0,9267.61,1.0,1.0,0.803,0.004,0.0365,0.9297,0.6762,0
ACC_000111,RING_00013,24,0,0,0,23,0.2,1.0,9267.61,1.0,1.0,0.803,0.004,0.0365,0.9297,0.6762,0
ACC_000112,RING_00013,24,0,0,0,23,0.2,1.0,9267.61,1.0,1.0,0.803,0.004,0.0365,0.9297,0.6762,0
ACC_000113,RING_00013,24,0,0,0,23,0.2,1.0,9267.61,1.0,1.0,0.803,0.004,0.0365,0.9297,0.6762,0
ACC_000114,RING_00013,24,0,0,0,23,0.2,1.0,9267.61,1.0,1.0,0.803,0.004,0.0365,0.9297,0.6762,0
ACC_000115,RING_00013,24,0,0,0,23,0.2,1.0,9267.61,1.0,1.0,0.803,0.004,0.0365,0.9297,0.6762,0
ACC_000116,RING_00013,24,0,0,0,23,0.2,1.0,9267.61,1.0,1.0,0.803,0.004,0.0365,0.9297,0.6762,0
ACC_000117,RING_00013,24,0,0,0,23,0.2,1.0,9267.61,1.0,1.0,0.803,0.004,0.0365,0.9297,0.6762,0
ACC_000118,RING_00013,24,0,0,0,23,0.2,1.0,9267.61,1.0,1.0,0.803,0.004,0.0365,0.9297,0.6762,0
ACC_000119,RING_00013,24,0,0,0,23,0.2,1.0,9267.61,1.0,1.0,0.803,0.004,0.0365,0.9297,0.6762,0
ACC_000120,RING_00013,24,0,0,0,23,0.2,1.0,9267.61,1.0,1.0,0.803,0.004,0.0365,0.9297,0.6762,0
ACC_000121,RING_00013,24,0,0,0,23,0.2,1.0,9267.61,1.0,1.0,0.803,0.004,0.0365,0.9297,0.6762,0
ACC_000122,RING_00013,24,0,0,0,23,0.2,1.0,9267.61,1.0,1.0,0.803,0.004,0.0365,0.9297,0.6762,0
ACC_000123,RING_00013,24,0,0,0,23,0.2,1.0,9267.61,1.0,1.0,0.803,0.004,0.0365,0.9297,0.6762,0
ACC_000124,RING_00013,24,0,0,0,23,0.2,1.0,9267.61,1.0,1.0,0.803,0.004,0.0365,0.9297,0.6762,0
ACC_000125,RING_00013,24,0,0,0,23,0.2,1.0,9267.61,1.0,1.0,0.803,0.004,0.0365,0.9297,0.6762,0
ACC_000126,RING_00013,24,0,0,0,23,0.2,1.0,9267.61,1.0,1.0,0.803,0.004,0.0365,0.9297,0.6762,0
ACC_000127,RING_00013,24,0,0,0,23,0.2,1.0,9267.61,1.0,1.0,0.803,0.004,0.0365,0.9297,0.6762,0
ACC_000128,RING_00013,24,0,0,0,23,0.2,1.0,9267.61,1.0,1.0,0.803,0.004,0.0365,0.9297,0.6762,0
ACC_000129,RING_00013,24,0,0,0,23,0.2,1.0,9267.61,1.0,1.0,0.803,0.004,0.0365,0.9297,0.6762,0
ACC_000130,RING_00013,24,0,0,0,23,0.2,1.0,9267.61,1.0,1.0,0.803,0.004,0.0365,0.9297,0.6762,0
ACC_000131,RING_00013,24,0,0,0,23,0.2,1.0,9267.61,1.0,1.0,0.803,0.004,0.0365,0.9297,0.6762,0
ACC_000132,RING_00014,44,0,43,0,0,0.1,1.0,8205.41,1.0,1.0,0.7768,0.0052,0.0461,0.9076,0.6461,0
ACC_000133,RING_00014,44,0,43,0,0,0.1,1.0,8205.41,1.0,1.0,0.7768,0.0052,0.0461,0.9076,0.6461,0
ACC_000134,RING_00014,44,0,43,0,0,0.1,1.0,8205.41,1.0,1.0,0.7768,0.0052,0.0461,0.9076,0.6461,0
ACC_000135,RING_00014,44,0,43,0,0,0.1,1.0,8205.41,1.0,1.0,0.7768,0.0052,0.0461,0.9076,0.6461,0
ACC_000136,RING_00014,44,0,43,0,0,0.1,1.0,8205.41,1.0,1.0,0.7768,0.0052,0.0461,0.9076,0.6461,0
ACC_000137,RING_00014,44,0,43,0,0,0.1,1.0,8205.41,1.0,1.0,0.7768,0.0052,0.0461,0.9076,0.6461,0
ACC_000138,RING_00014,44,0,43,0,0,0.1,1.0,8205.41,1.0,1.0,0.7768,0.0052,0.0461,0.9076,0.6461,0
ACC_000139,RING_00014,44,0,43,0,0,0.1,1.0,8205.41,1.0,1.0,0.7768,0.0052,0.0461,0.9076,0.6461,0
ACC_000140,RING_00014,44,0,43,0,0,0.1,1.0,8205.41,1.0,1.0,0.7768,0.0052,0.0461,0.9076,0.6461,0
ACC_000141,RING_00014,44,0,43,0,0,0.1,1.0,8205.41,1.0,1.0,0.7768,0.0052,0.0461,0.9076,0.6461,0
ACC_000142,RING_00014,44,0,43,0,0,0.1,1.0,8205.41,1.0,1.0,0.7768,0.0052,0.0461,0.9076,0.6461,0
ACC_000143,RING_00014,44,0,43,0,0,0.1,1.0,8205.41,1.0,1.0,0.7768,0.0052,0.0461,0.9076,0.6461,0
ACC_000144,RING_00014,44,0,43,0,0,0.1,1.0,8205.41,1.0,1.0,0.7768,0.0052,0.0461,0.9076,0.6461,0
ACC_000145,RING_00014,44,0,43,0,0,0.1,1.0,8205.41,1.0,1.0,0.7768,0.0052,0.0461,0.9076,0.6461,0
ACC_000146,RING_00014,44,0,43,0,0,0.1,1.0,8205.41,1.0,1.0,0.7768,0.0052,0.0461,0.9076,0.6461,0
ACC_000147,RING_00014,44,0,43,0,0,0.1,1.0,8205.41,1.0,1.0,0.7768,0.0052,0.0461,0.9076,0.6461,0
ACC_000148,RING_00014,44,0,43,0,0,0.1,1.0,8205.41,1.0,1.0,0.7768,0.0052,0.0461,0.9076,0.6461,0
ACC_000149,RING_00014,44,0,43,0,0,0.1,1.0,8205.41,1.0,1.0,0.7768,0.0052,0.0461,0.9076,0.6461,0
ACC_000150,RING_00014,44,0,43,0,0,0.1,1.0,8205.41,1.0,1.0,0.7768,0.0052,0.0461,0.9076,0.6461,0
ACC_000151,RING_00014,44,0,43,0,0,0.1,1.0,8205.41,1.0,1.0,0.7768,0.0052,0.0461,0.9076,0.6461,0
ACC_000152,RING_00014,44,0,43,0,0,0.1,1.0,8205.41,1.0,1.0,0.7768,0.0052,0.0461,0.9076,0.6461,0
ACC_000153,RING_00014,44,0,43,0,0,0.1,1.0,8205.41,1.0,1.0,0.7768,0.0052,0.0461,0.9076,0.6461,0
ACC_000154,RING_00014,44,0,43,0,0,0.1,1.0,8205.41,1.0,1.0,0.7768,0.0052,0.0461,0.9076,0.6461,0
ACC_000155,RING_00014,44,0,43,0,0,0.1,1.0,8205.41,1.0,1.0,0.7768,0.0052,0.0461,0.9076,0.6461,0
ACC_000156,RING_00014,44,0,43,0,0,0.1,1.0,8205.41,1.0,1.0,0.7768,0.0052,0.0461,0.9076,0.6461,0
ACC_000157,RING_00014,44,0,43,0,0,0.1,1.0,8205.41,1.0,1.0,0.7768,0.0052,0.0461,0.9076,0.6461,0
ACC_000158,RING_00014,44,0,43,0,0,0.1,1.0,8205.41,1.0,1.0,0.7768,0.0052,0.0461,0.9076,0.6461,0
ACC_000159,RING_00014,44,0,43,0,0,0.1,1.0,8205.41,1.0,1.0,0.7768,0.0052,0.0461,0.9076,0.6461,0
ACC_000160,RING_00014,44,0,43,0,0,0.1,1.0,8205.41,1.0,1.0,0.7768,0.0052,0.0461,0.9076,0.6461,0
ACC_000161,RING_00014,44,0,43,0,0,0.1,1.0,8205.41,1.0,1.0,0.7768,0.0052,0.0461,0.9076,0.6461,0
ACC_000162,RING_00014,44,0,43,0,0,0.1,1.0,8205.41,1.0,1.0,0.7768,0.0052,0.0461,0.9076,0.6461,0
ACC_000163,RING_00014,44,0,43,0,0,0.1,1.0,8205.41,1.0,1.0,0.7768,0.0052,0.0461,0.9076,0.6461,0
ACC_000164,RING_00014,44,0,43,0,0,0.1,1.0,8205.41,1.0,1.0,0.7768,0.0052,0.0461,0.9076,0.6461,0
ACC_000165,RING_00014,44,0,43,0,0,0.1,1.0,8205.41,1.0,1.0,0.7768,0.0052,0.0461,0.9076,0.6461,0
ACC_000166,RING_00014,44,0,43,0,0,0.1,1.0,8205.41,1.0,1.0,0.7768,0.0052,0.0461,0.9076,0.6461,0
ACC_000167,RING_00014,44,0,43,0,0,0.1,1.0,8205.41,1.0,1.0,0.7768,0.0052,0.0461,0.9076,0.6461,0
ACC_000168,RING_00014,44,0,43,0,0,0.1,1.0,8205.41,1.0,1.0,0.7768,0.0052,0.0461,0.9076,0.6461,0
ACC_000169,RING_00014,44,0,43,0,0,0.1,1.0,8205.41,1.0,1.0,0.7768,0.0052,0.0461,0.9076,0.6461,0
ACC_000170,RING_00014,44,0,43,0,0,0.1,1.0,8205.41,1.0,1.0,0.7768,0.0052,0.0461,0.9076,0.6461,0
ACC_000171,RING_00014,44,0,43,0,0,0.1,1.0,8205.41,1.0,1.0,0.7768,0.0052,0.0461,0.9076,0.6461,0
ACC_000172,RING_00014,44,0,43,0,0,0.1,1.0,8205.41,1.0,1.0,0.7768,0.0052,0.0461,0.9076,0.6461,0
ACC_000173,RING_00014,44,0,43,0,0,0.1,1.0,8205.41,1.0,1.0,0.7768,0.0052,0.0461,0.9076,0.6461,0
ACC_000174,RING_00014,44,0,43,0,0,0.1,1.0,8205.41,1.0,1.0,0.7768,0.0052,0.0461,0.9076,0.6461,0
ACC_000175,RING_00014,44,0,43,0,0,0.1,1.0,8205.41,1.0,1.0,0.7768,0.0052,0.0461,0.9076,0.6461,0
ACC_000176,RING_00015,1,0,0,0,0,0.0,0.0,0.0,1.0,1.0,1.0,0.1071,0.0839,1.0,1.0,0
ACC_000177,RING_00016,9,0,0,0,8,0.2,1.0,370.83,1.0,1.0,0.8421,0.0834,0.7923,0.9313,0.7529,1
ACC_000178,RING_00016,9,0,0,0,8,0.2,1.0,370.83,1.0,1.0,0.8421,0.0834,0.7923,0.9313,0.7529,1
ACC_000179,RING_00016,9,0,0,0,8,0.2,1.0,370.83,1.0,1.0,0.8421,0.0834,0.7923,0.9313,0.7529,1
ACC_000180,RING_00016,9,0,0,0,8,0.2,1.0,370.83,1.0,1.0,0.8421,0.0834,0.7923,0.9313,0.7529,1
ACC_000181,RING_00016,9,0,0,0,8,0.2,1.0,370.83,1.0,1.0,0.8421,0.0834,0.7923,0.9313,0.7529,1
ACC_000182,RING_00016,9,0,0,0,8,0.2,1.0,370.83,1.0,1.0,0.8421,0.0834,0.7923,0.9313,0.7529,1
ACC_000183,RING_00016,9,0,0,0,8,0.2,1.0,370.83,1.0,1.0,0.8421,0.0834,0.7923,0.9313,0.7529,1
ACC_000184,RING_00016,9,0,0,0,8,0.2,1.0,370.83,1.0,1.0,0.8421,0.0834,0.7923,0.9313,0.7529,1
ACC_000185,RING_00016,9,0,0,0,8,0.2,1.0,370.83,1.0,1.0,0.8421,0.0834,0.7923,0.9313,0.7529,1
ACC_000186,RING_00017,21,0,0,20,0,0.4,1.0,6791.54,0.0476,21.0,0.7464,0.0059,0.042,0.8987,0.594,0
ACC_000187,RING_00017,21,0,0,20,0,0.4,1.0,6791.54,0.0476,21.0,0.7464,0.0059,0.042,0.8987,0.594,0
ACC_000188,RING_00017,21,0,0,20,0,0.4,1.0,6791.54,0.0476,21.0,0.7464,0.0059,0.042,0.8987,0.594,0
ACC_000189,RING_00017,21,0,0,20,0,0.4,1.0,6791.54,0.0476,21.0,0.7464,0.0059,0.042,0.8987,0.594,0
ACC_000190,RING_00017,21,0,0,20,0,0.4,1.0,6791.54,0.0476,21.0,0.7464,0.0059,0.042,0.8987,0.594,0
ACC_000191,RING_00017,21,0,0,20,0,0.4,1.0,6791.54,0.0476,21.0,0.7464,0.0059,0.042,0.8987,0.594,0
ACC_000192,RING_00017,21,0,0,20,0,0.4,1.0,6791.54,0.0476,21.0,0.7464,0.0059,0.042,0.8987,0.594,0
ACC_000193,RING_00017,21,0,0,20,0,0.4,1.0,6791.54,0.0476,21.0,0.7464,0.0059,0.042,0.8987,0.594,0
ACC_000194,RING_00017,21,0,0,20,0,0.4,1.0,6791.54,0.0476,21.0,0.7464,0.0059,0.042,0.8987,0.594,0
ACC_000195,RING_00017,21,0,0,20,0,0.4,1.0,6791.54,0.0476,21.0,0.7464,0.0059,0.042,0.8987,0.594,0
ACC_000196,RING_00017,21,0,0,20,0,0.4,1.0,6791.54,0.0476,21.0,0.7464,0.0059,0.042,0.8987,0.594,0
ACC_000197,RING_00017,21,0,0,20,0,0.4,1.0,6791.54,0.0476,21.0,0.7464,0.0059,0.042,0.8987,0.594,0
ACC_000198,RING_00017,21,0,0,20,0,0.4,1.0,6791.54,0.0476,21.0,0.7464,0.0059,0.042,0.8987,0.594,0
ACC_000199,RING_00017,21,0,0,20,0,0.4,1.0,6791.54,0.0476,21.0,0.7464,0.0059,0.042,0.8987,0.594,0
ACC_000200,RING_00017,21,0,0,20,0,0.4,1.0,6791.54,0.0476,21.0,0.7464,0.0059,0.042,0.8987,0.594,0
ACC_000201,RING_00017,21,0,0,20,0,0.4,1.0,6791.54,0.0476,21.0,0.7464,0.0059,0.042,0.8987,0.594,0
ACC_000202,RING_00017,21,0,0,20,0,0.4,1.0,6791.54,0.0476,21.0,0.7464,0.0059,0.042,0.8987,0.594,0
ACC_000203,RING_00017,21,0,0,20,0,0.4,1.0,6791.54,0.0476,21.0,0.7464,0.0059,0.042,0.8987,0.594,0
ACC_000204,RING_00017,21,0,0,20,0,0.4,1.0,6791.54,0.0476,21.0,0.7464,0.0059,0.042,0.8987,0.594,0
ACC_000205,RING_00017,21,0,0,20,0,0.4,1.0,6791.54,0.0476,21.0,0.7464,0.0059,0.042,0.8987,0.594,0
ACC_000206,RING_00017,21,0,0,20,0,0.4,1.0,6791.54,0.0476,21.0,0.7464,0.0059,0.042,0.8987,0.594,0
ACC_000207,RING_00018,1,0,0,0,0,0.0,0.0,0.0,1.0,1.0,1.0,0.1071,0.0692,1.0,1.0,0
ACC_000208,RING_00019,62,0,61,0,0,0.1,1.0,8217.6,1.0,1.0,0.7912,0.005,0.0437,0.9113,0.671,0
ACC_000209,RING_00019,62,0,61,0,0,0.1,1.0,8217.6,1.0,1.0,0.7912,0.005,0.0437,0.9113,0.671,0
ACC_000210,RING_00019,62,0,61,0,0,0.1,1.0,8217.6,1.0,1.0,0.7912,0.005,0.0437,0.9113,0.671,0
ACC_000211,RING_00019,62,0,61,0,0,0.1,1.0,8217.6,1.0,1.0,0.7912,0.005,0.0437,0.9113,0.671,0
ACC_000212,RING_00019,62,0,61,0,0,0.1,1.0,8217.6,1.0,1.0,0.7912,0.005,0.0437,0.9113,0.671,0
ACC_000213,RING_00019,62,0,61,0,0,0.1,1.0,8217.6,1.0,1.0,0.7912,0.005,0.0437,0.9113,0.671,0
ACC_000214,RING_00019,62,0,61,0,0,0.1,1.0,8217.6,1.0,1.0,0.7912,0.005,0.0437,0.9113,0.671,0
ACC_000215,RING_00019,62,0,61,0,0,0.1,1.0,8217.6,1.0,1.0,0.7912,0.005,0.0437,0.9113,0.671,0
ACC_000216,RING_00019,62,0,61,0,0,0.1,1.0,8217.6,1.0,1.0,0.7912,0.005,0.0437,0.9113,0.671,0
ACC_000217,RING_00019,62,0,61,0,0,0.1,1.0,8217.6,1.0,1.0,0.7912,0.005,0.0437,0.9113,0.671,0
ACC_000218,RING_00019,62,0,61,0,0,0.1,1.0,8217.6,1.0,1.0,0.7912,0.005,0.0437,0.9113,0.671,0
ACC_000219,RING_00019,62,0,61,0,0,0.1,1.0,8217.6,1.0,1.0,0.7912,0.005,0.0437,0.9113,0.671,0
ACC_000220,RING_00019,62,0,61,0,0,0.1,1.0,8217.6,1.0,1.0,0.7912,0.005,0.0437,0.9113,0.671,0
ACC_000221,RING_00019,62,0,61,0,0,0.1,1.0,8217.6,1.0,1.0,0.7912,0.005,0.0437,0.9113,0.671,0
ACC_000222,RING_00019,62,0,61,0,0,0.1,1.0,8217.6,1.0,1.0,0.7912,0.005,0.0437,0.9113,0.671,0
ACC_000223,RING_00019,62,0,61,0,0,0.1,1.0,8217.6,1.0,1.0,0.7912,0.005,0.0437,0.9113,0.671,0
ACC_000224,RING_00019,62,0,61,0,0,0.1,1.0,8217.6,1.0,1.0,0.7912,0.005,0.0437,0.9113,0.671,0
ACC_000225,RING_00019,62,0,61,0,0,0.1,1.0,8217.6,1.0,1.0,0.7912,0.005,0.0437,0.9113,0.671,0
ACC_000226,RING_00019,62,0,61,0,0,0.1,1.0,8217.6,1.0,1.0,0.7912,0.005,0.0437,0.9113,0.671,0
ACC_000227,RING_00019,62,0,61,0,0,0.1,1.0,8217.6,1.0,1.0,0.7912,0.005,0.0437,0.9113,0.671,0
ACC_000228,RING_00019,62,0,61,0,0,0.1,1.0,8217.6,1.0,1.0,0.7912,0.005,0.0437,0.9113,0.671,0
ACC_000229,RING_00019,62,0,61,0,0,0.1,1.0,8217.6,1.0,1.0,0.7912,0.005,0.0437,0.9113,0.671,0
ACC_000230,RING_00019,62,0,61,0,0,0.1,1.0,8217.6,1.0,1.0,0.7912,0.005,0.0437,0.9113,0.671,0
ACC_000231,RING_00019,62,0,61,0,0,0.1,1.0,8217.6,1.0,1.0,0.7912,0.005,0.0437,0.9113,0.671,0
ACC_000232,RING_00019,62,0,61,0,0,0.1,1.0,8217.6,1.0,1.0,0.7912,0.005,0.0437,0.9113,0.671,0
ACC_000233,RING_00019,62,0,61,0,0,0.1,1.0,8217.6,1.0,1.0,0.7912,0.005,0.0437,0.9113,0.671,0
ACC_000234,RING_00019,62,0,61,0,0,0.1,1.0,8217.6,1.0,1.0,0.7912,0.005,0.0437,0.9113,0.671,0
ACC_000235,RING_00019,62,0,61,0,0,0.1,1.0,8217.6,1.0,1.0,0.7912,0.005,0.0437,0.9113,0.671,0
ACC_000236,RING_00019,62,0,61,0,0,0.1,1.0,8217.6,1.0,1.0,0.7912,0.005,0.0437,0.9113,0.671,0
ACC_000237,RING_00019,62,0,61,0,0,0.1,1.0,8217.6,1.0,1.0,0.7912,0.005,0.0437,0.9113,0.671,0
ACC_000238,RING_00019,62,0,61,0,0,0.1,1.0,8217.6,1.0,1.0,0.7912,0.005,0.0437,0.9113,0.671,0
ACC_000239,RING_00019,62,0,61,0,0,0.1,1.0,8217.6,1.0,1.0,0.7912,0.005,0.0437,0.9113,0.671,0
ACC_000240,RING_00019,62,0,61,0,0,0.1,1.0,8217.6,1.0,1.0,0.7912,0.005,0.0437,0.9113,0.671,0
ACC_000241,RING_00019,62,0,61,0,0,0.1,1.0,8217.6,1.0,1.0,0.7912,0.005,0.0437,0.9113,0.671,0
ACC_000242,RING_00019,62,0,61,0,0,0.1,1.0,8217.6,1.0,1.0,0.7912,0.005,0.0437,0.9113,0.671,0
ACC_000243,RING_00019,62,0,61,0,0,0.1,1.0,8217.6,1.0,1.0,0.7912,0.005,0.0437,0.9113,0.671,0
ACC_000244,RING_00019,62,0,61,0,0,0.1,1.0,8217.6,1.0,1.0,0.7912,0.005,0.0437,0.9113,0.671,0
ACC_000245,RING_00019,62,0,61,0,0,0.1,1.0,8217.6,1.0,1.0,0.7912,0.005,0.0437,0.9113,0.671,0
ACC_000246,RING_00019,62,0,61,0,0,0.1,1.0,8217.6,1.0,1.0,0.7912,0.005,0.0437,0.9113,0.671,0
ACC_000247,RING_00019,62,0,61,0,0,0.1,1.0,8217.6,1.0,1.0,0.7912,0.005,0.0437,0.9113,0.671,0
ACC_000248,RING_00019,62,0,61,0,0,0.1,1.0,8217.6,1.0,1.0,0.7912,0.005,0.0437,0.9113,0.671,0
ACC_000249,RING_00019,62,0,61,0,0,0.1,1.0,8217.6,1.0,1.0,0.7912,0.005,0.0437,0.9113,0.671,0
ACC_000250,RING_00019,62,0,61,0,0,0.1,1.0,8217.6,1.0,1.0,0.7912,0.005,0.0437,0.9113,0.671,0
ACC_000251,RING_00019,62,0,61,0,0,0.1,1.0,8217.6,1.0,1.0,0.7912,0.005,0.0437,0.9113,0.671,0
ACC_000252,RING_00019,62,0,61,0,0,0.1,1.0,8217.6,1.0,1.0,0.7912,0.005,0.0437,0.9113,0.671,0
ACC_000253,RING_00019,62,0,61,0,0,0.1,1.0,8217.6,1.0,1.0,0.7912,0.005,0.0437,0.9113,0.671,0
ACC_000254,RING_00019,62,0,61,0,0,0.1,1.0,8217.6,1.0,1.0,0.7912,0.005,0.0437,0.9113,0.671,0
ACC_000255,RING_00019,62,0,61,0,0,0.1,1.0,8217.6,1.0,1.0,0.7912,0.005,0.0437,0.9113,0.671,0
ACC_000256,RING_00019,62,0,61,0,0,0.1,1.0,8217.6,1.0,1.0,0.7912,0.005,0.0437,0.9113,0.671,0
ACC_000257,RING_00019,62,0,61,0,0,0.1,1.0,8217.6,1.0,1.0,0.7912,0.005,0.0437,0.9113,0.671,0
ACC_000258,RING_00019,62,0,61,0,0,0.1,1.0,8217.6,1.0,1.0,0.7912,0.005,0.0437,0.9113,0.671,0
ACC_000259,RING_00019,62,0,61,0,0,0.1,1.0,8217.6,1.0,1.0,0.7912,0.005,0.0437,0.9113,0.671,0
ACC_000260,RING_00019,62,0,61,0,0,0.1,1.0,8217.6,1.0,1.0,0.7912,0.005,0.0437,0.9113,0.671,0
ACC_000261,RING_00019,62,0,61,0,0,0.1,1.0,8217.6,1.0,1.0,0.7912,0.005,0.0437,0.9113,0.671,0
ACC_000262,RING_00019,62,0,61,0,0,0.1,1.0,8217.6,1.0,1.0,0.7912,0.005,0.0437,0.9113,0.671,0
ACC_000263,RING_00019,62,0,61,0,0,0.1,1.0,8217.6,1.0,1.0,0.7912,0.005,0.0437,0.9113,0.671,0
ACC_000264,RING_00019,62,0,61,0,0,0.1,1.0,8217.6,1.0,1.0,0.7912,0.005,0.0437,0.9113,0.671,0
ACC_000265,RING_00019,62,0,61,0,0,0.1,1.0,8217.6,1.0,1.0,0.7912,0.005,0.0437,0.9113,0.671,0
ACC_000266,RING_00019,62,0,61,0,0,0.1,1.0,8217.6,1.0,1.0,0.7912,0.005,0.0437,0.9113,0.671,0
ACC_000267,RING_00019,62,0,61,0,0,0.1,1.0,8217.6,1.0,1.0,0.7912,0.005,0.0437,0.9113,0.671,0
ACC_000268,RING_00019,62,0,61,0,0,0.1,1.0,8217.6,1.0,1.0,0.7912,0.005,0.0437,0.9113,0.671,0
ACC_000269,RING_00019,62,0,61,0,0,0.1,1.0,8217.6,1.0,1.0,0.7912,0.005,0.0437,0.9113,0.671,0
ACC_000270,RING_00020,4,0,0,3,3,0.6,1.0,8972.65,0.25,4.0,0.8796,0.0036,0.0342,0.9408,0.8184,0
ACC_000271,RING_00020,4,0,0,3,3,0.6,1.0,8972.65,0.25,4.0,0.8796,0.0036,0.0342,0.9408,0.8184,0
ACC_000272,RING_00020,4,0,0,3,3,0.6,1.0,8972.65,0.25,4.0,0.8796,0.0036,0.0342,0.9408,0.8184,0
ACC_000273,RING_00020,4,0,0,3,3,0.6,1.0,8972.65,0.25,4.0,0.8796,0.0036,0.0342,0.9408,0.8184,0
ACC_000274,RING_00021,43,0,42,0,0,0.1,1.0,6871.87,1.0,1.0,0.7702,0.0056,0.0497,0.9431,0.5972,0
ACC_000275,RING_00021,43,0,42,0,0,0.1,1.0,6871.87,1.0,1.0,0.7702,0.0056,0.0497,0.9431,0.5972,0
ACC_000276,RING_00021,43,0,42,0,0,0.1,1.0,6871.87,1.0,1.0,0.7702,0.0056,0.0497,0.9431,0.5972,0
ACC_000277,RING_00021,43,0,42,0,0,0.1,1.0,6871.87,1.0,1.0,0.7702,0.0056,0.0497,0.9431,0.5972,0
ACC_000278,RING_00021,43,0,42,0,0,0.1,1.0,6871.87,1.0,1.0,0.7702,0.0056,0.0497,0.9431,0.5972,0
ACC_000279,RING_00021,43,0,42,0,0,0.1,1.0,6871.87,1.0,1.0,0.7702,0.0056,0.0497,0.9431,0.5972,0
ACC_000280,RING_00021,43,0,42,0,0,0.1,1.0,6871.87,1.0,1.0,0.7702,0.0056,0.0497,0.9431,0.5972,0
ACC_000281,RING_00021,43,0,42,0,0,0.1,1.0,6871.87,1.0,1.0,0.7702,0.0056,0.0497,0.9431,0.5972,0
ACC_000282,RING_00021,43,0,42,0,0,0.1,1.0,6871.87,1.0,1.0,0.7702,0.0056,0.0497,0.9431,0.5972,0
ACC_000283,RING_00021,43,0,42,0,0,0.1,1.0,6871.87,1.0,1.0,0.7702,0.0056,0.0497,0.9431,0.5972,0
ACC_000284,RING_00021,43,0,42,0,0,0.1,1.0,6871.87,1.0,1.0,0.7702,0.0056,0.0497,0.9431,0.5972,0
ACC_000285,RING_00021,43,0,42,0,0,0.1,1.0,6871.87,1.0,1.0,0.7702,0.0056,0.0497,0.9431,0.5972,0
ACC_000286,RING_00021,43,0,42,0,0,0.1,1.0,6871.87,1.0,1.0,0.7702,0.0056,0.0497,0.9431,0.5972,0
ACC_000287,RING_00021,43,0,42,0,0,0.1,1.0,6871.87,1.0,1.0,0.7702,0.0056,0.0497,0.9431,0.5972,0
ACC_000288,RING_00021,43,0,42,0,0,0.1,1.0,6871.87,1.0,1.0,0.7702,0.0056,0.0497,0.9431,0.5972,0
ACC_000289,RING_00021,43,0,42,0,0,0.1,1.0,6871.87,1.0,1.0,0.7702,0.0056,0.0497,0.9431,0.5972,0
ACC_000290,RING_00021,43,0,42,0,0,0.1,1.0,6871.87,1.0,1.0,0.7702,0.0056,0.0497,0.9431,0.5972,0
ACC_000291,RING_00021,43,0,42,0,0,0.1,1.0,6871.87,1.0,1.0,0.7702,0.0056,0.0497,0.9431,0.5972,0
ACC_000292,RING_00021,43,0,42,0,0,0.1,1.0,6871.87,1.0,1.0,0.7702,0.0056,0.0497,0.9431,0.5972,0
ACC_000293,RING_00021,43,0,42,0,0,0.1,1.0,6871.87,1.0,1.0,0.7702,0.0056,0.0497,0.9431,0.5972,0
ACC_000294,RING_00021,43,0,42,0,0,0.1,1.0,6871.87,1.0,1.0,0.7702,0.0056,0.0497,0.9431,0.5972,0
ACC_000295,RING_00021,43,0,42,0,0,0.1,1.0,6871.87,1.0,1.0,0.7702,0.0056,0.0497,0.9431,0.5972,0
ACC_000296,RING_00021,43,0,42,0,0,0.1,1.0,6871.87,1.0,1.0,0.7702,0.0056,0.0497,0.9431,0.5972,0
ACC_000297,RING_00021,43,0,42,0,0,0.1,1.0,6871.87,1.0,1.0,0.7702,0.0056,0.0497,0.9431,0.5972,0
ACC_000298,RING_00021,43,0,42,0,0,0.1,1.0,6871.87,1.0,1.0,0.7702,0.0056,0.0497,0.9431,0.5972,0
ACC_000299,RING_00021,43,0,42,0,0,0.1,1.0,6871.87,1.0,1.0,0.7702,0.0056,0.0497,0.9431,0.5972,0
ACC_000300,RING_00021,43,0,42,0,0,0.1,1.0,6871.87,1.0,1.0,0.7702,0.0056,0.0497,0.9431,0.5972,0
ACC_000301,RING_00021,43,0,42,0,0,0.1,1.0,6871.87,1.0,1.0,0.7702,0.0056,0.0497,0.9431,0.5972,0
ACC_000302,RING_00021,43,0,42,0,0,0.1,1.0,6871.87,1.0,1.0,0.7702,0.0056,0.0497,0.9431,0.5972,0
ACC_000303,RING_00021,43,0,42,0,0,0.1,1.0,6871.87,1.0,1.0,0.7702,0.0056,0.0497,0.9431,0.5972,0
ACC_000304,RING_00021,43,0,42,0,0,0.1,1.0,6871.87,1.0,1.0,0.7702,0.0056,0.0497,0.9431,0.5972,0
ACC_000305,RING_00021,43,0,42,0,0,0.1,1.0,6871.87,1.0,1.0,0.7702,0.0056,0.0497,0.9431,0.5972,0
ACC_000306,RING_00021,43,0,42,0,0,0.1,1.0,6871.87,1.0,1.0,0.7702,0.0056,0.0497,0.9431,0.5972,0
ACC_000307,RING_00021,43,0,42,0,0,0.1,1.0,6871.87,1.0,1.0,0.7702,0.0056,0.0497,0.9431,0.5972,0
ACC_000308,RING_00021,43,0,42,0,0,0.1,1.0,6871.87,1.0,1.0,0.7702,0.0056,0.0497,0.9431,0.5972,0
ACC_000309,RING_00021,43,0,42,0,0,0.1,1.0,6871.87,1.0,1.0,0.7702,0.0056,0.0497,0.9431,0.5972,0
ACC_000310,RING_00021,43,0,42,0,0,0.1,1.0,6871.87,1.0,1.0,0.7702,0.0056,0.0497,0.9431,0.5972,0
ACC_000311,RING_00021,43,0,42,0,0,0.1,1.0,6871.87,1.0,1.0,0.7702,0.0056,0.0497,0.9431,0.5972,0
ACC_000312,RING_00021,43,0,42,0,0,0.1,1.0,6871.87,1.0,1.0,0.7702,0.0056,0.0497,0.9431,0.5972,0
ACC_000313,RING_00021,43,0,42,0,0,0.1,1.0,6871.87,1.0,1.0,0.7702,0.0056,0.0497,0.9431,0.5972,0
ACC_000314,RING_00021,43,0,42,0,0,0.1,1.0,6871.87,1.0,1.0,0.7702,0.0056,0.0497,0.9431,0.5972,0
ACC_000315,RING_00021,43,0,42,0,0,0.1,1.0,6871.87,1.0,1.0,0.7702,0.0056,0.0497,0.9431,0.5972,0
ACC_000316,RING_00021,43,0,42,0,0,0.1,1.0,6871.87,1.0,1.0,0.7702,0.0056,0.0497,0.9431,0.5972,0
ACC_000317,RING_00022,1,0,0,0,0,0.0,0.0,0.0,1.0,1.0,1.0,0.1071,0.085,1.0,1.0,0
ACC_000318,RING_00023,4,0,0,3,0,0.4,1.0,2060.76,0.25,4.0,0.7355,0.0151,0.0386,0.8805,0.5906,0
ACC_000319,RING_00023,4,0,0,3,0,0.4,1.0,2060.76,0.25,4.0,0.7355,0.0151,0.0386,0.8805,0.5906,0
ACC_000320,RING_00023,4,0,0,3,0,0.4,1.0,2060.76,0.25,4.0,0.7355,0.0151,0.0386,0.8805,0.5906,0
ACC_000321,RING_00023,4,0,0,3,0,0.4,1.0,2060.76,0.25,4.0,0.7355,0.0151,0.0386,0.8805,0.5906,0
ACC_000322,RING_00024,32,0,31,0,0,0.1,1.0,6505.3,1.0,1.0,0.7952,0.0066,0.0533,0.9434,0.6471,0
ACC_000323,RING_00024,32,0,31,0,0,0.1,1.0,6505.3,1.0,1.0,0.7952,0.0066,0.0533,0.9434,0.6471,0
ACC_000324,RING_00024,32,0,31,0,0,0.1,1.0,6505.3,1.0,1.0,0.7952,0.0066,0.0533,0.9434,0.6471,0
ACC_000325,RING_00024,32,0,31,0,0,0.1,1.0,6505.3,1.0,1.0,0.7952,0.0066,0.0533,0.9434,0.6471,0
ACC_000326,RING_00024,32,0,31,0,0,0.1,1.0,6505.3,1.0,1.0,0.7952,0.0066,0.0533,0.9434,0.6471,0
ACC_000327,RING_00024,32,0,31,0,0,0.1,1.0,6505.3,1.0,1.0,0.7952,0.0066,0.0533,0.9434,0.6471,0
ACC_000328,RING_00024,32,0,31,0,0,0.1,1.0,6505.3,1.0,1.0,0.7952,0.0066,0.0533,0.9434,0.6471,0
ACC_000329,RING_00024,32,0,31,0,0,0.1,1.0,6505.3,1.0,1.0,0.7952,0.0066,0.0533,0.9434,0.6471,0
ACC_000330,RING_00024,32,0,31,0,0,0.1,1.0,6505.3,1.0,1.0,0.7952,0.0066,0.0533,0.9434,0.6471,0
ACC_000331,RING_00024,32,0,31,0,0,0.1,1.0,6505.3,1.0,1.0,0.7952,0.0066,0.0533,0.9434,0.6471,0
ACC_000332,RING_00024,32,0,31,0,0,0.1,1.0,6505.3,1.0,1.0,0.7952,0.0066,0.0533,0.9434,0.6471,0
ACC_000333,RING_00024,32,0,31,0,0,0.1,1.0,6505.3,1.0,1.0,0.7952,0.0066,0.0533,0.9434,0.6471,0
ACC_000334,RING_00024,32,0,31,0,0,0.1,1.0,6505.3,1.0,1.0,0.7952,0.0066,0.0533,0.9434,0.6471,0
ACC_000335,RING_00024,32,0,31,0,0,0.1,1.0,6505.3,1.0,1.0,0.7952,0.0066,0.0533,0.9434,0.6471,0
ACC_000336,RING_00024,32,0,31,0,0,0.1,1.0,6505.3,1.0,1.0,0.7952,0.0066,0.0533,0.9434,0.6471,0
ACC_000337,RING_00024,32,0,31,0,0,0.1,1.0,6505.3,1.0,1.0,0.7952,0.0066,0.0533,0.9434,0.6471,0
ACC_000338,RING_00024,32,0,31,0,0,0.1,1.0,6505.3,1.0,1.0,0.7952,0.0066,0.0533,0.9434,0.6471,0
ACC_000339,RING_00024,32,0,31,0,0,0.1,1.0,6505.3,1.0,1.0,0.7952,0.0066,0.0533,0.9434,0.6471,0
ACC_000340,RING_00024,32,0,31,0,0,0.1,1.0,6505.3,1.0,1.0,0.7952,0.0066,0.0533,0.9434,0.6471,0
ACC_000341,RING_00024,32,0,31,0,0,0.1,1.0,6505.3,1.0,1.0,0.7952,0.0066,0.0533,0.9434,0.6471,0
ACC_000342,RING_00024,32,0,31,0,0,0.1,1.0,6505.3,1.0,1.0,0.7952,0.0066,0.0533,0.9434,0.6471,0
ACC_000343,RING_00024,32,0,31,0,0,0.1,1.0,6505.3,1.0,1.0,0.7952,0.0066,0.0533,0.9434,0.6471,0
ACC_000344,RING_00024,32,0,31,0,0,0.1,1.0,6505.3,1.0,1.0,0.7952,0.0066,0.0533,0.9434,0.6471,0
ACC_000345,RING_00024,32,0,31,0,0,0.1,1.0,6505.3,1.0,1.0,0.7952,0.0066,0.0533,0.9434,0.6471,0
ACC_000346,RING_00024,32,0,31,0,0,0.1,1.0,6505.3,1.0,1.0,0.7952,0.0066,0.0533,0.9434,0.6471,0
ACC_000347,RING_00024,32,0,31,0,0,0.1,1.0,6505.3,1.0,1.0,0.7952,0.0066,0.0533,0.9434,0.6471,0
ACC_000348,RING_00024,32,0,31,0,0,0.1,1.0,6505.3,1.0,1.0,0.7952,0.0066,0.0533,0.9434,0.6471,0
ACC_000349,RING_00024,32,0,31,0,0,0.1,1.0,6505.3,1.0,1.0,0.7952,0.0066,0.0533,0.9434,0.6471,0
ACC_000350,RING_00024,32,0,31,0,0,0.1,1.0,6505.3,1.0,1.0,0.7952,0.0066,0.0533,0.9434,0.6471,0
ACC_000351,RING_00024,32,0,31,0,0,0.1,1.0,6505.3,1.0,1.0,0.7952,0.0066,0.0533,0.9434,0.6471,0
ACC_000352,RING_00024,32,0,31,0,0,0.1,1.0,6505.3,1.0,1.0,0.7952,0.0066,0.0533,0.9434,0.6471,0
ACC_000353,RING_00024,32,0,31,0,0,0.1,1.0,6505.3,1.0,1.0,0.7952,0.0066,0.0533,0.9434,0.6471,0
ACC_000354,RING_00025,1,0,0,0,0,0.0,0.0,0.0,1.0,1.0,1.0,0.1071,0.0743,1.0,1.0,0
ACC_000355,RING_00026,1,0,0,0,0,0.0,0.0,0.0,1.0,1.0,1.0,0.1071,0.0276,1.0,1.0,0
ACC_000356,RING_00027,9,0,0,0,8,0.2,1.0,386.18,1.0,1.0,0.8452,0.088,0.7784,0.9394,0.751,1
ACC_000357,RING_00027,9,0,0,0,8,0.2,1.0,386.18,1.0,1.0,0.8452,0.088,0.7784,0.9394,0.751,1
ACC_000358,RING_00027,9,0,0,0,8,0.2,1.0,386.18,1.0,1.0,0.8452,0.088,0.7784,0.9394,0.751,1
ACC_000359,RING_00027,9,0,0,0,8,0.2,1.0,386.18,1.0,1.0,0.8452,0.088,0.7784,0.9394,0.751,1
ACC_000360,RING_00027,9,0,0,0,8,0.2,1.0,386.18,1.0,1.0,0.8452,0.088,0.7784,0.9394,0.751,1
ACC_000361,RING_00027,9,0,0,0,8,0.2,1.0,386.18,1.0,1.0,0.8452,0.088,0.7784,0.9394,0.751,1
ACC_000362,RING_00027,9,0,0,0,8,0.2,1.0,386.18,1.0,1.0,0.8452,0.088,0.7784,0.9394,0.751,1
ACC_000363,RING_00027,9,0,0,0,8,0.2,1.0,386.18,1.0,1.0,0.8452,0.088,0.7784,0.9394,0.751,1
ACC_000364,RING_00027,9,0,0,0,8,0.2,1.0,386.18,1.0,1.0,0.8452,0.088,0.7784,0.9394,0.751,1
ACC_000365,RING_00028,17,9,0,5,16,0.4938,1.0,4023.72,1.5,5.6667,0.73,0.0106,0.7526,0.6069,0.8532,1
ACC_000366,RING_00028,17,9,0,5,16,0.4938,1.0,4023.72,1.5,5.6667,0.73,0.0106,0.7526,0.6069,0.8532,1
ACC_000367,RING_00028,17,9,0,5,16,0.4938,1.0,4023.72,1.5,5.6667,0.73,0.0106,0.7526,0.6069,0.8532,1
ACC_000368,RING_00028,17,6,0,5,16,0.4375,1.0,4023.72,1.5,5.6667,0.73,0.0106,0.7526,0.6069,0.8532,1
ACC_000369,RING_00028,17,6,0,4,16,0.4125,1.0,4023.72,1.5,5.6667,0.73,0.0106,0.7526,0.6069,0.8532,1
ACC_000370,RING_00028,17,6,0,4,16,0.4125,1.0,4023.72,1.5,5.6667,0.73,0.0106,0.7526,0.6069,0.8532,1
ACC_000371,RING_00028,17,9,0,4,16,0.4688,1.0,4023.72,1.5,5.6667,0.73,0.0106,0.7526,0.6069,0.8532,1
ACC_000372,RING_00028,17,9,0,4,16,0.4688,1.0,4023.72,1.5,5.6667,0.73,0.0106,0.7526,0.6069,0.8532,1
ACC_000373,RING_00028,17,6,0,5,16,0.4375,1.0,4023.72,1.5,5.6667,0.73,0.0106,0.7526,0.6069,0.8532,1
ACC_000374,RING_00028,17,6,0,5,16,0.4375,1.0,4023.72,1.5,5.6667,0.73,0.0106,0.7526,0.6069,0.8532,1
ACC_000375,RING_00028,17,9,0,5,16,0.4938,1.0,4023.72,1.5,5.6667,0.73,0.0106,0.7526,0.6069,0.8532,1
ACC_000376,RING_00028,17,9,0,5,16,0.4938,1.0,4023.72,1.5,5.6667,0.73,0.0106,0.7526,0.6069,0.8532,1
ACC_000377,RING_00028,17,6,0,5,16,0.4375,1.0,4023.72,1.5,5.6667,0.73,0.0106,0.7526,0.6069,0.8532,1
ACC_000378,RING_00028,17,9,0,5,16,0.4938,1.0,4023.72,1.5,5.6667,0.73,0.0106,0.7526,0.6069,0.8532,1
ACC_000379,RING_00028,17,9,0,4,16,0.4688,1.0,4023.72,1.5,5.6667,0.73,0.0106,0.7526,0.6069,0.8532,1
ACC_000380,RING_00028,17,9,0,5,16,0.4938,1.0,4023.72,1.5,5.6667,0.73,0.0106,0.7526,0.6069,0.8532,1
ACC_000381,RING_00028,17,6,0,5,16,0.4375,1.0,4023.72,1.5,5.6667,0.73,0.0106,0.7526,0.6069,0.8532,1
ACC_000382,RING_00029,21,20,20,0,0,0.4,1.0,0.74,21.0,1.0,0.8148,0.98,0.8865,1.0,0.6295,1
ACC_000383,RING_00029,21,20,20,0,1,0.41,1.0,0.74,21.0,1.0,0.8148,0.98,0.8865,1.0,0.6295,1
ACC_000384,RING_00029,21,20,20,0,2,0.42,1.0,0.74,21.0,1.0,0.8148,0.98,0.8865,1.0,0.6295,1
ACC_000385,RING_00029,21,20,20,0,0,0.4,1.0,0.74,21.0,1.0,0.8148,0.98,0.8865,1.0,0.6295,1
ACC_000386,RING_00029,21,20,20,0,2,0.42,1.0,0.74,21.0,1.0,0.8148,0.98,0.8865,1.0,0.6295,1
ACC_000387,RING_00029,21,20,20,0,2,0.42,1.0,0.74,21.0,1.0,0.8148,0.98,0.8865,1.0,0.6295,1
ACC_000388,RING_00029,21,20,20,0,1,0.41,1.0,0.74,21.0,1.0,0.8148,0.98,0.8865,1.0,0.6295,1
ACC_000389,RING_00029,21,20,20,0,2,0.42,1.0,0.74,21.0,1.0,0.8148,0.98,0.8865,1.0,0.6295,1
ACC_000390,RING_00029,21,20,20,0,2,0.42,1.0,0.74,21.0,1.0,0.8148,0.98,0.8865,1.0,0.6295,1
ACC_000391,RING_00029,21,20,20,0,2,0.42,1.0,0.74,21.0,1.0,0.8148,0.98,0.8865,1.0,0.6295,1
ACC_000392,RING_00029,21,20,20,0,2,0.42,1.0,0.74,21.0,1.0,0.8148,0.98,0.8865,1.0,0.6295,1
ACC_000393,RING_00029,21,20,20,0,2,0.42,1.0,0.74,21.0,1.0,0.8148,0.98,0.8865,1.0,0.6295,1
ACC_000394,RING_00029,21,20,20,0,2,0.42,1.0,0.74,21.0,1.0,0.8148,0.98,0.8865,1.0,0.6295,1
ACC_000395,RING_00029,21,20,20,0,2,0.42,1.0,0.74,21.0,1.0,0.8148,0.98,0.8865,1.0,0.6295,1
ACC_000396,RING_00029,21,20,20,0,1,0.41,1.0,0.74,21.0,1.0,0.8148,0.98,0.8865,1.0,0.6295,1
ACC_000397,RING_00029,21,20,20,0,2,0.42,1.0,0.74,21.0,1.0,0.8148,0.98,0.8865,1.0,0.6295,1
ACC_000398,RING_00029,21,20,20,0,1,0.41,1.0,0.74,21.0,1.0,0.8148,0.98,0.8865,1.0,0.6295,1
ACC_000399,RING_00029,21,20,20,0,1,0.41,1.0,0.74,21.0,1.0,0.8148,0.98,0.8865,1.0,0.6295,1
ACC_000400,RING_00029,21,20,20,0,2,0.42,1.0,0.74,21.0,1.0,0.8148,0.98,0.8865,1.0,0.6295,1
ACC_000401,RING_00029,21,20,20,0,1,0.41,1.0,0.74,21.0,1.0,0.8148,0.98,0.8865,1.0,0.6295,1
ACC_000402,RING_00029,21,20,20,0,0,0.4,1.0,0.74,21.0,1.0,0.8148,0.98,0.8865,1.0,0.6295,1
ACC_000403,RING_00030,12,11,0,0,0,0.3,1.0,6965.52,12.0,1.0,0.8196,0.0053,0.0519,0.9294,0.7097,0
ACC_000404,RING_00030,12,11,0,0,0,0.3,1.0,6965.52,12.0,1.0,0.8196,0.0053,0.0519,0.9294,0.7097,0
ACC_000405,RING_00030,12,11,0,0,0,0.3,1.0,6965.52,12.0,1.0,0.8196,0.0053,0.0519,0.9294,0.7097,0
ACC_000406,RING_00030,12,11,0,0,0,0.3,1.0,6965.52,12.0,1.0,0.8196,0.0053,0.0519,0.9294,0.7097,0
ACC_000407,RING_00030,12,11,0,0,0,0.3,1.0,6965.52,12.0,1.0,0.8196,0.0053,0.0519,0.9294,0.7097,0
ACC_000408,RING_00030,12,11,0,0,0,0.3,1.0,6965.52,12.0,1.0,0.8196,0.0053,0.0519,0.9294,0.7097,0
ACC_000409,RING_00030,12,11,0,0,0,0.3,1.0,6965.52,12.0,1.0,0.8196,0.0053,0.0519,0.9294,0.7097,0
ACC_000410,RING_00030,12,11,0,0,0,0.3,1.0,6965.52,12.0,1.0,0.8196,0.0053,0.0519,0.9294,0.7097,0
ACC_000411,RING_00030,12,11,0,0,0,0.3,1.0,6965.52,12.0,1.0,0.8196,0.0053,0.0519,0.9294,0.7097,0
ACC_000412,RING_00030,12,11,0,0,0,0.3,1.0,6965.52,12.0,1.0,0.8196,0.0053,0.0519,0.9294,0.7097,0
ACC_000413,RING_00030,12,11,0,0,0,0.3,1.0,6965.52,12.0,1.0,0.8196,0.0053,0.0519,0.9294,0.7097,0
ACC_000414,RING_00030,12,11,0,0,0,0.3,1.0,6965.52,12.0,1.0,0.8196,0.0053,0.0519,0.9294,0.7097,0
ACC_000415,RING_00031,15,0,0,0,14,0.2,1.0,8866.83,1.0,1.0,0.7877,0.0048,0.043,0.9273,0.6481,0
ACC_000416,RING_00031,15,0,0,0,14,0.2,1.0,8866.83,1.0,1.0,0.7877,0.0048,0.043,0.9273,0.6481,0
ACC_000417,RING_00031,15,0,0,0,14,0.2,1.0,8866.83,1.0,1.0,0.7877,0.0048,0.043,0.9273,0.6481,0
ACC_000418,RING_00031,15,0,0,0,14,0.2,1.0,8866.83,1.0,1.0,0.7877,0.0048,0.043,0.9273,0.6481,0
ACC_000419,RING_00031,15,0,0,0,14,0.2,1.0,8866.83,1.0,1.0,0.7877,0.0048,0.043,0.9273,0.6481,0
ACC_000420,RING_00031,15,0,0,0,14,0.2,1.0,8866.83,1.0,1.0,0.7877,0.0048,0.043,0.9273,0.6481,0
ACC_000421,RING_00031,15,0,0,0,14,0.2,1.0,8866.83,1.0,1.0,0.7877,0.0048,0.043,0.9273,0.6481,0
ACC_000422,RING_00031,15,0,0,0,14,0.2,1.0,8866.83,1.0,1.0,0.7877,0.0048,0.043,0.9273,0.6481,0
ACC_000423,RING_00031,15,0,0,0,14,0.2,1.0,8866.83,1.0,1.0,0.7877,0.0048,0.043,0.9273,0.6481,0
ACC_000424,RING_00031,15,0,0,0,14,0.2,1.0,8866.83,1.0,1.0,0.7877,0.0048,0.043,0.9273,0.6481,0
ACC_000425,RING_00031,15,0,0,0,14,0.2,1.0,8866.83,1.0,1.0,0.7877,0.0048,0.043,0.9273,0.6481,0
ACC_000426,RING_00031,15,0,0,0,14,0.2,1.0,8866.83,1.0,1.0,0.7877,0.0048,0.043,0.9273,0.6481,0
ACC_000427,RING_00031,15,0,0,0,14,0.2,1.0,8866.83,1.0,1.0,0.7877,0.0048,0.043,0.9273,0.6481,0
ACC_000428,RING_00031,15,0,0,0,14,0.2,1.0,8866.83,1.0,1.0,0.7877,0.0048,0.043,0.9273,0.6481,0
ACC_000429,RING_00031,15,0,0,0,14,0.2,1.0,8866.83,1.0,1.0,0.7877,0.0048,0.043,0.9273,0.6481,0
ACC_000430,RING_00032,15,0,0,0,14,0.2,1.0,8639.22,1.0,1.0,0.8176,0.0039,0.0372,0.9265,0.7086,0
ACC_000431,RING_00032,15,0,0,0,14,0.2,1.0,8639.22,1.0,1.0,0.8176,0.0039,0.0372,0.9265,0.7086,0
ACC_000432,RING_00032,15,0,0,0,14,0.2,1.0,8639.22,1.0,1.0,0.8176,0.0039,0.0372,0.9265,0.7086,0
ACC_000433,RING_00032,15,0,0,0,14,0.2,1.0,8639.22,1.0,1.0,0.8176,0.0039,0.0372,0.9265,0.7086,0
ACC_000434,RING_00032,15,0,0,0,14,0.2,1.0,8639.22,1.0,1.0,0.8176,0.0039,0.0372,0.9265,0.7086,0
ACC_000435,RING_00032,15,0,0,0,14,0.2,1.0,8639.22,1.0,1.0,0.8176,0.0039,0.0372,0.9265,0.7086,0
ACC_000436,RING_00032,15,0,0,0,14,0.2,1.0,8639.22,1.0,1.0,0.8176,0.0039,0.0372,0.9265,0.7086,0
ACC_000437,RING_00032,15,0,0,0,14,0.2,1.0,8639.22,1.0,1.0,0.8176,0.0039,0.0372,0.9265,0.7086,0
ACC_000438,RING_00032,15,0,0,0,14,0.2,1.0,8639.22,1.0,1.0,0.8176,0.0039,0.0372,0.9265,0.7086,0
ACC_000439,RING_00032,15,0,0,0,14,0.2,1.0,8639.22,1.0,1.0,0.8176,0.0039,0.0372,0.9265,0.7086,0
ACC_000440,RING_00032,15,0,0,0,14,0.2,1.0,8639.22,1.0,1.0,0.8176,0.0039,0.0372,0.9265,0.7086,0
ACC_000441,RING_00032,15,0,0,0,14,0.2,1.0,8639.22,1.0,1.0,0.8176,0.0039,0.0372,0.9265,0.7086,0
ACC_000442,RING_00032,15,0,0,0,14,0.2,1.0,8639.22,1.0,1.0,0.8176,0.0039,0.0372,0.9265,0.7086,0
ACC_000443,RING_00032,15,0,0,0,14,0.2,1.0,8639.22,1.0,1.0,0.8176,0.0039,0.0372,0.9265,0.7086,0
ACC_000444,RING_00032,15,0,0,0,14,0.2,1.0,8639.22,1.0,1.0,0.8176,0.0039,0.0372,0.9265,0.7086,0
ACC_000445,RING_00033,56,0,55,0,0,0.1,1.0,7841.18,1.0,1.0,0.783,0.0054,0.0402,0.9065,0.6594,0
ACC_000446,RING_00033,56,0,55,0,0,0.1,1.0,7841.18,1.0,1.0,0.783,0.0054,0.0402,0.9065,0.6594,0
ACC_000447,RING_00033,56,0,55,0,0,0.1,1.0,7841.18,1.0,1.0,0.783,0.0054,0.0402,0.9065,0.6594,0
ACC_000448,RING_00033,56,0,55,0,0,0.1,1.0,7841.18,1.0,1.0,0.783,0.0054,0.0402,0.9065,0.6594,0
ACC_000449,RING_00033,56,0,55,0,0,0.1,1.0,7841.18,1.0,1.0,0.783,0.0054,0.0402,0.9065,0.6594,0
ACC_000450,RING_00033,56,0,55,0,0,0.1,1.0,7841.18,1.0,1.0,0.783,0.0054,0.0402,0.9065,0.6594,0
ACC_000451,RING_00033,56,0,55,0,0,0.1,1.0,7841.18,1.0,1.0,0.783,0.0054,0.0402,0.9065,0.6594,0
ACC_000452,RING_00033,56,0,55,0,0,0.1,1.0,7841.18,1.0,1.0,0.783,0.0054,0.0402,0.9065,0.6594,0
ACC_000453,RING_00033,56,0,55,0,0,0.1,1.0,7841.18,1.0,1.0,0.783,0.0054,0.0402,0.9065,0.6594,0
ACC_000454,RING_00033,56,0,55,0,0,0.1,1.0,7841.18,1.0,1.0,0.783,0.0054,0.0402,0.9065,0.6594,0
ACC_000455,RING_00033,56,0,55,0,0,0.1,1.0,7841.18,1.0,1.0,0.783,0.0054,0.0402,0.9065,0.6594,0
ACC_000456,RING_00033,56,0,55,0,0,0.1,1.0,7841.18,1.0,1.0,0.783,0.0054,0.0402,0.9065,0.6594,0
ACC_000457,RING_00033,56,0,55,0,0,0.1,1.0,7841.18,1.0,1.0,0.783,0.0054,0.0402,0.9065,0.6594,0
ACC_000458,RING_00033,56,0,55,0,0,0.1,1.0,7841.18,1.0,1.0,0.783,0.0054,0.0402,0.9065,0.6594,0
ACC_000459,RING_00033,56,0,55,0,0,0.1,1.0,7841.18,1.0,1.0,0.783,0.0054,0.0402,0.9065,0.6594,0
ACC_000460,RING_00033,56,0,55,0,0,0.1,1.0,7841.18,1.0,1.0,0.783,0.0054,0.0402,0.9065,0.6594,0
ACC_000461,RING_00033,56,0,55,0,0,0.1,1.0,7841.18,1.0,1.0,0.783,0.0054,0.0402,0.9065,0.6594,0
ACC_000462,RING_00033,56,0,55,0,0,0.1,1.0,7841.18,1.0,1.0,0.783,0.0054,0.0402,0.9065,0.6594,0
ACC_000463,RING_00033,56,0,55,0,0,0.1,1.0,7841.18,1.0,1.0,0.783,0.0054,0.0402,0.9065,0.6594,0
ACC_000464,RING_00033,56,0,55,0,0,0.1,1.0,7841.18,1.0,1.0,0.783,0.0054,0.0402,0.9065,0.6594,0
ACC_000465,RING_00033,56,0,55,0,0,0.1,1.0,7841.18,1.0,1.0,0.783,0.0054,0.0402,0.9065,0.6594,0
ACC_000466,RING_00033,56,0,55,0,0,0.1,1.0,7841.18,1.0,1.0,0.783,0.0054,0.0402,0.9065,0.6594,0
ACC_000467,RING_00033,56,0,55,0,0,0.1,1.0,7841.18,1.0,1.0,0.783,0.0054,0.0402,0.9065,0.6594,0
ACC_000468,RING_00033,56,0,55,0,0,0.1,1.0,7841.18,1.0,1.0,0.783,0.0054,0.0402,0.9065,0.6594,0
ACC_000469,RING_00033,56,0,55,0,0,0.1,1.0,7841.18,1.0,1.0,0.783,0.0054,0.0402,0.9065,0.6594,0
ACC_000470,RING_00033,56,0,55,0,0,0.1,1.0,7841.18,1.0,1.0,0.783,0.0054,0.0402,0.9065,0.6594,0
ACC_000471,RING_00033,56,0,55,0,0,0.1,1.0,7841.18,1.0,1.0,0.783,0.0054,0.0402,0.9065,0.6594,0
ACC_000472,RING_00033,56,0,55,0,0,0.1,1.0,7841.18,1.0,1.0,0.783,0.0054,0.0402,0.9065,0.6594,0
ACC_000473,RING_00033,56,0,55,0,0,0.1,1.0,7841.18,1.0,1.0,0.783,0.0054,0.0402,0.9065,0.6594,0
ACC_000474,RING_00033,56,0,55,0,0,0.1,1.0,7841.18,1.0,1.0,0.783,0.0054,0.0402,0.9065,0.6594,0
ACC_000475,RING_00033,56,0,55,0,0,0.1,1.0,7841.18,1.0,1.0,0.783,0.0054,0.0402,0.9065,0.6594,0
ACC_000476,RING_00033,56,0,55,0,0,0.1,1.0,7841.18,1.0,1.0,0.783,0.0054,0.0402,0.9065,0.6594,0
ACC_000477,RING_00033,56,0,55,0,0,0.1,1.0,7841.18,1.0,1.0,0.783,0.0054,0.0402,0.9065,0.6594,0
ACC_000478,RING_00033,56,0,55,0,0,0.1,1.0,7841.18,1.0,1.0,0.783,0.0054,0.0402,0.9065,0.6594,0
ACC_000479,RING_00033,56,0,55,0,0,0.1,1.0,7841.18,1.0,1.0,0.783,0.0054,0.0402,0.9065,0.6594,0
ACC_000480,RING_00033,56,0,55,0,0,0.1,1.0,7841.18,1.0,1.0,0.783,0.0054,0.0402,0.9065,0.6594,0
ACC_000481,RING_00033,56,0,55,0,0,0.1,1.0,7841.18,1.0,1.0,0.783,0.0054,0.0402,0.9065,0.6594,0
ACC_000482,RING_00033,56,0,55,0,0,0.1,1.0,7841.18,1.0,1.0,0.783,0.0054,0.0402,0.9065,0.6594,0
ACC_000483,RING_00033,56,0,55,0,0,0.1,1.0,7841.18,1.0,1.0,0.783,0.0054,0.0402,0.9065,0.6594,0
ACC_000484,RING_00033,56,0,55,0,0,0.1,1.0,7841.18,1.0,1.0,0.783,0.0054,0.0402,0.9065,0.6594,0
ACC_000485,RING_00033,56,0,55,0,0,0.1,1.0,7841.18,1.0,1.0,0.783,0.0054,0.0402,0.9065,0.6594,0
ACC_000486,RING_00033,56,0,55,0,0,0.1,1.0,7841.18,1.0,1.0,0.783,0.0054,0.0402,0.9065,0.6594,0
ACC_000487,RING_00033,56,0,55,0,0,0.1,1.0,7841.18,1.0,1.0,0.783,0.0054,0.0402,0.9065,0.6594,0
ACC_000488,RING_00033,56,0,55,0,0,0.1,1.0,7841.18,1.0,1.0,0.783,0.0054,0.0402,0.9065,0.6594,0
ACC_000489,RING_00033,56,0,55,0,0,0.1,1.0,7841.18,1.0,1.0,0.783,0.0054,0.0402,0.9065,0.6594,0
ACC_000490,RING_00033,56,0,55,0,0,0.1,1.0,7841.18,1.0,1.0,0.783,0.0054,0.0402,0.9065,0.6594,0
ACC_000491,RING_00033,56,0,55,0,0,0.1,1.0,7841.18,1.0,1.0,0.783,0.0054,0.0402,0.9065,0.6594,0
ACC_000492,RING_00033,56,0,55,0,0,0.1,1.0,7841.18,1.0,1.0,0.783,0.0054,0.0402,0.9065,0.6594,0
ACC_000493,RING_00033,56,0,55,0,0,0.1,1.0,7841.18,1.0,1.0,0.783,0.0054,0.0402,0.9065,0.6594,0
ACC_000494,RING_00033,56,0,55,0,0,0.1,1.0,7841.18,1.0,1.0,0.783,0.0054,0.0402,0.9065,0.6594,0
ACC_000495,RING_00033,56,0,55,0,0,0.1,1.0,7841.18,1.0,1.0,0.783,0.0054,0.0402,0.9065,0.6594,0
ACC_000496,RING_00033,56,0,55,0,0,0.1,1.0,7841.18,1.0,1.0,0.783,0.0054,0.0402,0.9065,0.6594,0
ACC_000497,RING_00033,56,0,55,0,0,0.1,1.0,7841.18,1.0,1.0,0.783,0.0054,0.0402,0.9065,0.6594,0
ACC_000498,RING_00033,56,0,55,0,0,0.1,1.0,7841.18,1.0,1.0,0.783,0.0054,0.0402,0.9065,0.6594,0
ACC_000499,RING_00033,56,0,55,0,0,0.1,1.0,7841.18,1.0,1.0,0.783,0.0054,0.0402,0.9065,0.6594,0
ACC_000500,RING_00033,56,0,55,0,0,0.1,1.0,7841.18,1.0,1.0,0.783,0.0054,0.0402,0.9065,0.6594,0
ACC_000501,RING_00034,19,18,18,18,18,1.0,1.0,0.37,1.0,19.0,0.9906,0.9908,0.8341,1.0,0.9811,1
ACC_000502,RING_00034,19,18,18,18,18,1.0,1.0,0.37,1.0,19.0,0.9906,0.9908,0.8341,1.0,0.9811,1
ACC_000503,RING_00034,19,18,18,18,18,1.0,1.0,0.37,1.0,19.0,0.9906,0.9908,0.8341,1.0,0.9811,1
ACC_000504,RING_00034,19,18,18,18,18,1.0,1.0,0.37,1.0,19.0,0.9906,0.9908,0.8341,1.0,0.9811,1
ACC_000505,RING_00034,19,18,18,18,18,1.0,1.0,0.37,1.0,19.0,0.9906,0.9908,0.8341,1.0,0.9811,1
ACC_000506,RING_00034,19,18,18,18,18,1.0,1.0,0.37,1.0,19.0,0.9906,0.9908,0.8341,1.0,0.9811,1
ACC_000507,RING_00034,19,18,18,18,18,1.0,1.0,0.37,1.0,19.0,0.9906,0.9908,0.8341,1.0,0.9811,1
ACC_000508,RING_00034,19,18,18,18,18,1.0,1.0,0.37,1.0,19.0,0.9906,0.9908,0.8341,1.0,0.9811,1
ACC_000509,RING_00034,19,18,18,18,18,1.0,1.0,0.37,1.0,19.0,0.9906,0.9908,0.8341,1.0,0.9811,1
ACC_000510,RING_00034,19,18,18,18,18,1.0,1.0,0.37,1.0,19.0,0.9906,0.9908,0.8341,1.0,0.9811,1
ACC_000511,RING_00034,19,18,18,18,18,1.0,1.0,0.37,1.0,19.0,0.9906,0.9908,0.8341,1.0,0.9811,1
ACC_000512,RING_00034,19,18,18,18,18,1.0,1.0,0.37,1.0,19.0,0.9906,0.9908,0.8341,1.0,0.9811,1
ACC_000513,RING_00034,19,18,18,18,18,1.0,1.0,0.37,1.0,19.0,0.9906,0.9908,0.8341,1.0,0.9811,1
ACC_000514,RING_00034,19,18,18,18,18,1.0,1.0,0.37,1.0,19.0,0.9906,0.9908,0.8341,1.0,0.9811,1
ACC_000515,RING_00034,19,18,18,18,18,1.0,1.0,0.37,1.0,19.0,0.9906,0.9908,0.8341,1.0,0.9811,1
ACC_000516,RING_00034,19,18,18,18,18,1.0,1.0,0.37,1.0,19.0,0.9906,0.9908,0.8341,1.0,0.9811,1
ACC_000517,RING_00034,19,18,18,18,18,1.0,1.0,0.37,1.0,19.0,0.9906,0.9908,0.8341,1.0,0.9811,1
ACC_000518,RING_00034,19,18,18,18,18,1.0,1.0,0.37,1.0,19.0,0.9906,0.9908,0.8341,1.0,0.9811,1
ACC_000519,RING_00034,19,18,18,18,18,1.0,1.0,0.37,1.0,19.0,0.9906,0.9908,0.8341,1.0,0.9811,1
ACC_000520,RING_00035,18,0,0,17,0,0.4,1.0,7732.11,0.0556,18.0,0.7893,0.0046,0.0472,0.9215,0.6571,0
ACC_000521,RING_00035,18,0,0,17,0,0.4,1.0,7732.11,0.0556,18.0,0.7893,0.0046,0.0472,0.9215,0.6571,0
ACC_000522,RING_00035,18,0,0,17,0,0.4,1.0,7732.11,0.0556,18.0,0.7893,0.0046,0.0472,0.9215,0.6571,0
ACC_000523,RING_00035,18,0,0,17,0,0.4,1.0,7732.11,0.0556,18.0,0.7893,0.0046,0.0472,0.9215,0.6571,0
ACC_000524,RING_00035,18,0,0,17,0,0.4,1.0,7732.11,0.0556,18.0,0.7893,0.0046,0.0472,0.9215,0.6571,0
ACC_000525,RING_00035,18,0,0,17,0,0.4,1.0,7732.11,0.0556,18.0,0.7893,0.0046,0.0472,0.9215,0.6571,0
ACC_000526,RING_00035,18,0,0,17,0,0.4,1.0,7732.11,0.0556,18.0,0.7893,0.0046,0.0472,0.9215,0.6571,0
ACC_000527,RING_00035,18,0,0,17,0,0.4,1.0,7732.11,0.0556,18.0,0.7893,0.0046,0.0472,0.9215,0.6571,0
ACC_000528,RING_00035,18,0,0,17,0,0.4,1.0,7732.11,0.0556,18.0,0.7893,0.0046,0.0472,0.9215,0.6571,0
ACC_000529,RING_00035,18,0,0,17,0,0.4,1.0,7732.11,0.0556,18.0,0.7893,0.0046,0.0472,0.9215,0.6571,0
ACC_000530,RING_00035,18,0,0,17,0,0.4,1.0,7732.11,0.0556,18.0,0.7893,0.0046,0.0472,0.9215,0.6571,0
ACC_000531,RING_00035,18,0,0,17,0,0.4,1.0,7732.11,0.0556,18.0,0.7893,0.0046,0.0472,0.9215,0.6571,0
ACC_000532,RING_00035,18,0,0,17,0,0.4,1.0,7732.11,0.0556,18.0,0.7893,0.0046,0.0472,0.9215,0.6571,0
ACC_000533,RING_00035,18,0,0,17,0,0.4,1.0,7732.11,0.0556,18.0,0.7893,0.0046,0.0472,0.9215,0.6571,0
ACC_000534,RING_00035,18,0,0,17,0,0.4,1.0,7732.11,0.0556,18.0,0.7893,0.0046,0.0472,0.9215,0.6571,0
ACC_000535,RING_00035,18,0,0,17,0,0.4,1.0,7732.11,0.0556,18.0,0.7893,0.0046,0.0472,0.9215,0.6571,0
ACC_000536,RING_00035,18,0,0,17,0,0.4,1.0,7732.11,0.0556,18.0,0.7893,0.0046,0.0472,0.9215,0.6571,0
ACC_000537,RING_00035,18,0,0,17,0,0.4,1.0,7732.11,0.0556,18.0,0.7893,0.0046,0.0472,0.9215,0.6571,0
ACC_000538,RING_00036,19,0,0,0,18,0.2,1.0,8707.35,1.0,1.0,0.771,0.0049,0.0342,0.9239,0.6181,0
ACC_000539,RING_00036,19,0,0,0,18,0.2,1.0,8707.35,1.0,1.0,0.771,0.0049,0.0342,0.9239,0.6181,0
ACC_000540,RING_00036,19,0,0,0,18,0.2,1.0,8707.35,1.0,1.0,0.771,0.0049,0.0342,0.9239,0.6181,0
ACC_000541,RING_00036,19,0,0,0,18,0.2,1.0,8707.35,1.0,1.0,0.771,0.0049,0.0342,0.9239,0.6181,0
ACC_000542,RING_00036,19,0,0,0,18,0.2,1.0,8707.35,1.0,1.0,0.771,0.0049,0.0342,0.9239,0.6181,0
ACC_000543,RING_00036,19,0,0,0,18,0.2,1.0,8707.35,1.0,1.0,0.771,0.0049,0.0342,0.9239,0.6181,0
ACC_000544,RING_00036,19,0,0,0,18,0.2,1.0,8707.35,1.0,1.0,0.771,0.0049,0.0342,0.9239,0.6181,0
ACC_000545,RING_00036,19,0,0,0,18,0.2,1.0,8707.35,1.0,1.0,0.771,0.0049,0.0342,0.9239,0.6181,0
ACC_000546,RING_00036,19,0,0,0,18,0.2,1.0,8707.35,1.0,1.0,0.771,0.0049,0.0342,0.9239,0.6181,0
ACC_000547,RING_00036,19,0,0,0,18,0.2,1.0,8707.35,1.0,1.0,0.771,0.0049,0.0342,0.9239,0.6181,0
ACC_000548,RING_00036,19,0,0,0,18,0.2,1.0,8707.35,1.0,1.0,0.771,0.0049,0.0342,0.9239,0.6181,0
ACC_000549,RING_00036,19,0,0,0,18,0.2,1.0,8707.35,1.0,1.0,0.771,0.0049,0.0342,0.9239,0.6181,0
ACC_000550,RING_00036,19,0,0,0,18,0.2,1.0,8707.35,1.0,1.0,0.771,0.0049,0.0342,0.9239,0.6181,0
ACC_000551,RING_00036,19,0,0,0,18,0.2,1.0,8707.35,1.0,1.0,0.771,0.0049,0.0342,0.9239,0.6181,0
ACC_000552,RING_00036,19,0,0,0,18,0.2,1.0,8707.35,1.0,1.0,0.771,0.0049,0.0342,0.9239,0.6181,0
ACC_000553,RING_00036,19,0,0,0,18,0.2,1.0,8707.35,1.0,1.0,0.771,0.0049,0.0342,0.9239,0.6181,0
ACC_000554,RING_00036,19,0,0,0,18,0.2,1.0,8707.35,1.0,1.0,0.771,0.0049,0.0342,0.9239,0.6181,0
ACC_000555,RING_00036,19,0,0,0,18,0.2,1.0,8707.35,1.0,1.0,0.771,0.0049,0.0342,0.9239,0.6181,0
ACC_000556,RING_00036,19,0,0,0,18,0.2,1.0,8707.35,1.0,1.0,0.771,0.0049,0.0342,0.9239,0.6181,0
ACC_000557,RING_00037,18,17,17,17,17,1.0,1.0,0.4,1.0,18.0,0.9918,0.99,0.8361,1.0,0.9836,1
ACC_000558,RING_00037,18,17,17,17,17,1.0,1.0,0.4,1.0,18.0,0.9918,0.99,0.8361,1.0,0.9836,1
ACC_000559,RING_00037,18,17,17,17,17,1.0,1.0,0.4,1.0,18.0,0.9918,0.99,0.8361,1.0,0.9836,1
ACC_000560,RING_00037,18,17,17,17,17,1.0,1.0,0.4,1.0,18.0,0.9918,0.99,0.8361,1.0,0.9836,1
ACC_000561,RING_00037,18,17,17,17,17,1.0,1.0,0.4,1.0,18.0,0.9918,0.99,0.8361,1.0,0.9836,1
ACC_000562,RING_00037,18,17,17,17,17,1.0,1.0,0.4,1.0,18.0,0.9918,0.99,0.8361,1.0,0.9836,1
ACC_000563,RING_00037,18,17,17,17,17,1.0,1.0,0.4,1.0,18.0,0.9918,0.99,0.8361,1.0,0.9836,1
ACC_000564,RING_00037,18,17,17,17,17,1.0,1.0,0.4,1.0,18.0,0.9918,0.99,0.8361,1.0,0.9836,1
ACC_000565,RING_00037,18,17,17,17,17,1.0,1.0,0.4,1.0,18.0,0.9918,0.99,0.8361,1.0,0.9836,1
ACC_000566,RING_00037,18,17,17,17,17,1.0,1.0,0.4,1.0,18.0,0.9918,0.99,0.8361,1.0,0.9836,1
ACC_000567,RING_00037,18,17,17,17,17,1.0,1.0,0.4,1.0,18.0,0.9918,0.99,0.8361,1.0,0.9836,1
ACC_000568,RING_00037,18,17,17,17,17,1.0,1.0,0.4,1.0,18.0,0.9918,0.99,0.8361,1.0,0.9836,1
ACC_000569,RING_00037,18,17,17,17,17,1.0,1.0,0.4,1.0,18.0,0.9918,0.99,0.8361,1.0,0.9836,1
ACC_000570,RING_00037,18,17,17,17,17,1.0,1.0,0.4,1.0,18.0,0.9918,0.99,0.8361,1.0,0.9836,1
ACC_000571,RING_00037,18,17,17,17,17,1.0,1.0,0.4,1.0,18.0,0.9918,0.99,0.8361,1.0,0.9836,1
ACC_000572,RING_00037,18,17,17,17,17,1.0,1.0,0.4,1.0,18.0,0.9918,0.99,0.8361,1.0,0.9836,1
ACC_000573,RING_00037,18,17,17,17,17,1.0,1.0,0.4,1.0,18.0,0.9918,0.99,0.8361,1.0,0.9836,1
ACC_000574,RING_00037,18,17,17,17,17,1.0,1.0,0.4,1.0,18.0,0.9918,0.99,0.8361,1.0,0.9836,1
ACC_000575,RING_00038,28,0,0,0,27,0.2,1.0,8534.53,1.0,1.0,0.829,0.0041,0.0386,0.9297,0.7282,0
ACC_000576,RING_00038,28,0,0,0,27,0.2,1.0,8534.53,1.0,1.0,0.829,0.0041,0.0386,0.9297,0.7282,0
ACC_000577,RING_00038,28,0,0,0,27,0.2,1.0,8534.53,1.0,1.0,0.829,0.0041,0.0386,0.9297,0.7282,0
ACC_000578,RING_00038,28,0,0,0,27,0.2,1.0,8534.53,1.0,1.0,0.829,0.0041,0.0386,0.9297,0.7282,0
ACC_000579,RING_00038,28,0,0,0,27,0.2,1.0,8534.53,1.0,1.0,0.829,0.0041,0.0386,0.9297,0.7282,0
ACC_000580,RING_00038,28,0,0,0,27,0.2,1.0,8534.53,1.0,1.0,0.829,0.0041,0.0386,0.9297,0.7282,0
ACC_000581,RING_00038,28,0,0,0,27,0.2,1.0,8534.53,1.0,1.0,0.829,0.0041,0.0386,0.9297,0.7282,0
ACC_000582,RING_00038,28,0,0,0,27,0.2,1.0,8534.53,1.0,1.0,0.829,0.0041,0.0386,0.9297,0.7282,0
ACC_000583,RING_00038,28,0,0,0,27,0.2,1.0,8534.53,1.0,1.0,0.829,0.0041,0.0386,0.9297,0.7282,0
ACC_000584,RING_00038,28,0,0,0,27,0.2,1.0,8534.53,1.0,1.0,0.829,0.0041,0.0386,0.9297,0.7282,0
ACC_000585,RING_00038,28,0,0,0,27,0.2,1.0,8534.53,1.0,1.0,0.829,0.0041,0.0386,0.9297,0.7282,0
ACC_000586,RING_00038,28,0,0,0,27,0.2,1.0,8534.53,1.0,1.0,0.829,0.0041,0.0386,0.9297,0.7282,0
ACC_000587,RING_00038,28,0,0,0,27,0.2,1.0,8534.53,1.0,1.0,0.829,0.0041,0.0386,0.9297,0.7282,0
ACC_000588,RING_00038,28,0,0,0,27,0.2,1.0,8534.53,1.0,1.0,0.829,0.0041,0.0386,0.9297,0.7282,0
ACC_000589,RING_00038,28,0,0,0,27,0.2,1.0,8534.53,1.0,1.0,0.829,0.0041,0.0386,0.9297,0.7282,0
ACC_000590,RING_00038,28,0,0,0,27,0.2,1.0,8534.53,1.0,1.0,0.829,0.0041,0.0386,0.9297,0.7282,0
ACC_000591,RING_00038,28,0,0,0,27,0.2,1.0,8534.53,1.0,1.0,0.829,0.0041,0.0386,0.9297,0.7282,0
ACC_000592,RING_00038,28,0,0,0,27,0.2,1.0,8534.53,1.0,1.0,0.829,0.0041,0.0386,0.9297,0.7282,0
ACC_000593,RING_00038,28,0,0,0,27,0.2,1.0,8534.53,1.0,1.0,0.829,0.0041,0.0386,0.9297,0.7282,0
ACC_000594,RING_00038,28,0,0,0,27,0.2,1.0,8534.53,1.0,1.0,0.829,0.0041,0.0386,0.9297,0.7282,0
ACC_000595,RING_00038,28,0,0,0,27,0.2,1.0,8534.53,1.0,1.0,0.829,0.0041,0.0386,0.9297,0.7282,0
ACC_000596,RING_00038,28,0,0,0,27,0.2,1.0,8534.53,1.0,1.0,0.829,0.0041,0.0386,0.9297,0.7282,0
ACC_000597,RING_00038,28,0,0,0,27,0.2,1.0,8534.53,1.0,1.0,0.829,0.0041,0.0386,0.9297,0.7282,0
ACC_000598,RING_00038,28,0,0,0,27,0.2,1.0,8534.53,1.0,1.0,0.829,0.0041,0.0386,0.9297,0.7282,0
ACC_000599,RING_00038,28,0,0,0,27,0.2,1.0,8534.53,1.0,1.0,0.829,0.0041,0.0386,0.9297,0.7282,0
ACC_000600,RING_00038,28,0,0,0,27,0.2,1.0,8534.53,1.0,1.0,0.829,0.0041,0.0386,0.9297,0.7282,0
ACC_000601,RING_00038,28,0,0,0,27,0.2,1.0,8534.53,1.0,1.0,0.829,0.0041,0.0386,0.9297,0.7282,0
ACC_000602,RING_00038,28,0,0,0,27,0.2,1.0,8534.53,1.0,1.0,0.829,0.0041,0.0386,0.9297,0.7282,0
ACC_000603,RING_00039,10,5,0,3,9,0.5,1.0,3450.61,1.5,3.3333,0.695,0.0104,0.7446,0.5634,0.8265,1
ACC_000604,RING_00039,10,3,0,2,9,0.3889,1.0,3450.61,1.5,3.3333,0.695,0.0104,0.7446,0.5634,0.8265,1
ACC_000605,RING_00039,10,5,0,3,9,0.5,1.0,3450.61,1.5,3.3333,0.695,0.0104,0.7446,0.5634,0.8265,1
ACC_000606,RING_00039,10,3,0,2,9,0.3889,1.0,3450.61,1.5,3.3333,0.695,0.0104,0.7446,0.5634,0.8265,1
ACC_000607,RING_00039,10,5,0,2,9,0.4556,1.0,3450.61,1.5,3.3333,0.695,0.0104,0.7446,0.5634,0.8265,1
ACC_000608,RING_00039,10,3,0,3,9,0.4333,1.0,3450.61,1.5,3.3333,0.695,0.0104,0.7446,0.5634,0.8265,1
ACC_000609,RING_00039,10,5,0,2,9,0.4556,1.0,3450.61,1.5,3.3333,0.695,0.0104,0.7446,0.5634,0.8265,1
ACC_000610,RING_00039,10,5,0,2,9,0.4556,1.0,3450.61,1.5,3.3333,0.695,0.0104,0.7446,0.5634,0.8265,1
ACC_000611,RING_00039,10,5,0,2,9,0.4556,1.0,3450.61,1.5,3.3333,0.695,0.0104,0.7446,0.5634,0.8265,1
ACC_000612,RING_00039,10,3,0,3,9,0.4333,1.0,3450.61,1.5,3.3333,0.695,0.0104,0.7446,0.5634,0.8265,1
ACC_000613,RING_00040,1,0,0,0,0,0.0,0.0,0.0,1.0,1.0,1.0,0.1071,0.0723,1.0,1.0,0
ACC_000614,RING_00041,33,0,32,0,0,0.1,1.0,8381.24,1.0,1.0,0.8081,0.0049,0.043,0.9214,0.6949,0
ACC_000615,RING_00041,33,0,32,0,0,0.1,1.0,8381.24,1.0,1.0,0.8081,0.0049,0.043,0.9214,0.6949,0
ACC_000616,RING_00041,33,0,32,0,0,0.1,1.0,8381.24,1.0,1.0,0.8081,0.0049,0.043,0.9214,0.6949,0
ACC_000617,RING_00041,33,0,32,0,0,0.1,1.0,8381.24,1.0,1.0,0.8081,0.0049,0.043,0.9214,0.6949,0
ACC_000618,RING_00041,33,0,32,0,0,0.1,1.0,8381.24,1.0,1.0,0.8081,0.0049,0.043,0.9214,0.6949,0
ACC_000619,RING_00041,33,0,32,0,0,0.1,1.0,8381.24,1.0,1.0,0.8081,0.0049,0.043,0.9214,0.6949,0
ACC_000620,RING_00041,33,0,32,0,0,0.1,1.0,8381.24,1.0,1.0,0.8081,0.0049,0.043,0.9214,0.6949,0
ACC_000621,RING_00041,33,0,32,0,0,0.1,1.0,8381.24,1.0,1.0,0.8081,0.0049,0.043,0.9214,0.6949,0
ACC_000622,RING_00041,33,0,32,0,0,0.1,1.0,8381.24,1.0,1.0,0.8081,0.0049,0.043,0.9214,0.6949,0
ACC_000623,RING_00041,33,0,32,0,0,0.1,1.0,8381.24,1.0,1.0,0.8081,0.0049,0.043,0.9214,0.6949,0
ACC_000624,RING_00041,33,0,32,0,0,0.1,1.0,8381.24,1.0,1.0,0.8081,0.0049,0.043,0.9214,0.6949,0
ACC_000625,RING_00041,33,0,32,0,0,0.1,1.0,8381.24,1.0,1.0,0.8081,0.0049,0.043,0.9214,0.6949,0
ACC_000626,RING_00041,33,0,32,0,0,0.1,1.0,8381.24,1.0,1.0,0.8081,0.0049,0.043,0.9214,0.6949,0
ACC_000627,RING_00041,33,0,32,0,0,0.1,1.0,8381.24,1.0,1.0,0.8081,0.0049,0.043,0.9214,0.6949,0
ACC_000628,RING_00041,33,0,32,0,0,0.1,1.0,8381.24,1.0,1.0,0.8081,0.0049,0.043,0.9214,0.6949,0
ACC_000629,RING_00041,33,0,32,0,0,0.1,1.0,8381.24,1.0,1.0,0.8081,0.0049,0.043,0.9214,0.6949,0
ACC_000630,RING_00041,33,0,32,0,0,0.1,1.0,8381.24,1.0,1.0,0.8081,0.0049,0.043,0.9214,0.6949,0
ACC_000631,RING_00041,33,0,32,0,0,0.1,1.0,8381.24,1.0,1.0,0.8081,0.0049,0.043,0.9214,0.6949,0
ACC_000632,RING_00041,33,0,32,0,0,0.1,1.0,8381.24,1.0,1.0,0.8081,0.0049,0.043,0.9214,0.6949,0
ACC_000633,RING_00041,33,0,32,0,0,0.1,1.0,8381.24,1.0,1.0,0.8081,0.0049,0.043,0.9214,0.6949,0
ACC_000634,RING_00041,33,0,32,0,0,0.1,1.0,8381.24,1.0,1.0,0.8081,0.0049,0.043,0.9214,0.6949,0
ACC_000635,RING_00041,33,0,32,0,0,0.1,1.0,8381.24,1.0,1.0,0.8081,0.0049,0.043,0.9214,0.6949,0
ACC_000636,RING_00041,33,0,32,0,0,0.1,1.0,8381.24,1.0,1.0,0.8081,0.0049,0.043,0.9214,0.6949,0
ACC_000637,RING_00041,33,0,32,0,0,0.1,1.0,8381.24,1.0,1.0,0.8081,0.0049,0.043,0.9214,0.6949,0
ACC_000638,RING_00041,33,0,32,0,0,0.1,1.0,8381.24,1.0,1.0,0.8081,0.0049,0.043,0.9214,0.6949,0
ACC_000639,RING_00041,33,0,32,0,0,0.1,1.0,8381.24,1.0,1.0,0.8081,0.0049,0.043,0.9214,0.6949,0
ACC_000640,RING_00041,33,0,32,0,0,0.1,1.0,8381.24,1.0,1.0,0.8081,0.0049,0.043,0.9214,0.6949,0
ACC_000641,RING_00041,33,0,32,0,0,0.1,1.0,8381.24,1.0,1.0,0.8081,0.0049,0.043,0.9214,0.6949,0
ACC_000642,RING_00041,33,0,32,0,0,0.1,1.0,8381.24,1.0,1.0,0.8081,0.0049,0.043,0.9214,0.6949,0
ACC_000643,RING_00041,33,0,32,0,0,0.1,1.0,8381.24,1.0,1.0,0.8081,0.0049,0.043,0.9214,0.6949,0
ACC_000644,RING_00041,33,0,32,0,0,0.1,1.0,8381.24,1.0,1.0,0.8081,0.0049,0.043,0.9214,0.6949,0
ACC_000645,RING_00041,33,0,32,0,0,0.1,1.0,8381.24,1.0,1.0,0.8081,0.0049,0.043,0.9214,0.6949,0
ACC_000646,RING_00041,33,0,32,0,0,0.1,1.0,8381.24,1.0,1.0,0.8081,0.0049,0.043,0.9214,0.6949,0
ACC_000647,RING_00042,1,0,0,0,0,0.0,0.0,0.0,1.0,1.0,1.0,0.1071,0.0653,1.0,1.0,0
ACC_000648,RING_00043,15,14,3,0,14,0.5214,1.0,1.62,15.0,1.0,0.7073,0.9602,0.8553,0.6423,0.7723,1
ACC_000649,RING_00043,15,14,3,0,14,0.5214,1.0,1.62,15.0,1.0,0.7073,0.9602,0.8553,0.6423,0.7723,1
ACC_000650,RING_00043,15,14,3,0,14,0.5214,1.0,1.62,15.0,1.0,0.7073,0.9602,0.8553,0.6423,0.7723,1
ACC_000651,RING_00043,15,14,3,0,14,0.5214,1.0,1.62,15.0,1.0,0.7073,0.9602,0.8553,0.6423,0.7723,1
ACC_000652,RING_00043,15,14,3,0,14,0.5214,1.0,1.62,15.0,1.0,0.7073,0.9602,0.8553,0.6423,0.7723,1
ACC_000653,RING_00043,15,14,3,0,14,0.5214,1.0,1.62,15.0,1.0,0.7073,0.9602,0.8553,0.6423,0.7723,1
ACC_000654,RING_00043,15,14,3,0,14,0.5214,1.0,1.62,15.0,1.0,0.7073,0.9602,0.8553,0.6423,0.7723,1
ACC_000655,RING_00043,15,14,0,0,14,0.5,1.0,1.62,15.0,1.0,0.7073,0.9602,0.8553,0.6423,0.7723,1
ACC_000656,RING_00043,15,14,5,0,14,0.5357,1.0,1.62,15.0,1.0,0.7073,0.9602,0.8553,0.6423,0.7723,1
ACC_000657,RING_00043,15,14,3,0,14,0.5214,1.0,1.62,15.0,1.0,0.7073,0.9602,0.8553,0.6423,0.7723,1
ACC_000658,RING_00043,15,14,5,0,14,0.5357,1.0,1.62,15.0,1.0,0.7073,0.9602,0.8553,0.6423,0.7723,1
ACC_000659,RING_00043,15,14,5,0,14,0.5357,1.0,1.62,15.0,1.0,0.7073,0.9602,0.8553,0.6423,0.7723,1
ACC_000660,RING_00043,15,14,5,0,14,0.5357,1.0,1.62,15.0,1.0,0.7073,0.9602,0.8553,0.6423,0.7723,1
ACC_000661,RING_00043,15,14,5,0,14,0.5357,1.0,1.62,15.0,1.0,0.7073,0.9602,0.8553,0.6423,0.7723,1
ACC_000662,RING_00043,15,14,5,0,14,0.5357,1.0,1.62,15.0,1.0,0.7073,0.9602,0.8553,0.6423,0.7723,1
ACC_000663,RING_00044,4,0,0,3,3,0.6,1.0,9857.64,0.25,4.0,0.7952,0.0034,0.038,0.9624,0.628,0
ACC_000664,RING_00044,4,0,0,3,3,0.6,1.0,9857.64,0.25,4.0,0.7952,0.0034,0.038,0.9624,0.628,0
ACC_000665,RING_00044,4,0,0,3,3,0.6,1.0,9857.64,0.25,4.0,0.7952,0.0034,0.038,0.9624,0.628,0
ACC_000666,RING_00044,4,0,0,3,3,0.6,1.0,9857.64,0.25,4.0,0.7952,0.0034,0.038,0.9624,0.628,0
ACC_000667,RING_00045,35,34,34,0,0,0.4,1.0,0.74,35.0,1.0,0.8184,0.9807,0.8927,1.0,0.6369,1
ACC_000668,RING_00045,35,34,34,0,1,0.4059,1.0,0.74,35.0,1.0,0.8184,0.9807,0.8927,1.0,0.6369,1
ACC_000669,RING_00045,35,34,34,0,2,0.4118,1.0,0.74,35.0,1.0,0.8184,0.9807,0.8927,1.0,0.6369,1
ACC_000670,RING_00045,35,34,34,0,0,0.4,1.0,0.74,35.0,1.0,0.8184,0.9807,0.8927,1.0,0.6369,1
ACC_000671,RING_00045,35,34,34,0,2,0.4118,1.0,0.74,35.0,1.0,0.8184,0.9807,0.8927,1.0,0.6369,1
ACC_000672,RING_00045,35,34,34,0,2,0.4118,1.0,0.74,35.0,1.0,0.8184,0.9807,0.8927,1.0,0.6369,1
ACC_000673,RING_00045,35,34,34,0,1,0.4059,1.0,0.74,35.0,1.0,0.8184,0.9807,0.8927,1.0,0.6369,1
ACC_000674,RING_00045,35,34,34,0,2,0.4118,1.0,0.74,35.0,1.0,0.8184,0.9807,0.8927,1.0,0.6369,1
ACC_000675,RING_00045,35,34,34,0,2,0.4118,1.0,0.74,35.0,1.0,0.8184,0.9807,0.8927,1.0,0.6369,1
ACC_000676,RING_00045,35,34,34,0,2,0.4118,1.0,0.74,35.0,1.0,0.8184,0.9807,0.8927,1.0,0.6369,1
ACC_000677,RING_00045,35,34,34,0,2,0.4118,1.0,0.74,35.0,1.0,0.8184,0.9807,0.8927,1.0,0.6369,1
ACC_000678,RING_00045,35,34,34,0,2,0.4118,1.0,0.74,35.0,1.0,0.8184,0.9807,0.8927,1.0,0.6369,1
ACC_000679,RING_00045,35,34,34,0,2,0.4118,1.0,0.74,35.0,1.0,0.8184,0.9807,0.8927,1.0,0.6369,1
ACC_000680,RING_00045,35,34,34,0,2,0.4118,1.0,0.74,35.0,1.0,0.8184,0.9807,0.8927,1.0,0.6369,1
ACC_000681,RING_00045,35,34,34,0,2,0.4118,1.0,0.74,35.0,1.0,0.8184,0.9807,0.8927,1.0,0.6369,1
ACC_000682,RING_00045,35,34,34,0,2,0.4118,1.0,0.74,35.0,1.0,0.8184,0.9807,0.8927,1.0,0.6369,1
ACC_000683,RING_00045,35,34,34,0,2,0.4118,1.0,0.74,35.0,1.0,0.8184,0.9807,0.8927,1.0,0.6369,1
ACC_000684,RING_00045,35,34,34,0,2,0.4118,1.0,0.74,35.0,1.0,0.8184,0.9807,0.8927,1.0,0.6369,1
ACC_000685,RING_00045,35,34,34,0,2,0.4118,1.0,0.74,35.0,1.0,0.8184,0.9807,0.8927,1.0,0.6369,1
ACC_000686,RING_00045,35,34,34,0,2,0.4118,1.0,0.74,35.0,1.0,0.8184,0.9807,0.8927,1.0,0.6369,1
ACC_000687,RING_00045,35,34,34,0,2,0.4118,1.0,0.74,35.0,1.0,0.8184,0.9807,0.8927,1.0,0.6369,1
ACC_000688,RING_00045,35,34,34,0,2,0.4118,1.0,0.74,35.0,1.0,0.8184,0.9807,0.8927,1.0,0.6369,1
ACC_000689,RING_00045,35,34,34,0,2,0.4118,1.0,0.74,35.0,1.0,0.8184,0.9807,0.8927,1.0,0.6369,1
ACC_000690,RING_00045,35,34,34,0,2,0.4118,1.0,0.74,35.0,1.0,0.8184,0.9807,0.8927,1.0,0.6369,1
ACC_000691,RING_00045,35,34,34,0,2,0.4118,1.0,0.74,35.0,1.0,0.8184,0.9807,0.8927,1.0,0.6369,1
ACC_000692,RING_00045,35,34,34,0,2,0.4118,1.0,0.74,35.0,1.0,0.8184,0.9807,0.8927,1.0,0.6369,1
ACC_000693,RING_00045,35,34,34,0,2,0.4118,1.0,0.74,35.0,1.0,0.8184,0.9807,0.8927,1.0,0.6369,1
ACC_000694,RING_00045,35,34,34,0,2,0.4118,1.0,0.74,35.0,1.0,0.8184,0.9807,0.8927,1.0,0.6369,1
ACC_000695,RING_00045,35,34,34,0,2,0.4118,1.0,0.74,35.0,1.0,0.8184,0.9807,0.8927,1.0,0.6369,1
ACC_000696,RING_00045,35,34,34,0,2,0.4118,1.0,0.74,35.0,1.0,0.8184,0.9807,0.8927,1.0,0.6369,1
ACC_000697,RING_00045,35,34,34,0,2,0.4118,1.0,0.74,35.0,1.0,0.8184,0.9807,0.8927,1.0,0.6369,1
ACC_000698,RING_00045,35,34,34,0,2,0.4118,1.0,0.74,35.0,1.0,0.8184,0.9807,0.8927,1.0,0.6369,1
ACC_000699,RING_00045,35,34,34,0,2,0.4118,1.0,0.74,35.0,1.0,0.8184,0.9807,0.8927,1.0,0.6369,1
ACC_000700,RING_00045,35,34,34,0,2,0.4118,1.0,0.74,35.0,1.0,0.8184,0.9807,0.8927,1.0,0.6369,1
ACC_000701,RING_00045,35,34,34,0,2,0.4118,1.0,0.74,35.0,1.0,0.8184,0.9807,0.8927,1.0,0.6369,1
ACC_000702,RING_00046,35,34,34,0,2,0.4118,1.0,0.73,35.0,1.0,0.798,0.9833,0.8918,1.0,0.596,1
ACC_000703,RING_00046,35,34,34,0,1,0.4059,1.0,0.73,35.0,1.0,0.798,0.9833,0.8918,1.0,0.596,1
ACC_000704,RING_00046,35,34,34,0,2,0.4118,1.0,0.73,35.0,1.0,0.798,0.9833,0.8918,1.0,0.596,1
ACC_000705,RING_00046,35,34,34,0,2,0.4118,1.0,0.73,35.0,1.0,0.798,0.9833,0.8918,1.0,0.596,1
ACC_000706,RING_00046,35,34,34,0,2,0.4118,1.0,0.73,35.0,1.0,0.798,0.9833,0.8918,1.0,0.596,1
ACC_000707,RING_00046,35,34,34,0,2,0.4118,1.0,0.73,35.0,1.0,0.798,0.9833,0.8918,1.0,0.596,1
ACC_000708,RING_00046,35,34,34,0,1,0.4059,1.0,0.73,35.0,1.0,0.798,0.9833,0.8918,1.0,0.596,1
ACC_000709,RING_00046,35,34,34,0,2,0.4118,1.0,0.73,35.0,1.0,0.798,0.9833,0.8918,1.0,0.596,1
ACC_000710,RING_00046,35,34,34,0,2,0.4118,1.0,0.73,35.0,1.0,0.798,0.9833,0.8918,1.0,0.596,1
ACC_000711,RING_00046,35,34,34,0,2,0.4118,1.0,0.73,35.0,1.0,0.798,0.9833,0.8918,1.0,0.596,1
ACC_000712,RING_00046,35,34,34,0,2,0.4118,1.0,0.73,35.0,1.0,0.798,0.9833,0.8918,1.0,0.596,1
ACC_000713,RING_00046,35,34,34,0,2,0.4118,1.0,0.73,35.0,1.0,0.798,0.9833,0.8918,1.0,0.596,1
ACC_000714,RING_00046,35,34,34,0,2,0.4118,1.0,0.73,35.0,1.0,0.798,0.9833,0.8918,1.0,0.596,1
ACC_000715,RING_00046,35,34,34,0,2,0.4118,1.0,0.73,35.0,1.0,0.798,0.9833,0.8918,1.0,0.596,1
ACC_000716,RING_00046,35,34,34,0,2,0.4118,1.0,0.73,35.0,1.0,0.798,0.9833,0.8918,1.0,0.596,1
ACC_000717,RING_00046,35,34,34,0,2,0.4118,1.0,0.73,35.0,1.0,0.798,0.9833,0.8918,1.0,0.596,1
ACC_000718,RING_00046,35,34,34,0,2,0.4118,1.0,0.73,35.0,1.0,0.798,0.9833,0.8918,1.0,0.596,1
ACC_000719,RING_00046,35,34,34,0,2,0.4118,1.0,0.73,35.0,1.0,0.798,0.9833,0.8918,1.0,0.596,1
ACC_000720,RING_00046,35,34,34,0,2,0.4118,1.0,0.73,35.0,1.0,0.798,0.9833,0.8918,1.0,0.596,1
ACC_000721,RING_00046,35,34,34,0,2,0.4118,1.0,0.73,35.0,1.0,0.798,0.9833,0.8918,1.0,0.596,1
ACC_000722,RING_00046,35,34,34,0,2,0.4118,1.0,0.73,35.0,1.0,0.798,0.9833,0.8918,1.0,0.596,1
ACC_000723,RING_00046,35,34,34,0,2,0.4118,1.0,0.73,35.0,1.0,0.798,0.9833,0.8918,1.0,0.596,1
ACC_000724,RING_00046,35,34,34,0,2,0.4118,1.0,0.73,35.0,1.0,0.798,0.9833,0.8918,1.0,0.596,1
ACC_000725,RING_00046,35,34,34,0,2,0.4118,1.0,0.73,35.0,1.0,0.798,0.9833,0.8918,1.0,0.596,1
ACC_000726,RING_00046,35,34,34,0,2,0.4118,1.0,0.73,35.0,1.0,0.798,0.9833,0.8918,1.0,0.596,1
ACC_000727,RING_00046,35,34,34,0,2,0.4118,1.0,0.73,35.0,1.0,0.798,0.9833,0.8918,1.0,0.596,1
ACC_000728,RING_00046,35,34,34,0,2,0.4118,1.0,0.73,35.0,1.0,0.798,0.9833,0.8918,1.0,0.596,1
ACC_000729,RING_00046,35,34,34,0,2,0.4118,1.0,0.73,35.0,1.0,0.798,0.9833,0.8918,1.0,0.596,1
ACC_000730,RING_00046,35,34,34,0,2,0.4118,1.0,0.73,35.0,1.0,0.798,0.9833,0.8918,1.0,0.596,1
ACC_000731,RING_00046,35,34,34,0,1,0.4059,1.0,0.73,35.0,1.0,0.798,0.9833,0.8918,1.0,0.596,1
ACC_000732,RING_00046,35,34,34,0,2,0.4118,1.0,0.73,35.0,1.0,0.798,0.9833,0.8918,1.0,0.596,1
ACC_000733,RING_00046,35,34,34,0,1,0.4059,1.0,0.73,35.0,1.0,0.798,0.9833,0.8918,1.0,0.596,1
ACC_000734,RING_00046,35,34,34,0,1,0.4059,1.0,0.73,35.0,1.0,0.798,0.9833,0.8918,1.0,0.596,1
ACC_000735,RING_00046,35,34,34,0,2,0.4118,1.0,0.73,35.0,1.0,0.798,0.9833,0.8918,1.0,0.596,1
ACC_000736,RING_00046,35,34,34,0,1,0.4059,1.0,0.73,35.0,1.0,0.798,0.9833,0.8918,1.0,0.596,1
ACC_000737,RING_00047,1,0,0,0,0,0.0,0.0,0.0,1.0,1.0,1.0,0.1071,0.0547,1.0,1.0,0
ACC_000738,RING_00048,1,0,0,0,0,0.0,0.0,0.0,1.0,1.0,1.0,0.1071,0.0738,1.0,1.0,0
ACC_000739,RING_00049,19,11,4,0,18,0.4056,1.0,1.93,9.5,1.0,0.6822,0.957,0.8387,0.5807,0.7838,1
ACC_000740,RING_00049,19,11,6,0,18,0.4167,1.0,1.93,9.5,1.0,0.6822,0.957,0.8387,0.5807,0.7838,1
ACC_000741,RING_00049,19,6,4,0,18,0.3222,1.0,1.93,9.5,1.0,0.6822,0.957,0.8387,0.5807,0.7838,1
ACC_000742,RING_00049,19,11,3,0,18,0.4,1.0,1.93,9.5,1.0,0.6822,0.957,0.8387,0.5807,0.7838,1
ACC_000743,RING_00049,19,6,6,0,18,0.3333,1.0,1.93,9.5,1.0,0.6822,0.957,0.8387,0.5807,0.7838,1
ACC_000744,RING_00049,19,11,3,0,18,0.4,1.0,1.93,9.5,1.0,0.6822,0.957,0.8387,0.5807,0.7838,1
ACC_000745,RING_00049,19,6,2,0,18,0.3111,1.0,1.93,9.5,1.0,0.6822,0.957,0.8387,0.5807,0.7838,1
ACC_000746,RING_00049,19,11,2,0,18,0.3944,1.0,1.93,9.5,1.0,0.6822,0.957,0.8387,0.5807,0.7838,1
ACC_000747,RING_00049,19,11,6,0,18,0.4167,1.0,1.93,9.5,1.0,0.6822,0.957,0.8387,0.5807,0.7838,1
ACC_000748,RING_00049,19,11,4,0,18,0.4056,1.0,1.93,9.5,1.0,0.6822,0.957,0.8387,0.5807,0.7838,1
ACC_000749,RING_00049,19,11,6,0,18,0.4167,1.0,1.93,9.5,1.0,0.6822,0.957,0.8387,0.5807,0.7838,1
ACC_000750,RING_00049,19,6,6,0,18,0.3333,1.0,1.93,9.5,1.0,0.6822,0.957,0.8387,0.5807,0.7838,1
ACC_000751,RING_00049,19,11,4,0,18,0.4056,1.0,1.93,9.5,1.0,0.6822,0.957,0.8387,0.5807,0.7838,1
ACC_000752,RING_00049,19,11,3,0,18,0.4,1.0,1.93,9.5,1.0,0.6822,0.957,0.8387,0.5807,0.7838,1
ACC_000753,RING_00049,19,11,6,0,18,0.4167,1.0,1.93,9.5,1.0,0.6822,0.957,0.8387,0.5807,0.7838,1
ACC_000754,RING_00049,19,6,6,0,18,0.3333,1.0,1.93,9.5,1.0,0.6822,0.957,0.8387,0.5807,0.7838,1
ACC_000755,RING_00049,19,6,3,0,18,0.3167,1.0,1.93,9.5,1.0,0.6822,0.957,0.8387,0.5807,0.7838,1
ACC_000756,RING_00049,19,6,4,0,18,0.3222,1.0,1.93,9.5,1.0,0.6822,0.957,0.8387,0.5807,0.7838,1
ACC_000757,RING_00049,19,11,2,0,18,0.3944,1.0,1.93,9.5,1.0,0.6822,0.957,0.8387,0.5807,0.7838,1
ACC_000758,RING_00050,1,0,0,0,0,0.0,0.0,0.0,1.0,1.0,1.0,0.1071,0.0831,1.0,1.0,0
ACC_000759,RING_00051,24,0,0,0,23,0.2,1.0,9515.0,1.0,1.0,0.7936,0.0042,0.0377,0.9275,0.6596,0
ACC_000760,RING_00051,24,0,0,0,23,0.2,1.0,9515.0,1.0,1.0,0.7936,0.0042,0.0377,0.9275,0.6596,0
ACC_000761,RING_00051,24,0,0,0,23,0.2,1.0,9515.0,1.0,1.0,0.7936,0.0042,0.0377,0.9275,0.6596,0
ACC_000762,RING_00051,24,0,0,0,23,0.2,1.0,9515.0,1.0,1.0,0.7936,0.0042,0.0377,0.9275,0.6596,0
ACC_000763,RING_00051,24,0,0,0,23,0.2,1.0,9515.0,1.0,1.0,0.7936,0.0042,0.0377,0.9275,0.6596,0
ACC_000764,RING_00051,24,0,0,0,23,0.2,1.0,9515.0,1.0,1.0,0.7936,0.0042,0.0377,0.9275,0.6596,0
ACC_000765,RING_00051,24,0,0,0,23,0.2,1.0,9515.0,1.0,1.0,0.7936,0.0042,0.0377,0.9275,0.6596,0
ACC_000766,RING_00051,24,0,0,0,23,0.2,1.0,9515.0,1.0,1.0,0.7936,0.0042,0.0377,0.9275,0.6596,0
ACC_000767,RING_00051,24,0,0,0,23,0.2,1.0,9515.0,1.0,1.0,0.7936,0.0042,0.0377,0.9275,0.6596,0
ACC_000768,RING_00051,24,0,0,0,23,0.2,1.0,9515.0,1.0,1.0,0.7936,0.0042,0.0377,0.9275,0.6596,0
ACC_000769,RING_00051,24,0,0,0,23,0.2,1.0,9515.0,1.0,1.0,0.7936,0.0042,0.0377,0.9275,0.6596,0
ACC_000770,RING_00051,24,0,0,0,23,0.2,1.0,9515.0,1.0,1.0,0.7936,0.0042,0.0377,0.9275,0.6596,0
ACC_000771,RING_00051,24,0,0,0,23,0.2,1.0,9515.0,1.0,1.0,0.7936,0.0042,0.0377,0.9275,0.6596,0
ACC_000772,RING_00051,24,0,0,0,23,0.2,1.0,9515.0,1.0,1.0,0.7936,0.0042,0.0377,0.9275,0.6596,0
ACC_000773,RING_00051,24,0,0,0,23,0.2,1.0,9515.0,1.0,1.0,0.7936,0.0042,0.0377,0.9275,0.6596,0
ACC_000774,RING_00051,24,0,0,0,23,0.2,1.0,9515.0,1.0,1.0,0.7936,0.0042,0.0377,0.9275,0.6596,0
ACC_000775,RING_00051,24,0,0,0,23,0.2,1.0,9515.0,1.0,1.0,0.7936,0.0042,0.0377,0.9275,0.6596,0
ACC_000776,RING_00051,24,0,0,0,23,0.2,1.0,9515.0,1.0,1.0,0.7936,0.0042,0.0377,0.9275,0.6596,0
ACC_000777,RING_00051,24,0,0,0,23,0.2,1.0,9515.0,1.0,1.0,0.7936,0.0042,0.0377,0.9275,0.6596,0
ACC_000778,RING_00051,24,0,0,0,23,0.2,1.0,9515.0,1.0,1.0,0.7936,0.0042,0.0377,0.9275,0.6596,0
ACC_000779,RING_00051,24,0,0,0,23,0.2,1.0,9515.0,1.0,1.0,0.7936,0.0042,0.0377,0.9275,0.6596,0
ACC_000780,RING_00051,24,0,0,0,23,0.2,1.0,9515.0,1.0,1.0,0.7936,0.0042,0.0377,0.9275,0.6596,0
ACC_000781,RING_00051,24,0,0,0,23,0.2,1.0,9515.0,1.0,1.0,0.7936,0.0042,0.0377,0.9275,0.6596,0
ACC_000782,RING_00051,24,0,0,0,23,0.2,1.0,9515.0,1.0,1.0,0.7936,0.0042,0.0377,0.9275,0.6596,0
ACC_000783,RING_00052,22,21,4,0,21,0.519,1.0,1.9,22.0,1.0,0.8043,0.954,0.8304,0.8009,0.8077,1
ACC_000784,RING_00052,22,21,8,0,21,0.5381,1.0,1.9,22.0,1.0,0.8043,0.954,0.8304,0.8009,0.8077,1
ACC_000785,RING_00052,22,21,4,0,21,0.519,1.0,1.9,22.0,1.0,0.8043,0.954,0.8304,0.8009,0.8077,1
ACC_000786,RING_00052,22,21,5,0,21,0.5238,1.0,1.9,22.0,1.0,0.8043,0.954,0.8304,0.8009,0.8077,1
ACC_000787,RING_00052,22,21,5,0,21,0.5238,1.0,1.9,22.0,1.0,0.8043,0.954,0.8304,0.8009,0.8077,1
ACC_000788,RING_00052,22,21,8,0,21,0.5381,1.0,1.9,22.0,1.0,0.8043,0.954,0.8304,0.8009,0.8077,1
ACC_000789,RING_00052,22,21,5,0,21,0.5238,1.0,1.9,22.0,1.0,0.8043,0.954,0.8304,0.8009,0.8077,1
ACC_000790,RING_00052,22,21,1,0,21,0.5048,1.0,1.9,22.0,1.0,0.8043,0.954,0.8304,0.8009,0.8077,1
ACC_000791,RING_00052,22,21,4,0,21,0.519,1.0,1.9,22.0,1.0,0.8043,0.954,0.8304,0.8009,0.8077,1
ACC_000792,RING_00052,22,21,8,0,21,0.5381,1.0,1.9,22.0,1.0,0.8043,0.954,0.8304,0.8009,0.8077,1
ACC_000793,RING_00052,22,21,8,0,21,0.5381,1.0,1.9,22.0,1.0,0.8043,0.954,0.8304,0.8009,0.8077,1
ACC_000794,RING_00052,22,21,8,0,21,0.5381,1.0,1.9,22.0,1.0,0.8043,0.954,0.8304,0.8009,0.8077,1
ACC_000795,RING_00052,22,21,5,0,21,0.5238,1.0,1.9,22.0,1.0,0.8043,0.954,0.8304,0.8009,0.8077,1
ACC_000796,RING_00052,22,21,8,0,21,0.5381,1.0,1.9,22.0,1.0,0.8043,0.954,0.8304,0.8009,0.8077,1
ACC_000797,RING_00052,22,21,8,0,21,0.5381,1.0,1.9,22.0,1.0,0.8043,0.954,0.8304,0.8009,0.8077,1
ACC_000798,RING_00052,22,21,5,0,21,0.5238,1.0,1.9,22.0,1.0,0.8043,0.954,0.8304,0.8009,0.8077,1
ACC_000799,RING_00052,22,21,4,0,21,0.519,1.0,1.9,22.0,1.0,0.8043,0.954,0.8304,0.8009,0.8077,1
ACC_000800,RING_00052,22,21,5,0,21,0.5238,1.0,1.9,22.0,1.0,0.8043,0.954,0.8304,0.8009,0.8077,1
ACC_000801,RING_00052,22,21,8,0,21,0.5381,1.0,1.9,22.0,1.0,0.8043,0.954,0.8304,0.8009,0.8077,1
ACC_000802,RING_00052,22,21,1,0,21,0.5048,1.0,1.9,22.0,1.0,0.8043,0.954,0.8304,0.8009,0.8077,1
ACC_000803,RING_00052,22,21,8,0,21,0.5381,1.0,1.9,22.0,1.0,0.8043,0.954,0.8304,0.8009,0.8077,1
ACC_000804,RING_00052,22,21,4,0,21,0.519,1.0,1.9,22.0,1.0,0.8043,0.954,0.8304,0.8009,0.8077,1
ACC_000805,RING_00053,28,0,0,0,27,0.2,1.0,8891.08,1.0,1.0,0.7992,0.0046,0.0358,0.9254,0.6729,0
ACC_000806,RING_00053,28,0,0,0,27,0.2,1.0,8891.08,1.0,1.0,0.7992,0.0046,0.0358,0.9254,0.6729,0
ACC_000807,RING_00053,28,0,0,0,27,0.2,1.0,8891.08,1.0,1.0,0.7992,0.0046,0.0358,0.9254,0.6729,0
ACC_000808,RING_00053,28,0,0,0,27,0.2,1.0,8891.08,1.0,1.0,0.7992,0.0046,0.0358,0.9254,0.6729,0
ACC_000809,RING_00053,28,0,0,0,27,0.2,1.0,8891.08,1.0,1.0,0.7992,0.0046,0.0358,0.9254,0.6729,0
ACC_000810,RING_00053,28,0,0,0,27,0.2,1.0,8891.08,1.0,1.0,0.7992,0.0046,0.0358,0.9254,0.6729,0
ACC_000811,RING_00053,28,0,0,0,27,0.2,1.0,8891.08,1.0,1.0,0.7992,0.0046,0.0358,0.9254,0.6729,0
ACC_000812,RING_00053,28,0,0,0,27,0.2,1.0,8891.08,1.0,1.0,0.7992,0.0046,0.0358,0.9254,0.6729,0
ACC_000813,RING_00053,28,0,0,0,27,0.2,1.0,8891.08,1.0,1.0,0.7992,0.0046,0.0358,0.9254,0.6729,0
ACC_000814,RING_00053,28,0,0,0,27,0.2,1.0,8891.08,1.0,1.0,0.7992,0.0046,0.0358,0.9254,0.6729,0
ACC_000815,RING_00053,28,0,0,0,27,0.2,1.0,8891.08,1.0,1.0,0.7992,0.0046,0.0358,0.9254,0.6729,0
ACC_000816,RING_00053,28,0,0,0,27,0.2,1.0,8891.08,1.0,1.0,0.7992,0.0046,0.0358,0.9254,0.6729,0
ACC_000817,RING_00053,28,0,0,0,27,0.2,1.0,8891.08,1.0,1.0,0.7992,0.0046,0.0358,0.9254,0.6729,0
ACC_000818,RING_00053,28,0,0,0,27,0.2,1.0,8891.08,1.0,1.0,0.7992,0.0046,0.0358,0.9254,0.6729,0
ACC_000819,RING_00053,28,0,0,0,27,0.2,1.0,8891.08,1.0,1.0,0.7992,0.0046,0.0358,0.9254,0.6729,0
ACC_000820,RING_00053,28,0,0,0,27,0.2,1.0,8891.08,1.0,1.0,0.7992,0.0046,0.0358,0.9254,0.6729,0
ACC_000821,RING_00053,28,0,0,0,27,0.2,1.0,8891.08,1.0,1.0,0.7992,0.0046,0.0358,0.9254,0.6729,0
ACC_000822,RING_00053,28,0,0,0,27,0.2,1.0,8891.08,1.0,1.0,0.7992,0.0046,0.0358,0.9254,0.6729,0
ACC_000823,RING_00053,28,0,0,0,27,0.2,1.0,8891.08,1.0,1.0,0.7992,0.0046,0.0358,0.9254,0.6729,0
ACC_000824,RING_00053,28,0,0,0,27,0.2,1.0,8891.08,1.0,1.0,0.7992,0.0046,0.0358,0.9254,0.6729,0
ACC_000825,RING_00053,28,0,0,0,27,0.2,1.0,8891.08,1.0,1.0,0.7992,0.0046,0.0358,0.9254,0.6729,0
ACC_000826,RING_00053,28,0,0,0,27,0.2,1.0,8891.08,1.0,1.0,0.7992,0.0046,0.0358,0.9254,0.6729,0
ACC_000827,RING_00053,28,0,0,0,27,0.2,1.0,8891.08,1.0,1.0,0.7992,0.0046,0.0358,0.9254,0.6729,0
ACC_000828,RING_00053,28,0,0,0,27,0.2,1.0,8891.08,1.0,1.0,0.7992,0.0046,0.0358,0.9254,0.6729,0
ACC_000829,RING_00053,28,0,0,0,27,0.2,1.0,8891.08,1.0,1.0,0.7992,0.0046,0.0358,0.9254,0.6729,0
ACC_000830,RING_00053,28,0,0,0,27,0.2,1.0,8891.08,1.0,1.0,0.7992,0.0046,0.0358,0.9254,0.6729,0
ACC_000831,RING_00053,28,0,0,0,27,0.2,1.0,8891.08,1.0,1.0,0.7992,0.0046,0.0358,0.9254,0.6729,0
ACC_000832,RING_00053,28,0,0,0,27,0.2,1.0,8891.08,1.0,1.0,0.7992,0.0046,0.0358,0.9254,0.6729,0
ACC_000833,RING_00054,12,8,0,4,11,0.5636,1.0,3890.62,1.5,4.0,0.7535,0.01,0.7452,0.6757,0.8313,1
ACC_000834,RING_00054,12,2,0,4,11,0.4,1.0,3890.62,1.5,4.0,0.7535,0.01,0.7452,0.6757,0.8313,1
ACC_000835,RING_00054,12,8,0,4,11,0.5636,1.0,3890.62,1.5,4.0,0.7535,0.01,0.7452,0.6757,0.8313,1
ACC_000836,RING_00054,12,8,0,4,11,0.5636,1.0,3890.62,1.5,4.0,0.7535,0.01,0.7452,0.6757,0.8313,1
ACC_000837,RING_00054,12,8,0,4,11,0.5636,1.0,3890.62,1.5,4.0,0.7535,0.01,0.7452,0.6757,0.8313,1
ACC_000838,RING_00054,12,8,0,4,11,0.5636,1.0,3890.62,1.5,4.0,0.7535,0.01,0.7452,0.6757,0.8313,1
ACC_000839,RING_00054,12,2,0,1,11,0.2909,1.0,3890.62,1.5,4.0,0.7535,0.01,0.7452,0.6757,0.8313,1
ACC_000840,RING_00054,12,8,0,4,11,0.5636,1.0,3890.62,1.5,4.0,0.7535,0.01,0.7452,0.6757,0.8313,1
ACC_000841,RING_00054,12,2,0,4,11,0.4,1.0,3890.62,1.5,4.0,0.7535,0.01,0.7452,0.6757,0.8313,1
ACC_000842,RING_00054,12,8,0,1,11,0.4545,1.0,3890.62,1.5,4.0,0.7535,0.01,0.7452,0.6757,0.8313,1
ACC_000843,RING_00054,12,8,0,4,11,0.5636,1.0,3890.62,1.5,4.0,0.7535,0.01,0.7452,0.6757,0.8313,1
ACC_000844,RING_00054,12,8,0,4,11,0.5636,1.0,3890.62,1.5,4.0,0.7535,0.01,0.7452,0.6757,0.8313,1
ACC_000845,RING_00055,30,29,29,0,0,0.4,1.0,0.73,30.0,1.0,0.7946,0.9829,0.889,1.0,0.5892,1
ACC_000846,RING_00055,30,29,29,0,1,0.4069,1.0,0.73,30.0,1.0,0.7946,0.9829,0.889,1.0,0.5892,1
ACC_000847,RING_00055,30,29,29,0,2,0.4138,1.0,0.73,30.0,1.0,0.7946,0.9829,0.889,1.0,0.5892,1
ACC_000848,RING_00055,30,29,29,0,0,0.4,1.0,0.73,30.0,1.0,0.7946,0.9829,0.889,1.0,0.5892,1
ACC_000849,RING_00055,30,29,29,0,2,0.4138,1.0,0.73,30.0,1.0,0.7946,0.9829,0.889,1.0,0.5892,1
ACC_000850,RING_00055,30,29,29,0,2,0.4138,1.0,0.73,30.0,1.0,0.7946,0.9829,0.889,1.0,0.5892,1
ACC_000851,RING_00055,30,29,29,0,1,0.4069,1.0,0.73,30.0,1.0,0.7946,0.9829,0.889,1.0,0.5892,1
ACC_000852,RING_00055,30,29,29,0,2,0.4138,1.0,0.73,30.0,1.0,0.7946,0.9829,0.889,1.0,0.5892,1
ACC_000853,RING_00055,30,29,29,0,2,0.4138,1.0,0.73,30.0,1.0,0.7946,0.9829,0.889,1.0,0.5892,1
ACC_000854,RING_00055,30,29,29,0,2,0.4138,1.0,0.73,30.0,1.0,0.7946,0.9829,0.889,1.0,0.5892,1
ACC_000855,RING_00055,30,29,29,0,2,0.4138,1.0,0.73,30.0,1.0,0.7946,0.9829,0.889,1.0,0.5892,1
ACC_000856,RING_00055,30,29,29,0,2,0.4138,1.0,0.73,30.0,1.0,0.7946,0.9829,0.889,1.0,0.5892,1
ACC_000857,RING_00055,30,29,29,0,2,0.4138,1.0,0.73,30.0,1.0,0.7946,0.9829,0.889,1.0,0.5892,1
ACC_000858,RING_00055,30,29,29,0,2,0.4138,1.0,0.73,30.0,1.0,0.7946,0.9829,0.889,1.0,0.5892,1
ACC_000859,RING_00055,30,29,29,0,2,0.4138,1.0,0.73,30.0,1.0,0.7946,0.9829,0.889,1.0,0.5892,1
ACC_000860,RING_00055,30,29,29,0,2,0.4138,1.0,0.73,30.0,1.0,0.7946,0.9829,0.889,1.0,0.5892,1
ACC_000861,RING_00055,30,29,29,0,2,0.4138,1.0,0.73,30.0,1.0,0.7946,0.9829,0.889,1.0,0.5892,1
ACC_000862,RING_00055,30,29,29,0,2,0.4138,1.0,0.73,30.0,1.0,0.7946,0.9829,0.889,1.0,0.5892,1
ACC_000863,RING_00055,30,29,29,0,2,0.4138,1.0,0.73,30.0,1.0,0.7946,0.9829,0.889,1.0,0.5892,1
ACC_000864,RING_00055,30,29,29,0,2,0.4138,1.0,0.73,30.0,1.0,0.7946,0.9829,0.889,1.0,0.5892,1
ACC_000865,RING_00055,30,29,29,0,2,0.4138,1.0,0.73,30.0,1.0,0.7946,0.9829,0.889,1.0,0.5892,1
ACC_000866,RING_00055,30,29,29,0,2,0.4138,1.0,0.73,30.0,1.0,0.7946,0.9829,0.889,1.0,0.5892,1
ACC_000867,RING_00055,30,29,29,0,2,0.4138,1.0,0.73,30.0,1.0,0.7946,0.9829,0.889,1.0,0.5892,1
ACC_000868,RING_00055,30,29,29,0,1,0.4069,1.0,0.73,30.0,1.0,0.7946,0.9829,0.889,1.0,0.5892,1
ACC_000869,RING_00055,30,29,29,0,2,0.4138,1.0,0.73,30.0,1.0,0.7946,0.9829,0.889,1.0,0.5892,1
ACC_000870,RING_00055,30,29,29,0,1,0.4069,1.0,0.73,30.0,1.0,0.7946,0.9829,0.889,1.0,0.5892,1
ACC_000871,RING_00055,30,29,29,0,1,0.4069,1.0,0.73,30.0,1.0,0.7946,0.9829,0.889,1.0,0.5892,1
ACC_000872,RING_00055,30,29,29,0,2,0.4138,1.0,0.73,30.0,1.0,0.7946,0.9829,0.889,1.0,0.5892,1
ACC_000873,RING_00055,30,29,29,0,1,0.4069,1.0,0.73,30.0,1.0,0.7946,0.9829,0.889,1.0,0.5892,1
ACC_000874,RING_00055,30,29,29,0,0,0.4,1.0,0.73,30.0,1.0,0.7946,0.9829,0.889,1.0,0.5892,1
ACC_000875,RING_00056,4,0,0,3,3,0.6,1.0,9886.03,0.25,4.0,0.7842,0.0033,0.031,0.9109,0.6574,0
ACC_000876,RING_00056,4,0,0,3,3,0.6,1.0,9886.03,0.25,4.0,0.7842,0.0033,0.031,0.9109,0.6574,0
ACC_000877,RING_00056,4,0,0,3,3,0.6,1.0,9886.03,0.25,4.0,0.7842,0.0033,0.031,0.9109,0.6574,0
ACC_000878,RING_00056,4,0,0,3,3,0.6,1.0,9886.03,0.25,4.0,0.7842,0.0033,0.031,0.9109,0.6574,0
ACC_000879,RING_00057,14,13,13,13,13,1.0,1.0,0.27,1.0,14.0,0.992,0.9917,0.8417,1.0,0.9841,1
ACC_000880,RING_00057,14,13,13,13,13,1.0,1.0,0.27,1.0,14.0,0.992,0.9917,0.8417,1.0,0.9841,1
ACC_000881,RING_00057,14,13,13,13,13,1.0,1.0,0.27,1.0,14.0,0.992,0.9917,0.8417,1.0,0.9841,1
ACC_000882,RING_00057,14,13,13,13,13,1.0,1.0,0.27,1.0,14.0,0.992,0.9917,0.8417,1.0,0.9841,1
ACC_000883,RING_00057,14,13,13,13,13,1.0,1.0,0.27,1.0,14.0,0.992,0.9917,0.8417,1.0,0.9841,1
ACC_000884,RING_00057,14,13,13,13,13,1.0,1.0,0.27,1.0,14.0,0.992,0.9917,0.8417,1.0,0.9841,1
ACC_000885,RING_00057,14,13,13,13,13,1.0,1.0,0.27,1.0,14.0,0.992,0.9917,0.8417,1.0,0.9841,1
ACC_000886,RING_00057,14,13,13,13,13,1.0,1.0,0.27,1.0,14.0,0.992,0.9917,0.8417,1.0,0.9841,1
ACC_000887,RING_00057,14,13,13,13,13,1.0,1.0,0.27,1.0,14.0,0.992,0.9917,0.8417,1.0,0.9841,1
ACC_000888,RING_00057,14,13,13,13,13,1.0,1.0,0.27,1.0,14.0,0.992,0.9917,0.8417,1.0,0.9841,1
ACC_000889,RING_00057,14,13,13,13,13,1.0,1.0,0.27,1.0,14.0,0.992,0.9917,0.8417,1.0,0.9841,1
ACC_000890,RING_00057,14,13,13,13,13,1.0,1.0,0.27,1.0,14.0,0.992,0.9917,0.8417,1.0,0.9841,1
ACC_000891,RING_00057,14,13,13,13,13,1.0,1.0,0.27,1.0,14.0,0.992,0.9917,0.8417,1.0,0.9841,1
ACC_000892,RING_00057,14,13,13,13,13,1.0,1.0,0.27,1.0,14.0,0.992,0.9917,0.8417,1.0,0.9841,1
ACC_000893,RING_00058,41,0,40,0,0,0.1,1.0,6617.91,1.0,1.0,0.791,0.0064,0.0518,0.9437,0.6382,0
ACC_000894,RING_00058,41,0,40,0,0,0.1,1.0,6617.91,1.0,1.0,0.791,0.0064,0.0518,0.9437,0.6382,0
ACC_000895,RING_00058,41,0,40,0,0,0.1,1.0,6617.91,1.0,1.0,0.791,0.0064,0.0518,0.9437,0.6382,0
ACC_000896,RING_00058,41,0,40,0,0,0.1,1.0,6617.91,1.0,1.0,0.791,0.0064,0.0518,0.9437,0.6382,0
ACC_000897,RING_00058,41,0,40,0,0,0.1,1.0,6617.91,1.0,1.0,0.791,0.0064,0.0518,0.9437,0.6382,0
ACC_000898,RING_00058,41,0,40,0,0,0.1,1.0,6617.91,1.0,1.0,0.791,0.0064,0.0518,0.9437,0.6382,0
ACC_000899,RING_00058,41,0,40,0,0,0.1,1.0,6617.91,1.0,1.0,0.791,0.0064,0.0518,0.9437,0.6382,0
ACC_000900,RING_00058,41,0,40,0,0,0.1,1.0,6617.91,1.0,1.0,0.791,0.0064,0.0518,0.9437,0.6382,0
ACC_000901,RING_00058,41,0,40,0,0,0.1,1.0,6617.91,1.0,1.0,0.791,0.0064,0.0518,0.9437,0.6382,0
ACC_000902,RING_00058,41,0,40,0,0,0.1,1.0,6617.91,1.0,1.0,0.791,0.0064,0.0518,0.9437,0.6382,0
ACC_000903,RING_00058,41,0,40,0,0,0.1,1.0,6617.91,1.0,1.0,0.791,0.0064,0.0518,0.9437,0.6382,0
ACC_000904,RING_00058,41,0,40,0,0,0.1,1.0,6617.91,1.0,1.0,0.791,0.0064,0.0518,0.9437,0.6382,0
ACC_000905,RING_00058,41,0,40,0,0,0.1,1.0,6617.91,1.0,1.0,0.791,0.0064,0.0518,0.9437,0.6382,0
ACC_000906,RING_00058,41,0,40,0,0,0.1,1.0,6617.91,1.0,1.0,0.791,0.0064,0.0518,0.9437,0.6382,0
ACC_000907,RING_00058,41,0,40,0,0,0.1,1.0,6617.91,1.0,1.0,0.791,0.0064,0.0518,0.9437,0.6382,0
ACC_000908,RING_00058,41,0,40,0,0,0.1,1.0,6617.91,1.0,1.0,0.791,0.0064,0.0518,0.9437,0.6382,0
ACC_000909,RING_00058,41,0,40,0,0,0.1,1.0,6617.91,1.0,1.0,0.791,0.0064,0.0518,0.9437,0.6382,0
ACC_000910,RING_00058,41,0,40,0,0,0.1,1.0,6617.91,1.0,1.0,0.791,0.0064,0.0518,0.9437,0.6382,0
ACC_000911,RING_00058,41,0,40,0,0,0.1,1.0,6617.91,1.0,1.0,0.791,0.0064,0.0518,0.9437,0.6382,0
ACC_000912,RING_00058,41,0,40,0,0,0.1,1.0,6617.91,1.0,1.0,0.791,0.0064,0.0518,0.9437,0.6382,0
ACC_000913,RING_00058,41,0,40,0,0,0.1,1.0,6617.91,1.0,1.0,0.791,0.0064,0.0518,0.9437,0.6382,0
ACC_000914,RING_00058,41,0,40,0,0,0.1,1.0,6617.91,1.0,1.0,0.791,0.0064,0.0518,0.9437,0.6382,0
ACC_000915,RING_00058,41,0,40,0,0,0.1,1.0,6617.91,1.0,1.0,0.791,0.0064,0.0518,0.9437,0.6382,0
ACC_000916,RING_00058,41,0,40,0,0,0.1,1.0,6617.91,1.0,1.0,0.791,0.0064,0.0518,0.9437,0.6382,0
ACC_000917,RING_00058,41,0,40,0,0,0.1,1.0,6617.91,1.0,1.0,0.791,0.0064,0.0518,0.9437,0.6382,0
ACC_000918,RING_00058,41,0,40,0,0,0.1,1.0,6617.91,1.0,1.0,0.791,0.0064,0.0518,0.9437,0.6382,0
ACC_000919,RING_00058,41,0,40,0,0,0.1,1.0,6617.91,1.0,1.0,0.791,0.0064,0.0518,0.9437,0.6382,0
ACC_000920,RING_00058,41,0,40,0,0,0.1,1.0,6617.91,1.0,1.0,0.791,0.0064,0.0518,0.9437,0.6382,0
ACC_000921,RING_00058,41,0,40,0,0,0.1,1.0,6617.91,1.0,1.0,0.791,0.0064,0.0518,0.9437,0.6382,0
ACC_000922,RING_00058,41,0,40,0,0,0.1,1.0,6617.91,1.0,1.0,0.791,0.0064,0.0518,0.9437,0.6382,0
ACC_000923,RING_00058,41,0,40,0,0,0.1,1.0,6617.91,1.0,1.0,0.791,0.0064,0.0518,0.9437,0.6382,0
ACC_000924,RING_00058,41,0,40,0,0,0.1,1.0,6617.91,1.0,1.0,0.791,0.0064,0.0518,0.9437,0.6382,0
ACC_000925,RING_00058,41,0,40,0,0,0.1,1.0,6617.91,1.0,1.0,0.791,0.0064,0.0518,0.9437,0.6382,0
ACC_000926,RING_00058,41,0,40,0,0,0.1,1.0,6617.91,1.0,1.0,0.791,0.0064,0.0518,0.9437,0.6382,0
ACC_000927,RING_00058,41,0,40,0,0,0.1,1.0,6617.91,1.0,1.0,0.791,0.0064,0.0518,0.9437,0.6382,0
ACC_000928,RING_00058,41,0,40,0,0,0.1,1.0,6617.91,1.0,1.0,0.791,0.0064,0.0518,0.9437,0.6382,0
ACC_000929,RING_00058,41,0,40,0,0,0.1,1.0,6617.91,1.0,1.0,0.791,0.0064,0.0518,0.9437,0.6382,0
ACC_000930,RING_00058,41,0,40,0,0,0.1,1.0,6617.91,1.0,1.0,0.791,0.0064,0.0518,0.9437,0.6382,0
ACC_000931,RING_00058,41,0,40,0,0,0.1,1.0,6617.91,1.0,1.0,0.791,0.0064,0.0518,0.9437,0.6382,0
ACC_000932,RING_00058,41,0,40,0,0,0.1,1.0,6617.91,1.0,1.0,0.791,0.0064,0.0518,0.9437,0.6382,0
ACC_000933,RING_00058,41,0,40,0,0,0.1,1.0,6617.91,1.0,1.0,0.791,0.0064,0.0518,0.9437,0.6382,0
ACC_000934,RING_00059,1,0,0,0,0,0.0,0.0,0.0,1.0,1.0,1.0,0.1071,0.0768,1.0,1.0,0
ACC_000935,RING_00060,17,0,0,0,16,0.2,1.0,8783.71,1.0,1.0,0.8213,0.0047,0.0374,0.9334,0.7092,0
ACC_000936,RING_00060,17,0,0,0,16,0.2,1.0,8783.71,1.0,1.0,0.8213,0.0047,0.0374,0.9334,0.7092,0
ACC_000937,RING_00060,17,0,0,0,16,0.2,1.0,8783.71,1.0,1.0,0.8213,0.0047,0.0374,0.9334,0.7092,0
ACC_000938,RING_00060,17,0,0,0,16,0.2,1.0,8783.71,1.0,1.0,0.8213,0.0047,0.0374,0.9334,0.7092,0
ACC_000939,RING_00060,17,0,0,0,16,0.2,1.0,8783.71,1.0,1.0,0.8213,0.0047,0.0374,0.9334,0.7092,0
ACC_000940,RING_00060,17,0,0,0,16,0.2,1.0,8783.71,1.0,1.0,0.8213,0.0047,0.0374,0.9334,0.7092,0
ACC_000941,RING_00060,17,0,0,0,16,0.2,1.0,8783.71,1.0,1.0,0.8213,0.0047,0.0374,0.9334,0.7092,0
ACC_000942,RING_00060,17,0,0,0,16,0.2,1.0,8783.71,1.0,1.0,0.8213,0.0047,0.0374,0.9334,0.7092,0
ACC_000943,RING_00060,17,0,0,0,16,0.2,1.0,8783.71,1.0,1.0,0.8213,0.0047,0.0374,0.9334,0.7092,0
ACC_000944,RING_00060,17,0,0,0,16,0.2,1.0,8783.71,1.0,1.0,0.8213,0.0047,0.0374,0.9334,0.7092,0
ACC_000945,RING_00060,17,0,0,0,16,0.2,1.0,8783.71,1.0,1.0,0.8213,0.0047,0.0374,0.9334,0.7092,0
ACC_000946,RING_00060,17,0,0,0,16,0.2,1.0,8783.71,1.0,1.0,0.8213,0.0047,0.0374,0.9334,0.7092,0
ACC_000947,RING_00060,17,0,0,0,16,0.2,1.0,8783.71,1.0,1.0,0.8213,0.0047,0.0374,0.9334,0.7092,0
ACC_000948,RING_00060,17,0,0,0,16,0.2,1.0,8783.71,1.0,1.0,0.8213,0.0047,0.0374,0.9334,0.7092,0
ACC_000949,RING_00060,17,0,0,0,16,0.2,1.0,8783.71,1.0,1.0,0.8213,0.0047,0.0374,0.9334,0.7092,0
ACC_000950,RING_00060,17,0,0,0,16,0.2,1.0,8783.71,1.0,1.0,0.8213,0.0047,0.0374,0.9334,0.7092,0
ACC_000951,RING_00060,17,0,0,0,16,0.2,1.0,8783.71,1.0,1.0,0.8213,0.0047,0.0374,0.9334,0.7092,0
ACC_000952,RING_00061,1,0,0,0,0,0.0,0.0,0.0,1.0,1.0,1.0,0.1071,0.0888,1.0,1.0,0
ACC_000953,RING_00062,4,0,0,3,3,0.6,1.0,10155.99,0.25,4.0,0.7615,0.0029,0.0317,0.846,0.6771,0
ACC_000954,RING_00062,4,0,0,3,3,0.6,1.0,10155.99,0.25,4.0,0.7615,0.0029,0.0317,0.846,0.6771,0
ACC_000955,RING_00062,4,0,0,3,3,0.6,1.0,10155.99,0.25,4.0,0.7615,0.0029,0.0317,0.846,0.6771,0
ACC_000956,RING_00062,4,0,0,3,3,0.6,1.0,10155.99,0.25,4.0,0.7615,0.0029,0.0317,0.846,0.6771,0
ACC_000957,RING_00063,13,0,0,0,12,0.2,1.0,405.95,1.0,1.0,0.8705,0.0807,0.8144,0.9215,0.8195,1
ACC_000958,RING_00063,13,0,0,0,12,0.2,1.0,405.95,1.0,1.0,0.8705,0.0807,0.8144,0.9215,0.8195,1
ACC_000959,RING_00063,13,0,0,0,12,0.2,1.0,405.95,1.0,1.0,0.8705,0.0807,0.8144,0.9215,0.8195,1
ACC_000960,RING_00063,13,0,0,0,12,0.2,1.0,405.95,1.0,1.0,0.8705,0.0807,0.8144,0.9215,0.8195,1
ACC_000961,RING_00063,13,0,0,0,12,0.2,1.0,405.95,1.0,1.0,0.8705,0.0807,0.8144,0.9215,0.8195,1
ACC_000962,RING_00063,13,0,0,0,12,0.2,1.0,405.95,1.0,1.0,0.8705,0.0807,0.8144,0.9215,0.8195,1
ACC_000963,RING_00063,13,0,0,0,12,0.2,1.0,405.95,1.0,1.0,0.8705,0.0807,0.8144,0.9215,0.8195,1
ACC_000964,RING_00063,13,0,0,0,12,0.2,1.0,405.95,1.0,1.0,0.8705,0.0807,0.8144,0.9215,0.8195,1
ACC_000965,RING_00063,13,0,0,0,12,0.2,1.0,405.95,1.0,1.0,0.8705,0.0807,0.8144,0.9215,0.8195,1
ACC_000966,RING_00063,13,0,0,0,12,0.2,1.0,405.95,1.0,1.0,0.8705,0.0807,0.8144,0.9215,0.8195,1
ACC_000967,RING_00063,13,0,0,0,12,0.2,1.0,405.95,1.0,1.0,0.8705,0.0807,0.8144,0.9215,0.8195,1
ACC_000968,RING_00063,13,0,0,0,12,0.2,1.0,405.95,1.0,1.0,0.8705,0.0807,0.8144,0.9215,0.8195,1
ACC_000969,RING_00063,13,0,0,0,12,0.2,1.0,405.95,1.0,1.0,0.8705,0.0807,0.8144,0.9215,0.8195,1
ACC_000970,RING_00064,6,0,0,5,0,0.4,1.0,5281.23,0.1667,6.0,0.8213,0.0056,0.0547,0.9023,0.7403,0
ACC_000971,RING_00064,6,0,0,5,0,0.4,1.0,5281.23,0.1667,6.0,0.8213,0.0056,0.0547,0.9023,0.7403,0
ACC_000972,RING_00064,6,0,0,5,0,0.4,1.0,5281.23,0.1667,6.0,0.8213,0.0056,0.0547,0.9023,0.7403,0
ACC_000973,RING_00064,6,0,0,5,0,0.4,1.0,5281.23,0.1667,6.0,0.8213,0.0056,0.0547,0.9023,0.7403,0
ACC_000974,RING_00064,6,0,0,5,0,0.4,1.0,5281.23,0.1667,6.0,0.8213,0.0056,0.0547,0.9023,0.7403,0
ACC_000975,RING_00064,6,0,0,5,0,0.4,1.0,5281.23,0.1667,6.0,0.8213,0.0056,0.0547,0.9023,0.7403,0
ACC_000976,RING_00065,15,14,14,14,14,1.0,1.0,0.38,1.0,15.0,0.9928,0.9896,0.8129,1.0,0.9857,1
ACC_000977,RING_00065,15,14,14,14,14,1.0,1.0,0.38,1.0,15.0,0.9928,0.9896,0.8129,1.0,0.9857,1
ACC_000978,RING_00065,15,14,14,14,14,1.0,1.0,0.38,1.0,15.0,0.9928,0.9896,0.8129,1.0,0.9857,1
ACC_000979,RING_00065,15,14,14,14,14,1.0,1.0,0.38,1.0,15.0,0.9928,0.9896,0.8129,1.0,0.9857,1
ACC_000980,RING_00065,15,14,14,14,14,1.0,1.0,0.38,1.0,15.0,0.9928,0.9896,0.8129,1.0,0.9857,1
ACC_000981,RING_00065,15,14,14,14,14,1.0,1.0,0.38,1.0,15.0,0.9928,0.9896,0.8129,1.0,0.9857,1
ACC_000982,RING_00065,15,14,14,14,14,1.0,1.0,0.38,1.0,15.0,0.9928,0.9896,0.8129,1.0,0.9857,1
ACC_000983,RING_00065,15,14,14,14,14,1.0,1.0,0.38,1.0,15.0,0.9928,0.9896,0.8129,1.0,0.9857,1
ACC_000984,RING_00065,15,14,14,14,14,1.0,1.0,0.38,1.0,15.0,0.9928,0.9896,0.8129,1.0,0.9857,1
ACC_000985,RING_00065,15,14,14,14,14,1.0,1.0,0.38,1.0,15.0,0.9928,0.9896,0.8129,1.0,0.9857,1
ACC_000986,RING_00065,15,14,14,14,14,1.0,1.0,0.38,1.0,15.0,0.9928,0.9896,0.8129,1.0,0.9857,1
ACC_000987,RING_00065,15,14,14,14,14,1.0,1.0,0.38,1.0,15.0,0.9928,0.9896,0.8129,1.0,0.9857,1
ACC_000988,RING_00065,15,14,14,14,14,1.0,1.0,0.38,1.0,15.0,0.9928,0.9896,0.8129,1.0,0.9857,1
ACC_000989,RING_00065,15,14,14,14,14,1.0,1.0,0.38,1.0,15.0,0.9928,0.9896,0.8129,1.0,0.9857,1
ACC_000990,RING_00065,15,14,14,14,14,1.0,1.0,0.38,1.0,15.0,0.9928,0.9896,0.8129,1.0,0.9857,1
ACC_000991,RING_00066,10,9,9,9,9,1.0,1.0,0.26,1.0,10.0,0.9919,0.9926,0.8498,1.0,0.9838,1
ACC_000992,RING_00066,10,9,9,9,9,1.0,1.0,0.26,1.0,10.0,0.9919,0.9926,0.8498,1.0,0.9838,1
ACC_000993,RING_00066,10,9,9,9,9,1.0,1.0,0.26,1.0,10.0,0.9919,0.9926,0.8498,1.0,0.9838,1
ACC_000994,RING_00066,10,9,9,9,9,1.0,1.0,0.26,1.0,10.0,0.9919,0.9926,0.8498,1.0,0.9838,1
ACC_000995,RING_00066,10,9,9,9,9,1.0,1.0,0.26,1.0,10.0,0.9919,0.9926,0.8498,1.0,0.9838,1
ACC_000996,RING_00066,10,9,9,9,9,1.0,1.0,0.26,1.0,10.0,0.9919,0.9926,0.8498,1.0,0.9838,1
ACC_000997,RING_00066,10,9,9,9,9,1.0,1.0,0.26,1.0,10.0,0.9919,0.9926,0.8498,1.0,0.9838,1
ACC_000998,RING_00066,10,9,9,9,9,1.0,1.0,0.26,1.0,10.0,0.9919,0.9926,0.8498,1.0,0.9838,1
ACC_000999,RING_00066,10,9,9,9,9,1.0,1.0,0.26,1.0,10.0,0.9919,0.9926,0.8498,1.0,0.9838,1
ACC_001000,RING_00066,10,9,9,9,9,1.0,1.0,0.26,1.0,10.0,0.9919,0.9926,0.8498,1.0,0.9838,1
ACC_001001,RING_00067,36,0,35,0,0,0.1,1.0,8416.74,1.0,1.0,0.8254,0.0047,0.0364,0.9119,0.7389,0
ACC_001002,RING_00067,36,0,35,0,0,0.1,1.0,8416.74,1.0,1.0,0.8254,0.0047,0.0364,0.9119,0.7389,0
ACC_001003,RING_00067,36,0,35,0,0,0.1,1.0,8416.74,1.0,1.0,0.8254,0.0047,0.0364,0.9119,0.7389,0
ACC_001004,RING_00067,36,0,35,0,0,0.1,1.0,8416.74,1.0,1.0,0.8254,0.0047,0.0364,0.9119,0.7389,0
ACC_001005,RING_00067,36,0,35,0,0,0.1,1.0,8416.74,1.0,1.0,0.8254,0.0047,0.0364,0.9119,0.7389,0
ACC_001006,RING_00067,36,0,35,0,0,0.1,1.0,8416.74,1.0,1.0,0.8254,0.0047,0.0364,0.9119,0.7389,0
ACC_001007,RING_00067,36,0,35,0,0,0.1,1.0,8416.74,1.0,1.0,0.8254,0.0047,0.0364,0.9119,0.7389,0
ACC_001008,RING_00067,36,0,35,0,0,0.1,1.0,8416.74,1.0,1.0,0.8254,0.0047,0.0364,0.9119,0.7389,0
ACC_001009,RING_00067,36,0,35,0,0,0.1,1.0,8416.74,1.0,1.0,0.8254,0.0047,0.0364,0.9119,0.7389,0
ACC_001010,RING_00067,36,0,35,0,0,0.1,1.0,8416.74,1.0,1.0,0.8254,0.0047,0.0364,0.9119,0.7389,0
ACC_001011,RING_00067,36,0,35,0,0,0.1,1.0,8416.74,1.0,1.0,0.8254,0.0047,0.0364,0.9119,0.7389,0
ACC_001012,RING_00067,36,0,35,0,0,0.1,1.0,8416.74,1.0,1.0,0.8254,0.0047,0.0364,0.9119,0.7389,0
ACC_001013,RING_00067,36,0,35,0,0,0.1,1.0,8416.74,1.0,1.0,0.8254,0.0047,0.0364,0.9119,0.7389,0
ACC_001014,RING_00067,36,0,35,0,0,0.1,1.0,8416.74,1.0,1.0,0.8254,0.0047,0.0364,0.9119,0.7389,0
ACC_001015,RING_00067,36,0,35,0,0,0.1,1.0,8416.74,1.0,1.0,0.8254,0.0047,0.0364,0.9119,0.7389,0
ACC_001016,RING_00067,36,0,35,0,0,0.1,1.0,8416.74,1.0,1.0,0.8254,0.0047,0.0364,0.9119,0.7389,0
ACC_001017,RING_00067,36,0,35,0,0,0.1,1.0,8416.74,1.0,1.0,0.8254,0.0047,0.0364,0.9119,0.7389,0
ACC_001018,RING_00067,36,0,35,0,0,0.1,1.0,8416.74,1.0,1.0,0.8254,0.0047,0.0364,0.9119,0.7389,0
ACC_001019,RING_00067,36,0,35,0,0,0.1,1.0,8416.74,1.0,1.0,0.8254,0.0047,0.0364,0.9119,0.7389,0
ACC_001020,RING_00067,36,0,35,0,0,0.1,1.0,8416.74,1.0,1.0,0.8254,0.0047,0.0364,0.9119,0.7389,0
ACC_001021,RING_00067,36,0,35,0,0,0.1,1.0,8416.74,1.0,1.0,0.8254,0.0047,0.0364,0.9119,0.7389,0
ACC_001022,RING_00067,36,0,35,0,0,0.1,1.0,8416.74,1.0,1.0,0.8254,0.0047,0.0364,0.9119,0.7389,0
ACC_001023,RING_00067,36,0,35,0,0,0.1,1.0,8416.74,1.0,1.0,0.8254,0.0047,0.0364,0.9119,0.7389,0
ACC_001024,RING_00067,36,0,35,0,0,0.1,1.0,8416.74,1.0,1.0,0.8254,0.0047,0.0364,0.9119,0.7389,0
ACC_001025,RING_00067,36,0,35,0,0,0.1,1.0,8416.74,1.0,1.0,0.8254,0.0047,0.0364,0.9119,0.7389,0
ACC_001026,RING_00067,36,0,35,0,0,0.1,1.0,8416.74,1.0,1.0,0.8254,0.0047,0.0364,0.9119,0.7389,0
ACC_001027,RING_00067,36,0,35,0,0,0.1,1.0,8416.74,1.0,1.0,0.8254,0.0047,0.0364,0.9119,0.7389,0
ACC_001028,RING_00067,36,0,35,0,0,0.1,1.0,8416.74,1.0,1.0,0.8254,0.0047,0.0364,0.9119,0.7389,0
ACC_001029,RING_00067,36,0,35,0,0,0.1,1.0,8416.74,1.0,1.0,0.8254,0.0047,0.0364,0.9119,0.7389,0
ACC_001030,RING_00067,36,0,35,0,0,0.1,1.0,8416.74,1.0,1.0,0.8254,0.0047,0.0364,0.9119,0.7389,0
ACC_001031,RING_00067,36,0,35,0,0,0.1,1.0,8416.74,1.0,1.0,0.8254,0.0047,0.0364,0.9119,0.7389,0
ACC_001032,RING_00067,36,0,35,0,0,0.1,1.0,8416.74,1.0,1.0,0.8254,0.0047,0.0364,0.9119,0.7389,0
ACC_001033,RING_00067,36,0,35,0,0,0.1,1.0,8416.74,1.0,1.0,0.8254,0.0047,0.0364,0.9119,0.7389,0
ACC_001034,RING_00067,36,0,35,0,0,0.1,1.0,8416.74,1.0,1.0,0.8254,0.0047,0.0364,0.9119,0.7389,0
ACC_001035,RING_00067,36,0,35,0,0,0.1,1.0,8416.74,1.0,1.0,0.8254,0.0047,0.0364,0.9119,0.7389,0
ACC_001036,RING_00067,36,0,35,0,0,0.1,1.0,8416.74,1.0,1.0,0.8254,0.0047,0.0364,0.9119,0.7389,0
ACC_001037,RING_00068,26,0,0,0,25,0.2,1.0,9277.44,1.0,1.0,0.7912,0.0038,0.0379,0.9293,0.6531,0
ACC_001038,RING_00068,26,0,0,0,25,0.2,1.0,9277.44,1.0,1.0,0.7912,0.0038,0.0379,0.9293,0.6531,0
ACC_001039,RING_00068,26,0,0,0,25,0.2,1.0,9277.44,1.0,1.0,0.7912,0.0038,0.0379,0.9293,0.6531,0
ACC_001040,RING_00068,26,0,0,0,25,0.2,1.0,9277.44,1.0,1.0,0.7912,0.0038,0.0379,0.9293,0.6531,0
ACC_001041,RING_00068,26,0,0,0,25,0.2,1.0,9277.44,1.0,1.0,0.7912,0.0038,0.0379,0.9293,0.6531,0
ACC_001042,RING_00068,26,0,0,0,25,0.2,1.0,9277.44,1.0,1.0,0.7912,0.0038,0.0379,0.9293,0.6531,0
ACC_001043,RING_00068,26,0,0,0,25,0.2,1.0,9277.44,1.0,1.0,0.7912,0.0038,0.0379,0.9293,0.6531,0
ACC_001044,RING_00068,26,0,0,0,25,0.2,1.0,9277.44,1.0,1.0,0.7912,0.0038,0.0379,0.9293,0.6531,0
ACC_001045,RING_00068,26,0,0,0,25,0.2,1.0,9277.44,1.0,1.0,0.7912,0.0038,0.0379,0.9293,0.6531,0
ACC_001046,RING_00068,26,0,0,0,25,0.2,1.0,9277.44,1.0,1.0,0.7912,0.0038,0.0379,0.9293,0.6531,0
ACC_001047,RING_00068,26,0,0,0,25,0.2,1.0,9277.44,1.0,1.0,0.7912,0.0038,0.0379,0.9293,0.6531,0
ACC_001048,RING_00068,26,0,0,0,25,0.2,1.0,9277.44,1.0,1.0,0.7912,0.0038,0.0379,0.9293,0.6531,0
ACC_001049,RING_00068,26,0,0,0,25,0.2,1.0,9277.44,1.0,1.0,0.7912,0.0038,0.0379,0.9293,0.6531,0
ACC_001050,RING_00068,26,0,0,0,25,0.2,1.0,9277.44,1.0,1.0,0.7912,0.0038,0.0379,0.9293,0.6531,0
ACC_001051,RING_00068,26,0,0,0,25,0.2,1.0,9277.44,1.0,1.0,0.7912,0.0038,0.0379,0.9293,0.6531,0
ACC_001052,RING_00068,26,0,0,0,25,0.2,1.0,9277.44,1.0,1.0,0.7912,0.0038,0.0379,0.9293,0.6531,0
ACC_001053,RING_00068,26,0,0,0,25,0.2,1.0,9277.44,1.0,1.0,0.7912,0.0038,0.0379,0.9293,0.6531,0
ACC_001054,RING_00068,26,0,0,0,25,0.2,1.0,9277.44,1.0,1.0,0.7912,0.0038,0.0379,0.9293,0.6531,0
ACC_001055,RING_00068,26,0,0,0,25,0.2,1.0,9277.44,1.0,1.0,0.7912,0.0038,0.0379,0.9293,0.6531,0
ACC_001056,RING_00068,26,0,0,0,25,0.2,1.0,9277.44,1.0,1.0,0.7912,0.0038,0.0379,0.9293,0.6531,0
ACC_001057,RING_00068,26,0,0,0,25,0.2,1.0,9277.44,1.0,1.0,0.7912,0.0038,0.0379,0.9293,0.6531,0
ACC_001058,RING_00068,26,0,0,0,25,0.2,1.0,9277.44,1.0,1.0,0.7912,0.0038,0.0379,0.9293,0.6531,0
ACC_001059,RING_00068,26,0,0,0,25,0.2,1.0,9277.44,1.0,1.0,0.7912,0.0038,0.0379,0.9293,0.6531,0
ACC_001060,RING_00068,26,0,0,0,25,0.2,1.0,9277.44,1.0,1.0,0.7912,0.0038,0.0379,0.9293,0.6531,0
ACC_001061,RING_00068,26,0,0,0,25,0.2,1.0,9277.44,1.0,1.0,0.7912,0.0038,0.0379,0.9293,0.6531,0
ACC_001062,RING_00068,26,0,0,0,25,0.2,1.0,9277.44,1.0,1.0,0.7912,0.0038,0.0379,0.9293,0.6531,0
ACC_001063,RING_00069,19,0,0,0,18,0.2,1.0,8550.77,1.0,1.0,0.797,0.0045,0.0406,0.9275,0.6666,0
ACC_001064,RING_00069,19,0,0,0,18,0.2,1.0,8550.77,1.0,1.0,0.797,0.0045,0.0406,0.9275,0.6666,0
ACC_001065,RING_00069,19,0,0,0,18,0.2,1.0,8550.77,1.0,1.0,0.797,0.0045,0.0406,0.9275,0.6666,0
ACC_001066,RING_00069,19,0,0,0,18,0.2,1.0,8550.77,1.0,1.0,0.797,0.0045,0.0406,0.9275,0.6666,0
ACC_001067,RING_00069,19,0,0,0,18,0.2,1.0,8550.77,1.0,1.0,0.797,0.0045,0.0406,0.9275,0.6666,0
ACC_001068,RING_00069,19,0,0,0,18,0.2,1.0,8550.77,1.0,1.0,0.797,0.0045,0.0406,0.9275,0.6666,0
ACC_001069,RING_00069,19,0,0,0,18,0.2,1.0,8550.77,1.0,1.0,0.797,0.0045,0.0406,0.9275,0.6666,0
ACC_001070,RING_00069,19,0,0,0,18,0.2,1.0,8550.77,1.0,1.0,0.797,0.0045,0.0406,0.9275,0.6666,0
ACC_001071,RING_00069,19,0,0,0,18,0.2,1.0,8550.77,1.0,1.0,0.797,0.0045,0.0406,0.9275,0.6666,0
ACC_001072,RING_00069,19,0,0,0,18,0.2,1.0,8550.77,1.0,1.0,0.797,0.0045,0.0406,0.9275,0.6666,0
ACC_001073,RING_00069,19,0,0,0,18,0.2,1.0,8550.77,1.0,1.0,0.797,0.0045,0.0406,0.9275,0.6666,0
ACC_001074,RING_00069,19,0,0,0,18,0.2,1.0,8550.77,1.0,1.0,0.797,0.0045,0.0406,0.9275,0.6666,0
ACC_001075,RING_00069,19,0,0,0,18,0.2,1.0,8550.77,1.0,1.0,0.797,0.0045,0.0406,0.9275,0.6666,0
ACC_001076,RING_00069,19,0,0,0,18,0.2,1.0,8550.77,1.0,1.0,0.797,0.0045,0.0406,0.9275,0.6666,0
ACC_001077,RING_00069,19,0,0,0,18,0.2,1.0,8550.77,1.0,1.0,0.797,0.0045,0.0406,0.9275,0.6666,0
ACC_001078,RING_00069,19,0,0,0,18,0.2,1.0,8550.77,1.0,1.0,0.797,0.0045,0.0406,0.9275,0.6666,0
ACC_001079,RING_00069,19,0,0,0,18,0.2,1.0,8550.77,1.0,1.0,0.797,0.0045,0.0406,0.9275,0.6666,0
ACC_001080,RING_00069,19,0,0,0,18,0.2,1.0,8550.77,1.0,1.0,0.797,0.0045,0.0406,0.9275,0.6666,0
ACC_001081,RING_00069,19,0,0,0,18,0.2,1.0,8550.77,1.0,1.0,0.797,0.0045,0.0406,0.9275,0.6666,0
ACC_001082,RING_00070,18,17,0,0,0,0.3,1.0,6102.03,18.0,1.0,0.8425,0.0065,0.047,0.9141,0.7709,0
ACC_001083,RING_00070,18,17,0,0,0,0.3,1.0,6102.03,18.0,1.0,0.8425,0.0065,0.047,0.9141,0.7709,0
ACC_001084,RING_00070,18,17,0,0,0,0.3,1.0,6102.03,18.0,1.0,0.8425,0.0065,0.047,0.9141,0.7709,0
ACC_001085,RING_00070,18,17,0,0,0,0.3,1.0,6102.03,18.0,1.0,0.8425,0.0065,0.047,0.9141,0.7709,0
ACC_001086,RING_00070,18,17,0,0,0,0.3,1.0,6102.03,18.0,1.0,0.8425,0.0065,0.047,0.9141,0.7709,0
ACC_001087,RING_00070,18,17,0,0,0,0.3,1.0,6102.03,18.0,1.0,0.8425,0.0065,0.047,0.9141,0.7709,0
ACC_001088,RING_00070,18,17,0,0,0,0.3,1.0,6102.03,18.0,1.0,0.8425,0.0065,0.047,0.9141,0.7709,0
ACC_001089,RING_00070,18,17,0,0,0,0.3,1.0,6102.03,18.0,1.0,0.8425,0.0065,0.047,0.9141,0.7709,0
ACC_001090,RING_00070,18,17,0,0,0,0.3,1.0,6102.03,18.0,1.0,0.8425,0.0065,0.047,0.9141,0.7709,0
ACC_001091,RING_00070,18,17,0,0,0,0.3,1.0,6102.03,18.0,1.0,0.8425,0.0065,0.047,0.9141,0.7709,0
ACC_001092,RING_00070,18,17,0,0,0,0.3,1.0,6102.03,18.0,1.0,0.8425,0.0065,0.047,0.9141,0.7709,0
ACC_001093,RING_00070,18,17,0,0,0,0.3,1.0,6102.03,18.0,1.0,0.8425,0.0065,0.047,0.9141,0.7709,0
ACC_001094,RING_00070,18,17,0,0,0,0.3,1.0,6102.03,18.0,1.0,0.8425,0.0065,0.047,0.9141,0.7709,0
ACC_001095,RING_00070,18,17,0,0,0,0.3,1.0,6102.03,18.0,1.0,0.8425,0.0065,0.047,0.9141,0.7709,0
ACC_001096,RING_00070,18,17,0,0,0,0.3,1.0,6102.03,18.0,1.0,0.8425,0.0065,0.047,0.9141,0.7709,0
ACC_001097,RING_00070,18,17,0,0,0,0.3,1.0,6102.03,18.0,1.0,0.8425,0.0065,0.047,0.9141,0.7709,0
ACC_001098,RING_00070,18,17,0,0,0,0.3,1.0,6102.03,18.0,1.0,0.8425,0.0065,0.047,0.9141,0.7709,0
ACC_001099,RING_00070,18,17,0,0,0,0.3,1.0,6102.03,18.0,1.0,0.8425,0.0065,0.047,0.9141,0.7709,0
ACC_001100,RING_00071,15,14,0,0,0,0.3,1.0,6070.36,15.0,1.0,0.8291,0.0069,0.0361,0.9143,0.7439,0
ACC_001101,RING_00071,15,14,0,0,0,0.3,1.0,6070.36,15.0,1.0,0.8291,0.0069,0.0361,0.9143,0.7439,0
ACC_001102,RING_00071,15,14,0,0,0,0.3,1.0,6070.36,15.0,1.0,0.8291,0.0069,0.0361,0.9143,0.7439,0
ACC_001103,RING_00071,15,14,0,0,0,0.3,1.0,6070.36,15.0,1.0,0.8291,0.0069,0.0361,0.9143,0.7439,0
ACC_001104,RING_00071,15,14,0,0,0,0.3,1.0,6070.36,15.0,1.0,0.8291,0.0069,0.0361,0.9143,0.7439,0
ACC_001105,RING_00071,15,14,0,0,0,0.3,1.0,6070.36,15.0,1.0,0.8291,0.0069,0.0361,0.9143,0.7439,0
ACC_001106,RING_00071,15,14,0,0,0,0.3,1.0,6070.36,15.0,1.0,0.8291,0.0069,0.0361,0.9143,0.7439,0
ACC_001107,RING_00071,15,14,0,0,0,0.3,1.0,6070.36,15.0,1.0,0.8291,0.0069,0.0361,0.9143,0.7439,0
ACC_001108,RING_00071,15,14,0,0,0,0.3,1.0,6070.36,15.0,1.0,0.8291,0.0069,0.0361,0.9143,0.7439,0
ACC_001109,RING_00071,15,14,0,0,0,0.3,1.0,6070.36,15.0,1.0,0.8291,0.0069,0.0361,0.9143,0.7439,0
ACC_001110,RING_00071,15,14,0,0,0,0.3,1.0,6070.36,15.0,1.0,0.8291,0.0069,0.0361,0.9143,0.7439,0
ACC_001111,RING_00071,15,14,0,0,0,0.3,1.0,6070.36,15.0,1.0,0.8291,0.0069,0.0361,0.9143,0.7439,0
ACC_001112,RING_00071,15,14,0,0,0,0.3,1.0,6070.36,15.0,1.0,0.8291,0.0069,0.0361,0.9143,0.7439,0
ACC_001113,RING_00071,15,14,0,0,0,0.3,1.0,6070.36,15.0,1.0,0.8291,0.0069,0.0361,0.9143,0.7439,0
ACC_001114,RING_00071,15,14,0,0,0,0.3,1.0,6070.36,15.0,1.0,0.8291,0.0069,0.0361,0.9143,0.7439,0
ACC_001115,RING_00072,4,0,0,3,0,0.4,1.0,3682.78,0.25,4.0,0.8067,0.0071,0.0432,0.9363,0.6771,0
ACC_001116,RING_00072,4,0,0,3,0,0.4,1.0,3682.78,0.25,4.0,0.8067,0.0071,0.0432,0.9363,0.6771,0
ACC_001117,RING_00072,4,0,0,3,0,0.4,1.0,3682.78,0.25,4.0,0.8067,0.0071,0.0432,0.9363,0.6771,0
ACC_001118,RING_00072,4,0,0,3,0,0.4,1.0,3682.78,0.25,4.0,0.8067,0.0071,0.0432,0.9363,0.6771,0
ACC_001119,RING_00073,22,0,0,21,0,0.4,1.0,8141.64,0.0455,22.0,0.75,0.005,0.0434,0.9062,0.5939,0
ACC_001120,RING_00073,22,0,0,21,0,0.4,1.0,8141.64,0.0455,22.0,0.75,0.005,0.0434,0.9062,0.5939,0
ACC_001121,RING_00073,22,0,0,21,0,0.4,1.0,8141.64,0.0455,22.0,0.75,0.005,0.0434,0.9062,0.5939,0
ACC_001122,RING_00073,22,0,0,21,0,0.4,1.0,8141.64,0.0455,22.0,0.75,0.005,0.0434,0.9062,0.5939,0
ACC_001123,RING_00073,22,0,0,21,0,0.4,1.0,8141.64,0.0455,22.0,0.75,0.005,0.0434,0.9062,0.5939,0
ACC_001124,RING_00073,22,0,0,21,0,0.4,1.0,8141.64,0.0455,22.0,0.75,0.005,0.0434,0.9062,0.5939,0
ACC_001125,RING_00073,22,0,0,21,0,0.4,1.0,8141.64,0.0455,22.0,0.75,0.005,0.0434,0.9062,0.5939,0
ACC_001126,RING_00073,22,0,0,21,0,0.4,1.0,8141.64,0.0455,22.0,0.75,0.005,0.0434,0.9062,0.5939,0
ACC_001127,RING_00073,22,0,0,21,0,0.4,1.0,8141.64,0.0455,22.0,0.75,0.005,0.0434,0.9062,0.5939,0
ACC_001128,RING_00073,22,0,0,21,0,0.4,1.0,8141.64,0.0455,22.0,0.75,0.005,0.0434,0.9062,0.5939,0
ACC_001129,RING_00073,22,0,0,21,0,0.4,1.0,8141.64,0.0455,22.0,0.75,0.005,0.0434,0.9062,0.5939,0
ACC_001130,RING_00073,22,0,0,21,0,0.4,1.0,8141.64,0.0455,22.0,0.75,0.005,0.0434,0.9062,0.5939,0
ACC_001131,RING_00073,22,0,0,21,0,0.4,1.0,8141.64,0.0455,22.0,0.75,0.005,0.0434,0.9062,0.5939,0
ACC_001132,RING_00073,22,0,0,21,0,0.4,1.0,8141.64,0.0455,22.0,0.75,0.005,0.0434,0.9062,0.5939,0
ACC_001133,RING_00073,22,0,0,21,0,0.4,1.0,8141.64,0.0455,22.0,0.75,0.005,0.0434,0.9062,0.5939,0
ACC_001134,RING_00073,22,0,0,21,0,0.4,1.0,8141.64,0.0455,22.0,0.75,0.005,0.0434,0.9062,0.5939,0
ACC_001135,RING_00073,22,0,0,21,0,0.4,1.0,8141.64,0.0455,22.0,0.75,0.005,0.0434,0.9062,0.5939,0
ACC_001136,RING_00073,22,0,0,21,0,0.4,1.0,8141.64,0.0455,22.0,0.75,0.005,0.0434,0.9062,0.5939,0
ACC_001137,RING_00073,22,0,0,21,0,0.4,1.0,8141.64,0.0455,22.0,0.75,0.005,0.0434,0.9062,0.5939,0
ACC_001138,RING_00073,22,0,0,21,0,0.4,1.0,8141.64,0.0455,22.0,0.75,0.005,0.0434,0.9062,0.5939,0
ACC_001139,RING_00073,22,0,0,21,0,0.4,1.0,8141.64,0.0455,22.0,0.75,0.005,0.0434,0.9062,0.5939,0
ACC_001140,RING_00073,22,0,0,21,0,0.4,1.0,8141.64,0.0455,22.0,0.75,0.005,0.0434,0.9062,0.5939,0
ACC_001141,RING_00074,24,23,10,0,23,0.5435,1.0,1.61,24.0,1.0,0.705,0.9618,0.8451,0.6467,0.7633,1
ACC_001142,RING_00074,24,23,5,0,23,0.5217,1.0,1.61,24.0,1.0,0.705,0.9618,0.8451,0.6467,0.7633,1
ACC_001143,RING_00074,24,23,6,0,23,0.5261,1.0,1.61,24.0,1.0,0.705,0.9618,0.8451,0.6467,0.7633,1
ACC_001144,RING_00074,24,23,10,0,23,0.5435,1.0,1.61,24.0,1.0,0.705,0.9618,0.8451,0.6467,0.7633,1
ACC_001145,RING_00074,24,23,10,0,23,0.5435,1.0,1.61,24.0,1.0,0.705,0.9618,0.8451,0.6467,0.7633,1
ACC_001146,RING_00074,24,23,5,0,23,0.5217,1.0,1.61,24.0,1.0,0.705,0.9618,0.8451,0.6467,0.7633,1
ACC_001147,RING_00074,24,23,5,0,23,0.5217,1.0,1.61,24.0,1.0,0.705,0.9618,0.8451,0.6467,0.7633,1
ACC_001148,RING_00074,24,23,10,0,23,0.5435,1.0,1.61,24.0,1.0,0.705,0.9618,0.8451,0.6467,0.7633,1
ACC_001149,RING_00074,24,23,6,0,23,0.5261,1.0,1.61,24.0,1.0,0.705,0.9618,0.8451,0.6467,0.7633,1
ACC_001150,RING_00074,24,23,10,0,23,0.5435,1.0,1.61,24.0,1.0,0.705,0.9618,0.8451,0.6467,0.7633,1
ACC_001151,RING_00074,24,23,10,0,23,0.5435,1.0,1.61,24.0,1.0,0.705,0.9618,0.8451,0.6467,0.7633,1
ACC_001152,RING_00074,24,23,10,0,23,0.5435,1.0,1.61,24.0,1.0,0.705,0.9618,0.8451,0.6467,0.7633,1
ACC_001153,RING_00074,24,23,5,0,23,0.5217,1.0,1.61,24.0,1.0,0.705,0.9618,0.8451,0.6467,0.7633,1
ACC_001154,RING_00074,24,23,5,0,23,0.5217,1.0,1.61,24.0,1.0,0.705,0.9618,0.8451,0.6467,0.7633,1
ACC_001155,RING_00074,24,23,10,0,23,0.5435,1.0,1.61,24.0,1.0,0.705,0.9618,0.8451,0.6467,0.7633,1
ACC_001156,RING_00074,24,23,10,0,23,0.5435,1.0,1.61,24.0,1.0,0.705,0.9618,0.8451,0.6467,0.7633,1
ACC_001157,RING_00074,24,23,5,0,23,0.5217,1.0,1.61,24.0,1.0,0.705,0.9618,0.8451,0.6467,0.7633,1
ACC_001158,RING_00074,24,23,10,0,23,0.5435,1.0,1.61,24.0,1.0,0.705,0.9618,0.8451,0.6467,0.7633,1
ACC_001159,RING_00074,24,23,6,0,23,0.5261,1.0,1.61,24.0,1.0,0.705,0.9618,0.8451,0.6467,0.7633,1
ACC_001160,RING_00074,24,23,6,0,23,0.5261,1.0,1.61,24.0,1.0,0.705,0.9618,0.8451,0.6467,0.7633,1
ACC_001161,RING_00074,24,23,10,0,23,0.5435,1.0,1.61,24.0,1.0,0.705,0.9618,0.8451,0.6467,0.7633,1
ACC_001162,RING_00074,24,23,6,0,23,0.5261,1.0,1.61,24.0,1.0,0.705,0.9618,0.8451,0.6467,0.7633,1
ACC_001163,RING_00074,24,23,6,0,23,0.5261,1.0,1.61,24.0,1.0,0.705,0.9618,0.8451,0.6467,0.7633,1
ACC_001164,RING_00074,24,23,6,0,23,0.5261,1.0,1.61,24.0,1.0,0.705,0.9618,0.8451,0.6467,0.7633,1
ACC_001165,RING_00075,33,0,32,0,0,0.1,1.0,8308.76,1.0,1.0,0.7655,0.0057,0.0469,0.9105,0.6205,0
ACC_001166,RING_00075,33,0,32,0,0,0.1,1.0,8308.76,1.0,1.0,0.7655,0.0057,0.0469,0.9105,0.6205,0
ACC_001167,RING_00075,33,0,32,0,0,0.1,1.0,8308.76,1.0,1.0,0.7655,0.0057,0.0469,0.9105,0.6205,0
ACC_001168,RING_00075,33,0,32,0,0,0.1,1.0,8308.76,1.0,1.0,0.7655,0.0057,0.0469,0.9105,0.6205,0
ACC_001169,RING_00075,33,0,32,0,0,0.1,1.0,8308.76,1.0,1.0,0.7655,0.0057,0.0469,0.9105,0.6205,0
ACC_001170,RING_00075,33,0,32,0,0,0.1,1.0,8308.76,1.0,1.0,0.7655,0.0057,0.0469,0.9105,0.6205,0
ACC_001171,RING_00075,33,0,32,0,0,0.1,1.0,8308.76,1.0,1.0,0.7655,0.0057,0.0469,0.9105,0.6205,0
ACC_001172,RING_00075,33,0,32,0,0,0.1,1.0,8308.76,1.0,1.0,0.7655,0.0057,0.0469,0.9105,0.6205,0
ACC_001173,RING_00075,33,0,32,0,0,0.1,1.0,8308.76,1.0,1.0,0.7655,0.0057,0.0469,0.9105,0.6205,0
ACC_001174,RING_00075,33,0,32,0,0,0.1,1.0,8308.76,1.0,1.0,0.7655,0.0057,0.0469,0.9105,0.6205,0
ACC_001175,RING_00075,33,0,32,0,0,0.1,1.0,8308.76,1.0,1.0,0.7655,0.0057,0.0469,0.9105,0.6205,0
ACC_001176,RING_00075,33,0,32,0,0,0.1,1.0,8308.76,1.0,1.0,0.7655,0.0057,0.0469,0.9105,0.6205,0
ACC_001177,RING_00075,33,0,32,0,0,0.1,1.0,8308.76,1.0,1.0,0.7655,0.0057,0.0469,0.9105,0.6205,0
ACC_001178,RING_00075,33,0,32,0,0,0.1,1.0,8308.76,1.0,1.0,0.7655,0.0057,0.0469,0.9105,0.6205,0
ACC_001179,RING_00075,33,0,32,0,0,0.1,1.0,8308.76,1.0,1.0,0.7655,0.0057,0.0469,0.9105,0.6205,0
ACC_001180,RING_00075,33,0,32,0,0,0.1,1.0,8308.76,1.0,1.0,0.7655,0.0057,0.0469,0.9105,0.6205,0
ACC_001181,RING_00075,33,0,32,0,0,0.1,1.0,8308.76,1.0,1.0,0.7655,0.0057,0.0469,0.9105,0.6205,0
ACC_001182,RING_00075,33,0,32,0,0,0.1,1.0,8308.76,1.0,1.0,0.7655,0.0057,0.0469,0.9105,0.6205,0
ACC_001183,RING_00075,33,0,32,0,0,0.1,1.0,8308.76,1.0,1.0,0.7655,0.0057,0.0469,0.9105,0.6205,0
ACC_001184,RING_00075,33,0,32,0,0,0.1,1.0,8308.76,1.0,1.0,0.7655,0.0057,0.0469,0.9105,0.6205,0
ACC_001185,RING_00075,33,0,32,0,0,0.1,1.0,8308.76,1.0,1.0,0.7655,0.0057,0.0469,0.9105,0.6205,0
ACC_001186,RING_00075,33,0,32,0,0,0.1,1.0,8308.76,1.0,1.0,0.7655,0.0057,0.0469,0.9105,0.6205,0
ACC_001187,RING_00075,33,0,32,0,0,0.1,1.0,8308.76,1.0,1.0,0.7655,0.0057,0.0469,0.9105,0.6205,0
ACC_001188,RING_00075,33,0,32,0,0,0.1,1.0,8308.76,1.0,1.0,0.7655,0.0057,0.0469,0.9105,0.6205,0
ACC_001189,RING_00075,33,0,32,0,0,0.1,1.0,8308.76,1.0,1.0,0.7655,0.0057,0.0469,0.9105,0.6205,0
ACC_001190,RING_00075,33,0,32,0,0,0.1,1.0,8308.76,1.0,1.0,0.7655,0.0057,0.0469,0.9105,0.6205,0
ACC_001191,RING_00075,33,0,32,0,0,0.1,1.0,8308.76,1.0,1.0,0.7655,0.0057,0.0469,0.9105,0.6205,0
ACC_001192,RING_00075,33,0,32,0,0,0.1,1.0,8308.76,1.0,1.0,0.7655,0.0057,0.0469,0.9105,0.6205,0
ACC_001193,RING_00075,33,0,32,0,0,0.1,1.0,8308.76,1.0,1.0,0.7655,0.0057,0.0469,0.9105,0.6205,0
ACC_001194,RING_00075,33,0,32,0,0,0.1,1.0,8308.76,1.0,1.0,0.7655,0.0057,0.0469,0.9105,0.6205,0
ACC_001195,RING_00075,33,0,32,0,0,0.1,1.0,8308.76,1.0,1.0,0.7655,0.0057,0.0469,0.9105,0.6205,0
ACC_001196,RING_00075,33,0,32,0,0,0.1,1.0,8308.76,1.0,1.0,0.7655,0.0057,0.0469,0.9105,0.6205,0
ACC_001197,RING_00075,33,0,32,0,0,0.1,1.0,8308.76,1.0,1.0,0.7655,0.0057,0.0469,0.9105,0.6205,0
ACC_001198,RING_00076,8,0,0,0,7,0.2,1.0,310.09,1.0,1.0,0.8795,0.0889,0.7758,0.9388,0.8202,1
ACC_001199,RING_00076,8,0,0,0,7,0.2,1.0,310.09,1.0,1.0,0.8795,0.0889,0.7758,0.9388,0.8202,1
ACC_001200,RING_00076,8,0,0,0,7,0.2,1.0,310.09,1.0,1.0,0.8795,0.0889,0.7758,0.9388,0.8202,1
ACC_001201,RING_00076,8,0,0,0,7,0.2,1.0,310.09,1.0,1.0,0.8795,0.0889,0.7758,0.9388,0.8202,1
ACC_001202,RING_00076,8,0,0,0,7,0.2,1.0,310.09,1.0,1.0,0.8795,0.0889,0.7758,0.9388,0.8202,1
ACC_001203,RING_00076,8,0,0,0,7,0.2,1.0,310.09,1.0,1.0,0.8795,0.0889,0.7758,0.9388,0.8202,1
ACC_001204,RING_00076,8,0,0,0,7,0.2,1.0,310.09,1.0,1.0,0.8795,0.0889,0.7758,0.9388,0.8202,1
ACC_001205,RING_00076,8,0,0,0,7,0.2,1.0,310.09,1.0,1.0,0.8795,0.0889,0.7758,0.9388,0.8202,1
ACC_001206,RING_00077,60,0,59,0,0,0.1,1.0,8602.04,1.0,1.0,0.79,0.0047,0.044,0.909,0.671,0
ACC_001207,RING_00077,60,0,59,0,0,0.1,1.0,8602.04,1.0,1.0,0.79,0.0047,0.044,0.909,0.671,0
ACC_001208,RING_00077,60,0,59,0,0,0.1,1.0,8602.04,1.0,1.0,0.79,0.0047,0.044,0.909,0.671,0
ACC_001209,RING_00077,60,0,59,0,0,0.1,1.0,8602.04,1.0,1.0,0.79,0.0047,0.044,0.909,0.671,0
ACC_001210,RING_00077,60,0,59,0,0,0.1,1.0,8602.04,1.0,1.0,0.79,0.0047,0.044,0.909,0.671,0
ACC_001211,RING_00077,60,0,59,0,0,0.1,1.0,8602.04,1.0,1.0,0.79,0.0047,0.044,0.909,0.671,0
ACC_001212,RING_00077,60,0,59,0,0,0.1,1.0,8602.04,1.0,1.0,0.79,0.0047,0.044,0.909,0.671,0
ACC_001213,RING_00077,60,0,59,0,0,0.1,1.0,8602.04,1.0,1.0,0.79,0.0047,0.044,0.909,0.671,0
ACC_001214,RING_00077,60,0,59,0,0,0.1,1.0,8602.04,1.0,1.0,0.79,0.0047,0.044,0.909,0.671,0
ACC_001215,RING_00077,60,0,59,0,0,0.1,1.0,8602.04,1.0,1.0,0.79,0.0047,0.044,0.909,0.671,0
ACC_001216,RING_00077,60,0,59,0,0,0.1,1.0,8602.04,1.0,1.0,0.79,0.0047,0.044,0.909,0.671,0
ACC_001217,RING_00077,60,0,59,0,0,0.1,1.0,8602.04,1.0,1.0,0.79,0.0047,0.044,0.909,0.671,0
ACC_001218,RING_00077,60,0,59,0,0,0.1,1.0,8602.04,1.0,1.0,0.79,0.0047,0.044,0.909,0.671,0
ACC_001219,RING_00077,60,0,59,0,0,0.1,1.0,8602.04,1.0,1.0,0.79,0.0047,0.044,0.909,0.671,0
ACC_001220,RING_00077,60,0,59,0,0,0.1,1.0,8602.04,1.0,1.0,0.79,0.0047,0.044,0.909,0.671,0
ACC_001221,RING_00077,60,0,59,0,0,0.1,1.0,8602.04,1.0,1.0,0.79,0.0047,0.044,0.909,0.671,0
ACC_001222,RING_00077,60,0,59,0,0,0.1,1.0,8602.04,1.0,1.0,0.79,0.0047,0.044,0.909,0.671,0
ACC_001223,RING_00077,60,0,59,0,0,0.1,1.0,8602.04,1.0,1.0,0.79,0.0047,0.044,0.909,0.671,0
ACC_001224,RING_00077,60,0,59,0,0,0.1,1.0,8602.04,1.0,1.0,0.79,0.0047,0.044,0.909,0.671,0
ACC_001225,RING_00077,60,0,59,0,0,0.1,1.0,8602.04,1.0,1.0,0.79,0.0047,0.044,0.909,0.671,0
ACC_001226,RING_00077,60,0,59,0,0,0.1,1.0,8602.04,1.0,1.0,0.79,0.0047,0.044,0.909,0.671,0
ACC_001227,RING_00077,60,0,59,0,0,0.1,1.0,8602.04,1.0,1.0,0.79,0.0047,0.044,0.909,0.671,0
ACC_001228,RING_00077,60,0,59,0,0,0.1,1.0,8602.04,1.0,1.0,0.79,0.0047,0.044,0.909,0.671,0
ACC_001229,RING_00077,60,0,59,0,0,0.1,1.0,8602.04,1.0,1.0,0.79,0.0047,0.044,0.909,0.671,0
ACC_001230,RING_00077,60,0,59,0,0,0.1,1.0,8602.04,1.0,1.0,0.79,0.0047,0.044,0.909,0.671,0
ACC_001231,RING_00077,60,0,59,0,0,0.1,1.0,8602.04,1.0,1.0,0.79,0.0047,0.044,0.909,0.671,0
ACC_001232,RING_00077,60,0,59,0,0,0.1,1.0,8602.04,1.0,1.0,0.79,0.0047,0.044,0.909,0.671,0
ACC_001233,RING_00077,60,0,59,0,0,0.1,1.0,8602.04,1.0,1.0,0.79,0.0047,0.044,0.909,0.671,0
ACC_001234,RING_00077,60,0,59,0,0,0.1,1.0,8602.04,1.0,1.0,0.79,0.0047,0.044,0.909,0.671,0
ACC_001235,RING_00077,60,0,59,0,0,0.1,1.0,8602.04,1.0,1.0,0.79,0.0047,0.044,0.909,0.671,0
ACC_001236,RING_00077,60,0,59,0,0,0.1,1.0,8602.04,1.0,1.0,0.79,0.0047,0.044,0.909,0.671,0
ACC_001237,RING_00077,60,0,59,0,0,0.1,1.0,8602.04,1.0,1.0,0.79,0.0047,0.044,0.909,0.671,0
ACC_001238,RING_00077,60,0,59,0,0,0.1,1.0,8602.04,1.0,1.0,0.79,0.0047,0.044,0.909,0.671,0
ACC_001239,RING_00077,60,0,59,0,0,0.1,1.0,8602.04,1.0,1.0,0.79,0.0047,0.044,0.909,0.671,0
ACC_001240,RING_00077,60,0,59,0,0,0.1,1.0,8602.04,1.0,1.0,0.79,0.0047,0.044,0.909,0.671,0
ACC_001241,RING_00077,60,0,59,0,0,0.1,1.0,8602.04,1.0,1.0,0.79,0.0047,0.044,0.909,0.671,0
ACC_001242,RING_00077,60,0,59,0,0,0.1,1.0,8602.04,1.0,1.0,0.79,0.0047,0.044,0.909,0.671,0
ACC_001243,RING_00077,60,0,59,0,0,0.1,1.0,8602.04,1.0,1.0,0.79,0.0047,0.044,0.909,0.671,0
ACC_001244,RING_00077,60,0,59,0,0,0.1,1.0,8602.04,1.0,1.0,0.79,0.0047,0.044,0.909,0.671,0
ACC_001245,RING_00077,60,0,59,0,0,0.1,1.0,8602.04,1.0,1.0,0.79,0.0047,0.044,0.909,0.671,0
ACC_001246,RING_00077,60,0,59,0,0,0.1,1.0,8602.04,1.0,1.0,0.79,0.0047,0.044,0.909,0.671,0
ACC_001247,RING_00077,60,0,59,0,0,0.1,1.0,8602.04,1.0,1.0,0.79,0.0047,0.044,0.909,0.671,0
ACC_001248,RING_00077,60,0,59,0,0,0.1,1.0,8602.04,1.0,1.0,0.79,0.0047,0.044,0.909,0.671,0
ACC_001249,RING_00077,60,0,59,0,0,0.1,1.0,8602.04,1.0,1.0,0.79,0.0047,0.044,0.909,0.671,0
ACC_001250,RING_00077,60,0,59,0,0,0.1,1.0,8602.04,1.0,1.0,0.79,0.0047,0.044,0.909,0.671,0
ACC_001251,RING_00077,60,0,59,0,0,0.1,1.0,8602.04,1.0,1.0,0.79,0.0047,0.044,0.909,0.671,0
ACC_001252,RING_00077,60,0,59,0,0,0.1,1.0,8602.04,1.0,1.0,0.79,0.0047,0.044,0.909,0.671,0
ACC_001253,RING_00077,60,0,59,0,0,0.1,1.0,8602.04,1.0,1.0,0.79,0.0047,0.044,0.909,0.671,0
ACC_001254,RING_00077,60,0,59,0,0,0.1,1.0,8602.04,1.0,1.0,0.79,0.0047,0.044,0.909,0.671,0
ACC_001255,RING_00077,60,0,59,0,0,0.1,1.0,8602.04,1.0,1.0,0.79,0.0047,0.044,0.909,0.671,0
ACC_001256,RING_00077,60,0,59,0,0,0.1,1.0,8602.04,1.0,1.0,0.79,0.0047,0.044,0.909,0.671,0
ACC_001257,RING_00077,60,0,59,0,0,0.1,1.0,8602.04,1.0,1.0,0.79,0.0047,0.044,0.909,0.671,0
ACC_001258,RING_00077,60,0,59,0,0,0.1,1.0,8602.04,1.0,1.0,0.79,0.0047,0.044,0.909,0.671,0
ACC_001259,RING_00077,60,0,59,0,0,0.1,1.0,8602.04,1.0,1.0,0.79,0.0047,0.044,0.909,0.671,0
ACC_001260,RING_00077,60,0,59,0,0,0.1,1.0,8602.04,1.0,1.0,0.79,0.0047,0.044,0.909,0.671,0
ACC_001261,RING_00077,60,0,59,0,0,0.1,1.0,8602.04,1.0,1.0,0.79,0.0047,0.044,0.909,0.671,0
ACC_001262,RING_00077,60,0,59,0,0,0.1,1.0,8602.04,1.0,1.0,0.79,0.0047,0.044,0.909,0.671,0
ACC_001263,RING_00077,60,0,59,0,0,0.1,1.0,8602.04,1.0,1.0,0.79,0.0047,0.044,0.909,0.671,0
ACC_001264,RING_00077,60,0,59,0,0,0.1,1.0,8602.04,1.0,1.0,0.79,0.0047,0.044,0.909,0.671,0
ACC_001265,RING_00077,60,0,59,0,0,0.1,1.0,8602.04,1.0,1.0,0.79,0.0047,0.044,0.909,0.671,0
ACC_001266,RING_00078,4,0,0,3,0,0.4,1.0,4459.53,0.25,4.0,0.7642,0.0072,0.0361,0.8919,0.6365,0
ACC_001267,RING_00078,4,0,0,3,0,0.4,1.0,4459.53,0.25,4.0,0.7642,0.0072,0.0361,0.8919,0.6365,0
ACC_001268,RING_00078,4,0,0,3,0,0.4,1.0,4459.53,0.25,4.0,0.7642,0.0072,0.0361,0.8919,0.6365,0
ACC_001269,RING_00078,4,0,0,3,0,0.4,1.0,4459.53,0.25,4.0,0.7642,0.0072,0.0361,0.8919,0.6365,0
ACC_001270,RING_00079,1,0,0,0,0,0.0,0.0,0.0,1.0,1.0,1.0,0.1071,0.0623,1.0,1.0,0
ACC_001271,RING_00080,30,0,29,0,0,0.1,1.0,8508.1,1.0,1.0,0.8132,0.0046,0.0422,0.9142,0.7121,0
ACC_001272,RING_00080,30,0,29,0,0,0.1,1.0,8508.1,1.0,1.0,0.8132,0.0046,0.0422,0.9142,0.7121,0
ACC_001273,RING_00080,30,0,29,0,0,0.1,1.0,8508.1,1.0,1.0,0.8132,0.0046,0.0422,0.9142,0.7121,0
ACC_001274,RING_00080,30,0,29,0,0,0.1,1.0,8508.1,1.0,1.0,0.8132,0.0046,0.0422,0.9142,0.7121,0
ACC_001275,RING_00080,30,0,29,0,0,0.1,1.0,8508.1,1.0,1.0,0.8132,0.0046,0.0422,0.9142,0.7121,0
ACC_001276,RING_00080,30,0,29,0,0,0.1,1.0,8508.1,1.0,1.0,0.8132,0.0046,0.0422,0.9142,0.7121,0
ACC_001277,RING_00080,30,0,29,0,0,0.1,1.0,8508.1,1.0,1.0,0.8132,0.0046,0.0422,0.9142,0.7121,0
ACC_001278,RING_00080,30,0,29,0,0,0.1,1.0,8508.1,1.0,1.0,0.8132,0.0046,0.0422,0.9142,0.7121,0
ACC_001279,RING_00080,30,0,29,0,0,0.1,1.0,8508.1,1.0,1.0,0.8132,0.0046,0.0422,0.9142,0.7121,0
ACC_001280,RING_00080,30,0,29,0,0,0.1,1.0,8508.1,1.0,1.0,0.8132,0.0046,0.0422,0.9142,0.7121,0
ACC_001281,RING_00080,30,0,29,0,0,0.1,1.0,8508.1,1.0,1.0,0.8132,0.0046,0.0422,0.9142,0.7121,0
ACC_001282,RING_00080,30,0,29,0,0,0.1,1.0,8508.1,1.0,1.0,0.8132,0.0046,0.0422,0.9142,0.7121,0
ACC_001283,RING_00080,30,0,29,0,0,0.1,1.0,8508.1,1.0,1.0,0.8132,0.0046,0.0422,0.9142,0.7121,0
ACC_001284,RING_00080,30,0,29,0,0,0.1,1.0,8508.1,1.0,1.0,0.8132,0.0046,0.0422,0.9142,0.7121,0
ACC_001285,RING_00080,30,0,29,0,0,0.1,1.0,8508.1,1.0,1.0,0.8132,0.0046,0.0422,0.9142,0.7121,0
ACC_001286,RING_00080,30,0,29,0,0,0.1,1.0,8508.1,1.0,1.0,0.8132,0.0046,0.0422,0.9142,0.7121,0
ACC_001287,RING_00080,30,0,29,0,0,0.1,1.0,8508.1,1.0,1.0,0.8132,0.0046,0.0422,0.9142,0.7121,0
ACC_001288,RING_00080,30,0,29,0,0,0.1,1.0,8508.1,1.0,1.0,0.8132,0.0046,0.0422,0.9142,0.7121,0
ACC_001289,RING_00080,30,0,29,0,0,0.1,1.0,8508.1,1.0,1.0,0.8132,0.0046,0.0422,0.9142,0.7121,0
ACC_001290,RING_00080,30,0,29,0,0,0.1,1.0,8508.1,1.0,1.0,0.8132,0.0046,0.0422,0.9142,0.7121,0
ACC_001291,RING_00080,30,0,29,0,0,0.1,1.0,8508.1,1.0,1.0,0.8132,0.0046,0.0422,0.9142,0.7121,0
ACC_001292,RING_00080,30,0,29,0,0,0.1,1.0,8508.1,1.0,1.0,0.8132,0.0046,0.0422,0.9142,0.7121,0
ACC_001293,RING_00080,30,0,29,0,0,0.1,1.0,8508.1,1.0,1.0,0.8132,0.0046,0.0422,0.9142,0.7121,0
ACC_001294,RING_00080,30,0,29,0,0,0.1,1.0,8508.1,1.0,1.0,0.8132,0.0046,0.0422,0.9142,0.7121,0
ACC_001295,RING_00080,30,0,29,0,0,0.1,1.0,8508.1,1.0,1.0,0.8132,0.0046,0.0422,0.9142,0.7121,0
ACC_001296,RING_00080,30,0,29,0,0,0.1,1.0,8508.1,1.0,1.0,0.8132,0.0046,0.0422,0.9142,0.7121,0
ACC_001297,RING_00080,30,0,29,0,0,0.1,1.0,8508.1,1.0,1.0,0.8132,0.0046,0.0422,0.9142,0.7121,0
ACC_001298,RING_00080,30,0,29,0,0,0.1,1.0,8508.1,1.0,1.0,0.8132,0.0046,0.0422,0.9142,0.7121,0
ACC_001299,RING_00080,30,0,29,0,0,0.1,1.0,8508.1,1.0,1.0,0.8132,0.0046,0.0422,0.9142,0.7121,0
ACC_001300,RING_00080,30,0,29,0,0,0.1,1.0,8508.1,1.0,1.0,0.8132,0.0046,0.0422,0.9142,0.7121,0
ACC_001301,RING_00081,10,9,0,0,0,0.3,1.0,5808.17,10.0,1.0,0.8189,0.0067,0.0467,0.9436,0.6942,0
ACC_001302,RING_00081,10,9,0,0,0,0.3,1.0,5808.17,10.0,1.0,0.8189,0.0067,0.0467,0.9436,0.6942,0
ACC_001303,RING_00081,10,9,0,0,0,0.3,1.0,5808.17,10.0,1.0,0.8189,0.0067,0.0467,0.9436,0.6942,0
ACC_001304,RING_00081,10,9,0,0,0,0.3,1.0,5808.17,10.0,1.0,0.8189,0.0067,0.0467,0.9436,0.6942,0
ACC_001305,RING_00081,10,9,0,0,0,0.3,1.0,5808.17,10.0,1.0,0.8189,0.0067,0.0467,0.9436,0.6942,0
ACC_001306,RING_00081,10,9,0,0,0,0.3,1.0,5808.17,10.0,1.0,0.8189,0.0067,0.0467,0.9436,0.6942,0
ACC_001307,RING_00081,10,9,0,0,0,0.3,1.0,5808.17,10.0,1.0,0.8189,0.0067,0.0467,0.9436,0.6942,0
ACC_001308,RING_00081,10,9,0,0,0,0.3,1.0,5808.17,10.0,1.0,0.8189,0.0067,0.0467,0.9436,0.6942,0
ACC_001309,RING_00081,10,9,0,0,0,0.3,1.0,5808.17,10.0,1.0,0.8189,0.0067,0.0467,0.9436,0.6942,0
ACC_001310,RING_00081,10,9,0,0,0,0.3,1.0,5808.17,10.0,1.0,0.8189,0.0067,0.0467,0.9436,0.6942,0
ACC_001311,RING_00082,35,34,34,0,0,0.4,1.0,0.7,35.0,1.0,0.8254,0.9844,0.8889,1.0,0.6507,1
ACC_001312,RING_00082,35,34,34,0,1,0.4059,1.0,0.7,35.0,1.0,0.8254,0.9844,0.8889,1.0,0.6507,1
ACC_001313,RING_00082,35,34,34,0,2,0.4118,1.0,0.7,35.0,1.0,0.8254,0.9844,0.8889,1.0,0.6507,1
ACC_001314,RING_00082,35,34,34,0,0,0.4,1.0,0.7,35.0,1.0,0.8254,0.9844,0.8889,1.0,0.6507,1
ACC_001315,RING_00082,35,34,34,0,2,0.4118,1.0,0.7,35.0,1.0,0.8254,0.9844,0.8889,1.0,0.6507,1
ACC_001316,RING_00082,35,34,34,0,2,0.4118,1.0,0.7,35.0,1.0,0.8254,0.9844,0.8889,1.0,0.6507,1
ACC_001317,RING_00082,35,34,34,0,1,0.4059,1.0,0.7,35.0,1.0,0.8254,0.9844,0.8889,1.0,0.6507,1
ACC_001318,RING_00082,35,34,34,0,2,0.4118,1.0,0.7,35.0,1.0,0.8254,0.9844,0.8889,1.0,0.6507,1
ACC_001319,RING_00082,35,34,34,0,2,0.4118,1.0,0.7,35.0,1.0,0.8254,0.9844,0.8889,1.0,0.6507,1
ACC_001320,RING_00082,35,34,34,0,2,0.4118,1.0,0.7,35.0,1.0,0.8254,0.9844,0.8889,1.0,0.6507,1
ACC_001321,RING_00082,35,34,34,0,2,0.4118,1.0,0.7,35.0,1.0,0.8254,0.9844,0.8889,1.0,0.6507,1
ACC_001322,RING_00082,35,34,34,0,2,0.4118,1.0,0.7,35.0,1.0,0.8254,0.9844,0.8889,1.0,0.6507,1
ACC_001323,RING_00082,35,34,34,0,2,0.4118,1.0,0.7,35.0,1.0,0.8254,0.9844,0.8889,1.0,0.6507,1
ACC_001324,RING_00082,35,34,34,0,2,0.4118,1.0,0.7,35.0,1.0,0.8254,0.9844,0.8889,1.0,0.6507,1
ACC_001325,RING_00082,35,34,34,0,2,0.4118,1.0,0.7,35.0,1.0,0.8254,0.9844,0.8889,1.0,0.6507,1
ACC_001326,RING_00082,35,34,34,0,2,0.4118,1.0,0.7,35.0,1.0,0.8254,0.9844,0.8889,1.0,0.6507,1
ACC_001327,RING_00082,35,34,34,0,2,0.4118,1.0,0.7,35.0,1.0,0.8254,0.9844,0.8889,1.0,0.6507,1
ACC_001328,RING_00082,35,34,34,0,2,0.4118,1.0,0.7,35.0,1.0,0.8254,0.9844,0.8889,1.0,0.6507,1
ACC_001329,RING_00082,35,34,34,0,2,0.4118,1.0,0.7,35.0,1.0,0.8254,0.9844,0.8889,1.0,0.6507,1
ACC_001330,RING_00082,35,34,34,0,2,0.4118,1.0,0.7,35.0,1.0,0.8254,0.9844,0.8889,1.0,0.6507,1
ACC_001331,RING_00082,35,34,34,0,2,0.4118,1.0,0.7,35.0,1.0,0.8254,0.9844,0.8889,1.0,0.6507,1
ACC_001332,RING_00082,35,34,34,0,2,0.4118,1.0,0.7,35.0,1.0,0.8254,0.9844,0.8889,1.0,0.6507,1
ACC_001333,RING_00082,35,34,34,0,2,0.4118,1.0,0.7,35.0,1.0,0.8254,0.9844,0.8889,1.0,0.6507,1
ACC_001334,RING_00082,35,34,34,0,2,0.4118,1.0,0.7,35.0,1.0,0.8254,0.9844,0.8889,1.0,0.6507,1
ACC_001335,RING_00082,35,34,34,0,2,0.4118,1.0,0.7,35.0,1.0,0.8254,0.9844,0.8889,1.0,0.6507,1
ACC_001336,RING_00082,35,34,34,0,2,0.4118,1.0,0.7,35.0,1.0,0.8254,0.9844,0.8889,1.0,0.6507,1
ACC_001337,RING_00082,35,34,34,0,2,0.4118,1.0,0.7,35.0,1.0,0.8254,0.9844,0.8889,1.0,0.6507,1
ACC_001338,RING_00082,35,34,34,0,2,0.4118,1.0,0.7,35.0,1.0,0.8254,0.9844,0.8889,1.0,0.6507,1
ACC_001339,RING_00082,35,34,34,0,2,0.4118,1.0,0.7,35.0,1.0,0.8254,0.9844,0.8889,1.0,0.6507,1
ACC_001340,RING_00082,35,34,34,0,1,0.4059,1.0,0.7,35.0,1.0,0.8254,0.9844,0.8889,1.0,0.6507,1
ACC_001341,RING_00082,35,34,34,0,2,0.4118,1.0,0.7,35.0,1.0,0.8254,0.9844,0.8889,1.0,0.6507,1
ACC_001342,RING_00082,35,34,34,0,1,0.4059,1.0,0.7,35.0,1.0,0.8254,0.9844,0.8889,1.0,0.6507,1
ACC_001343,RING_00082,35,34,34,0,1,0.4059,1.0,0.7,35.0,1.0,0.8254,0.9844,0.8889,1.0,0.6507,1
ACC_001344,RING_00082,35,34,34,0,2,0.4118,1.0,0.7,35.0,1.0,0.8254,0.9844,0.8889,1.0,0.6507,1
ACC_001345,RING_00082,35,34,34,0,1,0.4059,1.0,0.7,35.0,1.0,0.8254,0.9844,0.8889,1.0,0.6507,1
ACC_001346,RING_00083,22,0,0,21,0,0.4,1.0,8331.43,0.0455,22.0,0.7845,0.0047,0.0425,0.9061,0.6629,0
ACC_001347,RING_00083,22,0,0,21,0,0.4,1.0,8331.43,0.0455,22.0,0.7845,0.0047,0.0425,0.9061,0.6629,0
ACC_001348,RING_00083,22,0,0,21,0,0.4,1.0,8331.43,0.0455,22.0,0.7845,0.0047,0.0425,0.9061,0.6629,0
ACC_001349,RING_00083,22,0,0,21,0,0.4,1.0,8331.43,0.0455,22.0,0.7845,0.0047,0.0425,0.9061,0.6629,0
ACC_001350,RING_00083,22,0,0,21,0,0.4,1.0,8331.43,0.0455,22.0,0.7845,0.0047,0.0425,0.9061,0.6629,0
ACC_001351,RING_00083,22,0,0,21,0,0.4,1.0,8331.43,0.0455,22.0,0.7845,0.0047,0.0425,0.9061,0.6629,0
ACC_001352,RING_00083,22,0,0,21,0,0.4,1.0,8331.43,0.0455,22.0,0.7845,0.0047,0.0425,0.9061,0.6629,0
ACC_001353,RING_00083,22,0,0,21,0,0.4,1.0,8331.43,0.0455,22.0,0.7845,0.0047,0.0425,0.9061,0.6629,0
ACC_001354,RING_00083,22,0,0,21,0,0.4,1.0,8331.43,0.0455,22.0,0.7845,0.0047,0.0425,0.9061,0.6629,0
ACC_001355,RING_00083,22,0,0,21,0,0.4,1.0,8331.43,0.0455,22.0,0.7845,0.0047,0.0425,0.9061,0.6629,0
ACC_001356,RING_00083,22,0,0,21,0,0.4,1.0,8331.43,0.0455,22.0,0.7845,0.0047,0.0425,0.9061,0.6629,0
ACC_001357,RING_00083,22,0,0,21,0,0.4,1.0,8331.43,0.0455,22.0,0.7845,0.0047,0.0425,0.9061,0.6629,0
ACC_001358,RING_00083,22,0,0,21,0,0.4,1.0,8331.43,0.0455,22.0,0.7845,0.0047,0.0425,0.9061,0.6629,0
ACC_001359,RING_00083,22,0,0,21,0,0.4,1.0,8331.43,0.0455,22.0,0.7845,0.0047,0.0425,0.9061,0.6629,0
ACC_001360,RING_00083,22,0,0,21,0,0.4,1.0,8331.43,0.0455,22.0,0.7845,0.0047,0.0425,0.9061,0.6629,0
ACC_001361,RING_00083,22,0,0,21,0,0.4,1.0,8331.43,0.0455,22.0,0.7845,0.0047,0.0425,0.9061,0.6629,0
ACC_001362,RING_00083,22,0,0,21,0,0.4,1.0,8331.43,0.0455,22.0,0.7845,0.0047,0.0425,0.9061,0.6629,0
ACC_001363,RING_00083,22,0,0,21,0,0.4,1.0,8331.43,0.0455,22.0,0.7845,0.0047,0.0425,0.9061,0.6629,0
ACC_001364,RING_00083,22,0,0,21,0,0.4,1.0,8331.43,0.0455,22.0,0.7845,0.0047,0.0425,0.9061,0.6629,0
ACC_001365,RING_00083,22,0,0,21,0,0.4,1.0,8331.43,0.0455,22.0,0.7845,0.0047,0.0425,0.9061,0.6629,0
ACC_001366,RING_00083,22,0,0,21,0,0.4,1.0,8331.43,0.0455,22.0,0.7845,0.0047,0.0425,0.9061,0.6629,0
ACC_001367,RING_00083,22,0,0,21,0,0.4,1.0,8331.43,0.0455,22.0,0.7845,0.0047,0.0425,0.9061,0.6629,0
ACC_001368,RING_00084,1,0,0,0,0,0.0,0.0,0.0,1.0,1.0,1.0,0.1071,0.0875,1.0,1.0,0
ACC_001369,RING_00085,4,0,0,3,3,0.6,1.0,5486.95,0.25,4.0,0.8004,0.0054,0.0245,0.9011,0.6998,0
ACC_001370,RING_00085,4,0,0,3,3,0.6,1.0,5486.95,0.25,4.0,0.8004,0.0054,0.0245,0.9011,0.6998,0
ACC_001371,RING_00085,4,0,0,3,3,0.6,1.0,5486.95,0.25,4.0,0.8004,0.0054,0.0245,0.9011,0.6998,0
ACC_001372,RING_00085,4,0,0,3,3,0.6,1.0,5486.95,0.25,4.0,0.8004,0.0054,0.0245,0.9011,0.6998,0
ACC_001373,RING_00086,1,0,0,0,0,0.0,0.0,0.0,1.0,1.0,1.0,0.1071,0.0798,1.0,1.0,0
ACC_001374,RING_00087,1,0,0,0,0,0.0,0.0,0.0,1.0,1.0,1.0,0.1071,0.0176,1.0,1.0,0
ACC_001375,RING_00088,23,22,22,0,0,0.4,1.0,0.56,23.0,1.0,0.8041,0.9844,0.899,1.0,0.6083,1
ACC_001376,RING_00088,23,22,22,0,1,0.4091,1.0,0.56,23.0,1.0,0.8041,0.9844,0.899,1.0,0.6083,1
ACC_001377,RING_00088,23,22,22,0,2,0.4182,1.0,0.56,23.0,1.0,0.8041,0.9844,0.899,1.0,0.6083,1
ACC_001378,RING_00088,23,22,22,0,0,0.4,1.0,0.56,23.0,1.0,0.8041,0.9844,0.899,1.0,0.6083,1
ACC_001379,RING_00088,23,22,22,0,2,0.4182,1.0,0.56,23.0,1.0,0.8041,0.9844,0.899,1.0,0.6083,1
ACC_001380,RING_00088,23,22,22,0,2,0.4182,1.0,0.56,23.0,1.0,0.8041,0.9844,0.899,1.0,0.6083,1
ACC_001381,RING_00088,23,22,22,0,1,0.4091,1.0,0.56,23.0,1.0,0.8041,0.9844,0.899,1.0,0.6083,1
ACC_001382,RING_00088,23,22,22,0,2,0.4182,1.0,0.56,23.0,1.0,0.8041,0.9844,0.899,1.0,0.6083,1
ACC_001383,RING_00088,23,22,22,0,2,0.4182,1.0,0.56,23.0,1.0,0.8041,0.9844,0.899,1.0,0.6083,1
ACC_001384,RING_00088,23,22,22,0,2,0.4182,1.0,0.56,23.0,1.0,0.8041,0.9844,0.899,1.0,0.6083,1
ACC_001385,RING_00088,23,22,22,0,2,0.4182,1.0,0.56,23.0,1.0,0.8041,0.9844,0.899,1.0,0.6083,1
ACC_001386,RING_00088,23,22,22,0,2,0.4182,1.0,0.56,23.0,1.0,0.8041,0.9844,0.899,1.0,0.6083,1
ACC_001387,RING_00088,23,22,22,0,2,0.4182,1.0,0.56,23.0,1.0,0.8041,0.9844,0.899,1.0,0.6083,1
ACC_001388,RING_00088,23,22,22,0,2,0.4182,1.0,0.56,23.0,1.0,0.8041,0.9844,0.899,1.0,0.6083,1
ACC_001389,RING_00088,23,22,22,0,2,0.4182,1.0,0.56,23.0,1.0,0.8041,0.9844,0.899,1.0,0.6083,1
ACC_001390,RING_00088,23,22,22,0,2,0.4182,1.0,0.56,23.0,1.0,0.8041,0.9844,0.899,1.0,0.6083,1
ACC_001391,RING_00088,23,22,22,0,2,0.4182,1.0,0.56,23.0,1.0,0.8041,0.9844,0.899,1.0,0.6083,1
ACC_001392,RING_00088,23,22,22,0,1,0.4091,1.0,0.56,23.0,1.0,0.8041,0.9844,0.899,1.0,0.6083,1
ACC_001393,RING_00088,23,22,22,0,2,0.4182,1.0,0.56,23.0,1.0,0.8041,0.9844,0.899,1.0,0.6083,1
ACC_001394,RING_00088,23,22,22,0,1,0.4091,1.0,0.56,23.0,1.0,0.8041,0.9844,0.899,1.0,0.6083,1
ACC_001395,RING_00088,23,22,22,0,1,0.4091,1.0,0.56,23.0,1.0,0.8041,0.9844,0.899,1.0,0.6083,1
ACC_001396,RING_00088,23,22,22,0,2,0.4182,1.0,0.56,23.0,1.0,0.8041,0.9844,0.899,1.0,0.6083,1
ACC_001397,RING_00088,23,22,22,0,1,0.4091,1.0,0.56,23.0,1.0,0.8041,0.9844,0.899,1.0,0.6083,1
ACC_001398,RING_00089,4,0,0,3,3,0.6,1.0,9631.77,0.25,4.0,0.7893,0.0031,0.018,0.8898,0.6888,0
ACC_001399,RING_00089,4,0,0,3,3,0.6,1.0,9631.77,0.25,4.0,0.7893,0.0031,0.018,0.8898,0.6888,0
ACC_001400,RING_00089,4,0,0,3,3,0.6,1.0,9631.77,0.25,4.0,0.7893,0.0031,0.018,0.8898,0.6888,0
ACC_001401,RING_00089,4,0,0,3,3,0.6,1.0,9631.77,0.25,4.0,0.7893,0.0031,0.018,0.8898,0.6888,0
ACC_001402,RING_00090,7,0,0,6,0,0.4,1.0,6160.78,0.1429,7.0,0.7766,0.0061,0.0497,0.9147,0.6386,0
ACC_001403,RING_00090,7,0,0,6,0,0.4,1.0,6160.78,0.1429,7.0,0.7766,0.0061,0.0497,0.9147,0.6386,0
ACC_001404,RING_00090,7,0,0,6,0,0.4,1.0,6160.78,0.1429,7.0,0.7766,0.0061,0.0497,0.9147,0.6386,0
ACC_001405,RING_00090,7,0,0,6,0,0.4,1.0,6160.78,0.1429,7.0,0.7766,0.0061,0.0497,0.9147,0.6386,0
ACC_001406,RING_00090,7,0,0,6,0,0.4,1.0,6160.78,0.1429,7.0,0.7766,0.0061,0.0497,0.9147,0.6386,0
ACC_001407,RING_00090,7,0,0,6,0,0.4,1.0,6160.78,0.1429,7.0,0.7766,0.0061,0.0497,0.9147,0.6386,0
ACC_001408,RING_00090,7,0,0,6,0,0.4,1.0,6160.78,0.1429,7.0,0.7766,0.0061,0.0497,0.9147,0.6386,0
ACC_001409,RING_00091,14,13,13,13,13,1.0,1.0,0.39,1.0,14.0,0.9922,0.9898,0.8576,1.0,0.9845,1
ACC_001410,RING_00091,14,13,13,13,13,1.0,1.0,0.39,1.0,14.0,0.9922,0.9898,0.8576,1.0,0.9845,1
ACC_001411,RING_00091,14,13,13,13,13,1.0,1.0,0.39,1.0,14.0,0.9922,0.9898,0.8576,1.0,0.9845,1
ACC_001412,RING_00091,14,13,13,13,13,1.0,1.0,0.39,1.0,14.0,0.9922,0.9898,0.8576,1.0,0.9845,1
ACC_001413,RING_00091,14,13,13,13,13,1.0,1.0,0.39,1.0,14.0,0.9922,0.9898,0.8576,1.0,0.9845,1
ACC_001414,RING_00091,14,13,13,13,13,1.0,1.0,0.39,1.0,14.0,0.9922,0.9898,0.8576,1.0,0.9845,1
ACC_001415,RING_00091,14,13,13,13,13,1.0,1.0,0.39,1.0,14.0,0.9922,0.9898,0.8576,1.0,0.9845,1
ACC_001416,RING_00091,14,13,13,13,13,1.0,1.0,0.39,1.0,14.0,0.9922,0.9898,0.8576,1.0,0.9845,1
ACC_001417,RING_00091,14,13,13,13,13,1.0,1.0,0.39,1.0,14.0,0.9922,0.9898,0.8576,1.0,0.9845,1
ACC_001418,RING_00091,14,13,13,13,13,1.0,1.0,0.39,1.0,14.0,0.9922,0.9898,0.8576,1.0,0.9845,1
ACC_001419,RING_00091,14,13,13,13,13,1.0,1.0,0.39,1.0,14.0,0.9922,0.9898,0.8576,1.0,0.9845,1
ACC_001420,RING_00091,14,13,13,13,13,1.0,1.0,0.39,1.0,14.0,0.9922,0.9898,0.8576,1.0,0.9845,1
ACC_001421,RING_00091,14,13,13,13,13,1.0,1.0,0.39,1.0,14.0,0.9922,0.9898,0.8576,1.0,0.9845,1
ACC_001422,RING_00091,14,13,13,13,13,1.0,1.0,0.39,1.0,14.0,0.9922,0.9898,0.8576,1.0,0.9845,1
ACC_001423,RING_00092,7,0,0,6,0,0.4,1.0,7585.78,0.1429,7.0,0.8134,0.0047,0.0561,0.9099,0.7168,0
ACC_001424,RING_00092,7,0,0,6,0,0.4,1.0,7585.78,0.1429,7.0,0.8134,0.0047,0.0561,0.9099,0.7168,0
ACC_001425,RING_00092,7,0,0,6,0,0.4,1.0,7585.78,0.1429,7.0,0.8134,0.0047,0.0561,0.9099,0.7168,0
ACC_001426,RING_00092,7,0,0,6,0,0.4,1.0,7585.78,0.1429,7.0,0.8134,0.0047,0.0561,0.9099,0.7168,0
ACC_001427,RING_00092,7,0,0,6,0,0.4,1.0,7585.78,0.1429,7.0,0.8134,0.0047,0.0561,0.9099,0.7168,0
ACC_001428,RING_00092,7,0,0,6,0,0.4,1.0,7585.78,0.1429,7.0,0.8134,0.0047,0.0561,0.9099,0.7168,0
ACC_001429,RING_00092,7,0,0,6,0,0.4,1.0,7585.78,0.1429,7.0,0.8134,0.0047,0.0561,0.9099,0.7168,0
ACC_001430,RING_00093,23,0,0,0,22,0.2,1.0,9173.33,1.0,1.0,0.8242,0.0046,0.0418,0.9274,0.721,0
ACC_001431,RING_00093,23,0,0,0,22,0.2,1.0,9173.33,1.0,1.0,0.8242,0.0046,0.0418,0.9274,0.721,0
ACC_001432,RING_00093,23,0,0,0,22,0.2,1.0,9173.33,1.0,1.0,0.8242,0.0046,0.0418,0.9274,0.721,0
ACC_001433,RING_00093,23,0,0,0,22,0.2,1.0,9173.33,1.0,1.0,0.8242,0.0046,0.0418,0.9274,0.721,0
ACC_001434,RING_00093,23,0,0,0,22,0.2,1.0,9173.33,1.0,1.0,0.8242,0.0046,0.0418,0.9274,0.721,0
ACC_001435,RING_00093,23,0,0,0,22,0.2,1.0,9173.33,1.0,1.0,0.8242,0.0046,0.0418,0.9274,0.721,0
ACC_001436,RING_00093,23,0,0,0,22,0.2,1.0,9173.33,1.0,1.0,0.8242,0.0046,0.0418,0.9274,0.721,0
ACC_001437,RING_00093,23,0,0,0,22,0.2,1.0,9173.33,1.0,1.0,0.8242,0.0046,0.0418,0.9274,0.721,0
ACC_001438,RING_00093,23,0,0,0,22,0.2,1.0,9173.33,1.0,1.0,0.8242,0.0046,0.0418,0.9274,0.721,0
ACC_001439,RING_00093,23,0,0,0,22,0.2,1.0,9173.33,1.0,1.0,0.8242,0.0046,0.0418,0.9274,0.721,0
ACC_001440,RING_00093,23,0,0,0,22,0.2,1.0,9173.33,1.0,1.0,0.8242,0.0046,0.0418,0.9274,0.721,0
ACC_001441,RING_00093,23,0,0,0,22,0.2,1.0,9173.33,1.0,1.0,0.8242,0.0046,0.0418,0.9274,0.721,0
ACC_001442,RING_00093,23,0,0,0,22,0.2,1.0,9173.33,1.0,1.0,0.8242,0.0046,0.0418,0.9274,0.721,0
ACC_001443,RING_00093,23,0,0,0,22,0.2,1.0,9173.33,1.0,1.0,0.8242,0.0046,0.0418,0.9274,0.721,0
ACC_001444,RING_00093,23,0,0,0,22,0.2,1.0,9173.33,1.0,1.0,0.8242,0.0046,0.0418,0.9274,0.721,0
ACC_001445,RING_00093,23,0,0,0,22,0.2,1.0,9173.33,1.0,1.0,0.8242,0.0046,0.0418,0.9274,0.721,0
ACC_001446,RING_00093,23,0,0,0,22,0.2,1.0,9173.33,1.0,1.0,0.8242,0.0046,0.0418,0.9274,0.721,0
ACC_001447,RING_00093,23,0,0,0,22,0.2,1.0,9173.33,1.0,1.0,0.8242,0.0046,0.0418,0.9274,0.721,0
ACC_001448,RING_00093,23,0,0,0,22,0.2,1.0,9173.33,1.0,1.0,0.8242,0.0046,0.0418,0.9274,0.721,0
ACC_001449,RING_00093,23,0,0,0,22,0.2,1.0,9173.33,1.0,1.0,0.8242,0.0046,0.0418,0.9274,0.721,0
ACC_001450,RING_00093,23,0,0,0,22,0.2,1.0,9173.33,1.0,1.0,0.8242,0.0046,0.0418,0.9274,0.721,0
ACC_001451,RING_00093,23,0,0,0,22,0.2,1.0,9173.33,1.0,1.0,0.8242,0.0046,0.0418,0.9274,0.721,0
ACC_001452,RING_00093,23,0,0,0,22,0.2,1.0,9173.33,1.0,1.0,0.8242,0.0046,0.0418,0.9274,0.721,0
ACC_001453,RING_00094,23,0,0,0,22,0.2,1.0,9504.95,1.0,1.0,0.8066,0.0036,0.0396,0.9325,0.6806,0
ACC_001454,RING_00094,23,0,0,0,22,0.2,1.0,9504.95,1.0,1.0,0.8066,0.0036,0.0396,0.9325,0.6806,0
ACC_001455,RING_00094,23,0,0,0,22,0.2,1.0,9504.95,1.0,1.0,0.8066,0.0036,0.0396,0.9325,0.6806,0
ACC_001456,RING_00094,23,0,0,0,22,0.2,1.0,9504.95,1.0,1.0,0.8066,0.0036,0.0396,0.9325,0.6806,0
ACC_001457,RING_00094,23,0,0,0,22,0.2,1.0,9504.95,1.0,1.0,0.8066,0.0036,0.0396,0.9325,0.6806,0
ACC_001458,RING_00094,23,0,0,0,22,0.2,1.0,9504.95,1.0,1.0,0.8066,0.0036,0.0396,0.9325,0.6806,0
ACC_001459,RING_00094,23,0,0,0,22,0.2,1.0,9504.95,1.0,1.0,0.8066,0.0036,0.0396,0.9325,0.6806,0
ACC_001460,RING_00094,23,0,0,0,22,0.2,1.0,9504.95,1.0,1.0,0.8066,0.0036,0.0396,0.9325,0.6806,0
ACC_001461,RING_00094,23,0,0,0,22,0.2,1.0,9504.95,1.0,1.0,0.8066,0.0036,0.0396,0.9325,0.6806,0
ACC_001462,RING_00094,23,0,0,0,22,0.2,1.0,9504.95,1.0,1.0,0.8066,0.0036,0.0396,0.9325,0.6806,0
ACC_001463,RING_00094,23,0,0,0,22,0.2,1.0,9504.95,1.0,1.0,0.8066,0.0036,0.0396,0.9325,0.6806,0
ACC_001464,RING_00094,23,0,0,0,22,0.2,1.0,9504.95,1.0,1.0,0.8066,0.0036,0.0396,0.9325,0.6806,0
ACC_001465,RING_00094,23,0,0,0,22,0.2,1.0,9504.95,1.0,1.0,0.8066,0.0036,0.0396,0.9325,0.6806,0
ACC_001466,RING_00094,23,0,0,0,22,0.2,1.0,9504.95,1.0,1.0,0.8066,0.0036,0.0396,0.9325,0.6806,0
ACC_001467,RING_00094,23,0,0,0,22,0.2,1.0,9504.95,1.0,1.0,0.8066,0.0036,0.0396,0.9325,0.6806,0
ACC_001468,RING_00094,23,0,0,0,22,0.2,1.0,9504.95,1.0,1.0,0.8066,0.0036,0.0396,0.9325,0.6806,0
ACC_001469,RING_00094,23,0,0,0,22,0.2,1.0,9504.95,1.0,1.0,0.8066,0.0036,0.0396,0.9325,0.6806,0
ACC_001470,RING_00094,23,0,0,0,22,0.2,1.0,9504.95,1.0,1.0,0.8066,0.0036,0.0396,0.9325,0.6806,0
ACC_001471,RING_00094,23,0,0,0,22,0.2,1.0,9504.95,1.0,1.0,0.8066,0.0036,0.0396,0.9325,0.6806,0
ACC_001472,RING_00094,23,0,0,0,22,0.2,1.0,9504.95,1.0,1.0,0.8066,0.0036,0.0396,0.9325,0.6806,0
ACC_001473,RING_00094,23,0,0,0,22,0.2,1.0,9504.95,1.0,1.0,0.8066,0.0036,0.0396,0.9325,0.6806,0
ACC_001474,RING_00094,23,0,0,0,22,0.2,1.0,9504.95,1.0,1.0,0.8066,0.0036,0.0396,0.9325,0.6806,0
ACC_001475,RING_00094,23,0,0,0,22,0.2,1.0,9504.95,1.0,1.0,0.8066,0.0036,0.0396,0.9325,0.6806,0
ACC_001476,RING_00095,33,32,32,0,0,0.4,1.0,0.65,33.0,1.0,0.798,0.9844,0.8969,1.0,0.5961,1
ACC_001477,RING_00095,33,32,32,0,1,0.4062,1.0,0.65,33.0,1.0,0.798,0.9844,0.8969,1.0,0.5961,1
ACC_001478,RING_00095,33,32,32,0,2,0.4125,1.0,0.65,33.0,1.0,0.798,0.9844,0.8969,1.0,0.5961,1
ACC_001479,RING_00095,33,32,32,0,0,0.4,1.0,0.65,33.0,1.0,0.798,0.9844,0.8969,1.0,0.5961,1
ACC_001480,RING_00095,33,32,32,0,2,0.4125,1.0,0.65,33.0,1.0,0.798,0.9844,0.8969,1.0,0.5961,1
ACC_001481,RING_00095,33,32,32,0,2,0.4125,1.0,0.65,33.0,1.0,0.798,0.9844,0.8969,1.0,0.5961,1
ACC_001482,RING_00095,33,32,32,0,1,0.4062,1.0,0.65,33.0,1.0,0.798,0.9844,0.8969,1.0,0.5961,1
ACC_001483,RING_00095,33,32,32,0,2,0.4125,1.0,0.65,33.0,1.0,0.798,0.9844,0.8969,1.0,0.5961,1
ACC_001484,RING_00095,33,32,32,0,2,0.4125,1.0,0.65,33.0,1.0,0.798,0.9844,0.8969,1.0,0.5961,1
ACC_001485,RING_00095,33,32,32,0,2,0.4125,1.0,0.65,33.0,1.0,0.798,0.9844,0.8969,1.0,0.5961,1
ACC_001486,RING_00095,33,32,32,0,2,0.4125,1.0,0.65,33.0,1.0,0.798,0.9844,0.8969,1.0,0.5961,1
ACC_001487,RING_00095,33,32,32,0,2,0.4125,1.0,0.65,33.0,1.0,0.798,0.9844,0.8969,1.0,0.5961,1
ACC_001488,RING_00095,33,32,32,0,2,0.4125,1.0,0.65,33.0,1.0,0.798,0.9844,0.8969,1.0,0.5961,1
ACC_001489,RING_00095,33,32,32,0,2,0.4125,1.0,0.65,33.0,1.0,0.798,0.9844,0.8969,1.0,0.5961,1
ACC_001490,RING_00095,33,32,32,0,2,0.4125,1.0,0.65,33.0,1.0,0.798,0.9844,0.8969,1.0,0.5961,1
ACC_001491,RING_00095,33,32,32,0,2,0.4125,1.0,0.65,33.0,1.0,0.798,0.9844,0.8969,1.0,0.5961,1
ACC_001492,RING_00095,33,32,32,0,2,0.4125,1.0,0.65,33.0,1.0,0.798,0.9844,0.8969,1.0,0.5961,1
ACC_001493,RING_00095,33,32,32,0,2,0.4125,1.0,0.65,33.0,1.0,0.798,0.9844,0.8969,1.0,0.5961,1
ACC_001494,RING_00095,33,32,32,0,2,0.4125,1.0,0.65,33.0,1.0,0.798,0.9844,0.8969,1.0,0.5961,1
ACC_001495,RING_00095,33,32,32,0,2,0.4125,1.0,0.65,33.0,1.0,0.798,0.9844,0.8969,1.0,0.5961,1
ACC_001496,RING_00095,33,32,32,0,2,0.4125,1.0,0.65,33.0,1.0,0.798,0.9844,0.8969,1.0,0.5961,1
ACC_001497,RING_00095,33,32,32,0,2,0.4125,1.0,0.65,33.0,1.0,0.798,0.9844,0.8969,1.0,0.5961,1
ACC_001498,RING_00095,33,32,32,0,2,0.4125,1.0,0.65,33.0,1.0,0.798,0.9844,0.8969,1.0,0.5961,1
ACC_001499,RING_00095,33,32,32,0,2,0.4125,1.0,0.65,33.0,1.0,0.798,0.9844,0.8969,1.0,0.5961,1
ACC_001500,RING_00095,33,32,32,0,2,0.4125,1.0,0.65,33.0,1.0,0.798,0.9844,0.8969,1.0,0.5961,1
ACC_001501,RING_00095,33,32,32,0,2,0.4125,1.0,0.65,33.0,1.0,0.798,0.9844,0.8969,1.0,0.5961,1
ACC_001502,RING_00095,33,32,32,0,1,0.4062,1.0,0.65,33.0,1.0,0.798,0.9844,0.8969,1.0,0.5961,1
ACC_001503,RING_00095,33,32,32,0,2,0.4125,1.0,0.65,33.0,1.0,0.798,0.9844,0.8969,1.0,0.5961,1
ACC_001504,RING_00095,33,32,32,0,1,0.4062,1.0,0.65,33.0,1.0,0.798,0.9844,0.8969,1.0,0.5961,1
ACC_001505,RING_00095,33,32,32,0,1,0.4062,1.0,0.65,33.0,1.0,0.798,0.9844,0.8969,1.0,0.5961,1
ACC_001506,RING_00095,33,32,32,0,2,0.4125,1.0,0.65,33.0,1.0,0.798,0.9844,0.8969,1.0,0.5961,1
ACC_001507,RING_00095,33,32,32,0,1,0.4062,1.0,0.65,33.0,1.0,0.798,0.9844,0.8969,1.0,0.5961,1
ACC_001508,RING_00095,33,32,32,0,0,0.4,1.0,0.65,33.0,1.0,0.798,0.9844,0.8969,1.0,0.5961,1
ACC_001509,RING_00096,7,0,0,6,0,0.4,1.0,6938.43,0.1429,7.0,0.7274,0.0043,0.0399,0.9028,0.5521,0
ACC_001510,RING_00096,7,0,0,6,0,0.4,1.0,6938.43,0.1429,7.0,0.7274,0.0043,0.0399,0.9028,0.5521,0
ACC_001511,RING_00096,7,0,0,6,0,0.4,1.0,6938.43,0.1429,7.0,0.7274,0.0043,0.0399,0.9028,0.5521,0
ACC_001512,RING_00096,7,0,0,6,0,0.4,1.0,6938.43,0.1429,7.0,0.7274,0.0043,0.0399,0.9028,0.5521,0
ACC_001513,RING_00096,7,0,0,6,0,0.4,1.0,6938.43,0.1429,7.0,0.7274,0.0043,0.0399,0.9028,0.5521,0
ACC_001514,RING_00096,7,0,0,6,0,0.4,1.0,6938.43,0.1429,7.0,0.7274,0.0043,0.0399,0.9028,0.5521,0
ACC_001515,RING_00096,7,0,0,6,0,0.4,1.0,6938.43,0.1429,7.0,0.7274,0.0043,0.0399,0.9028,0.5521,0
ACC_001516,RING_00097,36,0,35,0,0,0.1,1.0,6984.6,1.0,1.0,0.7929,0.0055,0.0466,0.9412,0.6445,0
ACC_001517,RING_00097,36,0,35,0,0,0.1,1.0,6984.6,1.0,1.0,0.7929,0.0055,0.0466,0.9412,0.6445,0
ACC_001518,RING_00097,36,0,35,0,0,0.1,1.0,6984.6,1.0,1.0,0.7929,0.0055,0.0466,0.9412,0.6445,0
ACC_001519,RING_00097,36,0,35,0,0,0.1,1.0,6984.6,1.0,1.0,0.7929,0.0055,0.0466,0.9412,0.6445,0
ACC_001520,RING_00097,36,0,35,0,0,0.1,1.0,6984.6,1.0,1.0,0.7929,0.0055,0.0466,0.9412,0.6445,0
ACC_001521,RING_00097,36,0,35,0,0,0.1,1.0,6984.6,1.0,1.0,0.7929,0.0055,0.0466,0.9412,0.6445,0
ACC_001522,RING_00097,36,0,35,0,0,0.1,1.0,6984.6,1.0,1.0,0.7929,0.0055,0.0466,0.9412,0.6445,0
ACC_001523,RING_00097,36,0,35,0,0,0.1,1.0,6984.6,1.0,1.0,0.7929,0.0055,0.0466,0.9412,0.6445,0
ACC_001524,RING_00097,36,0,35,0,0,0.1,1.0,6984.6,1.0,1.0,0.7929,0.0055,0.0466,0.9412,0.6445,0
ACC_001525,RING_00097,36,0,35,0,0,0.1,1.0,6984.6,1.0,1.0,0.7929,0.0055,0.0466,0.9412,0.6445,0
ACC_001526,RING_00097,36,0,35,0,0,0.1,1.0,6984.6,1.0,1.0,0.7929,0.0055,0.0466,0.9412,0.6445,0
ACC_001527,RING_00097,36,0,35,0,0,0.1,1.0,6984.6,1.0,1.0,0.7929,0.0055,0.0466,0.9412,0.6445,0
ACC_001528,RING_00097,36,0,35,0,0,0.1,1.0,6984.6,1.0,1.0,0.7929,0.0055,0.0466,0.9412,0.6445,0
ACC_001529,RING_00097,36,0,35,0,0,0.1,1.0,6984.6,1.0,1.0,0.7929,0.0055,0.0466,0.9412,0.6445,0
ACC_001530,RING_00097,36,0,35,0,0,0.1,1.0,6984.6,1.0,1.0,0.7929,0.0055,0.0466,0.9412,0.6445,0
ACC_001531,RING_00097,36,0,35,0,0,0.1,1.0,6984.6,1.0,1.0,0.7929,0.0055,0.0466,0.9412,0.6445,0
ACC_001532,RING_00097,36,0,35,0,0,0.1,1.0,6984.6,1.0,1.0,0.7929,0.0055,0.0466,0.9412,0.6445,0
ACC_001533,RING_00097,36,0,35,0,0,0.1,1.0,6984.6,1.0,1.0,0.7929,0.0055,0.0466,0.9412,0.6445,0
ACC_001534,RING_00097,36,0,35,0,0,0.1,1.0,6984.6,1.0,1.0,0.7929,0.0055,0.0466,0.9412,0.6445,0
ACC_001535,RING_00097,36,0,35,0,0,0.1,1.0,6984.6,1.0,1.0,0.7929,0.0055,0.0466,0.9412,0.6445,0
ACC_001536,RING_00097,36,0,35,0,0,0.1,1.0,6984.6,1.0,1.0,0.7929,0.0055,0.0466,0.9412,0.6445,0
ACC_001537,RING_00097,36,0,35,0,0,0.1,1.0,6984.6,1.0,1.0,0.7929,0.0055,0.0466,0.9412,0.6445,0
ACC_001538,RING_00097,36,0,35,0,0,0.1,1.0,6984.6,1.0,1.0,0.7929,0.0055,0.0466,0.9412,0.6445,0
ACC_001539,RING_00097,36,0,35,0,0,0.1,1.0,6984.6,1.0,1.0,0.7929,0.0055,0.0466,0.9412,0.6445,0
ACC_001540,RING_00097,36,0,35,0,0,0.1,1.0,6984.6,1.0,1.0,0.7929,0.0055,0.0466,0.9412,0.6445,0
ACC_001541,RING_00097,36,0,35,0,0,0.1,1.0,6984.6,1.0,1.0,0.7929,0.0055,0.0466,0.9412,0.6445,0
ACC_001542,RING_00097,36,0,35,0,0,0.1,1.0,6984.6,1.0,1.0,0.7929,0.0055,0.0466,0.9412,0.6445,0
ACC_001543,RING_00097,36,0,35,0,0,0.1,1.0,6984.6,1.0,1.0,0.7929,0.0055,0.0466,0.9412,0.6445,0
ACC_001544,RING_00097,36,0,35,0,0,0.1,1.0,6984.6,1.0,1.0,0.7929,0.0055,0.0466,0.9412,0.6445,0
ACC_001545,RING_00097,36,0,35,0,0,0.1,1.0,6984.6,1.0,1.0,0.7929,0.0055,0.0466,0.9412,0.6445,0
ACC_001546,RING_00097,36,0,35,0,0,0.1,1.0,6984.6,1.0,1.0,0.7929,0.0055,0.0466,0.9412,0.6445,0
ACC_001547,RING_00097,36,0,35,0,0,0.1,1.0,6984.6,1.0,1.0,0.7929,0.0055,0.0466,0.9412,0.6445,0
ACC_001548,RING_00097,36,0,35,0,0,0.1,1.0,6984.6,1.0,1.0,0.7929,0.0055,0.0466,0.9412,0.6445,0
ACC_001549,RING_00097,36,0,35,0,0,0.1,1.0,6984.6,1.0,1.0,0.7929,0.0055,0.0466,0.9412,0.6445,0
ACC_001550,RING_00097,36,0,35,0,0,0.1,1.0,6984.6,1.0,1.0,0.7929,0.0055,0.0466,0.9412,0.6445,0
ACC_001551,RING_00097,36,0,35,0,0,0.1,1.0,6984.6,1.0,1.0,0.7929,0.0055,0.0466,0.9412,0.6445,0
ACC_001552,RING_00098,15,14,0,0,14,0.5,1.0,1.36,15.0,1.0,0.7174,0.9644,0.8192,0.6699,0.7649,1
ACC_001553,RING_00098,15,14,1,0,14,0.5071,1.0,1.36,15.0,1.0,0.7174,0.9644,0.8192,0.6699,0.7649,1
ACC_001554,RING_00098,15,14,2,0,14,0.5143,1.0,1.36,15.0,1.0,0.7174,0.9644,0.8192,0.6699,0.7649,1
ACC_001555,RING_00098,15,14,1,0,14,0.5071,1.0,1.36,15.0,1.0,0.7174,0.9644,0.8192,0.6699,0.7649,1
ACC_001556,RING_00098,15,14,5,0,14,0.5357,1.0,1.36,15.0,1.0,0.7174,0.9644,0.8192,0.6699,0.7649,1
ACC_001557,RING_00098,15,14,1,0,14,0.5071,1.0,1.36,15.0,1.0,0.7174,0.9644,0.8192,0.6699,0.7649,1
ACC_001558,RING_00098,15,14,2,0,14,0.5143,1.0,1.36,15.0,1.0,0.7174,0.9644,0.8192,0.6699,0.7649,1
ACC_001559,RING_00098,15,14,1,0,14,0.5071,1.0,1.36,15.0,1.0,0.7174,0.9644,0.8192,0.6699,0.7649,1
ACC_001560,RING_00098,15,14,2,0,14,0.5143,1.0,1.36,15.0,1.0,0.7174,0.9644,0.8192,0.6699,0.7649,1
ACC_001561,RING_00098,15,14,5,0,14,0.5357,1.0,1.36,15.0,1.0,0.7174,0.9644,0.8192,0.6699,0.7649,1
ACC_001562,RING_00098,15,14,5,0,14,0.5357,1.0,1.36,15.0,1.0,0.7174,0.9644,0.8192,0.6699,0.7649,1
ACC_001563,RING_00098,15,14,5,0,14,0.5357,1.0,1.36,15.0,1.0,0.7174,0.9644,0.8192,0.6699,0.7649,1
ACC_001564,RING_00098,15,14,5,0,14,0.5357,1.0,1.36,15.0,1.0,0.7174,0.9644,0.8192,0.6699,0.7649,1
ACC_001565,RING_00098,15,14,5,0,14,0.5357,1.0,1.36,15.0,1.0,0.7174,0.9644,0.8192,0.6699,0.7649,1
ACC_001566,RING_00098,15,14,0,0,14,0.5,1.0,1.36,15.0,1.0,0.7174,0.9644,0.8192,0.6699,0.7649,1
ACC_001567,RING_00099,23,22,22,0,0,0.4,1.0,0.69,23.0,1.0,0.8182,0.9829,0.8809,1.0,0.6364,1
ACC_001568,RING_00099,23,22,22,0,1,0.4091,1.0,0.69,23.0,1.0,0.8182,0.9829,0.8809,1.0,0.6364,1
ACC_001569,RING_00099,23,22,22,0,2,0.4182,1.0,0.69,23.0,1.0,0.8182,0.9829,0.8809,1.0,0.6364,1
ACC_001570,RING_00099,23,22,22,0,0,0.4,1.0,0.69,23.0,1.0,0.8182,0.9829,0.8809,1.0,0.6364,1
ACC_001571,RING_00099,23,22,22,0,2,0.4182,1.0,0.69,23.0,1.0,0.8182,0.9829,0.8809,1.0,0.6364,1
ACC_001572,RING_00099,23,22,22,0,2,0.4182,1.0,0.69,23.0,1.0,0.8182,0.9829,0.8809,1.0,0.6364,1
ACC_001573,RING_00099,23,22,22,0,1,0.4091,1.0,0.69,23.0,1.0,0.8182,0.9829,0.8809,1.0,0.6364,1
ACC_001574,RING_00099,23,22,22,0,2,0.4182,1.0,0.69,23.0,1.0,0.8182,0.9829,0.8809,1.0,0.6364,1
ACC_001575,RING_00099,23,22,22,0,2,0.4182,1.0,0.69,23.0,1.0,0.8182,0.9829,0.8809,1.0,0.6364,1
ACC_001576,RING_00099,23,22,22,0,2,0.4182,1.0,0.69,23.0,1.0,0.8182,0.9829,0.8809,1.0,0.6364,1
ACC_001577,RING_00099,23,22,22,0,2,0.4182,1.0,0.69,23.0,1.0,0.8182,0.9829,0.8809,1.0,0.6364,1
ACC_001578,RING_00099,23,22,22,0,2,0.4182,1.0,0.69,23.0,1.0,0.8182,0.9829,0.8809,1.0,0.6364,1
ACC_001579,RING_00099,23,22,22,0,2,0.4182,1.0,0.69,23.0,1.0,0.8182,0.9829,0.8809,1.0,0.6364,1
ACC_001580,RING_00099,23,22,22,0,2,0.4182,1.0,0.69,23.0,1.0,0.8182,0.9829,0.8809,1.0,0.6364,1
ACC_001581,RING_00099,23,22,22,0,2,0.4182,1.0,0.69,23.0,1.0,0.8182,0.9829,0.8809,1.0,0.6364,1
ACC_001582,RING_00099,23,22,22,0,2,0.4182,1.0,0.69,23.0,1.0,0.8182,0.9829,0.8809,1.0,0.6364,1
ACC_001583,RING_00099,23,22,22,0,2,0.4182,1.0,0.69,23.0,1.0,0.8182,0.9829,0.8809,1.0,0.6364,1
ACC_001584,RING_00099,23,22,22,0,1,0.4091,1.0,0.69,23.0,1.0,0.8182,0.9829,0.8809,1.0,0.6364,1
ACC_001585,RING_00099,23,22,22,0,2,0.4182,1.0,0.69,23.0,1.0,0.8182,0.9829,0.8809,1.0,0.6364,1
ACC_001586,RING_00099,23,22,22,0,1,0.4091,1.0,0.69,23.0,1.0,0.8182,0.9829,0.8809,1.0,0.6364,1
ACC_001587,RING_00099,23,22,22,0,1,0.4091,1.0,0.69,23.0,1.0,0.8182,0.9829,0.8809,1.0,0.6364,1
ACC_001588,RING_00099,23,22,22,0,2,0.4182,1.0,0.69,23.0,1.0,0.8182,0.9829,0.8809,1.0,0.6364,1
ACC_001589,RING_00099,23,22,22,0,1,0.4091,1.0,0.69,23.0,1.0,0.8182,0.9829,0.8809,1.0,0.6364,1
ACC_001590,RING_00100,12,0,0,0,11,0.2,1.0,381.9,1.0,1.0,0.8414,0.0869,0.7628,0.9352,0.7477,1
ACC_001591,RING_00100,12,0,0,0,11,0.2,1.0,381.9,1.0,1.0,0.8414,0.0869,0.7628,0.9352,0.7477,1
ACC_001592,RING_00100,12,0,0,0,11,0.2,1.0,381.9,1.0,1.0,0.8414,0.0869,0.7628,0.9352,0.7477,1
ACC_001593,RING_00100,12,0,0,0,11,0.2,1.0,381.9,1.0,1.0,0.8414,0.0869,0.7628,0.9352,0.7477,1
ACC_001594,RING_00100,12,0,0,0,11,0.2,1.0,381.9,1.0,1.0,0.8414,0.0869,0.7628,0.9352,0.7477,1
ACC_001595,RING_00100,12,0,0,0,11,0.2,1.0,381.9,1.0,1.0,0.8414,0.0869,0.7628,0.9352,0.7477,1
ACC_001596,RING_00100,12,0,0,0,11,0.2,1.0,381.9,1.0,1.0,0.8414,0.0869,0.7628,0.9352,0.7477,1
ACC_001597,RING_00100,12,0,0,0,11,0.2,1.0,381.9,1.0,1.0,0.8414,0.0869,0.7628,0.9352,0.7477,1
ACC_001598,RING_00100,12,0,0,0,11,0.2,1.0,381.9,1.0,1.0,0.8414,0.0869,0.7628,0.9352,0.7477,1
ACC_001599,RING_00100,12,0,0,0,11,0.2,1.0,381.9,1.0,1.0,0.8414,0.0869,0.7628,0.9352,0.7477,1
ACC_001600,RING_00100,12,0,0,0,11,0.2,1.0,381.9,1.0,1.0,0.8414,0.0869,0.7628,0.9352,0.7477,1
ACC_001601,RING_00100,12,0,0,0,11,0.2,1.0,381.9,1.0,1.0,0.8414,0.0869,0.7628,0.9352,0.7477,1
ACC_001602,RING_00101,19,0,0,0,18,0.2,1.0,9016.42,1.0,1.0,0.7978,0.0041,0.0402,0.926,0.6695,0
ACC_001603,RING_00101,19,0,0,0,18,0.2,1.0,9016.42,1.0,1.0,0.7978,0.0041,0.0402,0.926,0.6695,0
ACC_001604,RING_00101,19,0,0,0,18,0.2,1.0,9016.42,1.0,1.0,0.7978,0.0041,0.0402,0.926,0.6695,0
ACC_001605,RING_00101,19,0,0,0,18,0.2,1.0,9016.42,1.0,1.0,0.7978,0.0041,0.0402,0.926,0.6695,0
ACC_001606,RING_00101,19,0,0,0,18,0.2,1.0,9016.42,1.0,1.0,0.7978,0.0041,0.0402,0.926,0.6695,0
ACC_001607,RING_00101,19,0,0,0,18,0.2,1.0,9016.42,1.0,1.0,0.7978,0.0041,0.0402,0.926,0.6695,0
ACC_001608,RING_00101,19,0,0,0,18,0.2,1.0,9016.42,1.0,1.0,0.7978,0.0041,0.0402,0.926,0.6695,0
ACC_001609,RING_00101,19,0,0,0,18,0.2,1.0,9016.42,1.0,1.0,0.7978,0.0041,0.0402,0.926,0.6695,0
ACC_001610,RING_00101,19,0,0,0,18,0.2,1.0,9016.42,1.0,1.0,0.7978,0.0041,0.0402,0.926,0.6695,0
ACC_001611,RING_00101,19,0,0,0,18,0.2,1.0,9016.42,1.0,1.0,0.7978,0.0041,0.0402,0.926,0.6695,0
ACC_001612,RING_00101,19,0,0,0,18,0.2,1.0,9016.42,1.0,1.0,0.7978,0.0041,0.0402,0.926,0.6695,0
ACC_001613,RING_00101,19,0,0,0,18,0.2,1.0,9016.42,1.0,1.0,0.7978,0.0041,0.0402,0.926,0.6695,0
ACC_001614,RING_00101,19,0,0,0,18,0.2,1.0,9016.42,1.0,1.0,0.7978,0.0041,0.0402,0.926,0.6695,0
ACC_001615,RING_00101,19,0,0,0,18,0.2,1.0,9016.42,1.0,1.0,0.7978,0.0041,0.0402,0.926,0.6695,0
ACC_001616,RING_00101,19,0,0,0,18,0.2,1.0,9016.42,1.0,1.0,0.7978,0.0041,0.0402,0.926,0.6695,0
ACC_001617,RING_00101,19,0,0,0,18,0.2,1.0,9016.42,1.0,1.0,0.7978,0.0041,0.0402,0.926,0.6695,0
ACC_001618,RING_00101,19,0,0,0,18,0.2,1.0,9016.42,1.0,1.0,0.7978,0.0041,0.0402,0.926,0.6695,0
ACC_001619,RING_00101,19,0,0,0,18,0.2,1.0,9016.42,1.0,1.0,0.7978,0.0041,0.0402,0.926,0.6695,0
ACC_001620,RING_00101,19,0,0,0,18,0.2,1.0,9016.42,1.0,1.0,0.7978,0.0041,0.0402,0.926,0.6695,0
ACC_001621,RING_00102,1,0,0,0,0,0.0,0.0,0.0,1.0,1.0,1.0,0.1071,0.0624,1.0,1.0,0
ACC_001622,RING_00103,4,0,0,3,3,0.6,1.0,11003.99,0.25,4.0,0.8342,0.0029,0.0488,0.9247,0.7437,0
ACC_001623,RING_00103,4,0,0,3,3,0.6,1.0,11003.99,0.25,4.0,0.8342,0.0029,0.0488,0.9247,0.7437,0
ACC_001624,RING_00103,4,0,0,3,3,0.6,1.0,11003.99,0.25,4.0,0.8342,0.0029,0.0488,0.9247,0.7437,0
ACC_001625,RING_00103,4,0,0,3,3,0.6,1.0,11003.99,0.25,4.0,0.8342,0.0029,0.0488,0.9247,0.7437,0
ACC_001626,RING_00104,44,0,43,0,0,0.1,1.0,7172.7,1.0,1.0,0.7845,0.0057,0.0441,0.9482,0.6207,0
ACC_001627,RING_00104,44,0,43,0,0,0.1,1.0,7172.7,1.0,1.0,0.7845,0.0057,0.0441,0.9482,0.6207,0
ACC_001628,RING_00104,44,0,43,0,0,0.1,1.0,7172.7,1.0,1.0,0.7845,0.0057,0.0441,0.9482,0.6207,0
ACC_001629,RING_00104,44,0,43,0,0,0.1,1.0,7172.7,1.0,1.0,0.7845,0.0057,0.0441,0.9482,0.6207,0
ACC_001630,RING_00104,44,0,43,0,0,0.1,1.0,7172.7,1.0,1.0,0.7845,0.0057,0.0441,0.9482,0.6207,0
ACC_001631,RING_00104,44,0,43,0,0,0.1,1.0,7172.7,1.0,1.0,0.7845,0.0057,0.0441,0.9482,0.6207,0
ACC_001632,RING_00104,44,0,43,0,0,0.1,1.0,7172.7,1.0,1.0,0.7845,0.0057,0.0441,0.9482,0.6207,0
ACC_001633,RING_00104,44,0,43,0,0,0.1,1.0,7172.7,1.0,1.0,0.7845,0.0057,0.0441,0.9482,0.6207,0
ACC_001634,RING_00104,44,0,43,0,0,0.1,1.0,7172.7,1.0,1.0,0.7845,0.0057,0.0441,0.9482,0.6207,0
ACC_001635,RING_00104,44,0,43,0,0,0.1,1.0,7172.7,1.0,1.0,0.7845,0.0057,0.0441,0.9482,0.6207,0
ACC_001636,RING_00104,44,0,43,0,0,0.1,1.0,7172.7,1.0,1.0,0.7845,0.0057,0.0441,0.9482,0.6207,0
ACC_001637,RING_00104,44,0,43,0,0,0.1,1.0,7172.7,1.0,1.0,0.7845,0.0057,0.0441,0.9482,0.6207,0
ACC_001638,RING_00104,44,0,43,0,0,0.1,1.0,7172.7,1.0,1.0,0.7845,0.0057,0.0441,0.9482,0.6207,0
ACC_001639,RING_00104,44,0,43,0,0,0.1,1.0,7172.7,1.0,1.0,0.7845,0.0057,0.0441,0.9482,0.6207,0
ACC_001640,RING_00104,44,0,43,0,0,0.1,1.0,7172.7,1.0,1.0,0.7845,0.0057,0.0441,0.9482,0.6207,0
ACC_001641,RING_00104,44,0,43,0,0,0.1,1.0,7172.7,1.0,1.0,0.7845,0.0057,0.0441,0.9482,0.6207,0
ACC_001642,RING_00104,44,0,43,0,0,0.1,1.0,7172.7,1.0,1.0,0.7845,0.0057,0.0441,0.9482,0.6207,0
ACC_001643,RING_00104,44,0,43,0,0,0.1,1.0,7172.7,1.0,1.0,0.7845,0.0057,0.0441,0.9482,0.6207,0
ACC_001644,RING_00104,44,0,43,0,0,0.1,1.0,7172.7,1.0,1.0,0.7845,0.0057,0.0441,0.9482,0.6207,0
ACC_001645,RING_00104,44,0,43,0,0,0.1,1.0,7172.7,1.0,1.0,0.7845,0.0057,0.0441,0.9482,0.6207,0
ACC_001646,RING_00104,44,0,43,0,0,0.1,1.0,7172.7,1.0,1.0,0.7845,0.0057,0.0441,0.9482,0.6207,0
ACC_001647,RING_00104,44,0,43,0,0,0.1,1.0,7172.7,1.0,1.0,0.7845,0.0057,0.0441,0.9482,0.6207,0
ACC_001648,RING_00104,44,0,43,0,0,0.1,1.0,7172.7,1.0,1.0,0.7845,0.0057,0.0441,0.9482,0.6207,0
ACC_001649,RING_00104,44,0,43,0,0,0.1,1.0,7172.7,1.0,1.0,0.7845,0.0057,0.0441,0.9482,0.6207,0
ACC_001650,RING_00104,44,0,43,0,0,0.1,1.0,7172.7,1.0,1.0,0.7845,0.0057,0.0441,0.9482,0.6207,0
ACC_001651,RING_00104,44,0,43,0,0,0.1,1.0,7172.7,1.0,1.0,0.7845,0.0057,0.0441,0.9482,0.6207,0
ACC_001652,RING_00104,44,0,43,0,0,0.1,1.0,7172.7,1.0,1.0,0.7845,0.0057,0.0441,0.9482,0.6207,0
ACC_001653,RING_00104,44,0,43,0,0,0.1,1.0,7172.7,1.0,1.0,0.7845,0.0057,0.0441,0.9482,0.6207,0
ACC_001654,RING_00104,44,0,43,0,0,0.1,1.0,7172.7,1.0,1.0,0.7845,0.0057,0.0441,0.9482,0.6207,0
ACC_001655,RING_00104,44,0,43,0,0,0.1,1.0,7172.7,1.0,1.0,0.7845,0.0057,0.0441,0.9482,0.6207,0
ACC_001656,RING_00104,44,0,43,0,0,0.1,1.0,7172.7,1.0,1.0,0.7845,0.0057,0.0441,0.9482,0.6207,0
ACC_001657,RING_00104,44,0,43,0,0,0.1,1.0,7172.7,1.0,1.0,0.7845,0.0057,0.0441,0.9482,0.6207,0
ACC_001658,RING_00104,44,0,43,0,0,0.1,1.0,7172.7,1.0,1.0,0.7845,0.0057,0.0441,0.9482,0.6207,0
ACC_001659,RING_00104,44,0,43,0,0,0.1,1.0,7172.7,1.0,1.0,0.7845,0.0057,0.0441,0.9482,0.6207,0
ACC_001660,RING_00104,44,0,43,0,0,0.1,1.0,7172.7,1.0,1.0,0.7845,0.0057,0.0441,0.9482,0.6207,0
ACC_001661,RING_00104,44,0,43,0,0,0.1,1.0,7172.7,1.0,1.0,0.7845,0.0057,0.0441,0.9482,0.6207,0
ACC_001662,RING_00104,44,0,43,0,0,0.1,1.0,7172.7,1.0,1.0,0.7845,0.0057,0.0441,0.9482,0.6207,0
ACC_001663,RING_00104,44,0,43,0,0,0.1,1.0,7172.7,1.0,1.0,0.7845,0.0057,0.0441,0.9482,0.6207,0
ACC_001664,RING_00104,44,0,43,0,0,0.1,1.0,7172.7,1.0,1.0,0.7845,0.0057,0.0441,0.9482,0.6207,0
ACC_001665,RING_00104,44,0,43,0,0,0.1,1.0,7172.7,1.0,1.0,0.7845,0.0057,0.0441,0.9482,0.6207,0
ACC_001666,RING_00104,44,0,43,0,0,0.1,1.0,7172.7,1.0,1.0,0.7845,0.0057,0.0441,0.9482,0.6207,0
ACC_001667,RING_00104,44,0,43,0,0,0.1,1.0,7172.7,1.0,1.0,0.7845,0.0057,0.0441,0.9482,0.6207,0
ACC_001668,RING_00104,44,0,43,0,0,0.1,1.0,7172.7,1.0,1.0,0.7845,0.0057,0.0441,0.9482,0.6207,0
ACC_001669,RING_00104,44,0,43,0,0,0.1,1.0,7172.7,1.0,1.0,0.7845,0.0057,0.0441,0.9482,0.6207,0
ACC_001670,RING_00105,21,0,20,0,0,0.1,1.0,6861.17,1.0,1.0,0.7999,0.0057,0.0495,0.9379,0.6619,0
ACC_001671,RING_00105,21,0,20,0,0,0.1,1.0,6861.17,1.0,1.0,0.7999,0.0057,0.0495,0.9379,0.6619,0
ACC_001672,RING_00105,21,0,20,0,0,0.1,1.0,6861.17,1.0,1.0,0.7999,0.0057,0.0495,0.9379,0.6619,0
ACC_001673,RING_00105,21,0,20,0,0,0.1,1.0,6861.17,1.0,1.0,0.7999,0.0057,0.0495,0.9379,0.6619,0
ACC_001674,RING_00105,21,0,20,0,0,0.1,1.0,6861.17,1.0,1.0,0.7999,0.0057,0.0495,0.9379,0.6619,0
ACC_001675,RING_00105,21,0,20,0,0,0.1,1.0,6861.17,1.0,1.0,0.7999,0.0057,0.0495,0.9379,0.6619,0
ACC_001676,RING_00105,21,0,20,0,0,0.1,1.0,6861.17,1.0,1.0,0.7999,0.0057,0.0495,0.9379,0.6619,0
ACC_001677,RING_00105,21,0,20,0,0,0.1,1.0,6861.17,1.0,1.0,0.7999,0.0057,0.0495,0.9379,0.6619,0
ACC_001678,RING_00105,21,0,20,0,0,0.1,1.0,6861.17,1.0,1.0,0.7999,0.0057,0.0495,0.9379,0.6619,0
ACC_001679,RING_00105,21,0,20,0,0,0.1,1.0,6861.17,1.0,1.0,0.7999,0.0057,0.0495,0.9379,0.6619,0
ACC_001680,RING_00105,21,0,20,0,0,0.1,1.0,6861.17,1.0,1.0,0.7999,0.0057,0.0495,0.9379,0.6619,0
ACC_001681,RING_00105,21,0,20,0,0,0.1,1.0,6861.17,1.0,1.0,0.7999,0.0057,0.0495,0.9379,0.6619,0
ACC_001682,RING_00105,21,0,20,0,0,0.1,1.0,6861.17,1.0,1.0,0.7999,0.0057,0.0495,0.9379,0.6619,0
ACC_001683,RING_00105,21,0,20,0,0,0.1,1.0,6861.17,1.0,1.0,0.7999,0.0057,0.0495,0.9379,0.6619,0
ACC_001684,RING_00105,21,0,20,0,0,0.1,1.0,6861.17,1.0,1.0,0.7999,0.0057,0.0495,0.9379,0.6619,0
ACC_001685,RING_00105,21,0,20,0,0,0.1,1.0,6861.17,1.0,1.0,0.7999,0.0057,0.0495,0.9379,0.6619,0
ACC_001686,RING_00105,21,0,20,0,0,0.1,1.0,6861.17,1.0,1.0,0.7999,0.0057,0.0495,0.9379,0.6619,0
ACC_001687,RING_00105,21,0,20,0,0,0.1,1.0,6861.17,1.0,1.0,0.7999,0.0057,0.0495,0.9379,0.6619,0
ACC_001688,RING_00105,21,0,20,0,0,0.1,1.0,6861.17,1.0,1.0,0.7999,0.0057,0.0495,0.9379,0.6619,0
ACC_001689,RING_00105,21,0,20,0,0,0.1,1.0,6861.17,1.0,1.0,0.7999,0.0057,0.0495,0.9379,0.6619,0
ACC_001690,RING_00105,21,0,20,0,0,0.1,1.0,6861.17,1.0,1.0,0.7999,0.0057,0.0495,0.9379,0.6619,0
ACC_001691,RING_00106,18,7,7,0,17,0.3647,1.0,1.97,9.0,1.0,0.73,0.9506,0.8624,0.6969,0.7631,1
ACC_001692,RING_00106,18,9,3,0,17,0.3765,1.0,1.97,9.0,1.0,0.73,0.9506,0.8624,0.6969,0.7631,1
ACC_001693,RING_00106,18,7,2,0,17,0.3353,1.0,1.97,9.0,1.0,0.73,0.9506,0.8624,0.6969,0.7631,1
ACC_001694,RING_00106,18,9,7,0,17,0.4,1.0,1.97,9.0,1.0,0.73,0.9506,0.8624,0.6969,0.7631,1
ACC_001695,RING_00106,18,9,3,0,17,0.3765,1.0,1.97,9.0,1.0,0.73,0.9506,0.8624,0.6969,0.7631,1
ACC_001696,RING_00106,18,7,2,0,17,0.3353,1.0,1.97,9.0,1.0,0.73,0.9506,0.8624,0.6969,0.7631,1
ACC_001697,RING_00106,18,9,2,0,17,0.3706,1.0,1.97,9.0,1.0,0.73,0.9506,0.8624,0.6969,0.7631,1
ACC_001698,RING_00106,18,9,7,0,17,0.4,1.0,1.97,9.0,1.0,0.73,0.9506,0.8624,0.6969,0.7631,1
ACC_001699,RING_00106,18,7,7,0,17,0.3647,1.0,1.97,9.0,1.0,0.73,0.9506,0.8624,0.6969,0.7631,1
ACC_001700,RING_00106,18,9,3,0,17,0.3765,1.0,1.97,9.0,1.0,0.73,0.9506,0.8624,0.6969,0.7631,1
ACC_001701,RING_00106,18,7,7,0,17,0.3647,1.0,1.97,9.0,1.0,0.73,0.9506,0.8624,0.6969,0.7631,1
ACC_001702,RING_00106,18,7,3,0,17,0.3412,1.0,1.97,9.0,1.0,0.73,0.9506,0.8624,0.6969,0.7631,1
ACC_001703,RING_00106,18,9,2,0,17,0.3706,1.0,1.97,9.0,1.0,0.73,0.9506,0.8624,0.6969,0.7631,1
ACC_001704,RING_00106,18,7,2,0,17,0.3353,1.0,1.97,9.0,1.0,0.73,0.9506,0.8624,0.6969,0.7631,1
ACC_001705,RING_00106,18,9,7,0,17,0.4,1.0,1.97,9.0,1.0,0.73,0.9506,0.8624,0.6969,0.7631,1
ACC_001706,RING_00106,18,9,7,0,17,0.4,1.0,1.97,9.0,1.0,0.73,0.9506,0.8624,0.6969,0.7631,1
ACC_001707,RING_00106,18,7,7,0,17,0.3647,1.0,1.97,9.0,1.0,0.73,0.9506,0.8624,0.6969,0.7631,1
ACC_001708,RING_00106,18,9,2,0,17,0.3706,1.0,1.97,9.0,1.0,0.73,0.9506,0.8624,0.6969,0.7631,1
ACC_001709,RING_00107,56,0,55,0,0,0.1,1.0,8578.54,1.0,1.0,0.773,0.0048,0.0453,0.9045,0.6414,0
ACC_001710,RING_00107,56,0,55,0,0,0.1,1.0,8578.54,1.0,1.0,0.773,0.0048,0.0453,0.9045,0.6414,0
ACC_001711,RING_00107,56,0,55,0,0,0.1,1.0,8578.54,1.0,1.0,0.773,0.0048,0.0453,0.9045,0.6414,0
ACC_001712,RING_00107,56,0,55,0,0,0.1,1.0,8578.54,1.0,1.0,0.773,0.0048,0.0453,0.9045,0.6414,0
ACC_001713,RING_00107,56,0,55,0,0,0.1,1.0,8578.54,1.0,1.0,0.773,0.0048,0.0453,0.9045,0.6414,0
ACC_001714,RING_00107,56,0,55,0,0,0.1,1.0,8578.54,1.0,1.0,0.773,0.0048,0.0453,0.9045,0.6414,0
ACC_001715,RING_00107,56,0,55,0,0,0.1,1.0,8578.54,1.0,1.0,0.773,0.0048,0.0453,0.9045,0.6414,0
ACC_001716,RING_00107,56,0,55,0,0,0.1,1.0,8578.54,1.0,1.0,0.773,0.0048,0.0453,0.9045,0.6414,0
ACC_001717,RING_00107,56,0,55,0,0,0.1,1.0,8578.54,1.0,1.0,0.773,0.0048,0.0453,0.9045,0.6414,0
ACC_001718,RING_00107,56,0,55,0,0,0.1,1.0,8578.54,1.0,1.0,0.773,0.0048,0.0453,0.9045,0.6414,0
ACC_001719,RING_00107,56,0,55,0,0,0.1,1.0,8578.54,1.0,1.0,0.773,0.0048,0.0453,0.9045,0.6414,0
ACC_001720,RING_00107,56,0,55,0,0,0.1,1.0,8578.54,1.0,1.0,0.773,0.0048,0.0453,0.9045,0.6414,0
ACC_001721,RING_00107,56,0,55,0,0,0.1,1.0,8578.54,1.0,1.0,0.773,0.0048,0.0453,0.9045,0.6414,0
ACC_001722,RING_00107,56,0,55,0,0,0.1,1.0,8578.54,1.0,1.0,0.773,0.0048,0.0453,0.9045,0.6414,0
ACC_001723,RING_00107,56,0,55,0,0,0.1,1.0,8578.54,1.0,1.0,0.773,0.0048,0.0453,0.9045,0.6414,0
ACC_001724,RING_00107,56,0,55,0,0,0.1,1.0,8578.54,1.0,1.0,0.773,0.0048,0.0453,0.9045,0.6414,0
ACC_001725,RING_00107,56,0,55,0,0,0.1,1.0,8578.54,1.0,1.0,0.773,0.0048,0.0453,0.9045,0.6414,0
ACC_001726,RING_00107,56,0,55,0,0,0.1,1.0,8578.54,1.0,1.0,0.773,0.0048,0.0453,0.9045,0.6414,0
ACC_001727,RING_00107,56,0,55,0,0,0.1,1.0,8578.54,1.0,1.0,0.773,0.0048,0.0453,0.9045,0.6414,0
ACC_001728,RING_00107,56,0,55,0,0,0.1,1.0,8578.54,1.0,1.0,0.773,0.0048,0.0453,0.9045,0.6414,0
ACC_001729,RING_00107,56,0,55,0,0,0.1,1.0,8578.54,1.0,1.0,0.773,0.0048,0.0453,0.9045,0.6414,0
ACC_001730,RING_00107,56,0,55,0,0,0.1,1.0,8578.54,1.0,1.0,0.773,0.0048,0.0453,0.9045,0.6414,0
ACC_001731,RING_00107,56,0,55,0,0,0.1,1.0,8578.54,1.0,1.0,0.773,0.0048,0.0453,0.9045,0.6414,0
ACC_001732,RING_00107,56,0,55,0,0,0.1,1.0,8578.54,1.0,1.0,0.773,0.0048,0.0453,0.9045,0.6414,0
ACC_001733,RING_00107,56,0,55,0,0,0.1,1.0,8578.54,1.0,1.0,0.773,0.0048,0.0453,0.9045,0.6414,0
ACC_001734,RING_00107,56,0,55,0,0,0.1,1.0,8578.54,1.0,1.0,0.773,0.0048,0.0453,0.9045,0.6414,0
ACC_001735,RING_00107,56,0,55,0,0,0.1,1.0,8578.54,1.0,1.0,0.773,0.0048,0.0453,0.9045,0.6414,0
ACC_001736,RING_00107,56,0,55,0,0,0.1,1.0,8578.54,1.0,1.0,0.773,0.0048,0.0453,0.9045,0.6414,0
ACC_001737,RING_00107,56,0,55,0,0,0.1,1.0,8578.54,1.0,1.0,0.773,0.0048,0.0453,0.9045,0.6414,0
ACC_001738,RING_00107,56,0,55,0,0,0.1,1.0,8578.54,1.0,1.0,0.773,0.0048,0.0453,0.9045,0.6414,0
ACC_001739,RING_00107,56,0,55,0,0,0.1,1.0,8578.54,1.0,1.0,0.773,0.0048,0.0453,0.9045,0.6414,0
ACC_001740,RING_00107,56,0,55,0,0,0.1,1.0,8578.54,1.0,1.0,0.773,0.0048,0.0453,0.9045,0.6414,0
ACC_001741,RING_00107,56,0,55,0,0,0.1,1.0,8578.54,1.0,1.0,0.773,0.0048,0.0453,0.9045,0.6414,0
ACC_001742,RING_00107,56,0,55,0,0,0.1,1.0,8578.54,1.0,1.0,0.773,0.0048,0.0453,0.9045,0.6414,0
ACC_001743,RING_00107,56,0,55,0,0,0.1,1.0,8578.54,1.0,1.0,0.773,0.0048,0.0453,0.9045,0.6414,0
ACC_001744,RING_00107,56,0,55,0,0,0.1,1.0,8578.54,1.0,1.0,0.773,0.0048,0.0453,0.9045,0.6414,0
ACC_001745,RING_00107,56,0,55,0,0,0.1,1.0,8578.54,1.0,1.0,0.773,0.0048,0.0453,0.9045,0.6414,0
ACC_001746,RING_00107,56,0,55,0,0,0.1,1.0,8578.54,1.0,1.0,0.773,0.0048,0.0453,0.9045,0.6414,0
ACC_001747,RING_00107,56,0,55,0,0,0.1,1.0,8578.54,1.0,1.0,0.773,0.0048,0.0453,0.9045,0.6414,0
ACC_001748,RING_00107,56,0,55,0,0,0.1,1.0,8578.54,1.0,1.0,0.773,0.0048,0.0453,0.9045,0.6414,0
ACC_001749,RING_00107,56,0,55,0,0,0.1,1.0,8578.54,1.0,1.0,0.773,0.0048,0.0453,0.9045,0.6414,0
ACC_001750,RING_00107,56,0,55,0,0,0.1,1.0,8578.54,1.0,1.0,0.773,0.0048,0.0453,0.9045,0.6414,0
ACC_001751,RING_00107,56,0,55,0,0,0.1,1.0,8578.54,1.0,1.0,0.773,0.0048,0.0453,0.9045,0.6414,0
ACC_001752,RING_00107,56,0,55,0,0,0.1,1.0,8578.54,1.0,1.0,0.773,0.0048,0.0453,0.9045,0.6414,0
ACC_001753,RING_00107,56,0,55,0,0,0.1,1.0,8578.54,1.0,1.0,0.773,0.0048,0.0453,0.9045,0.6414,0
ACC_001754,RING_00107,56,0,55,0,0,0.1,1.0,8578.54,1.0,1.0,0.773,0.0048,0.0453,0.9045,0.6414,0
ACC_001755,RING_00107,56,0,55,0,0,0.1,1.0,8578.54,1.0,1.0,0.773,0.0048,0.0453,0.9045,0.6414,0
ACC_001756,RING_00107,56,0,55,0,0,0.1,1.0,8578.54,1.0,1.0,0.773,0.0048,0.0453,0.9045,0.6414,0
ACC_001757,RING_00107,56,0,55,0,0,0.1,1.0,8578.54,1.0,1.0,0.773,0.0048,0.0453,0.9045,0.6414,0
ACC_001758,RING_00107,56,0,55,0,0,0.1,1.0,8578.54,1.0,1.0,0.773,0.0048,0.0453,0.9045,0.6414,0
ACC_001759,RING_00107,56,0,55,0,0,0.1,1.0,8578.54,1.0,1.0,0.773,0.0048,0.0453,0.9045,0.6414,0
ACC_001760,RING_00107,56,0,55,0,0,0.1,1.0,8578.54,1.0,1.0,0.773,0.0048,0.0453,0.9045,0.6414,0
ACC_001761,RING_00107,56,0,55,0,0,0.1,1.0,8578.54,1.0,1.0,0.773,0.0048,0.0453,0.9045,0.6414,0
ACC_001762,RING_00107,56,0,55,0,0,0.1,1.0,8578.54,1.0,1.0,0.773,0.0048,0.0453,0.9045,0.6414,0
ACC_001763,RING_00107,56,0,55,0,0,0.1,1.0,8578.54,1.0,1.0,0.773,0.0048,0.0453,0.9045,0.6414,0
ACC_001764,RING_00107,56,0,55,0,0,0.1,1.0,8578.54,1.0,1.0,0.773,0.0048,0.0453,0.9045,0.6414,0
ACC_001765,RING_00108,1,0,0,0,0,0.0,0.0,0.0,1.0,1.0,1.0,0.1071,0.0693,1.0,1.0,0
ACC_001766,RING_00109,27,0,0,0,26,0.2,1.0,9205.8,1.0,1.0,0.8127,0.0044,0.0403,0.922,0.7034,0
ACC_001767,RING_00109,27,0,0,0,26,0.2,1.0,9205.8,1.0,1.0,0.8127,0.0044,0.0403,0.922,0.7034,0
ACC_001768,RING_00109,27,0,0,0,26,0.2,1.0,9205.8,1.0,1.0,0.8127,0.0044,0.0403,0.922,0.7034,0
ACC_001769,RING_00109,27,0,0,0,26,0.2,1.0,9205.8,1.0,1.0,0.8127,0.0044,0.0403,0.922,0.7034,0
ACC_001770,RING_00109,27,0,0,0,26,0.2,1.0,9205.8,1.0,1.0,0.8127,0.0044,0.0403,0.922,0.7034,0
ACC_001771,RING_00109,27,0,0,0,26,0.2,1.0,9205.8,1.0,1.0,0.8127,0.0044,0.0403,0.922,0.7034,0
ACC_001772,RING_00109,27,0,0,0,26,0.2,1.0,9205.8,1.0,1.0,0.8127,0.0044,0.0403,0.922,0.7034,0
ACC_001773,RING_00109,27,0,0,0,26,0.2,1.0,9205.8,1.0,1.0,0.8127,0.0044,0.0403,0.922,0.7034,0
ACC_001774,RING_00109,27,0,0,0,26,0.2,1.0,9205.8,1.0,1.0,0.8127,0.0044,0.0403,0.922,0.7034,0
ACC_001775,RING_00109,27,0,0,0,26,0.2,1.0,9205.8,1.0,1.0,0.8127,0.0044,0.0403,0.922,0.7034,0
ACC_001776,RING_00109,27,0,0,0,26,0.2,1.0,9205.8,1.0,1.0,0.8127,0.0044,0.0403,0.922,0.7034,0
ACC_001777,RING_00109,27,0,0,0,26,0.2,1.0,9205.8,1.0,1.0,0.8127,0.0044,0.0403,0.922,0.7034,0
ACC_001778,RING_00109,27,0,0,0,26,0.2,1.0,9205.8,1.0,1.0,0.8127,0.0044,0.0403,0.922,0.7034,0
ACC_001779,RING_00109,27,0,0,0,26,0.2,1.0,9205.8,1.0,1.0,0.8127,0.0044,0.0403,0.922,0.7034,0
ACC_001780,RING_00109,27,0,0,0,26,0.2,1.0,9205.8,1.0,1.0,0.8127,0.0044,0.0403,0.922,0.7034,0
ACC_001781,RING_00109,27,0,0,0,26,0.2,1.0,9205.8,1.0,1.0,0.8127,0.0044,0.0403,0.922,0.7034,0
ACC_001782,RING_00109,27,0,0,0,26,0.2,1.0,9205.8,1.0,1.0,0.8127,0.0044,0.0403,0.922,0.7034,0
ACC_001783,RING_00109,27,0,0,0,26,0.2,1.0,9205.8,1.0,1.0,0.8127,0.0044,0.0403,0.922,0.7034,0
ACC_001784,RING_00109,27,0,0,0,26,0.2,1.0,9205.8,1.0,1.0,0.8127,0.0044,0.0403,0.922,0.7034,0
ACC_001785,RING_00109,27,0,0,0,26,0.2,1.0,9205.8,1.0,1.0,0.8127,0.0044,0.0403,0.922,0.7034,0
ACC_001786,RING_00109,27,0,0,0,26,0.2,1.0,9205.8,1.0,1.0,0.8127,0.0044,0.0403,0.922,0.7034,0
ACC_001787,RING_00109,27,0,0,0,26,0.2,1.0,9205.8,1.0,1.0,0.8127,0.0044,0.0403,0.922,0.7034,0
ACC_001788,RING_00109,27,0,0,0,26,0.2,1.0,9205.8,1.0,1.0,0.8127,0.0044,0.0403,0.922,0.7034,0
ACC_001789,RING_00109,27,0,0,0,26,0.2,1.0,9205.8,1.0,1.0,0.8127,0.0044,0.0403,0.922,0.7034,0
ACC_001790,RING_00109,27,0,0,0,26,0.2,1.0,9205.8,1.0,1.0,0.8127,0.0044,0.0403,0.922,0.7034,0
ACC_001791,RING_00109,27,0,0,0,26,0.2,1.0,9205.8,1.0,1.0,0.8127,0.0044,0.0403,0.922,0.7034,0
ACC_001792,RING_00109,27,0,0,0,26,0.2,1.0,9205.8,1.0,1.0,0.8127,0.0044,0.0403,0.922,0.7034,0
ACC_001793,RING_00110,13,7,2,0,12,0.3917,1.0,1.9,6.5,1.0,0.7031,0.9561,0.8556,0.6457,0.7605,1
ACC_001794,RING_00110,13,4,2,0,12,0.3167,1.0,1.9,6.5,1.0,0.7031,0.9561,0.8556,0.6457,0.7605,1
ACC_001795,RING_00110,13,4,0,0,12,0.3,1.0,1.9,6.5,1.0,0.7031,0.9561,0.8556,0.6457,0.7605,1
ACC_001796,RING_00110,13,7,4,0,12,0.4083,1.0,1.9,6.5,1.0,0.7031,0.9561,0.8556,0.6457,0.7605,1
ACC_001797,RING_00110,13,4,4,0,12,0.3333,1.0,1.9,6.5,1.0,0.7031,0.9561,0.8556,0.6457,0.7605,1
ACC_001798,RING_00110,13,7,4,0,12,0.4083,1.0,1.9,6.5,1.0,0.7031,0.9561,0.8556,0.6457,0.7605,1
ACC_001799,RING_00110,13,7,2,0,12,0.3917,1.0,1.9,6.5,1.0,0.7031,0.9561,0.8556,0.6457,0.7605,1
ACC_001800,RING_00110,13,4,4,0,12,0.3333,1.0,1.9,6.5,1.0,0.7031,0.9561,0.8556,0.6457,0.7605,1
ACC_001801,RING_00110,13,7,2,0,12,0.3917,1.0,1.9,6.5,1.0,0.7031,0.9561,0.8556,0.6457,0.7605,1
ACC_001802,RING_00110,13,7,4,0,12,0.4083,1.0,1.9,6.5,1.0,0.7031,0.9561,0.8556,0.6457,0.7605,1
ACC_001803,RING_00110,13,7,2,0,12,0.3917,1.0,1.9,6.5,1.0,0.7031,0.9561,0.8556,0.6457,0.7605,1
ACC_001804,RING_00110,13,7,0,0,12,0.375,1.0,1.9,6.5,1.0,0.7031,0.9561,0.8556,0.6457,0.7605,1
ACC_001805,RING_00110,13,4,2,0,12,0.3167,1.0,1.9,6.5,1.0,0.7031,0.9561,0.8556,0.6457,0.7605,1
ACC_001806,RING_00111,20,0,0,0,19,0.2,1.0,9481.26,1.0,1.0,0.8356,0.0036,0.0384,0.9278,0.7433,0
ACC_001807,RING_00111,20,0,0,0,19,0.2,1.0,9481.26,1.0,1.0,0.8356,0.0036,0.0384,0.9278,0.7433,0
ACC_001808,RING_00111,20,0,0,0,19,0.2,1.0,9481.26,1.0,1.0,0.8356,0.0036,0.0384,0.9278,0.7433,0
ACC_001809,RING_00111,20,0,0,0,19,0.2,1.0,9481.26,1.0,1.0,0.8356,0.0036,0.0384,0.9278,0.7433,0
ACC_001810,RING_00111,20,0,0,0,19,0.2,1.0,9481.26,1.0,1.0,0.8356,0.0036,0.0384,0.9278,0.7433,0
ACC_001811,RING_00111,20,0,0,0,19,0.2,1.0,9481.26,1.0,1.0,0.8356,0.0036,0.0384,0.9278,0.7433,0
ACC_001812,RING_00111,20,0,0,0,19,0.2,1.0,9481.26,1.0,1.0,0.8356,0.0036,0.0384,0.9278,0.7433,0
ACC_001813,RING_00111,20,0,0,0,19,0.2,1.0,9481.26,1.0,1.0,0.8356,0.0036,0.0384,0.9278,0.7433,0
ACC_001814,RING_00111,20,0,0,0,19,0.2,1.0,9481.26,1.0,1.0,0.8356,0.0036,0.0384,0.9278,0.7433,0
ACC_001815,RING_00111,20,0,0,0,19,0.2,1.0,9481.26,1.0,1.0,0.8356,0.0036,0.0384,0.9278,0.7433,0
ACC_001816,RING_00111,20,0,0,0,19,0.2,1.0,9481.26,1.0,1.0,0.8356,0.0036,0.0384,0.9278,0.7433,0
ACC_001817,RING_00111,20,0,0,0,19,0.2,1.0,9481.26,1.0,1.0,0.8356,0.0036,0.0384,0.9278,0.7433,0
ACC_001818,RING_00111,20,0,0,0,19,0.2,1.0,9481.26,1.0,1.0,0.8356,0.0036,0.0384,0.9278,0.7433,0
ACC_001819,RING_00111,20,0,0,0,19,0.2,1.0,9481.26,1.0,1.0,0.8356,0.0036,0.0384,0.9278,0.7433,0
ACC_001820,RING_00111,20,0,0,0,19,0.2,1.0,9481.26,1.0,1.0,0.8356,0.0036,0.0384,0.9278,0.7433,0
ACC_001821,RING_00111,20,0,0,0,19,0.2,1.0,9481.26,1.0,1.0,0.8356,0.0036,0.0384,0.9278,0.7433,0
ACC_001822,RING_00111,20,0,0,0,19,0.2,1.0,9481.26,1.0,1.0,0.8356,0.0036,0.0384,0.9278,0.7433,0
ACC_001823,RING_00111,20,0,0,0,19,0.2,1.0,9481.26,1.0,1.0,0.8356,0.0036,0.0384,0.9278,0.7433,0
ACC_001824,RING_00111,20,0,0,0,19,0.2,1.0,9481.26,1.0,1.0,0.8356,0.0036,0.0384,0.9278,0.7433,0
ACC_001825,RING_00111,20,0,0,0,19,0.2,1.0,9481.26,1.0,1.0,0.8356,0.0036,0.0384,0.9278,0.7433,0
ACC_001826,RING_00112,34,33,33,0,0,0.4,1.0,0.74,34.0,1.0,0.8197,0.9815,0.8992,1.0,0.6394,1
ACC_001827,RING_00112,34,33,33,0,1,0.4061,1.0,0.74,34.0,1.0,0.8197,0.9815,0.8992,1.0,0.6394,1
ACC_001828,RING_00112,34,33,33,0,2,0.4121,1.0,0.74,34.0,1.0,0.8197,0.9815,0.8992,1.0,0.6394,1
ACC_001829,RING_00112,34,33,33,0,0,0.4,1.0,0.74,34.0,1.0,0.8197,0.9815,0.8992,1.0,0.6394,1
ACC_001830,RING_00112,34,33,33,0,2,0.4121,1.0,0.74,34.0,1.0,0.8197,0.9815,0.8992,1.0,0.6394,1
ACC_001831,RING_00112,34,33,33,0,2,0.4121,1.0,0.74,34.0,1.0,0.8197,0.9815,0.8992,1.0,0.6394,1
ACC_001832,RING_00112,34,33,33,0,1,0.4061,1.0,0.74,34.0,1.0,0.8197,0.9815,0.8992,1.0,0.6394,1
ACC_001833,RING_00112,34,33,33,0,2,0.4121,1.0,0.74,34.0,1.0,0.8197,0.9815,0.8992,1.0,0.6394,1
ACC_001834,RING_00112,34,33,33,0,2,0.4121,1.0,0.74,34.0,1.0,0.8197,0.9815,0.8992,1.0,0.6394,1
ACC_001835,RING_00112,34,33,33,0,2,0.4121,1.0,0.74,34.0,1.0,0.8197,0.9815,0.8992,1.0,0.6394,1
ACC_001836,RING_00112,34,33,33,0,2,0.4121,1.0,0.74,34.0,1.0,0.8197,0.9815,0.8992,1.0,0.6394,1
ACC_001837,RING_00112,34,33,33,0,2,0.4121,1.0,0.74,34.0,1.0,0.8197,0.9815,0.8992,1.0,0.6394,1
ACC_001838,RING_00112,34,33,33,0,2,0.4121,1.0,0.74,34.0,1.0,0.8197,0.9815,0.8992,1.0,0.6394,1
ACC_001839,RING_00112,34,33,33,0,2,0.4121,1.0,0.74,34.0,1.0,0.8197,0.9815,0.8992,1.0,0.6394,1
ACC_001840,RING_00112,34,33,33,0,2,0.4121,1.0,0.74,34.0,1.0,0.8197,0.9815,0.8992,1.0,0.6394,1
ACC_001841,RING_00112,34,33,33,0,2,0.4121,1.0,0.74,34.0,1.0,0.8197,0.9815,0.8992,1.0,0.6394,1
ACC_001842,RING_00112,34,33,33,0,2,0.4121,1.0,0.74,34.0,1.0,0.8197,0.9815,0.8992,1.0,0.6394,1
ACC_001843,RING_00112,34,33,33,0,2,0.4121,1.0,0.74,34.0,1.0,0.8197,0.9815,0.8992,1.0,0.6394,1
ACC_001844,RING_00112,34,33,33,0,2,0.4121,1.0,0.74,34.0,1.0,0.8197,0.9815,0.8992,1.0,0.6394,1
ACC_001845,RING_00112,34,33,33,0,2,0.4121,1.0,0.74,34.0,1.0,0.8197,0.9815,0.8992,1.0,0.6394,1
ACC_001846,RING_00112,34,33,33,0,2,0.4121,1.0,0.74,34.0,1.0,0.8197,0.9815,0.8992,1.0,0.6394,1
ACC_001847,RING_00112,34,33,33,0,2,0.4121,1.0,0.74,34.0,1.0,0.8197,0.9815,0.8992,1.0,0.6394,1
ACC_001848,RING_00112,34,33,33,0,2,0.4121,1.0,0.74,34.0,1.0,0.8197,0.9815,0.8992,1.0,0.6394,1
ACC_001849,RING_00112,34,33,33,0,2,0.4121,1.0,0.74,34.0,1.0,0.8197,0.9815,0.8992,1.0,0.6394,1
ACC_001850,RING_00112,34,33,33,0,2,0.4121,1.0,0.74,34.0,1.0,0.8197,0.9815,0.8992,1.0,0.6394,1
ACC_001851,RING_00112,34,33,33,0,2,0.4121,1.0,0.74,34.0,1.0,0.8197,0.9815,0.8992,1.0,0.6394,1
ACC_001852,RING_00112,34,33,33,0,2,0.4121,1.0,0.74,34.0,1.0,0.8197,0.9815,0.8992,1.0,0.6394,1
ACC_001853,RING_00112,34,33,33,0,2,0.4121,1.0,0.74,34.0,1.0,0.8197,0.9815,0.8992,1.0,0.6394,1
ACC_001854,RING_00112,34,33,33,0,2,0.4121,1.0,0.74,34.0,1.0,0.8197,0.9815,0.8992,1.0,0.6394,1
ACC_001855,RING_00112,34,33,33,0,1,0.4061,1.0,0.74,34.0,1.0,0.8197,0.9815,0.8992,1.0,0.6394,1
ACC_001856,RING_00112,34,33,33,0,2,0.4121,1.0,0.74,34.0,1.0,0.8197,0.9815,0.8992,1.0,0.6394,1
ACC_001857,RING_00112,34,33,33,0,1,0.4061,1.0,0.74,34.0,1.0,0.8197,0.9815,0.8992,1.0,0.6394,1
ACC_001858,RING_00112,34,33,33,0,0,0.4,1.0,0.74,34.0,1.0,0.8197,0.9815,0.8992,1.0,0.6394,1
ACC_001859,RING_00112,34,33,33,0,2,0.4121,1.0,0.74,34.0,1.0,0.8197,0.9815,0.8992,1.0,0.6394,1
ACC_001860,RING_00113,3,0,0,2,2,0.6,1.0,8611.47,0.3333,3.0,0.8522,0.0034,0.0377,0.888,0.8164,0
ACC_001861,RING_00113,3,0,0,2,2,0.6,1.0,8611.47,0.3333,3.0,0.8522,0.0034,0.0377,0.888,0.8164,0
ACC_001862,RING_00113,3,0,0,2,2,0.6,1.0,8611.47,0.3333,3.0,0.8522,0.0034,0.0377,0.888,0.8164,0
ACC_001863,RING_00114,5,0,0,4,0,0.4,1.0,5176.72,0.2,5.0,0.7829,0.0064,0.0509,0.915,0.6507,0
ACC_001864,RING_00114,5,0,0,4,0,0.4,1.0,5176.72,0.2,5.0,0.7829,0.0064,0.0509,0.915,0.6507,0
ACC_001865,RING_00114,5,0,0,4,0,0.4,1.0,5176.72,0.2,5.0,0.7829,0.0064,0.0509,0.915,0.6507,0
ACC_001866,RING_00114,5,0,0,4,0,0.4,1.0,5176.72,0.2,5.0,0.7829,0.0064,0.0509,0.915,0.6507,0
ACC_001867,RING_00114,5,0,0,4,0,0.4,1.0,5176.72,0.2,5.0,0.7829,0.0064,0.0509,0.915,0.6507,0
ACC_001868,RING_00115,10,5,0,5,9,0.5889,1.0,3532.82,1.5,3.3333,0.6774,0.0107,0.7376,0.4985,0.8562,1
ACC_001869,RING_00115,10,5,0,1,9,0.4111,1.0,3532.82,1.5,3.3333,0.6774,0.0107,0.7376,0.4985,0.8562,1
ACC_001870,RING_00115,10,3,0,5,9,0.5222,1.0,3532.82,1.5,3.3333,0.6774,0.0107,0.7376,0.4985,0.8562,1
ACC_001871,RING_00115,10,5,0,1,9,0.4111,1.0,3532.82,1.5,3.3333,0.6774,0.0107,0.7376,0.4985,0.8562,1
ACC_001872,RING_00115,10,5,0,5,9,0.5889,1.0,3532.82,1.5,3.3333,0.6774,0.0107,0.7376,0.4985,0.8562,1
ACC_001873,RING_00115,10,3,0,1,9,0.3444,1.0,3532.82,1.5,3.3333,0.6774,0.0107,0.7376,0.4985,0.8562,1
ACC_001874,RING_00115,10,3,0,5,9,0.5222,1.0,3532.82,1.5,3.3333,0.6774,0.0107,0.7376,0.4985,0.8562,1
ACC_001875,RING_00115,10,5,0,5,9,0.5889,1.0,3532.82,1.5,3.3333,0.6774,0.0107,0.7376,0.4985,0.8562,1
ACC_001876,RING_00115,10,3,0,5,9,0.5222,1.0,3532.82,1.5,3.3333,0.6774,0.0107,0.7376,0.4985,0.8562,1
ACC_001877,RING_00115,10,5,0,1,9,0.4111,1.0,3532.82,1.5,3.3333,0.6774,0.0107,0.7376,0.4985,0.8562,1
ACC_001878,RING_00116,1,0,0,0,0,0.0,0.0,0.0,1.0,1.0,1.0,0.1071,0.039,1.0,1.0,0
ACC_001879,RING_00117,20,0,0,19,0,0.4,1.0,7509.21,0.05,20.0,0.7959,0.0056,0.0453,0.913,0.6789,0
ACC_001880,RING_00117,20,0,0,19,0,0.4,1.0,7509.21,0.05,20.0,0.7959,0.0056,0.0453,0.913,0.6789,0
ACC_001881,RING_00117,20,0,0,19,0,0.4,1.0,7509.21,0.05,20.0,0.7959,0.0056,0.0453,0.913,0.6789,0
ACC_001882,RING_00117,20,0,0,19,0,0.4,1.0,7509.21,0.05,20.0,0.7959,0.0056,0.0453,0.913,0.6789,0
ACC_001883,RING_00117,20,0,0,19,0,0.4,1.0,7509.21,0.05,20.0,0.7959,0.0056,0.0453,0.913,0.6789,0
ACC_001884,RING_00117,20,0,0,19,0,0.4,1.0,7509.21,0.05,20.0,0.7959,0.0056,0.0453,0.913,0.6789,0
ACC_001885,RING_00117,20,0,0,19,0,0.4,1.0,7509.21,0.05,20.0,0.7959,0.0056,0.0453,0.913,0.6789,0
ACC_001886,RING_00117,20,0,0,19,0,0.4,1.0,7509.21,0.05,20.0,0.7959,0.0056,0.0453,0.913,0.6789,0
ACC_001887,RING_00117,20,0,0,19,0,0.4,1.0,7509.21,0.05,20.0,0.7959,0.0056,0.0453,0.913,0.6789,0
ACC_001888,RING_00117,20,0,0,19,0,0.4,1.0,7509.21,0.05,20.0,0.7959,0.0056,0.0453,0.913,0.6789,0
ACC_001889,RING_00117,20,0,0,19,0,0.4,1.0,7509.21,0.05,20.0,0.7959,0.0056,0.0453,0.913,0.6789,0
ACC_001890,RING_00117,20,0,0,19,0,0.4,1.0,7509.21,0.05,20.0,0.7959,0.0056,0.0453,0.913,0.6789,0
ACC_001891,RING_00117,20,0,0,19,0,0.4,1.0,7509.21,0.05,20.0,0.7959,0.0056,0.0453,0.913,0.6789,0
ACC_001892,RING_00117,20,0,0,19,0,0.4,1.0,7509.21,0.05,20.0,0.7959,0.0056,0.0453,0.913,0.6789,0
ACC_001893,RING_00117,20,0,0,19,0,0.4,1.0,7509.21,0.05,20.0,0.7959,0.0056,0.0453,0.913,0.6789,0
ACC_001894,RING_00117,20,0,0,19,0,0.4,1.0,7509.21,0.05,20.0,0.7959,0.0056,0.0453,0.913,0.6789,0
ACC_001895,RING_00117,20,0,0,19,0,0.4,1.0,7509.21,0.05,20.0,0.7959,0.0056,0.0453,0.913,0.6789,0
ACC_001896,RING_00117,20,0,0,19,0,0.4,1.0,7509.21,0.05,20.0,0.7959,0.0056,0.0453,0.913,0.6789,0
ACC_001897,RING_00117,20,0,0,19,0,0.4,1.0,7509.21,0.05,20.0,0.7959,0.0056,0.0453,0.913,0.6789,0
ACC_001898,RING_00117,20,0,0,19,0,0.4,1.0,7509.21,0.05,20.0,0.7959,0.0056,0.0453,0.913,0.6789,0
ACC_001899,RING_00118,11,10,10,10,10,1.0,1.0,0.35,1.0,11.0,0.9882,0.991,0.8393,1.0,0.9765,1
ACC_001900,RING_00118,11,10,10,10,10,1.0,1.0,0.35,1.0,11.0,0.9882,0.991,0.8393,1.0,0.9765,1
ACC_001901,RING_00118,11,10,10,10,10,1.0,1.0,0.35,1.0,11.0,0.9882,0.991,0.8393,1.0,0.9765,1
ACC_001902,RING_00118,11,10,10,10,10,1.0,1.0,0.35,1.0,11.0,0.9882,0.991,0.8393,1.0,0.9765,1
ACC_001903,RING_00118,11,10,10,10,10,1.0,1.0,0.35,1.0,11.0,0.9882,0.991,0.8393,1.0,0.9765,1
ACC_001904,RING_00118,11,10,10,10,10,1.0,1.0,0.35,1.0,11.0,0.9882,0.991,0.8393,1.0,0.9765,1
ACC_001905,RING_00118,11,10,10,10,10,1.0,1.0,0.35,1.0,11.0,0.9882,0.991,0.8393,1.0,0.9765,1
ACC_001906,RING_00118,11,10,10,10,10,1.0,1.0,0.35,1.0,11.0,0.9882,0.991,0.8393,1.0,0.9765,1
ACC_001907,RING_00118,11,10,10,10,10,1.0,1.0,0.35,1.0,11.0,0.9882,0.991,0.8393,1.0,0.9765,1
ACC_001908,RING_00118,11,10,10,10,10,1.0,1.0,0.35,1.0,11.0,0.9882,0.991,0.8393,1.0,0.9765,1
ACC_001909,RING_00118,11,10,10,10,10,1.0,1.0,0.35,1.0,11.0,0.9882,0.991,0.8393,1.0,0.9765,1
ACC_001910,RING_00119,14,13,3,0,13,0.5231,1.0,1.73,14.0,1.0,0.7505,0.9597,0.8115,0.7157,0.7852,1
ACC_001911,RING_00119,14,13,4,0,13,0.5308,1.0,1.73,14.0,1.0,0.7505,0.9597,0.8115,0.7157,0.7852,1
ACC_001912,RING_00119,14,13,4,0,13,0.5308,1.0,1.73,14.0,1.0,0.7505,0.9597,0.8115,0.7157,0.7852,1
ACC_001913,RING_00119,14,13,4,0,13,0.5308,1.0,1.73,14.0,1.0,0.7505,0.9597,0.8115,0.7157,0.7852,1
ACC_001914,RING_00119,14,13,3,0,13,0.5231,1.0,1.73,14.0,1.0,0.7505,0.9597,0.8115,0.7157,0.7852,1
ACC_001915,RING_00119,14,13,4,0,13,0.5308,1.0,1.73,14.0,1.0,0.7505,0.9597,0.8115,0.7157,0.7852,1
ACC_001916,RING_00119,14,13,4,0,13,0.5308,1.0,1.73,14.0,1.0,0.7505,0.9597,0.8115,0.7157,0.7852,1
ACC_001917,RING_00119,14,13,4,0,13,0.5308,1.0,1.73,14.0,1.0,0.7505,0.9597,0.8115,0.7157,0.7852,1
ACC_001918,RING_00119,14,13,3,0,13,0.5231,1.0,1.73,14.0,1.0,0.7505,0.9597,0.8115,0.7157,0.7852,1
ACC_001919,RING_00119,14,13,3,0,13,0.5231,1.0,1.73,14.0,1.0,0.7505,0.9597,0.8115,0.7157,0.7852,1
ACC_001920,RING_00119,14,13,4,0,13,0.5308,1.0,1.73,14.0,1.0,0.7505,0.9597,0.8115,0.7157,0.7852,1
ACC_001921,RING_00119,14,13,4,0,13,0.5308,1.0,1.73,14.0,1.0,0.7505,0.9597,0.8115,0.7157,0.7852,1
ACC_001922,RING_00119,14,13,4,0,13,0.5308,1.0,1.73,14.0,1.0,0.7505,0.9597,0.8115,0.7157,0.7852,1
ACC_001923,RING_00119,14,13,4,0,13,0.5308,1.0,1.73,14.0,1.0,0.7505,0.9597,0.8115,0.7157,0.7852,1
ACC_001924,RING_00120,1,0,0,0,0,0.0,0.0,0.0,1.0,1.0,1.0,0.1071,0.0432,1.0,1.0,0
ACC_001925,RING_00121,60,0,59,0,0,0.1,1.0,8567.68,1.0,1.0,0.766,0.0049,0.0489,0.9099,0.6222,0
ACC_001926,RING_00121,60,0,59,0,0,0.1,1.0,8567.68,1.0,1.0,0.766,0.0049,0.0489,0.9099,0.6222,0
ACC_001927,RING_00121,60,0,59,0,0,0.1,1.0,8567.68,1.0,1.0,0.766,0.0049,0.0489,0.9099,0.6222,0
ACC_001928,RING_00121,60,0,59,0,0,0.1,1.0,8567.68,1.0,1.0,0.766,0.0049,0.0489,0.9099,0.6222,0
ACC_001929,RING_00121,60,0,59,0,0,0.1,1.0,8567.68,1.0,1.0,0.766,0.0049,0.0489,0.9099,0.6222,0
ACC_001930,RING_00121,60,0,59,0,0,0.1,1.0,8567.68,1.0,1.0,0.766,0.0049,0.0489,0.9099,0.6222,0
ACC_001931,RING_00121,60,0,59,0,0,0.1,1.0,8567.68,1.0,1.0,0.766,0.0049,0.0489,0.9099,0.6222,0
ACC_001932,RING_00121,60,0,59,0,0,0.1,1.0,8567.68,1.0,1.0,0.766,0.0049,0.0489,0.9099,0.6222,0
ACC_001933,RING_00121,60,0,59,0,0,0.1,1.0,8567.68,1.0,1.0,0.766,0.0049,0.0489,0.9099,0.6222,0
ACC_001934,RING_00121,60,0,59,0,0,0.1,1.0,8567.68,1.0,1.0,0.766,0.0049,0.0489,0.9099,0.6222,0
ACC_001935,RING_00121,60,0,59,0,0,0.1,1.0,8567.68,1.0,1.0,0.766,0.0049,0.0489,0.9099,0.6222,0
ACC_001936,RING_00121,60,0,59,0,0,0.1,1.0,8567.68,1.0,1.0,0.766,0.0049,0.0489,0.9099,0.6222,0
ACC_001937,RING_00121,60,0,59,0,0,0.1,1.0,8567.68,1.0,1.0,0.766,0.0049,0.0489,0.9099,0.6222,0
ACC_001938,RING_00121,60,0,59,0,0,0.1,1.0,8567.68,1.0,1.0,0.766,0.0049,0.0489,0.9099,0.6222,0
ACC_001939,RING_00121,60,0,59,0,0,0.1,1.0,8567.68,1.0,1.0,0.766,0.0049,0.0489,0.9099,0.6222,0
ACC_001940,RING_00121,60,0,59,0,0,0.1,1.0,8567.68,1.0,1.0,0.766,0.0049,0.0489,0.9099,0.6222,0
ACC_001941,RING_00121,60,0,59,0,0,0.1,1.0,8567.68,1.0,1.0,0.766,0.0049,0.0489,0.9099,0.6222,0
ACC_001942,RING_00121,60,0,59,0,0,0.1,1.0,8567.68,1.0,1.0,0.766,0.0049,0.0489,0.9099,0.6222,0
ACC_001943,RING_00121,60,0,59,0,0,0.1,1.0,8567.68,1.0,1.0,0.766,0.0049,0.0489,0.9099,0.6222,0
ACC_001944,RING_00121,60,0,59,0,0,0.1,1.0,8567.68,1.0,1.0,0.766,0.0049,0.0489,0.9099,0.6222,0
ACC_001945,RING_00121,60,0,59,0,0,0.1,1.0,8567.68,1.0,1.0,0.766,0.0049,0.0489,0.9099,0.6222,0
ACC_001946,RING_00121,60,0,59,0,0,0.1,1.0,8567.68,1.0,1.0,0.766,0.0049,0.0489,0.9099,0.6222,0
ACC_001947,RING_00121,60,0,59,0,0,0.1,1.0,8567.68,1.0,1.0,0.766,0.0049,0.0489,0.9099,0.6222,0
ACC_001948,RING_00121,60,0,59,0,0,0.1,1.0,8567.68,1.0,1.0,0.766,0.0049,0.0489,0.9099,0.6222,0
ACC_001949,RING_00121,60,0,59,0,0,0.1,1.0,8567.68,1.0,1.0,0.766,0.0049,0.0489,0.9099,0.6222,0
ACC_001950,RING_00121,60,0,59,0,0,0.1,1.0,8567.68,1.0,1.0,0.766,0.0049,0.0489,0.9099,0.6222,0
ACC_001951,RING_00121,60,0,59,0,0,0.1,1.0,8567.68,1.0,1.0,0.766,0.0049,0.0489,0.9099,0.6222,0
ACC_001952,RING_00121,60,0,59,0,0,0.1,1.0,8567.68,1.0,1.0,0.766,0.0049,0.0489,0.9099,0.6222,0
ACC_001953,RING_00121,60,0,59,0,0,0.1,1.0,8567.68,1.0,1.0,0.766,0.0049,0.0489,0.9099,0.6222,0
ACC_001954,RING_00121,60,0,59,0,0,0.1,1.0,8567.68,1.0,1.0,0.766,0.0049,0.0489,0.9099,0.6222,0
ACC_001955,RING_00121,60,0,59,0,0,0.1,1.0,8567.68,1.0,1.0,0.766,0.0049,0.0489,0.9099,0.6222,0
ACC_001956,RING_00121,60,0,59,0,0,0.1,1.0,8567.68,1.0,1.0,0.766,0.0049,0.0489,0.9099,0.6222,0
ACC_001957,RING_00121,60,0,59,0,0,0.1,1.0,8567.68,1.0,1.0,0.766,0.0049,0.0489,0.9099,0.6222,0
ACC_001958,RING_00121,60,0,59,0,0,0.1,1.0,8567.68,1.0,1.0,0.766,0.0049,0.0489,0.9099,0.6222,0
ACC_001959,RING_00121,60,0,59,0,0,0.1,1.0,8567.68,1.0,1.0,0.766,0.0049,0.0489,0.9099,0.6222,0
ACC_001960,RING_00121,60,0,59,0,0,0.1,1.0,8567.68,1.0,1.0,0.766,0.0049,0.0489,0.9099,0.6222,0
ACC_001961,RING_00121,60,0,59,0,0,0.1,1.0,8567.68,1.0,1.0,0.766,0.0049,0.0489,0.9099,0.6222,0
ACC_001962,RING_00121,60,0,59,0,0,0.1,1.0,8567.68,1.0,1.0,0.766,0.0049,0.0489,0.9099,0.6222,0
ACC_001963,RING_00121,60,0,59,0,0,0.1,1.0,8567.68,1.0,1.0,0.766,0.0049,0.0489,0.9099,0.6222,0
ACC_001964,RING_00121,60,0,59,0,0,0.1,1.0,8567.68,1.0,1.0,0.766,0.0049,0.0489,0.9099,0.6222,0
ACC_001965,RING_00121,60,0,59,0,0,0.1,1.0,8567.68,1.0,1.0,0.766,0.0049,0.0489,0.9099,0.6222,0
ACC_001966,RING_00121,60,0,59,0,0,0.1,1.0,8567.68,1.0,1.0,0.766,0.0049,0.0489,0.9099,0.6222,0
ACC_001967,RING_00121,60,0,59,0,0,0.1,1.0,8567.68,1.0,1.0,0.766,0.0049,0.0489,0.9099,0.6222,0
ACC_001968,RING_00121,60,0,59,0,0,0.1,1.0,8567.68,1.0,1.0,0.766,0.0049,0.0489,0.9099,0.6222,0
ACC_001969,RING_00121,60,0,59,0,0,0.1,1.0,8567.68,1.0,1.0,0.766,0.0049,0.0489,0.9099,0.6222,0
ACC_001970,RING_00121,60,0,59,0,0,0.1,1.0,8567.68,1.0,1.0,0.766,0.0049,0.0489,0.9099,0.6222,0
ACC_001971,RING_00121,60,0,59,0,0,0.1,1.0,8567.68,1.0,1.0,0.766,0.0049,0.0489,0.9099,0.6222,0
ACC_001972,RING_00121,60,0,59,0,0,0.1,1.0,8567.68,1.0,1.0,0.766,0.0049,0.0489,0.9099,0.6222,0
ACC_001973,RING_00121,60,0,59,0,0,0.1,1.0,8567.68,1.0,1.0,0.766,0.0049,0.0489,0.9099,0.6222,0
ACC_001974,RING_00121,60,0,59,0,0,0.1,1.0,8567.68,1.0,1.0,0.766,0.0049,0.0489,0.9099,0.6222,0
ACC_001975,RING_00121,60,0,59,0,0,0.1,1.0,8567.68,1.0,1.0,0.766,0.0049,0.0489,0.9099,0.6222,0
ACC_001976,RING_00121,60,0,59,0,0,0.1,1.0,8567.68,1.0,1.0,0.766,0.0049,0.0489,0.9099,0.6222,0
ACC_001977,RING_00121,60,0,59,0,0,0.1,1.0,8567.68,1.0,1.0,0.766,0.0049,0.0489,0.9099,0.6222,0
ACC_001978,RING_00121,60,0,59,0,0,0.1,1.0,8567.68,1.0,1.0,0.766,0.0049,0.0489,0.9099,0.6222,0
ACC_001979,RING_00121,60,0,59,0,0,0.1,1.0,8567.68,1.0,1.0,0.766,0.0049,0.0489,0.9099,0.6222,0
ACC_001980,RING_00121,60,0,59,0,0,0.1,1.0,8567.68,1.0,1.0,0.766,0.0049,0.0489,0.9099,0.6222,0
ACC_001981,RING_00121,60,0,59,0,0,0.1,1.0,8567.68,1.0,1.0,0.766,0.0049,0.0489,0.9099,0.6222,0
ACC_001982,RING_00121,60,0,59,0,0,0.1,1.0,8567.68,1.0,1.0,0.766,0.0049,0.0489,0.9099,0.6222,0
ACC_001983,RING_00121,60,0,59,0,0,0.1,1.0,8567.68,1.0,1.0,0.766,0.0049,0.0489,0.9099,0.6222,0
ACC_001984,RING_00121,60,0,59,0,0,0.1,1.0,8567.68,1.0,1.0,0.766,0.0049,0.0489,0.9099,0.6222,0
ACC_001985,RING_00122,2,0,0,1,1,0.6,1.0,1800.26,0.5,2.0,0.7658,0.0132,0.0448,0.8895,0.6422,0
ACC_001986,RING_00122,2,0,0,1,1,0.6,1.0,1800.26,0.5,2.0,0.7658,0.0132,0.0448,0.8895,0.6422,0
ACC_001987,RING_00123,22,21,21,0,0,0.4,1.0,0.72,22.0,1.0,0.8222,0.9814,0.8722,1.0,0.6443,1
ACC_001988,RING_00123,22,21,21,0,1,0.4095,1.0,0.72,22.0,1.0,0.8222,0.9814,0.8722,1.0,0.6443,1
ACC_001989,RING_00123,22,21,21,0,2,0.419,1.0,0.72,22.0,1.0,0.8222,0.9814,0.8722,1.0,0.6443,1
ACC_001990,RING_00123,22,21,21,0,0,0.4,1.0,0.72,22.0,1.0,0.8222,0.9814,0.8722,1.0,0.6443,1
ACC_001991,RING_00123,22,21,21,0,2,0.419,1.0,0.72,22.0,1.0,0.8222,0.9814,0.8722,1.0,0.6443,1
ACC_001992,RING_00123,22,21,21,0,2,0.419,1.0,0.72,22.0,1.0,0.8222,0.9814,0.8722,1.0,0.6443,1
ACC_001993,RING_00123,22,21,21,0,1,0.4095,1.0,0.72,22.0,1.0,0.8222,0.9814,0.8722,1.0,0.6443,1
ACC_001994,RING_00123,22,21,21,0,2,0.419,1.0,0.72,22.0,1.0,0.8222,0.9814,0.8722,1.0,0.6443,1
ACC_001995,RING_00123,22,21,21,0,2,0.419,1.0,0.72,22.0,1.0,0.8222,0.9814,0.8722,1.0,0.6443,1
ACC_001996,RING_00123,22,21,21,0,2,0.419,1.0,0.72,22.0,1.0,0.8222,0.9814,0.8722,1.0,0.6443,1
ACC_001997,RING_00123,22,21,21,0,2,0.419,1.0,0.72,22.0,1.0,0.8222,0.9814,0.8722,1.0,0.6443,1
ACC_001998,RING_00123,22,21,21,0,2,0.419,1.0,0.72,22.0,1.0,0.8222,0.9814,0.8722,1.0,0.6443,1
ACC_001999,RING_00123,22,21,21,0,2,0.419,1.0,0.72,22.0,1.0,0.8222,0.9814,0.8722,1.0,0.6443,1
ACC_002000,RING_00123,22,21,21,0,2,0.419,1.0,0.72,22.0,1.0,0.8222,0.9814,0.8722,1.0,0.6443,1
ACC_002001,RING_00123,22,21,21,0,2,0.419,1.0,0.72,22.0,1.0,0.8222,0.9814,0.8722,1.0,0.6443,1
ACC_002002,RING_00123,22,21,21,0,2,0.419,1.0,0.72,22.0,1.0,0.8222,0.9814,0.8722,1.0,0.6443,1
ACC_002003,RING_00123,22,21,21,0,2,0.419,1.0,0.72,22.0,1.0,0.8222,0.9814,0.8722,1.0,0.6443,1
ACC_002004,RING_00123,22,21,21,0,1,0.4095,1.0,0.72,22.0,1.0,0.8222,0.9814,0.8722,1.0,0.6443,1
ACC_002005,RING_00123,22,21,21,0,2,0.419,1.0,0.72,22.0,1.0,0.8222,0.9814,0.8722,1.0,0.6443,1
ACC_002006,RING_00123,22,21,21,0,1,0.4095,1.0,0.72,22.0,1.0,0.8222,0.9814,0.8722,1.0,0.6443,1
ACC_002007,RING_00123,22,21,21,0,0,0.4,1.0,0.72,22.0,1.0,0.8222,0.9814,0.8722,1.0,0.6443,1
ACC_002008,RING_00123,22,21,21,0,2,0.419,1.0,0.72,22.0,1.0,0.8222,0.9814,0.8722,1.0,0.6443,1
ACC_002009,RING_00124,1,0,0,0,0,0.0,0.0,0.0,1.0,1.0,1.0,0.1071,0.0716,1.0,1.0,0
ACC_002010,RING_00125,42,0,41,0,0,0.1,1.0,6783.22,1.0,1.0,0.76,0.0054,0.0515,0.9397,0.5804,0
ACC_002011,RING_00125,42,0,41,0,0,0.1,1.0,6783.22,1.0,1.0,0.76,0.0054,0.0515,0.9397,0.5804,0
ACC_002012,RING_00125,42,0,41,0,0,0.1,1.0,6783.22,1.0,1.0,0.76,0.0054,0.0515,0.9397,0.5804,0
ACC_002013,RING_00125,42,0,41,0,0,0.1,1.0,6783.22,1.0,1.0,0.76,0.0054,0.0515,0.9397,0.5804,0
ACC_002014,RING_00125,42,0,41,0,0,0.1,1.0,6783.22,1.0,1.0,0.76,0.0054,0.0515,0.9397,0.5804,0
ACC_002015,RING_00125,42,0,41,0,0,0.1,1.0,6783.22,1.0,1.0,0.76,0.0054,0.0515,0.9397,0.5804,0
ACC_002016,RING_00125,42,0,41,0,0,0.1,1.0,6783.22,1.0,1.0,0.76,0.0054,0.0515,0.9397,0.5804,0
ACC_002017,RING_00125,42,0,41,0,0,0.1,1.0,6783.22,1.0,1.0,0.76,0.0054,0.0515,0.9397,0.5804,0
ACC_002018,RING_00125,42,0,41,0,0,0.1,1.0,6783.22,1.0,1.0,0.76,0.0054,0.0515,0.9397,0.5804,0
ACC_002019,RING_00125,42,0,41,0,0,0.1,1.0,6783.22,1.0,1.0,0.76,0.0054,0.0515,0.9397,0.5804,0
ACC_002020,RING_00125,42,0,41,0,0,0.1,1.0,6783.22,1.0,1.0,0.76,0.0054,0.0515,0.9397,0.5804,0
ACC_002021,RING_00125,42,0,41,0,0,0.1,1.0,6783.22,1.0,1.0,0.76,0.0054,0.0515,0.9397,0.5804,0
ACC_002022,RING_00125,42,0,41,0,0,0.1,1.0,6783.22,1.0,1.0,0.76,0.0054,0.0515,0.9397,0.5804,0
ACC_002023,RING_00125,42,0,41,0,0,0.1,1.0,6783.22,1.0,1.0,0.76,0.0054,0.0515,0.9397,0.5804,0
ACC_002024,RING_00125,42,0,41,0,0,0.1,1.0,6783.22,1.0,1.0,0.76,0.0054,0.0515,0.9397,0.5804,0
ACC_002025,RING_00125,42,0,41,0,0,0.1,1.0,6783.22,1.0,1.0,0.76,0.0054,0.0515,0.9397,0.5804,0
ACC_002026,RING_00125,42,0,41,0,0,0.1,1.0,6783.22,1.0,1.0,0.76,0.0054,0.0515,0.9397,0.5804,0
ACC_002027,RING_00125,42,0,41,0,0,0.1,1.0,6783.22,1.0,1.0,0.76,0.0054,0.0515,0.9397,0.5804,0
ACC_002028,RING_00125,42,0,41,0,0,0.1,1.0,6783.22,1.0,1.0,0.76,0.0054,0.0515,0.9397,0.5804,0
ACC_002029,RING_00125,42,0,41,0,0,0.1,1.0,6783.22,1.0,1.0,0.76,0.0054,0.0515,0.9397,0.5804,0
ACC_002030,RING_00125,42,0,41,0,0,0.1,1.0,6783.22,1.0,1.0,0.76,0.0054,0.0515,0.9397,0.5804,0
ACC_002031,RING_00125,42,0,41,0,0,0.1,1.0,6783.22,1.0,1.0,0.76,0.0054,0.0515,0.9397,0.5804,0
ACC_002032,RING_00125,42,0,41,0,0,0.1,1.0,6783.22,1.0,1.0,0.76,0.0054,0.0515,0.9397,0.5804,0
ACC_002033,RING_00125,42,0,41,0,0,0.1,1.0,6783.22,1.0,1.0,0.76,0.0054,0.0515,0.9397,0.5804,0
ACC_002034,RING_00125,42,0,41,0,0,0.1,1.0,6783.22,1.0,1.0,0.76,0.0054,0.0515,0.9397,0.5804,0
ACC_002035,RING_00125,42,0,41,0,0,0.1,1.0,6783.22,1.0,1.0,0.76,0.0054,0.0515,0.9397,0.5804,0
ACC_002036,RING_00125,42,0,41,0,0,0.1,1.0,6783.22,1.0,1.0,0.76,0.0054,0.0515,0.9397,0.5804,0
ACC_002037,RING_00125,42,0,41,0,0,0.1,1.0,6783.22,1.0,1.0,0.76,0.0054,0.0515,0.9397,0.5804,0
ACC_002038,RING_00125,42,0,41,0,0,0.1,1.0,6783.22,1.0,1.0,0.76,0.0054,0.0515,0.9397,0.5804,0
ACC_002039,RING_00125,42,0,41,0,0,0.1,1.0,6783.22,1.0,1.0,0.76,0.0054,0.0515,0.9397,0.5804,0
ACC_002040,RING_00125,42,0,41,0,0,0.1,1.0,6783.22,1.0,1.0,0.76,0.0054,0.0515,0.9397,0.5804,0
ACC_002041,RING_00125,42,0,41,0,0,0.1,1.0,6783.22,1.0,1.0,0.76,0.0054,0.0515,0.9397,0.5804,0
ACC_002042,RING_00125,42,0,41,0,0,0.1,1.0,6783.22,1.0,1.0,0.76,0.0054,0.0515,0.9397,0.5804,0
ACC_002043,RING_00125,42,0,41,0,0,0.1,1.0,6783.22,1.0,1.0,0.76,0.0054,0.0515,0.9397,0.5804,0
ACC_002044,RING_00125,42,0,41,0,0,0.1,1.0,6783.22,1.0,1.0,0.76,0.0054,0.0515,0.9397,0.5804,0
ACC_002045,RING_00125,42,0,41,0,0,0.1,1.0,6783.22,1.0,1.0,0.76,0.0054,0.0515,0.9397,0.5804,0
ACC_002046,RING_00125,42,0,41,0,0,0.1,1.0,6783.22,1.0,1.0,0.76,0.0054,0.0515,0.9397,0.5804,0
ACC_002047,RING_00125,42,0,41,0,0,0.1,1.0,6783.22,1.0,1.0,0.76,0.0054,0.0515,0.9397,0.5804,0
ACC_002048,RING_00125,42,0,41,0,0,0.1,1.0,6783.22,1.0,1.0,0.76,0.0054,0.0515,0.9397,0.5804,0
ACC_002049,RING_00125,42,0,41,0,0,0.1,1.0,6783.22,1.0,1.0,0.76,0.0054,0.0515,0.9397,0.5804,0
ACC_002050,RING_00125,42,0,41,0,0,0.1,1.0,6783.22,1.0,1.0,0.76,0.0054,0.0515,0.9397,0.5804,0
ACC_002051,RING_00125,42,0,41,0,0,0.1,1.0,6783.22,1.0,1.0,0.76,0.0054,0.0515,0.9397,0.5804,0
ACC_002052,RING_00126,26,25,25,0,0,0.4,1.0,0.74,26.0,1.0,0.8041,0.9824,0.8964,1.0,0.6082,1
ACC_002053,RING_00126,26,25,25,0,1,0.408,1.0,0.74,26.0,1.0,0.8041,0.9824,0.8964,1.0,0.6082,1
ACC_002054,RING_00126,26,25,25,0,2,0.416,1.0,0.74,26.0,1.0,0.8041,0.9824,0.8964,1.0,0.6082,1
ACC_002055,RING_00126,26,25,25,0,0,0.4,1.0,0.74,26.0,1.0,0.8041,0.9824,0.8964,1.0,0.6082,1
ACC_002056,RING_00126,26,25,25,0,2,0.416,1.0,0.74,26.0,1.0,0.8041,0.9824,0.8964,1.0,0.6082,1
ACC_002057,RING_00126,26,25,25,0,2,0.416,1.0,0.74,26.0,1.0,0.8041,0.9824,0.8964,1.0,0.6082,1
ACC_002058,RING_00126,26,25,25,0,1,0.408,1.0,0.74,26.0,1.0,0.8041,0.9824,0.8964,1.0,0.6082,1
ACC_002059,RING_00126,26,25,25,0,2,0.416,1.0,0.74,26.0,1.0,0.8041,0.9824,0.8964,1.0,0.6082,1
ACC_002060,RING_00126,26,25,25,0,2,0.416,1.0,0.74,26.0,1.0,0.8041,0.9824,0.8964,1.0,0.6082,1
ACC_002061,RING_00126,26,25,25,0,2,0.416,1.0,0.74,26.0,1.0,0.8041,0.9824,0.8964,1.0,0.6082,1
ACC_002062,RING_00126,26,25,25,0,2,0.416,1.0,0.74,26.0,1.0,0.8041,0.9824,0.8964,1.0,0.6082,1
ACC_002063,RING_00126,26,25,25,0,2,0.416,1.0,0.74,26.0,1.0,0.8041,0.9824,0.8964,1.0,0.6082,1
ACC_002064,RING_00126,26,25,25,0,2,0.416,1.0,0.74,26.0,1.0,0.8041,0.9824,0.8964,1.0,0.6082,1
ACC_002065,RING_00126,26,25,25,0,2,0.416,1.0,0.74,26.0,1.0,0.8041,0.9824,0.8964,1.0,0.6082,1
ACC_002066,RING_00126,26,25,25,0,2,0.416,1.0,0.74,26.0,1.0,0.8041,0.9824,0.8964,1.0,0.6082,1
ACC_002067,RING_00126,26,25,25,0,2,0.416,1.0,0.74,26.0,1.0,0.8041,0.9824,0.8964,1.0,0.6082,1
ACC_002068,RING_00126,26,25,25,0,2,0.416,1.0,0.74,26.0,1.0,0.8041,0.9824,0.8964,1.0,0.6082,1
ACC_002069,RING_00126,26,25,25,0,2,0.416,1.0,0.74,26.0,1.0,0.8041,0.9824,0.8964,1.0,0.6082,1
ACC_002070,RING_00126,26,25,25,0,2,0.416,1.0,0.74,26.0,1.0,0.8041,0.9824,0.8964,1.0,0.6082,1
ACC_002071,RING_00126,26,25,25,0,2,0.416,1.0,0.74,26.0,1.0,0.8041,0.9824,0.8964,1.0,0.6082,1
ACC_002072,RING_00126,26,25,25,0,1,0.408,1.0,0.74,26.0,1.0,0.8041,0.9824,0.8964,1.0,0.6082,1
ACC_002073,RING_00126,26,25,25,0,2,0.416,1.0,0.74,26.0,1.0,0.8041,0.9824,0.8964,1.0,0.6082,1
ACC_002074,RING_00126,26,25,25,0,1,0.408,1.0,0.74,26.0,1.0,0.8041,0.9824,0.8964,1.0,0.6082,1
ACC_002075,RING_00126,26,25,25,0,1,0.408,1.0,0.74,26.0,1.0,0.8041,0.9824,0.8964,1.0,0.6082,1
ACC_002076,RING_00126,26,25,25,0,2,0.416,1.0,0.74,26.0,1.0,0.8041,0.9824,0.8964,1.0,0.6082,1
ACC_002077,RING_00126,26,25,25,0,1,0.408,1.0,0.74,26.0,1.0,0.8041,0.9824,0.8964,1.0,0.6082,1
ACC_002078,RING_00127,1,0,0,0,0,0.0,0.0,0.0,1.0,1.0,1.0,0.1071,0.0812,1.0,1.0,0
ACC_002079,RING_00128,13,6,0,0,12,0.35,1.0,1.55,6.5,1.0,0.8189,0.9628,0.8687,0.8674,0.7704,1
ACC_002080,RING_00128,13,6,2,0,12,0.3667,1.0,1.55,6.5,1.0,0.8189,0.9628,0.8687,0.8674,0.7704,1
ACC_002081,RING_00128,13,5,3,0,12,0.35,1.0,1.55,6.5,1.0,0.8189,0.9628,0.8687,0.8674,0.7704,1
ACC_002082,RING_00128,13,5,2,0,12,0.3417,1.0,1.55,6.5,1.0,0.8189,0.9628,0.8687,0.8674,0.7704,1
ACC_002083,RING_00128,13,6,1,0,12,0.3583,1.0,1.55,6.5,1.0,0.8189,0.9628,0.8687,0.8674,0.7704,1
ACC_002084,RING_00128,13,5,3,0,12,0.35,1.0,1.55,6.5,1.0,0.8189,0.9628,0.8687,0.8674,0.7704,1
ACC_002085,RING_00128,13,6,1,0,12,0.3583,1.0,1.55,6.5,1.0,0.8189,0.9628,0.8687,0.8674,0.7704,1
ACC_002086,RING_00128,13,5,3,0,12,0.35,1.0,1.55,6.5,1.0,0.8189,0.9628,0.8687,0.8674,0.7704,1
ACC_002087,RING_00128,13,6,2,0,12,0.3667,1.0,1.55,6.5,1.0,0.8189,0.9628,0.8687,0.8674,0.7704,1
ACC_002088,RING_00128,13,6,1,0,12,0.3583,1.0,1.55,6.5,1.0,0.8189,0.9628,0.8687,0.8674,0.7704,1
ACC_002089,RING_00128,13,5,0,0,12,0.325,1.0,1.55,6.5,1.0,0.8189,0.9628,0.8687,0.8674,0.7704,1
ACC_002090,RING_00128,13,5,1,0,12,0.3333,1.0,1.55,6.5,1.0,0.8189,0.9628,0.8687,0.8674,0.7704,1
ACC_002091,RING_00128,13,6,3,0,12,0.375,1.0,1.55,6.5,1.0,0.8189,0.9628,0.8687,0.8674,0.7704,1
ACC_002092,RING_00129,4,0,0,3,3,0.6,1.0,5016.68,0.25,4.0,0.7544,0.0065,0.039,0.9521,0.5568,0
ACC_002093,RING_00129,4,0,0,3,3,0.6,1.0,5016.68,0.25,4.0,0.7544,0.0065,0.039,0.9521,0.5568,0
ACC_002094,RING_00129,4,0,0,3,3,0.6,1.0,5016.68,0.25,4.0,0.7544,0.0065,0.039,0.9521,0.5568,0
ACC_002095,RING_00129,4,0,0,3,3,0.6,1.0,5016.68,0.25,4.0,0.7544,0.0065,0.039,0.9521,0.5568,0
ACC_002096,RING_00130,2,0,0,1,1,0.6,1.0,866.21,0.5,2.0,0.8554,0.027,0.0343,0.9116,0.7993,0
ACC_002097,RING_00130,2,0,0,1,1,0.6,1.0,866.21,0.5,2.0,0.8554,0.027,0.0343,0.9116,0.7993,0
ACC_002098,RING_00131,2,0,0,1,1,0.6,1.0,696.69,0.5,2.0,0.8138,0.0333,0.0384,0.9887,0.6389,0
ACC_002099,RING_00131,2,0,0,1,1,0.6,1.0,696.69,0.5,2.0,0.8138,0.0333,0.0384,0.9887,0.6389,0
ACC_002100,RING_00132,4,0,0,3,3,0.6,1.0,7035.9,0.25,4.0,0.8523,0.0043,0.046,0.8468,0.8578,0
ACC_002101,RING_00132,4,0,0,3,3,0.6,1.0,7035.9,0.25,4.0,0.8523,0.0043,0.046,0.8468,0.8578,0
ACC_002102,RING_00132,4,0,0,3,3,0.6,1.0,7035.9,0.25,4.0,0.8523,0.0043,0.046,0.8468,0.8578,0
ACC_002103,RING_00132,4,0,0,3,3,0.6,1.0,7035.9,0.25,4.0,0.8523,0.0043,0.046,0.8468,0.8578,0
ACC_002104,RING_00133,18,17,0,0,0,0.3,1.0,6837.53,18.0,1.0,0.7965,0.005,0.0457,0.9334,0.6596,0
ACC_002105,RING_00133,18,17,0,0,0,0.3,1.0,6837.53,18.0,1.0,0.7965,0.005,0.0457,0.9334,0.6596,0
ACC_002106,RING_00133,18,17,0,0,0,0.3,1.0,6837.53,18.0,1.0,0.7965,0.005,0.0457,0.9334,0.6596,0
ACC_002107,RING_00133,18,17,0,0,0,0.3,1.0,6837.53,18.0,1.0,0.7965,0.005,0.0457,0.9334,0.6596,0
ACC_002108,RING_00133,18,17,0,0,0,0.3,1.0,6837.53,18.0,1.0,0.7965,0.005,0.0457,0.9334,0.6596,0
ACC_002109,RING_00133,18,17,0,0,0,0.3,1.0,6837.53,18.0,1.0,0.7965,0.005,0.0457,0.9334,0.6596,0
ACC_002110,RING_00133,18,17,0,0,0,0.3,1.0,6837.53,18.0,1.0,0.7965,0.005,0.0457,0.9334,0.6596,0
ACC_002111,RING_00133,18,17,0,0,0,0.3,1.0,6837.53,18.0,1.0,0.7965,0.005,0.0457,0.9334,0.6596,0
ACC_002112,RING_00133,18,17,0,0,0,0.3,1.0,6837.53,18.0,1.0,0.7965,0.005,0.0457,0.9334,0.6596,0
ACC_002113,RING_00133,18,17,0,0,0,0.3,1.0,6837.53,18.0,1.0,0.7965,0.005,0.0457,0.9334,0.6596,0
ACC_002114,RING_00133,18,17,0,0,0,0.3,1.0,6837.53,18.0,1.0,0.7965,0.005,0.0457,0.9334,0.6596,0
ACC_002115,RING_00133,18,17,0,0,0,0.3,1.0,6837.53,18.0,1.0,0.7965,0.005,0.0457,0.9334,0.6596,0
ACC_002116,RING_00133,18,17,0,0,0,0.3,1.0,6837.53,18.0,1.0,0.7965,0.005,0.0457,0.9334,0.6596,0
ACC_002117,RING_00133,18,17,0,0,0,0.3,1.0,6837.53,18.0,1.0,0.7965,0.005,0.0457,0.9334,0.6596,0
ACC_002118,RING_00133,18,17,0,0,0,0.3,1.0,6837.53,18.0,1.0,0.7965,0.005,0.0457,0.9334,0.6596,0
ACC_002119,RING_00133,18,17,0,0,0,0.3,1.0,6837.53,18.0,1.0,0.7965,0.005,0.0457,0.9334,0.6596,0
ACC_002120,RING_00133,18,17,0,0,0,0.3,1.0,6837.53,18.0,1.0,0.7965,0.005,0.0457,0.9334,0.6596,0
ACC_002121,RING_00133,18,17,0,0,0,0.3,1.0,6837.53,18.0,1.0,0.7965,0.005,0.0457,0.9334,0.6596,0
ACC_002122,RING_00134,26,0,25,0,0,0.1,1.0,6986.86,1.0,1.0,0.7942,0.0066,0.048,0.9424,0.6461,0
ACC_002123,RING_00134,26,0,25,0,0,0.1,1.0,6986.86,1.0,1.0,0.7942,0.0066,0.048,0.9424,0.6461,0
ACC_002124,RING_00134,26,0,25,0,0,0.1,1.0,6986.86,1.0,1.0,0.7942,0.0066,0.048,0.9424,0.6461,0
ACC_002125,RING_00134,26,0,25,0,0,0.1,1.0,6986.86,1.0,1.0,0.7942,0.0066,0.048,0.9424,0.6461,0
ACC_002126,RING_00134,26,0,25,0,0,0.1,1.0,6986.86,1.0,1.0,0.7942,0.0066,0.048,0.9424,0.6461,0
ACC_002127,RING_00134,26,0,25,0,0,0.1,1.0,6986.86,1.0,1.0,0.7942,0.0066,0.048,0.9424,0.6461,0
ACC_002128,RING_00134,26,0,25,0,0,0.1,1.0,6986.86,1.0,1.0,0.7942,0.0066,0.048,0.9424,0.6461,0
ACC_002129,RING_00134,26,0,25,0,0,0.1,1.0,6986.86,1.0,1.0,0.7942,0.0066,0.048,0.9424,0.6461,0
ACC_002130,RING_00134,26,0,25,0,0,0.1,1.0,6986.86,1.0,1.0,0.7942,0.0066,0.048,0.9424,0.6461,0
ACC_002131,RING_00134,26,0,25,0,0,0.1,1.0,6986.86,1.0,1.0,0.7942,0.0066,0.048,0.9424,0.6461,0
ACC_002132,RING_00134,26,0,25,0,0,0.1,1.0,6986.86,1.0,1.0,0.7942,0.0066,0.048,0.9424,0.6461,0
ACC_002133,RING_00134,26,0,25,0,0,0.1,1.0,6986.86,1.0,1.0,0.7942,0.0066,0.048,0.9424,0.6461,0
ACC_002134,RING_00134,26,0,25,0,0,0.1,1.0,6986.86,1.0,1.0,0.7942,0.0066,0.048,0.9424,0.6461,0
ACC_002135,RING_00134,26,0,25,0,0,0.1,1.0,6986.86,1.0,1.0,0.7942,0.0066,0.048,0.9424,0.6461,0
ACC_002136,RING_00134,26,0,25,0,0,0.1,1.0,6986.86,1.0,1.0,0.7942,0.0066,0.048,0.9424,0.6461,0
ACC_002137,RING_00134,26,0,25,0,0,0.1,1.0,6986.86,1.0,1.0,0.7942,0.0066,0.048,0.9424,0.6461,0
ACC_002138,RING_00134,26,0,25,0,0,0.1,1.0,6986.86,1.0,1.0,0.7942,0.0066,0.048,0.9424,0.6461,0
ACC_002139,RING_00134,26,0,25,0,0,0.1,1.0,6986.86,1.0,1.0,0.7942,0.0066,0.048,0.9424,0.6461,0
ACC_002140,RING_00134,26,0,25,0,0,0.1,1.0,6986.86,1.0,1.0,0.7942,0.0066,0.048,0.9424,0.6461,0
ACC_002141,RING_00134,26,0,25,0,0,0.1,1.0,6986.86,1.0,1.0,0.7942,0.0066,0.048,0.9424,0.6461,0
ACC_002142,RING_00134,26,0,25,0,0,0.1,1.0,6986.86,1.0,1.0,0.7942,0.0066,0.048,0.9424,0.6461,0
ACC_002143,RING_00134,26,0,25,0,0,0.1,1.0,6986.86,1.0,1.0,0.7942,0.0066,0.048,0.9424,0.6461,0
ACC_002144,RING_00134,26,0,25,0,0,0.1,1.0,6986.86,1.0,1.0,0.7942,0.0066,0.048,0.9424,0.6461,0
ACC_002145,RING_00134,26,0,25,0,0,0.1,1.0,6986.86,1.0,1.0,0.7942,0.0066,0.048,0.9424,0.6461,0
ACC_002146,RING_00134,26,0,25,0,0,0.1,1.0,6986.86,1.0,1.0,0.7942,0.0066,0.048,0.9424,0.6461,0
ACC_002147,RING_00134,26,0,25,0,0,0.1,1.0,6986.86,1.0,1.0,0.7942,0.0066,0.048,0.9424,0.6461,0
ACC_002148,RING_00135,24,23,23,0,0,0.4,1.0,0.69,24.0,1.0,0.8136,0.9823,0.912,1.0,0.6273,1
ACC_002149,RING_00135,24,23,23,0,1,0.4087,1.0,0.69,24.0,1.0,0.8136,0.9823,0.912,1.0,0.6273,1
ACC_002150,RING_00135,24,23,23,0,2,0.4174,1.0,0.69,24.0,1.0,0.8136,0.9823,0.912,1.0,0.6273,1
ACC_002151,RING_00135,24,23,23,0,0,0.4,1.0,0.69,24.0,1.0,0.8136,0.9823,0.912,1.0,0.6273,1
ACC_002152,RING_00135,24,23,23,0,2,0.4174,1.0,0.69,24.0,1.0,0.8136,0.9823,0.912,1.0,0.6273,1
ACC_002153,RING_00135,24,23,23,0,2,0.4174,1.0,0.69,24.0,1.0,0.8136,0.9823,0.912,1.0,0.6273,1
ACC_002154,RING_00135,24,23,23,0,1,0.4087,1.0,0.69,24.0,1.0,0.8136,0.9823,0.912,1.0,0.6273,1
ACC_002155,RING_00135,24,23,23,0,2,0.4174,1.0,0.69,24.0,1.0,0.8136,0.9823,0.912,1.0,0.6273,1
ACC_002156,RING_00135,24,23,23,0,2,0.4174,1.0,0.69,24.0,1.0,0.8136,0.9823,0.912,1.0,0.6273,1
ACC_002157,RING_00135,24,23,23,0,2,0.4174,1.0,0.69,24.0,1.0,0.8136,0.9823,0.912,1.0,0.6273,1
ACC_002158,RING_00135,24,23,23,0,2,0.4174,1.0,0.69,24.0,1.0,0.8136,0.9823,0.912,1.0,0.6273,1
ACC_002159,RING_00135,24,23,23,0,2,0.4174,1.0,0.69,24.0,1.0,0.8136,0.9823,0.912,1.0,0.6273,1
ACC_002160,RING_00135,24,23,23,0,2,0.4174,1.0,0.69,24.0,1.0,0.8136,0.9823,0.912,1.0,0.6273,1
ACC_002161,RING_00135,24,23,23,0,2,0.4174,1.0,0.69,24.0,1.0,0.8136,0.9823,0.912,1.0,0.6273,1
ACC_002162,RING_00135,24,23,23,0,2,0.4174,1.0,0.69,24.0,1.0,0.8136,0.9823,0.912,1.0,0.6273,1
ACC_002163,RING_00135,24,23,23,0,2,0.4174,1.0,0.69,24.0,1.0,0.8136,0.9823,0.912,1.0,0.6273,1
ACC_002164,RING_00135,24,23,23,0,2,0.4174,1.0,0.69,24.0,1.0,0.8136,0.9823,0.912,1.0,0.6273,1
ACC_002165,RING_00135,24,23,23,0,2,0.4174,1.0,0.69,24.0,1.0,0.8136,0.9823,0.912,1.0,0.6273,1
ACC_002166,RING_00135,24,23,23,0,2,0.4174,1.0,0.69,24.0,1.0,0.8136,0.9823,0.912,1.0,0.6273,1
ACC_002167,RING_00135,24,23,23,0,2,0.4174,1.0,0.69,24.0,1.0,0.8136,0.9823,0.912,1.0,0.6273,1
ACC_002168,RING_00135,24,23,23,0,2,0.4174,1.0,0.69,24.0,1.0,0.8136,0.9823,0.912,1.0,0.6273,1
ACC_002169,RING_00135,24,23,23,0,2,0.4174,1.0,0.69,24.0,1.0,0.8136,0.9823,0.912,1.0,0.6273,1
ACC_002170,RING_00135,24,23,23,0,2,0.4174,1.0,0.69,24.0,1.0,0.8136,0.9823,0.912,1.0,0.6273,1
ACC_002171,RING_00135,24,23,23,0,2,0.4174,1.0,0.69,24.0,1.0,0.8136,0.9823,0.912,1.0,0.6273,1
ACC_002172,RING_00136,23,22,22,0,2,0.4182,1.0,0.63,23.0,1.0,0.8204,0.9843,0.9033,1.0,0.6407,1
ACC_002173,RING_00136,23,22,22,0,2,0.4182,1.0,0.63,23.0,1.0,0.8204,0.9843,0.9033,1.0,0.6407,1
ACC_002174,RING_00136,23,22,22,0,2,0.4182,1.0,0.63,23.0,1.0,0.8204,0.9843,0.9033,1.0,0.6407,1
ACC_002175,RING_00136,23,22,22,0,2,0.4182,1.0,0.63,23.0,1.0,0.8204,0.9843,0.9033,1.0,0.6407,1
ACC_002176,RING_00136,23,22,22,0,2,0.4182,1.0,0.63,23.0,1.0,0.8204,0.9843,0.9033,1.0,0.6407,1
ACC_002177,RING_00136,23,22,22,0,2,0.4182,1.0,0.63,23.0,1.0,0.8204,0.9843,0.9033,1.0,0.6407,1
ACC_002178,RING_00136,23,22,22,0,2,0.4182,1.0,0.63,23.0,1.0,0.8204,0.9843,0.9033,1.0,0.6407,1
ACC_002179,RING_00136,23,22,22,0,2,0.4182,1.0,0.63,23.0,1.0,0.8204,0.9843,0.9033,1.0,0.6407,1
ACC_002180,RING_00136,23,22,22,0,2,0.4182,1.0,0.63,23.0,1.0,0.8204,0.9843,0.9033,1.0,0.6407,1
ACC_002181,RING_00136,23,22,22,0,2,0.4182,1.0,0.63,23.0,1.0,0.8204,0.9843,0.9033,1.0,0.6407,1
ACC_002182,RING_00136,23,22,22,0,2,0.4182,1.0,0.63,23.0,1.0,0.8204,0.9843,0.9033,1.0,0.6407,1
ACC_002183,RING_00136,23,22,22,0,2,0.4182,1.0,0.63,23.0,1.0,0.8204,0.9843,0.9033,1.0,0.6407,1
ACC_002184,RING_00136,23,22,22,0,2,0.4182,1.0,0.63,23.0,1.0,0.8204,0.9843,0.9033,1.0,0.6407,1
ACC_002185,RING_00136,23,22,22,0,2,0.4182,1.0,0.63,23.0,1.0,0.8204,0.9843,0.9033,1.0,0.6407,1
ACC_002186,RING_00136,23,22,22,0,2,0.4182,1.0,0.63,23.0,1.0,0.8204,0.9843,0.9033,1.0,0.6407,1
ACC_002187,RING_00136,23,22,22,0,2,0.4182,1.0,0.63,23.0,1.0,0.8204,0.9843,0.9033,1.0,0.6407,1
ACC_002188,RING_00136,23,22,22,0,2,0.4182,1.0,0.63,23.0,1.0,0.8204,0.9843,0.9033,1.0,0.6407,1
ACC_002189,RING_00136,23,22,22,0,1,0.4091,1.0,0.63,23.0,1.0,0.8204,0.9843,0.9033,1.0,0.6407,1
ACC_002190,RING_00136,23,22,22,0,2,0.4182,1.0,0.63,23.0,1.0,0.8204,0.9843,0.9033,1.0,0.6407,1
ACC_002191,RING_00136,23,22,22,0,1,0.4091,1.0,0.63,23.0,1.0,0.8204,0.9843,0.9033,1.0,0.6407,1
ACC_002192,RING_00136,23,22,22,0,1,0.4091,1.0,0.63,23.0,1.0,0.8204,0.9843,0.9033,1.0,0.6407,1
ACC_002193,RING_00136,23,22,22,0,2,0.4182,1.0,0.63,23.0,1.0,0.8204,0.9843,0.9033,1.0,0.6407,1
ACC_002194,RING_00136,23,22,22,0,1,0.4091,1.0,0.63,23.0,1.0,0.8204,0.9843,0.9033,1.0,0.6407,1
ACC_002195,RING_00137,52,0,51,0,0,0.1,1.0,8014.4,1.0,1.0,0.7814,0.0054,0.042,0.9096,0.6532,0
ACC_002196,RING_00137,52,0,51,0,0,0.1,1.0,8014.4,1.0,1.0,0.7814,0.0054,0.042,0.9096,0.6532,0
ACC_002197,RING_00137,52,0,51,0,0,0.1,1.0,8014.4,1.0,1.0,0.7814,0.0054,0.042,0.9096,0.6532,0
ACC_002198,RING_00137,52,0,51,0,0,0.1,1.0,8014.4,1.0,1.0,0.7814,0.0054,0.042,0.9096,0.6532,0
ACC_002199,RING_00137,52,0,51,0,0,0.1,1.0,8014.4,1.0,1.0,0.7814,0.0054,0.042,0.9096,0.6532,0
ACC_002200,RING_00137,52,0,51,0,0,0.1,1.0,8014.4,1.0,1.0,0.7814,0.0054,0.042,0.9096,0.6532,0
ACC_002201,RING_00137,52,0,51,0,0,0.1,1.0,8014.4,1.0,1.0,0.7814,0.0054,0.042,0.9096,0.6532,0
ACC_002202,RING_00137,52,0,51,0,0,0.1,1.0,8014.4,1.0,1.0,0.7814,0.0054,0.042,0.9096,0.6532,0
ACC_002203,RING_00137,52,0,51,0,0,0.1,1.0,8014.4,1.0,1.0,0.7814,0.0054,0.042,0.9096,0.6532,0
ACC_002204,RING_00137,52,0,51,0,0,0.1,1.0,8014.4,1.0,1.0,0.7814,0.0054,0.042,0.9096,0.6532,0
ACC_002205,RING_00137,52,0,51,0,0,0.1,1.0,8014.4,1.0,1.0,0.7814,0.0054,0.042,0.9096,0.6532,0
ACC_002206,RING_00137,52,0,51,0,0,0.1,1.0,8014.4,1.0,1.0,0.7814,0.0054,0.042,0.9096,0.6532,0
ACC_002207,RING_00137,52,0,51,0,0,0.1,1.0,8014.4,1.0,1.0,0.7814,0.0054,0.042,0.9096,0.6532,0
ACC_002208,RING_00137,52,0,51,0,0,0.1,1.0,8014.4,1.0,1.0,0.7814,0.0054,0.042,0.9096,0.6532,0
ACC_002209,RING_00137,52,0,51,0,0,0.1,1.0,8014.4,1.0,1.0,0.7814,0.0054,0.042,0.9096,0.6532,0
ACC_002210,RING_00137,52,0,51,0,0,0.1,1.0,8014.4,1.0,1.0,0.7814,0.0054,0.042,0.9096,0.6532,0
ACC_002211,RING_00137,52,0,51,0,0,0.1,1.0,8014.4,1.0,1.0,0.7814,0.0054,0.042,0.9096,0.6532,0
ACC_002212,RING_00137,52,0,51,0,0,0.1,1.0,8014.4,1.0,1.0,0.7814,0.0054,0.042,0.9096,0.6532,0
ACC_002213,RING_00137,52,0,51,0,0,0.1,1.0,8014.4,1.0,1.0,0.7814,0.0054,0.042,0.9096,0.6532,0
ACC_002214,RING_00137,52,0,51,0,0,0.1,1.0,8014.4,1.0,1.0,0.7814,0.0054,0.042,0.9096,0.6532,0
ACC_002215,RING_00137,52,0,51,0,0,0.1,1.0,8014.4,1.0,1.0,0.7814,0.0054,0.042,0.9096,0.6532,0
ACC_002216,RING_00137,52,0,51,0,0,0.1,1.0,8014.4,1.0,1.0,0.7814,0.0054,0.042,0.9096,0.6532,0
ACC_002217,RING_00137,52,0,51,0,0,0.1,1.0,8014.4,1.0,1.0,0.7814,0.0054,0.042,0.9096,0.6532,0
ACC_002218,RING_00137,52,0,51,0,0,0.1,1.0,8014.4,1.0,1.0,0.7814,0.0054,0.042,0.9096,0.6532,0
ACC_002219,RING_00137,52,0,51,0,0,0.1,1.0,8014.4,1.0,1.0,0.7814,0.0054,0.042,0.9096,0.6532,0
ACC_002220,RING_00137,52,0,51,0,0,0.1,1.0,8014.4,1.0,1.0,0.7814,0.0054,0.042,0.9096,0.6532,0
ACC_002221,RING_00137,52,0,51,0,0,0.1,1.0,8014.4,1.0,1.0,0.7814,0.0054,0.042,0.9096,0.6532,0
ACC_002222,RING_00137,52,0,51,0,0,0.1,1.0,8014.4,1.0,1.0,0.7814,0.0054,0.042,0.9096,0.6532,0
ACC_002223,RING_00137,52,0,51,0,0,0.1,1.0,8014.4,1.0,1.0,0.7814,0.0054,0.042,0.9096,0.6532,0
ACC_002224,RING_00137,52,0,51,0,0,0.1,1.0,8014.4,1.0,1.0,0.7814,0.0054,0.042,0.9096,0.6532,0
ACC_002225,RING_00137,52,0,51,0,0,0.1,1.0,8014.4,1.0,1.0,0.7814,0.0054,0.042,0.9096,0.6532,0
ACC_002226,RING_00137,52,0,51,0,0,0.1,1.0,8014.4,1.0,1.0,0.7814,0.0054,0.042,0.9096,0.6532,0
ACC_002227,RING_00137,52,0,51,0,0,0.1,1.0,8014.4,1.0,1.0,0.7814,0.0054,0.042,0.9096,0.6532,0
ACC_002228,RING_00137,52,0,51,0,0,0.1,1.0,8014.4,1.0,1.0,0.7814,0.0054,0.042,0.9096,0.6532,0
ACC_002229,RING_00137,52,0,51,0,0,0.1,1.0,8014.4,1.0,1.0,0.7814,0.0054,0.042,0.9096,0.6532,0
ACC_002230,RING_00137,52,0,51,0,0,0.1,1.0,8014.4,1.0,1.0,0.7814,0.0054,0.042,0.9096,0.6532,0
ACC_002231,RING_00137,52,0,51,0,0,0.1,1.0,8014.4,1.0,1.0,0.7814,0.0054,0.042,0.9096,0.6532,0
ACC_002232,RING_00137,52,0,51,0,0,0.1,1.0,8014.4,1.0,1.0,0.7814,0.0054,0.042,0.9096,0.6532,0
ACC_002233,RING_00137,52,0,51,0,0,0.1,1.0,8014.4,1.0,1.0,0.7814,0.0054,0.042,0.9096,0.6532,0
ACC_002234,RING_00137,52,0,51,0,0,0.1,1.0,8014.4,1.0,1.0,0.7814,0.0054,0.042,0.9096,0.6532,0
ACC_002235,RING_00137,52,0,51,0,0,0.1,1.0,8014.4,1.0,1.0,0.7814,0.0054,0.042,0.9096,0.6532,0
ACC_002236,RING_00137,52,0,51,0,0,0.1,1.0,8014.4,1.0,1.0,0.7814,0.0054,0.042,0.9096,0.6532,0
ACC_002237,RING_00137,52,0,51,0,0,0.1,1.0,8014.4,1.0,1.0,0.7814,0.0054,0.042,0.9096,0.6532,0
ACC_002238,RING_00137,52,0,51,0,0,0.1,1.0,8014.4,1.0,1.0,0.7814,0.0054,0.042,0.9096,0.6532,0
ACC_002239,RING_00137,52,0,51,0,0,0.1,1.0,8014.4,1.0,1.0,0.7814,0.0054,0.042,0.9096,0.6532,0
ACC_002240,RING_00137,52,0,51,0,0,0.1,1.0,8014.4,1.0,1.0,0.7814,0.0054,0.042,0.9096,0.6532,0
ACC_002241,RING_00137,52,0,51,0,0,0.1,1.0,8014.4,1.0,1.0,0.7814,0.0054,0.042,0.9096,0.6532,0
ACC_002242,RING_00137,52,0,51,0,0,0.1,1.0,8014.4,1.0,1.0,0.7814,0.0054,0.042,0.9096,0.6532,0
ACC_002243,RING_00137,52,0,51,0,0,0.1,1.0,8014.4,1.0,1.0,0.7814,0.0054,0.042,0.9096,0.6532,0
ACC_002244,RING_00137,52,0,51,0,0,0.1,1.0,8014.4,1.0,1.0,0.7814,0.0054,0.042,0.9096,0.6532,0
ACC_002245,RING_00137,52,0,51,0,0,0.1,1.0,8014.4,1.0,1.0,0.7814,0.0054,0.042,0.9096,0.6532,0
ACC_002246,RING_00137,52,0,51,0,0,0.1,1.0,8014.4,1.0,1.0,0.7814,0.0054,0.042,0.9096,0.6532,0
ACC_002247,RING_00138,19,9,4,0,18,0.3722,1.0,1.78,9.5,1.0,0.6739,0.9555,0.8335,0.5886,0.7591,1
ACC_002248,RING_00138,19,8,1,0,18,0.3389,1.0,1.78,9.5,1.0,0.6739,0.9555,0.8335,0.5886,0.7591,1
ACC_002249,RING_00138,19,9,4,0,18,0.3722,1.0,1.78,9.5,1.0,0.6739,0.9555,0.8335,0.5886,0.7591,1
ACC_002250,RING_00138,19,8,4,0,18,0.3556,1.0,1.78,9.5,1.0,0.6739,0.9555,0.8335,0.5886,0.7591,1
ACC_002251,RING_00138,19,8,4,0,18,0.3556,1.0,1.78,9.5,1.0,0.6739,0.9555,0.8335,0.5886,0.7591,1
ACC_002252,RING_00138,19,8,1,0,18,0.3389,1.0,1.78,9.5,1.0,0.6739,0.9555,0.8335,0.5886,0.7591,1
ACC_002253,RING_00138,19,9,1,0,18,0.3556,1.0,1.78,9.5,1.0,0.6739,0.9555,0.8335,0.5886,0.7591,1
ACC_002254,RING_00138,19,8,4,0,18,0.3556,1.0,1.78,9.5,1.0,0.6739,0.9555,0.8335,0.5886,0.7591,1
ACC_002255,RING_00138,19,9,1,0,18,0.3556,1.0,1.78,9.5,1.0,0.6739,0.9555,0.8335,0.5886,0.7591,1
ACC_002256,RING_00138,19,9,4,0,18,0.3722,1.0,1.78,9.5,1.0,0.6739,0.9555,0.8335,0.5886,0.7591,1
ACC_002257,RING_00138,19,8,2,0,18,0.3444,1.0,1.78,9.5,1.0,0.6739,0.9555,0.8335,0.5886,0.7591,1
ACC_002258,RING_00138,19,9,1,0,18,0.3556,1.0,1.78,9.5,1.0,0.6739,0.9555,0.8335,0.5886,0.7591,1
ACC_002259,RING_00138,19,9,2,0,18,0.3611,1.0,1.78,9.5,1.0,0.6739,0.9555,0.8335,0.5886,0.7591,1
ACC_002260,RING_00138,19,8,1,0,18,0.3389,1.0,1.78,9.5,1.0,0.6739,0.9555,0.8335,0.5886,0.7591,1
ACC_002261,RING_00138,19,9,4,0,18,0.3722,1.0,1.78,9.5,1.0,0.6739,0.9555,0.8335,0.5886,0.7591,1
ACC_002262,RING_00138,19,9,4,0,18,0.3722,1.0,1.78,9.5,1.0,0.6739,0.9555,0.8335,0.5886,0.7591,1
ACC_002263,RING_00138,19,8,4,0,18,0.3556,1.0,1.78,9.5,1.0,0.6739,0.9555,0.8335,0.5886,0.7591,1
ACC_002264,RING_00138,19,9,2,0,18,0.3611,1.0,1.78,9.5,1.0,0.6739,0.9555,0.8335,0.5886,0.7591,1
ACC_002265,RING_00138,19,8,4,0,18,0.3556,1.0,1.78,9.5,1.0,0.6739,0.9555,0.8335,0.5886,0.7591,1
ACC_002266,RING_00139,1,0,0,0,0,0.0,0.0,0.0,1.0,1.0,1.0,0.1071,0.0156,1.0,1.0,0
ACC_002267,RING_00140,16,15,0,0,0,0.3,1.0,5936.09,16.0,1.0,0.7947,0.0066,0.0516,0.929,0.6604,0
ACC_002268,RING_00140,16,15,0,0,0,0.3,1.0,5936.09,16.0,1.0,0.7947,0.0066,0.0516,0.929,0.6604,0
ACC_002269,RING_00140,16,15,0,0,0,0.3,1.0,5936.09,16.0,1.0,0.7947,0.0066,0.0516,0.929,0.6604,0
ACC_002270,RING_00140,16,15,0,0,0,0.3,1.0,5936.09,16.0,1.0,0.7947,0.0066,0.0516,0.929,0.6604,0
ACC_002271,RING_00140,16,15,0,0,0,0.3,1.0,5936.09,16.0,1.0,0.7947,0.0066,0.0516,0.929,0.6604,0
ACC_002272,RING_00140,16,15,0,0,0,0.3,1.0,5936.09,16.0,1.0,0.7947,0.0066,0.0516,0.929,0.6604,0
ACC_002273,RING_00140,16,15,0,0,0,0.3,1.0,5936.09,16.0,1.0,0.7947,0.0066,0.0516,0.929,0.6604,0
ACC_002274,RING_00140,16,15,0,0,0,0.3,1.0,5936.09,16.0,1.0,0.7947,0.0066,0.0516,0.929,0.6604,0
ACC_002275,RING_00140,16,15,0,0,0,0.3,1.0,5936.09,16.0,1.0,0.7947,0.0066,0.0516,0.929,0.6604,0
ACC_002276,RING_00140,16,15,0,0,0,0.3,1.0,5936.09,16.0,1.0,0.7947,0.0066,0.0516,0.929,0.6604,0
ACC_002277,RING_00140,16,15,0,0,0,0.3,1.0,5936.09,16.0,1.0,0.7947,0.0066,0.0516,0.929,0.6604,0
ACC_002278,RING_00140,16,15,0,0,0,0.3,1.0,5936.09,16.0,1.0,0.7947,0.0066,0.0516,0.929,0.6604,0
ACC_002279,RING_00140,16,15,0,0,0,0.3,1.0,5936.09,16.0,1.0,0.7947,0.0066,0.0516,0.929,0.6604,0
ACC_002280,RING_00140,16,15,0,0,0,0.3,1.0,5936.09,16.0,1.0,0.7947,0.0066,0.0516,0.929,0.6604,0
ACC_002281,RING_00140,16,15,0,0,0,0.3,1.0,5936.09,16.0,1.0,0.7947,0.0066,0.0516,0.929,0.6604,0
ACC_002282,RING_00140,16,15,0,0,0,0.3,1.0,5936.09,16.0,1.0,0.7947,0.0066,0.0516,0.929,0.6604,0
ACC_002283,RING_00141,9,0,0,8,0,0.4,1.0,6824.41,0.1111,9.0,0.8346,0.0059,0.0387,0.9235,0.7456,0
ACC_002284,RING_00141,9,0,0,8,0,0.4,1.0,6824.41,0.1111,9.0,0.8346,0.0059,0.0387,0.9235,0.7456,0
ACC_002285,RING_00141,9,0,0,8,0,0.4,1.0,6824.41,0.1111,9.0,0.8346,0.0059,0.0387,0.9235,0.7456,0
ACC_002286,RING_00141,9,0,0,8,0,0.4,1.0,6824.41,0.1111,9.0,0.8346,0.0059,0.0387,0.9235,0.7456,0
ACC_002287,RING_00141,9,0,0,8,0,0.4,1.0,6824.41,0.1111,9.0,0.8346,0.0059,0.0387,0.9235,0.7456,0
ACC_002288,RING_00141,9,0,0,8,0,0.4,1.0,6824.41,0.1111,9.0,0.8346,0.0059,0.0387,0.9235,0.7456,0
ACC_002289,RING_00141,9,0,0,8,0,0.4,1.0,6824.41,0.1111,9.0,0.8346,0.0059,0.0387,0.9235,0.7456,0
ACC_002290,RING_00141,9,0,0,8,0,0.4,1.0,6824.41,0.1111,9.0,0.8346,0.0059,0.0387,0.9235,0.7456,0
ACC_002291,RING_00141,9,0,0,8,0,0.4,1.0,6824.41,0.1111,9.0,0.8346,0.0059,0.0387,0.9235,0.7456,0
ACC_002292,RING_00142,32,0,31,0,0,0.1,1.0,6936.5,1.0,1.0,0.7916,0.0054,0.045,0.9461,0.637,0
ACC_002293,RING_00142,32,0,31,0,0,0.1,1.0,6936.5,1.0,1.0,0.7916,0.0054,0.045,0.9461,0.637,0
ACC_002294,RING_00142,32,0,31,0,0,0.1,1.0,6936.5,1.0,1.0,0.7916,0.0054,0.045,0.9461,0.637,0
ACC_002295,RING_00142,32,0,31,0,0,0.1,1.0,6936.5,1.0,1.0,0.7916,0.0054,0.045,0.9461,0.637,0
ACC_002296,RING_00142,32,0,31,0,0,0.1,1.0,6936.5,1.0,1.0,0.7916,0.0054,0.045,0.9461,0.637,0
ACC_002297,RING_00142,32,0,31,0,0,0.1,1.0,6936.5,1.0,1.0,0.7916,0.0054,0.045,0.9461,0.637,0
ACC_002298,RING_00142,32,0,31,0,0,0.1,1.0,6936.5,1.0,1.0,0.7916,0.0054,0.045,0.9461,0.637,0
ACC_002299,RING_00142,32,0,31,0,0,0.1,1.0,6936.5,1.0,1.0,0.7916,0.0054,0.045,0.9461,0.637,0
ACC_002300,RING_00142,32,0,31,0,0,0.1,1.0,6936.5,1.0,1.0,0.7916,0.0054,0.045,0.9461,0.637,0
ACC_002301,RING_00142,32,0,31,0,0,0.1,1.0,6936.5,1.0,1.0,0.7916,0.0054,0.045,0.9461,0.637,0
ACC_002302,RING_00142,32,0,31,0,0,0.1,1.0,6936.5,1.0,1.0,0.7916,0.0054,0.045,0.9461,0.637,0
ACC_002303,RING_00142,32,0,31,0,0,0.1,1.0,6936.5,1.0,1.0,0.7916,0.0054,0.045,0.9461,0.637,0
ACC_002304,RING_00142,32,0,31,0,0,0.1,1.0,6936.5,1.0,1.0,0.7916,0.0054,0.045,0.9461,0.637,0
ACC_002305,RING_00142,32,0,31,0,0,0.1,1.0,6936.5,1.0,1.0,0.7916,0.0054,0.045,0.9461,0.637,0
ACC_002306,RING_00142,32,0,31,0,0,0.1,1.0,6936.5,1.0,1.0,0.7916,0.0054,0.045,0.9461,0.637,0
ACC_002307,RING_00142,32,0,31,0,0,0.1,1.0,6936.5,1.0,1.0,0.7916,0.0054,0.045,0.9461,0.637,0
ACC_002308,RING_00142,32,0,31,0,0,0.1,1.0,6936.5,1.0,1.0,0.7916,0.0054,0.045,0.9461,0.637,0
ACC_002309,RING_00142,32,0,31,0,0,0.1,1.0,6936.5,1.0,1.0,0.7916,0.0054,0.045,0.9461,0.637,0
ACC_002310,RING_00142,32,0,31,0,0,0.1,1.0,6936.5,1.0,1.0,0.7916,0.0054,0.045,0.9461,0.637,0
ACC_002311,RING_00142,32,0,31,0,0,0.1,1.0,6936.5,1.0,1.0,0.7916,0.0054,0.045,0.9461,0.637,0
ACC_002312,RING_00142,32,0,31,0,0,0.1,1.0,6936.5,1.0,1.0,0.7916,0.0054,0.045,0.9461,0.637,0
ACC_002313,RING_00142,32,0,31,0,0,0.1,1.0,6936.5,1.0,1.0,0.7916,0.0054,0.045,0.9461,0.637,0
ACC_002314,RING_00142,32,0,31,0,0,0.1,1.0,6936.5,1.0,1.0,0.7916,0.0054,0.045,0.9461,0.637,0
ACC_002315,RING_00142,32,0,31,0,0,0.1,1.0,6936.5,1.0,1.0,0.7916,0.0054,0.045,0.9461,0.637,0
ACC_002316,RING_00142,32,0,31,0,0,0.1,1.0,6936.5,1.0,1.0,0.7916,0.0054,0.045,0.9461,0.637,0
ACC_002317,RING_00142,32,0,31,0,0,0.1,1.0,6936.5,1.0,1.0,0.7916,0.0054,0.045,0.9461,0.637,0
ACC_002318,RING_00142,32,0,31,0,0,0.1,1.0,6936.5,1.0,1.0,0.7916,0.0054,0.045,0.9461,0.637,0
ACC_002319,RING_00142,32,0,31,0,0,0.1,1.0,6936.5,1.0,1.0,0.7916,0.0054,0.045,0.9461,0.637,0
ACC_002320,RING_00142,32,0,31,0,0,0.1,1.0,6936.5,1.0,1.0,0.7916,0.0054,0.045,0.9461,0.637,0
ACC_002321,RING_00142,32,0,31,0,0,0.1,1.0,6936.5,1.0,1.0,0.7916,0.0054,0.045,0.9461,0.637,0
ACC_002322,RING_00142,32,0,31,0,0,0.1,1.0,6936.5,1.0,1.0,0.7916,0.0054,0.045,0.9461,0.637,0
ACC_002323,RING_00142,32,0,31,0,0,0.1,1.0,6936.5,1.0,1.0,0.7916,0.0054,0.045,0.9461,0.637,0
ACC_002324,RING_00143,32,0,31,0,0,0.1,1.0,6214.66,1.0,1.0,0.7466,0.0058,0.0556,0.9348,0.5584,0
ACC_002325,RING_00143,32,0,31,0,0,0.1,1.0,6214.66,1.0,1.0,0.7466,0.0058,0.0556,0.9348,0.5584,0
ACC_002326,RING_00143,32,0,31,0,0,0.1,1.0,6214.66,1.0,1.0,0.7466,0.0058,0.0556,0.9348,0.5584,0
ACC_002327,RING_00143,32,0,31,0,0,0.1,1.0,6214.66,1.0,1.0,0.7466,0.0058,0.0556,0.9348,0.5584,0
ACC_002328,RING_00143,32,0,31,0,0,0.1,1.0,6214.66,1.0,1.0,0.7466,0.0058,0.0556,0.9348,0.5584,0
ACC_002329,RING_00143,32,0,31,0,0,0.1,1.0,6214.66,1.0,1.0,0.7466,0.0058,0.0556,0.9348,0.5584,0
ACC_002330,RING_00143,32,0,31,0,0,0.1,1.0,6214.66,1.0,1.0,0.7466,0.0058,0.0556,0.9348,0.5584,0
ACC_002331,RING_00143,32,0,31,0,0,0.1,1.0,6214.66,1.0,1.0,0.7466,0.0058,0.0556,0.9348,0.5584,0
ACC_002332,RING_00143,32,0,31,0,0,0.1,1.0,6214.66,1.0,1.0,0.7466,0.0058,0.0556,0.9348,0.5584,0
ACC_002333,RING_00143,32,0,31,0,0,0.1,1.0,6214.66,1.0,1.0,0.7466,0.0058,0.0556,0.9348,0.5584,0
ACC_002334,RING_00143,32,0,31,0,0,0.1,1.0,6214.66,1.0,1.0,0.7466,0.0058,0.0556,0.9348,0.5584,0
ACC_002335,RING_00143,32,0,31,0,0,0.1,1.0,6214.66,1.0,1.0,0.7466,0.0058,0.0556,0.9348,0.5584,0
ACC_002336,RING_00143,32,0,31,0,0,0.1,1.0,6214.66,1.0,1.0,0.7466,0.0058,0.0556,0.9348,0.5584,0
ACC_002337,RING_00143,32,0,31,0,0,0.1,1.0,6214.66,1.0,1.0,0.7466,0.0058,0.0556,0.9348,0.5584,0
ACC_002338,RING_00143,32,0,31,0,0,0.1,1.0,6214.66,1.0,1.0,0.7466,0.0058,0.0556,0.9348,0.5584,0
ACC_002339,RING_00143,32,0,31,0,0,0.1,1.0,6214.66,1.0,1.0,0.7466,0.0058,0.0556,0.9348,0.5584,0
ACC_002340,RING_00143,32,0,31,0,0,0.1,1.0,6214.66,1.0,1.0,0.7466,0.0058,0.0556,0.9348,0.5584,0
ACC_002341,RING_00143,32,0,31,0,0,0.1,1.0,6214.66,1.0,1.0,0.7466,0.0058,0.0556,0.9348,0.5584,0
ACC_002342,RING_00143,32,0,31,0,0,0.1,1.0,6214.66,1.0,1.0,0.7466,0.0058,0.0556,0.9348,0.5584,0
ACC_002343,RING_00143,32,0,31,0,0,0.1,1.0,6214.66,1.0,1.0,0.7466,0.0058,0.0556,0.9348,0.5584,0
ACC_002344,RING_00143,32,0,31,0,0,0.1,1.0,6214.66,1.0,1.0,0.7466,0.0058,0.0556,0.9348,0.5584,0
ACC_002345,RING_00143,32,0,31,0,0,0.1,1.0,6214.66,1.0,1.0,0.7466,0.0058,0.0556,0.9348,0.5584,0
ACC_002346,RING_00143,32,0,31,0,0,0.1,1.0,6214.66,1.0,1.0,0.7466,0.0058,0.0556,0.9348,0.5584,0
ACC_002347,RING_00143,32,0,31,0,0,0.1,1.0,6214.66,1.0,1.0,0.7466,0.0058,0.0556,0.9348,0.5584,0
ACC_002348,RING_00143,32,0,31,0,0,0.1,1.0,6214.66,1.0,1.0,0.7466,0.0058,0.0556,0.9348,0.5584,0
ACC_002349,RING_00143,32,0,31,0,0,0.1,1.0,6214.66,1.0,1.0,0.7466,0.0058,0.0556,0.9348,0.5584,0
ACC_002350,RING_00143,32,0,31,0,0,0.1,1.0,6214.66,1.0,1.0,0.7466,0.0058,0.0556,0.9348,0.5584,0
ACC_002351,RING_00143,32,0,31,0,0,0.1,1.0,6214.66,1.0,1.0,0.7466,0.0058,0.0556,0.9348,0.5584,0
ACC_002352,RING_00143,32,0,31,0,0,0.1,1.0,6214.66,1.0,1.0,0.7466,0.0058,0.0556,0.9348,0.5584,0
ACC_002353,RING_00143,32,0,31,0,0,0.1,1.0,6214.66,1.0,1.0,0.7466,0.0058,0.0556,0.9348,0.5584,0
ACC_002354,RING_00143,32,0,31,0,0,0.1,1.0,6214.66,1.0,1.0,0.7466,0.0058,0.0556,0.9348,0.5584,0
ACC_002355,RING_00143,32,0,31,0,0,0.1,1.0,6214.66,1.0,1.0,0.7466,0.0058,0.0556,0.9348,0.5584,0
ACC_002356,RING_00144,16,9,0,3,15,0.46,1.0,3237.69,1.5,5.3333,0.7158,0.0107,0.7121,0.6192,0.8125,1
ACC_002357,RING_00144,16,9,0,3,15,0.46,1.0,3237.69,1.5,5.3333,0.7158,0.0107,0.7121,0.6192,0.8125,1
ACC_002358,RING_00144,16,9,0,9,15,0.62,1.0,3237.69,1.5,5.3333,0.7158,0.0107,0.7121,0.6192,0.8125,1
ACC_002359,RING_00144,16,9,0,9,15,0.62,1.0,3237.69,1.5,5.3333,0.7158,0.0107,0.7121,0.6192,0.8125,1
ACC_002360,RING_00144,16,9,0,9,15,0.62,1.0,3237.69,1.5,5.3333,0.7158,0.0107,0.7121,0.6192,0.8125,1
ACC_002361,RING_00144,16,5,0,3,15,0.38,1.0,3237.69,1.5,5.3333,0.7158,0.0107,0.7121,0.6192,0.8125,1
ACC_002362,RING_00144,16,9,0,9,15,0.62,1.0,3237.69,1.5,5.3333,0.7158,0.0107,0.7121,0.6192,0.8125,1
ACC_002363,RING_00144,16,5,0,9,15,0.54,1.0,3237.69,1.5,5.3333,0.7158,0.0107,0.7121,0.6192,0.8125,1
ACC_002364,RING_00144,16,9,0,3,15,0.46,1.0,3237.69,1.5,5.3333,0.7158,0.0107,0.7121,0.6192,0.8125,1
ACC_002365,RING_00144,16,5,0,9,15,0.54,1.0,3237.69,1.5,5.3333,0.7158,0.0107,0.7121,0.6192,0.8125,1
ACC_002366,RING_00144,16,9,0,9,15,0.62,1.0,3237.69,1.5,5.3333,0.7158,0.0107,0.7121,0.6192,0.8125,1
ACC_002367,RING_00144,16,9,0,9,15,0.62,1.0,3237.69,1.5,5.3333,0.7158,0.0107,0.7121,0.6192,0.8125,1
ACC_002368,RING_00144,16,5,0,9,15,0.54,1.0,3237.69,1.5,5.3333,0.7158,0.0107,0.7121,0.6192,0.8125,1
ACC_002369,RING_00144,16,5,0,1,15,0.3267,1.0,3237.69,1.5,5.3333,0.7158,0.0107,0.7121,0.6192,0.8125,1
ACC_002370,RING_00144,16,9,0,1,15,0.4067,1.0,3237.69,1.5,5.3333,0.7158,0.0107,0.7121,0.6192,0.8125,1
ACC_002371,RING_00144,16,5,0,9,15,0.54,1.0,3237.69,1.5,5.3333,0.7158,0.0107,0.7121,0.6192,0.8125,1
ACC_002372,RING_00145,41,0,40,0,0,0.1,1.0,8572.98,1.0,1.0,0.8065,0.0048,0.0409,0.9111,0.7019,0
ACC_002373,RING_00145,41,0,40,0,0,0.1,1.0,8572.98,1.0,1.0,0.8065,0.0048,0.0409,0.9111,0.7019,0
ACC_002374,RING_00145,41,0,40,0,0,0.1,1.0,8572.98,1.0,1.0,0.8065,0.0048,0.0409,0.9111,0.7019,0
ACC_002375,RING_00145,41,0,40,0,0,0.1,1.0,8572.98,1.0,1.0,0.8065,0.0048,0.0409,0.9111,0.7019,0
ACC_002376,RING_00145,41,0,40,0,0,0.1,1.0,8572.98,1.0,1.0,0.8065,0.0048,0.0409,0.9111,0.7019,0
ACC_002377,RING_00145,41,0,40,0,0,0.1,1.0,8572.98,1.0,1.0,0.8065,0.0048,0.0409,0.9111,0.7019,0
ACC_002378,RING_00145,41,0,40,0,0,0.1,1.0,8572.98,1.0,1.0,0.8065,0.0048,0.0409,0.9111,0.7019,0
ACC_002379,RING_00145,41,0,40,0,0,0.1,1.0,8572.98,1.0,1.0,0.8065,0.0048,0.0409,0.9111,0.7019,0
ACC_002380,RING_00145,41,0,40,0,0,0.1,1.0,8572.98,1.0,1.0,0.8065,0.0048,0.0409,0.9111,0.7019,0
ACC_002381,RING_00145,41,0,40,0,0,0.1,1.0,8572.98,1.0,1.0,0.8065,0.0048,0.0409,0.9111,0.7019,0
ACC_002382,RING_00145,41,0,40,0,0,0.1,1.0,8572.98,1.0,1.0,0.8065,0.0048,0.0409,0.9111,0.7019,0
ACC_002383,RING_00145,41,0,40,0,0,0.1,1.0,8572.98,1.0,1.0,0.8065,0.0048,0.0409,0.9111,0.7019,0
ACC_002384,RING_00145,41,0,40,0,0,0.1,1.0,8572.98,1.0,1.0,0.8065,0.0048,0.0409,0.9111,0.7019,0
ACC_002385,RING_00145,41,0,40,0,0,0.1,1.0,8572.98,1.0,1.0,0.8065,0.0048,0.0409,0.9111,0.7019,0
ACC_002386,RING_00145,41,0,40,0,0,0.1,1.0,8572.98,1.0,1.0,0.8065,0.0048,0.0409,0.9111,0.7019,0
ACC_002387,RING_00145,41,0,40,0,0,0.1,1.0,8572.98,1.0,1.0,0.8065,0.0048,0.0409,0.9111,0.7019,0
ACC_002388,RING_00145,41,0,40,0,0,0.1,1.0,8572.98,1.0,1.0,0.8065,0.0048,0.0409,0.9111,0.7019,0
ACC_002389,RING_00145,41,0,40,0,0,0.1,1.0,8572.98,1.0,1.0,0.8065,0.0048,0.0409,0.9111,0.7019,0
ACC_002390,RING_00145,41,0,40,0,0,0.1,1.0,8572.98,1.0,1.0,0.8065,0.0048,0.0409,0.9111,0.7019,0
ACC_002391,RING_00145,41,0,40,0,0,0.1,1.0,8572.98,1.0,1.0,0.8065,0.0048,0.0409,0.9111,0.7019,0
ACC_002392,RING_00145,41,0,40,0,0,0.1,1.0,8572.98,1.0,1.0,0.8065,0.0048,0.0409,0.9111,0.7019,0
ACC_002393,RING_00145,41,0,40,0,0,0.1,1.0,8572.98,1.0,1.0,0.8065,0.0048,0.0409,0.9111,0.7019,0
ACC_002394,RING_00145,41,0,40,0,0,0.1,1.0,8572.98,1.0,1.0,0.8065,0.0048,0.0409,0.9111,0.7019,0
ACC_002395,RING_00145,41,0,40,0,0,0.1,1.0,8572.98,1.0,1.0,0.8065,0.0048,0.0409,0.9111,0.7019,0
ACC_002396,RING_00145,41,0,40,0,0,0.1,1.0,8572.98,1.0,1.0,0.8065,0.0048,0.0409,0.9111,0.7019,0
ACC_002397,RING_00145,41,0,40,0,0,0.1,1.0,8572.98,1.0,1.0,0.8065,0.0048,0.0409,0.9111,0.7019,0
ACC_002398,RING_00145,41,0,40,0,0,0.1,1.0,8572.98,1.0,1.0,0.8065,0.0048,0.0409,0.9111,0.7019,0
ACC_002399,RING_00145,41,0,40,0,0,0.1,1.0,8572.98,1.0,1.0,0.8065,0.0048,0.0409,0.9111,0.7019,0
ACC_002400,RING_00145,41,0,40,0,0,0.1,1.0,8572.98,1.0,1.0,0.8065,0.0048,0.0409,0.9111,0.7019,0
ACC_002401,RING_00145,41,0,40,0,0,0.1,1.0,8572.98,1.0,1.0,0.8065,0.0048,0.0409,0.9111,0.7019,0
ACC_002402,RING_00145,41,0,40,0,0,0.1,1.0,8572.98,1.0,1.0,0.8065,0.0048,0.0409,0.9111,0.7019,0
ACC_002403,RING_00145,41,0,40,0,0,0.1,1.0,8572.98,1.0,1.0,0.8065,0.0048,0.0409,0.9111,0.7019,0
ACC_002404,RING_00145,41,0,40,0,0,0.1,1.0,8572.98,1.0,1.0,0.8065,0.0048,0.0409,0.9111,0.7019,0
ACC_002405,RING_00145,41,0,40,0,0,0.1,1.0,8572.98,1.0,1.0,0.8065,0.0048,0.0409,0.9111,0.7019,0
ACC_002406,RING_00145,41,0,40,0,0,0.1,1.0,8572.98,1.0,1.0,0.8065,0.0048,0.0409,0.9111,0.7019,0
ACC_002407,RING_00145,41,0,40,0,0,0.1,1.0,8572.98,1.0,1.0,0.8065,0.0048,0.0409,0.9111,0.7019,0
ACC_002408,RING_00145,41,0,40,0,0,0.1,1.0,8572.98,1.0,1.0,0.8065,0.0048,0.0409,0.9111,0.7019,0
ACC_002409,RING_00145,41,0,40,0,0,0.1,1.0,8572.98,1.0,1.0,0.8065,0.0048,0.0409,0.9111,0.7019,0
ACC_002410,RING_00145,41,0,40,0,0,0.1,1.0,8572.98,1.0,1.0,0.8065,0.0048,0.0409,0.9111,0.7019,0
ACC_002411,RING_00145,41,0,40,0,0,0.1,1.0,8572.98,1.0,1.0,0.8065,0.0048,0.0409,0.9111,0.7019,0
ACC_002412,RING_00145,41,0,40,0,0,0.1,1.0,8572.98,1.0,1.0,0.8065,0.0048,0.0409,0.9111,0.7019,0
ACC_002413,RING_00146,21,0,0,0,20,0.2,1.0,8720.86,1.0,1.0,0.8268,0.0047,0.0368,0.9375,0.716,0
ACC_002414,RING_00146,21,0,0,0,20,0.2,1.0,8720.86,1.0,1.0,0.8268,0.0047,0.0368,0.9375,0.716,0
ACC_002415,RING_00146,21,0,0,0,20,0.2,1.0,8720.86,1.0,1.0,0.8268,0.0047,0.0368,0.9375,0.716,0
ACC_002416,RING_00146,21,0,0,0,20,0.2,1.0,8720.86,1.0,1.0,0.8268,0.0047,0.0368,0.9375,0.716,0
ACC_002417,RING_00146,21,0,0,0,20,0.2,1.0,8720.86,1.0,1.0,0.8268,0.0047,0.0368,0.9375,0.716,0
ACC_002418,RING_00146,21,0,0,0,20,0.2,1.0,8720.86,1.0,1.0,0.8268,0.0047,0.0368,0.9375,0.716,0
ACC_002419,RING_00146,21,0,0,0,20,0.2,1.0,8720.86,1.0,1.0,0.8268,0.0047,0.0368,0.9375,0.716,0
ACC_002420,RING_00146,21,0,0,0,20,0.2,1.0,8720.86,1.0,1.0,0.8268,0.0047,0.0368,0.9375,0.716,0
ACC_002421,RING_00146,21,0,0,0,20,0.2,1.0,8720.86,1.0,1.0,0.8268,0.0047,0.0368,0.9375,0.716,0
ACC_002422,RING_00146,21,0,0,0,20,0.2,1.0,8720.86,1.0,1.0,0.8268,0.0047,0.0368,0.9375,0.716,0
ACC_002423,RING_00146,21,0,0,0,20,0.2,1.0,8720.86,1.0,1.0,0.8268,0.0047,0.0368,0.9375,0.716,0
ACC_002424,RING_00146,21,0,0,0,20,0.2,1.0,8720.86,1.0,1.0,0.8268,0.0047,0.0368,0.9375,0.716,0
ACC_002425,RING_00146,21,0,0,0,20,0.2,1.0,8720.86,1.0,1.0,0.8268,0.0047,0.0368,0.9375,0.716,0
ACC_002426,RING_00146,21,0,0,0,20,0.2,1.0,8720.86,1.0,1.0,0.8268,0.0047,0.0368,0.9375,0.716,0
ACC_002427,RING_00146,21,0,0,0,20,0.2,1.0,8720.86,1.0,1.0,0.8268,0.0047,0.0368,0.9375,0.716,0
ACC_002428,RING_00146,21,0,0,0,20,0.2,1.0,8720.86,1.0,1.0,0.8268,0.0047,0.0368,0.9375,0.716,0
ACC_002429,RING_00146,21,0,0,0,20,0.2,1.0,8720.86,1.0,1.0,0.8268,0.0047,0.0368,0.9375,0.716,0
ACC_002430,RING_00146,21,0,0,0,20,0.2,1.0,8720.86,1.0,1.0,0.8268,0.0047,0.0368,0.9375,0.716,0
ACC_002431,RING_00146,21,0,0,0,20,0.2,1.0,8720.86,1.0,1.0,0.8268,0.0047,0.0368,0.9375,0.716,0
ACC_002432,RING_00146,21,0,0,0,20,0.2,1.0,8720.86,1.0,1.0,0.8268,0.0047,0.0368,0.9375,0.716,0
ACC_002433,RING_00146,21,0,0,0,20,0.2,1.0,8720.86,1.0,1.0,0.8268,0.0047,0.0368,0.9375,0.716,0
ACC_002434,RING_00147,12,11,11,11,11,1.0,1.0,0.36,1.0,12.0,0.9908,0.988,0.8305,1.0,0.9816,1
ACC_002435,RING_00147,12,11,11,11,11,1.0,1.0,0.36,1.0,12.0,0.9908,0.988,0.8305,1.0,0.9816,1
ACC_002436,RING_00147,12,11,11,11,11,1.0,1.0,0.36,1.0,12.0,0.9908,0.988,0.8305,1.0,0.9816,1
ACC_002437,RING_00147,12,11,11,11,11,1.0,1.0,0.36,1.0,12.0,0.9908,0.988,0.8305,1.0,0.9816,1
ACC_002438,RING_00147,12,11,11,11,11,1.0,1.0,0.36,1.0,12.0,0.9908,0.988,0.8305,1.0,0.9816,1
ACC_002439,RING_00147,12,11,11,11,11,1.0,1.0,0.36,1.0,12.0,0.9908,0.988,0.8305,1.0,0.9816,1
ACC_002440,RING_00147,12,11,11,11,11,1.0,1.0,0.36,1.0,12.0,0.9908,0.988,0.8305,1.0,0.9816,1
ACC_002441,RING_00147,12,11,11,11,11,1.0,1.0,0.36,1.0,12.0,0.9908,0.988,0.8305,1.0,0.9816,1
ACC_002442,RING_00147,12,11,11,11,11,1.0,1.0,0.36,1.0,12.0,0.9908,0.988,0.8305,1.0,0.9816,1
ACC_002443,RING_00147,12,11,11,11,11,1.0,1.0,0.36,1.0,12.0,0.9908,0.988,0.8305,1.0,0.9816,1
ACC_002444,RING_00147,12,11,11,11,11,1.0,1.0,0.36,1.0,12.0,0.9908,0.988,0.8305,1.0,0.9816,1
ACC_002445,RING_00147,12,11,11,11,11,1.0,1.0,0.36,1.0,12.0,0.9908,0.988,0.8305,1.0,0.9816,1
ACC_002446,RING_00148,12,11,11,11,11,1.0,1.0,0.37,1.0,12.0,0.9911,0.9909,0.8496,1.0,0.9822,1
ACC_002447,RING_00148,12,11,11,11,11,1.0,1.0,0.37,1.0,12.0,0.9911,0.9909,0.8496,1.0,0.9822,1
ACC_002448,RING_00148,12,11,11,11,11,1.0,1.0,0.37,1.0,12.0,0.9911,0.9909,0.8496,1.0,0.9822,1
ACC_002449,RING_00148,12,11,11,11,11,1.0,1.0,0.37,1.0,12.0,0.9911,0.9909,0.8496,1.0,0.9822,1
ACC_002450,RING_00148,12,11,11,11,11,1.0,1.0,0.37,1.0,12.0,0.9911,0.9909,0.8496,1.0,0.9822,1
ACC_002451,RING_00148,12,11,11,11,11,1.0,1.0,0.37,1.0,12.0,0.9911,0.9909,0.8496,1.0,0.9822,1
ACC_002452,RING_00148,12,11,11,11,11,1.0,1.0,0.37,1.0,12.0,0.9911,0.9909,0.8496,1.0,0.9822,1
ACC_002453,RING_00148,12,11,11,11,11,1.0,1.0,0.37,1.0,12.0,0.9911,0.9909,0.8496,1.0,0.9822,1
ACC_002454,RING_00148,12,11,11,11,11,1.0,1.0,0.37,1.0,12.0,0.9911,0.9909,0.8496,1.0,0.9822,1
ACC_002455,RING_00148,12,11,11,11,11,1.0,1.0,0.37,1.0,12.0,0.9911,0.9909,0.8496,1.0,0.9822,1
ACC_002456,RING_00148,12,11,11,11,11,1.0,1.0,0.37,1.0,12.0,0.9911,0.9909,0.8496,1.0,0.9822,1
ACC_002457,RING_00148,12,11,11,11,11,1.0,1.0,0.37,1.0,12.0,0.9911,0.9909,0.8496,1.0,0.9822,1
ACC_002458,RING_00149,25,24,9,0,24,0.5375,1.0,1.74,25.0,1.0,0.7144,0.9567,0.8354,0.6395,0.7894,1
ACC_002459,RING_00149,25,24,8,0,24,0.5333,1.0,1.74,25.0,1.0,0.7144,0.9567,0.8354,0.6395,0.7894,1
ACC_002460,RING_00149,25,24,9,0,24,0.5375,1.0,1.74,25.0,1.0,0.7144,0.9567,0.8354,0.6395,0.7894,1
ACC_002461,RING_00149,25,24,5,0,24,0.5208,1.0,1.74,25.0,1.0,0.7144,0.9567,0.8354,0.6395,0.7894,1
ACC_002462,RING_00149,25,24,9,0,24,0.5375,1.0,1.74,25.0,1.0,0.7144,0.9567,0.8354,0.6395,0.7894,1
ACC_002463,RING_00149,25,24,5,0,24,0.5208,1.0,1.74,25.0,1.0,0.7144,0.9567,0.8354,0.6395,0.7894,1
ACC_002464,RING_00149,25,24,8,0,24,0.5333,1.0,1.74,25.0,1.0,0.7144,0.9567,0.8354,0.6395,0.7894,1
ACC_002465,RING_00149,25,24,8,0,24,0.5333,1.0,1.74,25.0,1.0,0.7144,0.9567,0.8354,0.6395,0.7894,1
ACC_002466,RING_00149,25,24,8,0,24,0.5333,1.0,1.74,25.0,1.0,0.7144,0.9567,0.8354,0.6395,0.7894,1
ACC_002467,RING_00149,25,24,5,0,24,0.5208,1.0,1.74,25.0,1.0,0.7144,0.9567,0.8354,0.6395,0.7894,1
ACC_002468,RING_00149,25,24,9,0,24,0.5375,1.0,1.74,25.0,1.0,0.7144,0.9567,0.8354,0.6395,0.7894,1
ACC_002469,RING_00149,25,24,9,0,24,0.5375,1.0,1.74,25.0,1.0,0.7144,0.9567,0.8354,0.6395,0.7894,1
ACC_002470,RING_00149,25,24,9,0,24,0.5375,1.0,1.74,25.0,1.0,0.7144,0.9567,0.8354,0.6395,0.7894,1
ACC_002471,RING_00149,25,24,9,0,24,0.5375,1.0,1.74,25.0,1.0,0.7144,0.9567,0.8354,0.6395,0.7894,1
ACC_002472,RING_00149,25,24,5,0,24,0.5208,1.0,1.74,25.0,1.0,0.7144,0.9567,0.8354,0.6395,0.7894,1
ACC_002473,RING_00149,25,24,9,0,24,0.5375,1.0,1.74,25.0,1.0,0.7144,0.9567,0.8354,0.6395,0.7894,1
ACC_002474,RING_00149,25,24,8,0,24,0.5333,1.0,1.74,25.0,1.0,0.7144,0.9567,0.8354,0.6395,0.7894,1
ACC_002475,RING_00149,25,24,9,0,24,0.5375,1.0,1.74,25.0,1.0,0.7144,0.9567,0.8354,0.6395,0.7894,1
ACC_002476,RING_00149,25,24,5,0,24,0.5208,1.0,1.74,25.0,1.0,0.7144,0.9567,0.8354,0.6395,0.7894,1
ACC_002477,RING_00149,25,24,8,0,24,0.5333,1.0,1.74,25.0,1.0,0.7144,0.9567,0.8354,0.6395,0.7894,1
ACC_002478,RING_00149,25,24,9,0,24,0.5375,1.0,1.74,25.0,1.0,0.7144,0.9567,0.8354,0.6395,0.7894,1
ACC_002479,RING_00149,25,24,8,0,24,0.5333,1.0,1.74,25.0,1.0,0.7144,0.9567,0.8354,0.6395,0.7894,1
ACC_002480,RING_00149,25,24,8,0,24,0.5333,1.0,1.74,25.0,1.0,0.7144,0.9567,0.8354,0.6395,0.7894,1
ACC_002481,RING_00149,25,24,5,0,24,0.5208,1.0,1.74,25.0,1.0,0.7144,0.9567,0.8354,0.6395,0.7894,1
ACC_002482,RING_00149,25,24,8,0,24,0.5333,1.0,1.74,25.0,1.0,0.7144,0.9567,0.8354,0.6395,0.7894,1
ACC_002483,RING_00150,2,0,0,1,1,0.6,1.0,4031.21,0.5,2.0,0.9326,0.0059,0.0344,0.9924,0.8729,0
ACC_002484,RING_00150,2,0,0,1,1,0.6,1.0,4031.21,0.5,2.0,0.9326,0.0059,0.0344,0.9924,0.8729,0
ACC_002485,RING_00151,23,22,4,0,22,0.5182,1.0,1.77,23.0,1.0,0.7638,0.9588,0.8415,0.7463,0.7813,1
ACC_002486,RING_00151,23,22,8,0,22,0.5364,1.0,1.77,23.0,1.0,0.7638,0.9588,0.8415,0.7463,0.7813,1
ACC_002487,RING_00151,23,22,4,0,22,0.5182,1.0,1.77,23.0,1.0,0.7638,0.9588,0.8415,0.7463,0.7813,1
ACC_002488,RING_00151,23,22,8,0,22,0.5364,1.0,1.77,23.0,1.0,0.7638,0.9588,0.8415,0.7463,0.7813,1
ACC_002489,RING_00151,23,22,4,0,22,0.5182,1.0,1.77,23.0,1.0,0.7638,0.9588,0.8415,0.7463,0.7813,1
ACC_002490,RING_00151,23,22,8,0,22,0.5364,1.0,1.77,23.0,1.0,0.7638,0.9588,0.8415,0.7463,0.7813,1
ACC_002491,RING_00151,23,22,8,0,22,0.5364,1.0,1.77,23.0,1.0,0.7638,0.9588,0.8415,0.7463,0.7813,1
ACC_002492,RING_00151,23,22,4,0,22,0.5182,1.0,1.77,23.0,1.0,0.7638,0.9588,0.8415,0.7463,0.7813,1
ACC_002493,RING_00151,23,22,8,0,22,0.5364,1.0,1.77,23.0,1.0,0.7638,0.9588,0.8415,0.7463,0.7813,1
ACC_002494,RING_00151,23,22,4,0,22,0.5182,1.0,1.77,23.0,1.0,0.7638,0.9588,0.8415,0.7463,0.7813,1
ACC_002495,RING_00151,23,22,8,0,22,0.5364,1.0,1.77,23.0,1.0,0.7638,0.9588,0.8415,0.7463,0.7813,1
ACC_002496,RING_00151,23,22,3,0,22,0.5136,1.0,1.77,23.0,1.0,0.7638,0.9588,0.8415,0.7463,0.7813,1
ACC_002497,RING_00151,23,22,8,0,22,0.5364,1.0,1.77,23.0,1.0,0.7638,0.9588,0.8415,0.7463,0.7813,1
ACC_002498,RING_00151,23,22,8,0,22,0.5364,1.0,1.77,23.0,1.0,0.7638,0.9588,0.8415,0.7463,0.7813,1
ACC_002499,RING_00151,23,22,4,0,22,0.5182,1.0,1.77,23.0,1.0,0.7638,0.9588,0.8415,0.7463,0.7813,1
ACC_002500,RING_00151,23,22,4,0,22,0.5182,1.0,1.77,23.0,1.0,0.7638,0.9588,0.8415,0.7463,0.7813,1
ACC_002501,RING_00151,23,22,4,0,22,0.5182,1.0,1.77,23.0,1.0,0.7638,0.9588,0.8415,0.7463,0.7813,1
ACC_002502,RING_00151,23,22,4,0,22,0.5182,1.0,1.77,23.0,1.0,0.7638,0.9588,0.8415,0.7463,0.7813,1
ACC_002503,RING_00151,23,22,3,0,22,0.5136,1.0,1.77,23.0,1.0,0.7638,0.9588,0.8415,0.7463,0.7813,1
ACC_002504,RING_00151,23,22,4,0,22,0.5182,1.0,1.77,23.0,1.0,0.7638,0.9588,0.8415,0.7463,0.7813,1
ACC_002505,RING_00151,23,22,3,0,22,0.5136,1.0,1.77,23.0,1.0,0.7638,0.9588,0.8415,0.7463,0.7813,1
ACC_002506,RING_00151,23,22,8,0,22,0.5364,1.0,1.77,23.0,1.0,0.7638,0.9588,0.8415,0.7463,0.7813,1
ACC_002507,RING_00151,23,22,3,0,22,0.5136,1.0,1.77,23.0,1.0,0.7638,0.9588,0.8415,0.7463,0.7813,1
ACC_002508,RING_00152,1,0,0,0,0,0.0,0.0,0.0,1.0,1.0,1.0,0.1071,0.0618,1.0,1.0,0
ACC_002509,RING_00153,44,0,43,0,0,0.1,1.0,8342.26,1.0,1.0,0.7688,0.0048,0.0401,0.8987,0.639,0
ACC_002510,RING_00153,44,0,43,0,0,0.1,1.0,8342.26,1.0,1.0,0.7688,0.0048,0.0401,0.8987,0.639,0
ACC_002511,RING_00153,44,0,43,0,0,0.1,1.0,8342.26,1.0,1.0,0.7688,0.0048,0.0401,0.8987,0.639,0
ACC_002512,RING_00153,44,0,43,0,0,0.1,1.0,8342.26,1.0,1.0,0.7688,0.0048,0.0401,0.8987,0.639,0
ACC_002513,RING_00153,44,0,43,0,0,0.1,1.0,8342.26,1.0,1.0,0.7688,0.0048,0.0401,0.8987,0.639,0
ACC_002514,RING_00153,44,0,43,0,0,0.1,1.0,8342.26,1.0,1.0,0.7688,0.0048,0.0401,0.8987,0.639,0
ACC_002515,RING_00153,44,0,43,0,0,0.1,1.0,8342.26,1.0,1.0,0.7688,0.0048,0.0401,0.8987,0.639,0
ACC_002516,RING_00153,44,0,43,0,0,0.1,1.0,8342.26,1.0,1.0,0.7688,0.0048,0.0401,0.8987,0.639,0
ACC_002517,RING_00153,44,0,43,0,0,0.1,1.0,8342.26,1.0,1.0,0.7688,0.0048,0.0401,0.8987,0.639,0
ACC_002518,RING_00153,44,0,43,0,0,0.1,1.0,8342.26,1.0,1.0,0.7688,0.0048,0.0401,0.8987,0.639,0
ACC_002519,RING_00153,44,0,43,0,0,0.1,1.0,8342.26,1.0,1.0,0.7688,0.0048,0.0401,0.8987,0.639,0
ACC_002520,RING_00153,44,0,43,0,0,0.1,1.0,8342.26,1.0,1.0,0.7688,0.0048,0.0401,0.8987,0.639,0
ACC_002521,RING_00153,44,0,43,0,0,0.1,1.0,8342.26,1.0,1.0,0.7688,0.0048,0.0401,0.8987,0.639,0
ACC_002522,RING_00153,44,0,43,0,0,0.1,1.0,8342.26,1.0,1.0,0.7688,0.0048,0.0401,0.8987,0.639,0
ACC_002523,RING_00153,44,0,43,0,0,0.1,1.0,8342.26,1.0,1.0,0.7688,0.0048,0.0401,0.8987,0.639,0
ACC_002524,RING_00153,44,0,43,0,0,0.1,1.0,8342.26,1.0,1.0,0.7688,0.0048,0.0401,0.8987,0.639,0
ACC_002525,RING_00153,44,0,43,0,0,0.1,1.0,8342.26,1.0,1.0,0.7688,0.0048,0.0401,0.8987,0.639,0
ACC_002526,RING_00153,44,0,43,0,0,0.1,1.0,8342.26,1.0,1.0,0.7688,0.0048,0.0401,0.8987,0.639,0
ACC_002527,RING_00153,44,0,43,0,0,0.1,1.0,8342.26,1.0,1.0,0.7688,0.0048,0.0401,0.8987,0.639,0
ACC_002528,RING_00153,44,0,43,0,0,0.1,1.0,8342.26,1.0,1.0,0.7688,0.0048,0.0401,0.8987,0.639,0
ACC_002529,RING_00153,44,0,43,0,0,0.1,1.0,8342.26,1.0,1.0,0.7688,0.0048,0.0401,0.8987,0.639,0
ACC_002530,RING_00153,44,0,43,0,0,0.1,1.0,8342.26,1.0,1.0,0.7688,0.0048,0.0401,0.8987,0.639,0
ACC_002531,RING_00153,44,0,43,0,0,0.1,1.0,8342.26,1.0,1.0,0.7688,0.0048,0.0401,0.8987,0.639,0
ACC_002532,RING_00153,44,0,43,0,0,0.1,1.0,8342.26,1.0,1.0,0.7688,0.0048,0.0401,0.8987,0.639,0
ACC_002533,RING_00153,44,0,43,0,0,0.1,1.0,8342.26,1.0,1.0,0.7688,0.0048,0.0401,0.8987,0.639,0
ACC_002534,RING_00153,44,0,43,0,0,0.1,1.0,8342.26,1.0,1.0,0.7688,0.0048,0.0401,0.8987,0.639,0
ACC_002535,RING_00153,44,0,43,0,0,0.1,1.0,8342.26,1.0,1.0,0.7688,0.0048,0.0401,0.8987,0.639,0
ACC_002536,RING_00153,44,0,43,0,0,0.1,1.0,8342.26,1.0,1.0,0.7688,0.0048,0.0401,0.8987,0.639,0
ACC_002537,RING_00153,44,0,43,0,0,0.1,1.0,8342.26,1.0,1.0,0.7688,0.0048,0.0401,0.8987,0.639,0
ACC_002538,RING_00153,44,0,43,0,0,0.1,1.0,8342.26,1.0,1.0,0.7688,0.0048,0.0401,0.8987,0.639,0
ACC_002539,RING_00153,44,0,43,0,0,0.1,1.0,8342.26,1.0,1.0,0.7688,0.0048,0.0401,0.8987,0.639,0
ACC_002540,RING_00153,44,0,43,0,0,0.1,1.0,8342.26,1.0,1.0,0.7688,0.0048,0.0401,0.8987,0.639,0
ACC_002541,RING_00153,44,0,43,0,0,0.1,1.0,8342.26,1.0,1.0,0.7688,0.0048,0.0401,0.8987,0.639,0
ACC_002542,RING_00153,44,0,43,0,0,0.1,1.0,8342.26,1.0,1.0,0.7688,0.0048,0.0401,0.8987,0.639,0
ACC_002543,RING_00153,44,0,43,0,0,0.1,1.0,8342.26,1.0,1.0,0.7688,0.0048,0.0401,0.8987,0.639,0
ACC_002544,RING_00153,44,0,43,0,0,0.1,1.0,8342.26,1.0,1.0,0.7688,0.0048,0.0401,0.8987,0.639,0
ACC_002545,RING_00153,44,0,43,0,0,0.1,1.0,8342.26,1.0,1.0,0.7688,0.0048,0.0401,0.8987,0.639,0
ACC_002546,RING_00153,44,0,43,0,0,0.1,1.0,8342.26,1.0,1.0,0.7688,0.0048,0.0401,0.8987,0.639,0
ACC_002547,RING_00153,44,0,43,0,0,0.1,1.0,8342.26,1.0,1.0,0.7688,0.0048,0.0401,0.8987,0.639,0
ACC_002548,RING_00153,44,0,43,0,0,0.1,1.0,8342.26,1.0,1.0,0.7688,0.0048,0.0401,0.8987,0.639,0
ACC_002549,RING_00153,44,0,43,0,0,0.1,1.0,8342.26,1.0,1.0,0.7688,0.0048,0.0401,0.8987,0.639,0
ACC_002550,RING_00153,44,0,43,0,0,0.1,1.0,8342.26,1.0,1.0,0.7688,0.0048,0.0401,0.8987,0.639,0
ACC_002551,RING_00153,44,0,43,0,0,0.1,1.0,8342.26,1.0,1.0,0.7688,0.0048,0.0401,0.8987,0.639,0
ACC_002552,RING_00153,44,0,43,0,0,0.1,1.0,8342.26,1.0,1.0,0.7688,0.0048,0.0401,0.8987,0.639,0
ACC_002553,RING_00154,20,19,19,19,19,1.0,1.0,0.38,1.0,20.0,0.9914,0.9893,0.8396,1.0,0.9828,1
ACC_002554,RING_00154,20,19,19,19,19,1.0,1.0,0.38,1.0,20.0,0.9914,0.9893,0.8396,1.0,0.9828,1
ACC_002555,RING_00154,20,19,19,19,19,1.0,1.0,0.38,1.0,20.0,0.9914,0.9893,0.8396,1.0,0.9828,1
ACC_002556,RING_00154,20,19,19,19,19,1.0,1.0,0.38,1.0,20.0,0.9914,0.9893,0.8396,1.0,0.9828,1
ACC_002557,RING_00154,20,19,19,19,19,1.0,1.0,0.38,1.0,20.0,0.9914,0.9893,0.8396,1.0,0.9828,1
ACC_002558,RING_00154,20,19,19,19,19,1.0,1.0,0.38,1.0,20.0,0.9914,0.9893,0.8396,1.0,0.9828,1
ACC_002559,RING_00154,20,19,19,19,19,1.0,1.0,0.38,1.0,20.0,0.9914,0.9893,0.8396,1.0,0.9828,1
ACC_002560,RING_00154,20,19,19,19,19,1.0,1.0,0.38,1.0,20.0,0.9914,0.9893,0.8396,1.0,0.9828,1
ACC_002561,RING_00154,20,19,19,19,19,1.0,1.0,0.38,1.0,20.0,0.9914,0.9893,0.8396,1.0,0.9828,1
ACC_002562,RING_00154,20,19,19,19,19,1.0,1.0,0.38,1.0,20.0,0.9914,0.9893,0.8396,1.0,0.9828,1
ACC_002563,RING_00154,20,19,19,19,19,1.0,1.0,0.38,1.0,20.0,0.9914,0.9893,0.8396,1.0,0.9828,1
ACC_002564,RING_00154,20,19,19,19,19,1.0,1.0,0.38,1.0,20.0,0.9914,0.9893,0.8396,1.0,0.9828,1
ACC_002565,RING_00154,20,19,19,19,19,1.0,1.0,0.38,1.0,20.0,0.9914,0.9893,0.8396,1.0,0.9828,1
ACC_002566,RING_00154,20,19,19,19,19,1.0,1.0,0.38,1.0,20.0,0.9914,0.9893,0.8396,1.0,0.9828,1
ACC_002567,RING_00154,20,19,19,19,19,1.0,1.0,0.38,1.0,20.0,0.9914,0.9893,0.8396,1.0,0.9828,1
ACC_002568,RING_00154,20,19,19,19,19,1.0,1.0,0.38,1.0,20.0,0.9914,0.9893,0.8396,1.0,0.9828,1
ACC_002569,RING_00154,20,19,19,19,19,1.0,1.0,0.38,1.0,20.0,0.9914,0.9893,0.8396,1.0,0.9828,1
ACC_002570,RING_00154,20,19,19,19,19,1.0,1.0,0.38,1.0,20.0,0.9914,0.9893,0.8396,1.0,0.9828,1
ACC_002571,RING_00154,20,19,19,19,19,1.0,1.0,0.38,1.0,20.0,0.9914,0.9893,0.8396,1.0,0.9828,1
ACC_002572,RING_00154,20,19,19,19,19,1.0,1.0,0.38,1.0,20.0,0.9914,0.9893,0.8396,1.0,0.9828,1
ACC_002573,RING_00155,21,9,3,0,20,0.35,1.0,1.89,10.5,1.0,0.722,0.9502,0.8456,0.6583,0.7856,1
ACC_002574,RING_00155,21,9,3,0,20,0.35,1.0,1.89,10.5,1.0,0.722,0.9502,0.8456,0.6583,0.7856,1
ACC_002575,RING_00155,21,10,1,0,20,0.355,1.0,1.89,10.5,1.0,0.722,0.9502,0.8456,0.6583,0.7856,1
ACC_002576,RING_00155,21,10,5,0,20,0.375,1.0,1.89,10.5,1.0,0.722,0.9502,0.8456,0.6583,0.7856,1
ACC_002577,RING_00155,21,9,3,0,20,0.35,1.0,1.89,10.5,1.0,0.722,0.9502,0.8456,0.6583,0.7856,1
ACC_002578,RING_00155,21,10,3,0,20,0.365,1.0,1.89,10.5,1.0,0.722,0.9502,0.8456,0.6583,0.7856,1
ACC_002579,RING_00155,21,10,3,0,20,0.365,1.0,1.89,10.5,1.0,0.722,0.9502,0.8456,0.6583,0.7856,1
ACC_002580,RING_00155,21,10,3,0,20,0.365,1.0,1.89,10.5,1.0,0.722,0.9502,0.8456,0.6583,0.7856,1
ACC_002581,RING_00155,21,10,5,0,20,0.375,1.0,1.89,10.5,1.0,0.722,0.9502,0.8456,0.6583,0.7856,1
ACC_002582,RING_00155,21,10,5,0,20,0.375,1.0,1.89,10.5,1.0,0.722,0.9502,0.8456,0.6583,0.7856,1
ACC_002583,RING_00155,21,9,3,0,20,0.35,1.0,1.89,10.5,1.0,0.722,0.9502,0.8456,0.6583,0.7856,1
ACC_002584,RING_00155,21,10,0,0,20,0.35,1.0,1.89,10.5,1.0,0.722,0.9502,0.8456,0.6583,0.7856,1
ACC_002585,RING_00155,21,9,3,0,20,0.35,1.0,1.89,10.5,1.0,0.722,0.9502,0.8456,0.6583,0.7856,1
ACC_002586,RING_00155,21,9,3,0,20,0.35,1.0,1.89,10.5,1.0,0.722,0.9502,0.8456,0.6583,0.7856,1
ACC_002587,RING_00155,21,10,5,0,20,0.375,1.0,1.89,10.5,1.0,0.722,0.9502,0.8456,0.6583,0.7856,1
ACC_002588,RING_00155,21,9,3,0,20,0.35,1.0,1.89,10.5,1.0,0.722,0.9502,0.8456,0.6583,0.7856,1
ACC_002589,RING_00155,21,10,1,0,20,0.355,1.0,1.89,10.5,1.0,0.722,0.9502,0.8456,0.6583,0.7856,1
ACC_002590,RING_00155,21,9,3,0,20,0.35,1.0,1.89,10.5,1.0,0.722,0.9502,0.8456,0.6583,0.7856,1
ACC_002591,RING_00155,21,10,3,0,20,0.365,1.0,1.89,10.5,1.0,0.722,0.9502,0.8456,0.6583,0.7856,1
ACC_002592,RING_00155,21,9,5,0,20,0.36,1.0,1.89,10.5,1.0,0.722,0.9502,0.8456,0.6583,0.7856,1
ACC_002593,RING_00155,21,9,5,0,20,0.36,1.0,1.89,10.5,1.0,0.722,0.9502,0.8456,0.6583,0.7856,1
ACC_002594,RING_00156,17,0,0,16,0,0.4,1.0,8046.27,0.0588,17.0,0.7977,0.0038,0.0473,0.9158,0.6796,0
ACC_002595,RING_00156,17,0,0,16,0,0.4,1.0,8046.27,0.0588,17.0,0.7977,0.0038,0.0473,0.9158,0.6796,0
ACC_002596,RING_00156,17,0,0,16,0,0.4,1.0,8046.27,0.0588,17.0,0.7977,0.0038,0.0473,0.9158,0.6796,0
ACC_002597,RING_00156,17,0,0,16,0,0.4,1.0,8046.27,0.0588,17.0,0.7977,0.0038,0.0473,0.9158,0.6796,0
ACC_002598,RING_00156,17,0,0,16,0,0.4,1.0,8046.27,0.0588,17.0,0.7977,0.0038,0.0473,0.9158,0.6796,0
ACC_002599,RING_00156,17,0,0,16,0,0.4,1.0,8046.27,0.0588,17.0,0.7977,0.0038,0.0473,0.9158,0.6796,0
ACC_002600,RING_00156,17,0,0,16,0,0.4,1.0,8046.27,0.0588,17.0,0.7977,0.0038,0.0473,0.9158,0.6796,0
ACC_002601,RING_00156,17,0,0,16,0,0.4,1.0,8046.27,0.0588,17.0,0.7977,0.0038,0.0473,0.9158,0.6796,0
ACC_002602,RING_00156,17,0,0,16,0,0.4,1.0,8046.27,0.0588,17.0,0.7977,0.0038,0.0473,0.9158,0.6796,0
ACC_002603,RING_00156,17,0,0,16,0,0.4,1.0,8046.27,0.0588,17.0,0.7977,0.0038,0.0473,0.9158,0.6796,0
ACC_002604,RING_00156,17,0,0,16,0,0.4,1.0,8046.27,0.0588,17.0,0.7977,0.0038,0.0473,0.9158,0.6796,0
ACC_002605,RING_00156,17,0,0,16,0,0.4,1.0,8046.27,0.0588,17.0,0.7977,0.0038,0.0473,0.9158,0.6796,0
ACC_002606,RING_00156,17,0,0,16,0,0.4,1.0,8046.27,0.0588,17.0,0.7977,0.0038,0.0473,0.9158,0.6796,0
ACC_002607,RING_00156,17,0,0,16,0,0.4,1.0,8046.27,0.0588,17.0,0.7977,0.0038,0.0473,0.9158,0.6796,0
ACC_002608,RING_00156,17,0,0,16,0,0.4,1.0,8046.27,0.0588,17.0,0.7977,0.0038,0.0473,0.9158,0.6796,0
ACC_002609,RING_00156,17,0,0,16,0,0.4,1.0,8046.27,0.0588,17.0,0.7977,0.0038,0.0473,0.9158,0.6796,0
ACC_002610,RING_00156,17,0,0,16,0,0.4,1.0,8046.27,0.0588,17.0,0.7977,0.0038,0.0473,0.9158,0.6796,0
ACC_002611,RING_00157,29,28,28,0,0,0.4,1.0,0.73,29.0,1.0,0.8037,0.9835,0.8803,1.0,0.6074,1
ACC_002612,RING_00157,29,28,28,0,1,0.4071,1.0,0.73,29.0,1.0,0.8037,0.9835,0.8803,1.0,0.6074,1
ACC_002613,RING_00157,29,28,28,0,2,0.4143,1.0,0.73,29.0,1.0,0.8037,0.9835,0.8803,1.0,0.6074,1
ACC_002614,RING_00157,29,28,28,0,0,0.4,1.0,0.73,29.0,1.0,0.8037,0.9835,0.8803,1.0,0.6074,1
ACC_002615,RING_00157,29,28,28,0,2,0.4143,1.0,0.73,29.0,1.0,0.8037,0.9835,0.8803,1.0,0.6074,1
ACC_002616,RING_00157,29,28,28,0,2,0.4143,1.0,0.73,29.0,1.0,0.8037,0.9835,0.8803,1.0,0.6074,1
ACC_002617,RING_00157,29,28,28,0,1,0.4071,1.0,0.73,29.0,1.0,0.8037,0.9835,0.8803,1.0,0.6074,1
ACC_002618,RING_00157,29,28,28,0,2,0.4143,1.0,0.73,29.0,1.0,0.8037,0.9835,0.8803,1.0,0.6074,1
ACC_002619,RING_00157,29,28,28,0,2,0.4143,1.0,0.73,29.0,1.0,0.8037,0.9835,0.8803,1.0,0.6074,1
ACC_002620,RING_00157,29,28,28,0,2,0.4143,1.0,0.73,29.0,1.0,0.8037,0.9835,0.8803,1.0,0.6074,1
ACC_002621,RING_00157,29,28,28,0,2,0.4143,1.0,0.73,29.0,1.0,0.8037,0.9835,0.8803,1.0,0.6074,1
ACC_002622,RING_00157,29,28,28,0,2,0.4143,1.0,0.73,29.0,1.0,0.8037,0.9835,0.8803,1.0,0.6074,1
ACC_002623,RING_00157,29,28,28,0,2,0.4143,1.0,0.73,29.0,1.0,0.8037,0.9835,0.8803,1.0,0.6074,1
ACC_002624,RING_00157,29,28,28,0,2,0.4143,1.0,0.73,29.0,1.0,0.8037,0.9835,0.8803,1.0,0.6074,1
ACC_002625,RING_00157,29,28,28,0,2,0.4143,1.0,0.73,29.0,1.0,0.8037,0.9835,0.8803,1.0,0.6074,1
ACC_002626,RING_00157,29,28,28,0,2,0.4143,1.0,0.73,29.0,1.0,0.8037,0.9835,0.8803,1.0,0.6074,1
ACC_002627,RING_00157,29,28,28,0,2,0.4143,1.0,0.73,29.0,1.0,0.8037,0.9835,0.8803,1.0,0.6074,1
ACC_002628,RING_00157,29,28,28,0,2,0.4143,1.0,0.73,29.0,1.0,0.8037,0.9835,0.8803,1.0,0.6074,1
ACC_002629,RING_00157,29,28,28,0,2,0.4143,1.0,0.73,29.0,1.0,0.8037,0.9835,0.8803,1.0,0.6074,1
ACC_002630,RING_00157,29,28,28,0,2,0.4143,1.0,0.73,29.0,1.0,0.8037,0.9835,0.8803,1.0,0.6074,1
ACC_002631,RING_00157,29,28,28,0,2,0.4143,1.0,0.73,29.0,1.0,0.8037,0.9835,0.8803,1.0,0.6074,1
ACC_002632,RING_00157,29,28,28,0,2,0.4143,1.0,0.73,29.0,1.0,0.8037,0.9835,0.8803,1.0,0.6074,1
ACC_002633,RING_00157,29,28,28,0,2,0.4143,1.0,0.73,29.0,1.0,0.8037,0.9835,0.8803,1.0,0.6074,1
ACC_002634,RING_00157,29,28,28,0,1,0.4071,1.0,0.73,29.0,1.0,0.8037,0.9835,0.8803,1.0,0.6074,1
ACC_002635,RING_00157,29,28,28,0,2,0.4143,1.0,0.73,29.0,1.0,0.8037,0.9835,0.8803,1.0,0.6074,1
ACC_002636,RING_00157,29,28,28,0,1,0.4071,1.0,0.73,29.0,1.0,0.8037,0.9835,0.8803,1.0,0.6074,1
ACC_002637,RING_00157,29,28,28,0,1,0.4071,1.0,0.73,29.0,1.0,0.8037,0.9835,0.8803,1.0,0.6074,1
ACC_002638,RING_00157,29,28,28,0,2,0.4143,1.0,0.73,29.0,1.0,0.8037,0.9835,0.8803,1.0,0.6074,1
ACC_002639,RING_00157,29,28,28,0,1,0.4071,1.0,0.73,29.0,1.0,0.8037,0.9835,0.8803,1.0,0.6074,1
ACC_002640,RING_00158,6,0,0,5,0,0.4,1.0,4793.03,0.1667,6.0,0.6816,0.0069,0.0539,0.8984,0.4649,0
ACC_002641,RING_00158,6,0,0,5,0,0.4,1.0,4793.03,0.1667,6.0,0.6816,0.0069,0.0539,0.8984,0.4649,0
ACC_002642,RING_00158,6,0,0,5,0,0.4,1.0,4793.03,0.1667,6.0,0.6816,0.0069,0.0539,0.8984,0.4649,0
ACC_002643,RING_00158,6,0,0,5,0,0.4,1.0,4793.03,0.1667,6.0,0.6816,0.0069,0.0539,0.8984,0.4649,0
ACC_002644,RING_00158,6,0,0,5,0,0.4,1.0,4793.03,0.1667,6.0,0.6816,0.0069,0.0539,0.8984,0.4649,0
ACC_002645,RING_00158,6,0,0,5,0,0.4,1.0,4793.03,0.1667,6.0,0.6816,0.0069,0.0539,0.8984,0.4649,0
ACC_002646,RING_00159,18,17,0,0,0,0.3,1.0,6553.61,18.0,1.0,0.8157,0.0065,0.044,0.9457,0.6857,0
ACC_002647,RING_00159,18,17,0,0,0,0.3,1.0,6553.61,18.0,1.0,0.8157,0.0065,0.044,0.9457,0.6857,0
ACC_002648,RING_00159,18,17,0,0,0,0.3,1.0,6553.61,18.0,1.0,0.8157,0.0065,0.044,0.9457,0.6857,0
ACC_002649,RING_00159,18,17,0,0,0,0.3,1.0,6553.61,18.0,1.0,0.8157,0.0065,0.044,0.9457,0.6857,0
ACC_002650,RING_00159,18,17,0,0,0,0.3,1.0,6553.61,18.0,1.0,0.8157,0.0065,0.044,0.9457,0.6857,0
ACC_002651,RING_00159,18,17,0,0,0,0.3,1.0,6553.61,18.0,1.0,0.8157,0.0065,0.044,0.9457,0.6857,0
ACC_002652,RING_00159,18,17,0,0,0,0.3,1.0,6553.61,18.0,1.0,0.8157,0.0065,0.044,0.9457,0.6857,0
ACC_002653,RING_00159,18,17,0,0,0,0.3,1.0,6553.61,18.0,1.0,0.8157,0.0065,0.044,0.9457,0.6857,0
ACC_002654,RING_00159,18,17,0,0,0,0.3,1.0,6553.61,18.0,1.0,0.8157,0.0065,0.044,0.9457,0.6857,0
ACC_002655,RING_00159,18,17,0,0,0,0.3,1.0,6553.61,18.0,1.0,0.8157,0.0065,0.044,0.9457,0.6857,0
ACC_002656,RING_00159,18,17,0,0,0,0.3,1.0,6553.61,18.0,1.0,0.8157,0.0065,0.044,0.9457,0.6857,0
ACC_002657,RING_00159,18,17,0,0,0,0.3,1.0,6553.61,18.0,1.0,0.8157,0.0065,0.044,0.9457,0.6857,0
ACC_002658,RING_00159,18,17,0,0,0,0.3,1.0,6553.61,18.0,1.0,0.8157,0.0065,0.044,0.9457,0.6857,0
ACC_002659,RING_00159,18,17,0,0,0,0.3,1.0,6553.61,18.0,1.0,0.8157,0.0065,0.044,0.9457,0.6857,0
ACC_002660,RING_00159,18,17,0,0,0,0.3,1.0,6553.61,18.0,1.0,0.8157,0.0065,0.044,0.9457,0.6857,0
ACC_002661,RING_00159,18,17,0,0,0,0.3,1.0,6553.61,18.0,1.0,0.8157,0.0065,0.044,0.9457,0.6857,0
ACC_002662,RING_00159,18,17,0,0,0,0.3,1.0,6553.61,18.0,1.0,0.8157,0.0065,0.044,0.9457,0.6857,0
ACC_002663,RING_00159,18,17,0,0,0,0.3,1.0,6553.61,18.0,1.0,0.8157,0.0065,0.044,0.9457,0.6857,0
ACC_002664,RING_00160,15,0,0,0,14,0.2,1.0,8719.01,1.0,1.0,0.7837,0.0046,0.0328,0.9292,0.6382,0
ACC_002665,RING_00160,15,0,0,0,14,0.2,1.0,8719.01,1.0,1.0,0.7837,0.0046,0.0328,0.9292,0.6382,0
ACC_002666,RING_00160,15,0,0,0,14,0.2,1.0,8719.01,1.0,1.0,0.7837,0.0046,0.0328,0.9292,0.6382,0
ACC_002667,RING_00160,15,0,0,0,14,0.2,1.0,8719.01,1.0,1.0,0.7837,0.0046,0.0328,0.9292,0.6382,0
ACC_002668,RING_00160,15,0,0,0,14,0.2,1.0,8719.01,1.0,1.0,0.7837,0.0046,0.0328,0.9292,0.6382,0
ACC_002669,RING_00160,15,0,0,0,14,0.2,1.0,8719.01,1.0,1.0,0.7837,0.0046,0.0328,0.9292,0.6382,0
ACC_002670,RING_00160,15,0,0,0,14,0.2,1.0,8719.01,1.0,1.0,0.7837,0.0046,0.0328,0.9292,0.6382,0
ACC_002671,RING_00160,15,0,0,0,14,0.2,1.0,8719.01,1.0,1.0,0.7837,0.0046,0.0328,0.9292,0.6382,0
ACC_002672,RING_00160,15,0,0,0,14,0.2,1.0,8719.01,1.0,1.0,0.7837,0.0046,0.0328,0.9292,0.6382,0
ACC_002673,RING_00160,15,0,0,0,14,0.2,1.0,8719.01,1.0,1.0,0.7837,0.0046,0.0328,0.9292,0.6382,0
ACC_002674,RING_00160,15,0,0,0,14,0.2,1.0,8719.01,1.0,1.0,0.7837,0.0046,0.0328,0.9292,0.6382,0
ACC_002675,RING_00160,15,0,0,0,14,0.2,1.0,8719.01,1.0,1.0,0.7837,0.0046,0.0328,0.9292,0.6382,0
ACC_002676,RING_00160,15,0,0,0,14,0.2,1.0,8719.01,1.0,1.0,0.7837,0.0046,0.0328,0.9292,0.6382,0
ACC_002677,RING_00160,15,0,0,0,14,0.2,1.0,8719.01,1.0,1.0,0.7837,0.0046,0.0328,0.9292,0.6382,0
ACC_002678,RING_00160,15,0,0,0,14,0.2,1.0,8719.01,1.0,1.0,0.7837,0.0046,0.0328,0.9292,0.6382,0
ACC_002679,RING_00161,1,0,0,0,0,0.0,0.0,0.0,1.0,1.0,1.0,0.1071,0.0755,1.0,1.0,0
ACC_002680,RING_00162,1,0,0,0,0,0.0,0.0,0.0,1.0,1.0,1.0,0.1071,0.0788,1.0,1.0,0
ACC_002681,RING_00163,3,0,0,2,2,0.6,1.0,856.22,0.3333,3.0,0.8966,0.0295,0.0357,0.9297,0.8635,0
ACC_002682,RING_00163,3,0,0,2,2,0.6,1.0,856.22,0.3333,3.0,0.8966,0.0295,0.0357,0.9297,0.8635,0
ACC_002683,RING_00163,3,0,0,2,2,0.6,1.0,856.22,0.3333,3.0,0.8966,0.0295,0.0357,0.9297,0.8635,0
ACC_002684,RING_00164,1,0,0,0,0,0.0,0.0,0.0,1.0,1.0,1.0,0.1071,0.0743,1.0,1.0,0
ACC_002685,RING_00165,3,0,0,2,2,0.6,1.0,7905.29,0.3333,3.0,0.7602,0.0033,0.0468,0.9358,0.5846,0
ACC_002686,RING_00165,3,0,0,2,2,0.6,1.0,7905.29,0.3333,3.0,0.7602,0.0033,0.0468,0.9358,0.5846,0
ACC_002687,RING_00165,3,0,0,2,2,0.6,1.0,7905.29,0.3333,3.0,0.7602,0.0033,0.0468,0.9358,0.5846,0
ACC_002688,RING_00166,4,0,0,3,3,0.6,1.0,6922.82,0.25,4.0,0.8426,0.0037,0.0493,0.9669,0.7182,0
ACC_002689,RING_00166,4,0,0,3,3,0.6,1.0,6922.82,0.25,4.0,0.8426,0.0037,0.0493,0.9669,0.7182,0
ACC_002690,RING_00166,4,0,0,3,3,0.6,1.0,6922.82,0.25,4.0,0.8426,0.0037,0.0493,0.9669,0.7182,0
ACC_002691,RING_00166,4,0,0,3,3,0.6,1.0,6922.82,0.25,4.0,0.8426,0.0037,0.0493,0.9669,0.7182,0
ACC_002692,RING_00167,2,0,0,1,1,0.6,1.0,7339.57,0.5,2.0,0.8122,0.0033,0.0499,0.8929,0.7316,0
ACC_002693,RING_00167,2,0,0,1,1,0.6,1.0,7339.57,0.5,2.0,0.8122,0.0033,0.0499,0.8929,0.7316,0
ACC_002694,RING_00168,9,0,0,8,0,0.4,1.0,6671.69,0.1111,9.0,0.7602,0.006,0.046,0.9194,0.6011,0
ACC_002695,RING_00168,9,0,0,8,0,0.4,1.0,6671.69,0.1111,9.0,0.7602,0.006,0.046,0.9194,0.6011,0
ACC_002696,RING_00168,9,0,0,8,0,0.4,1.0,6671.69,0.1111,9.0,0.7602,0.006,0.046,0.9194,0.6011,0
ACC_002697,RING_00168,9,0,0,8,0,0.4,1.0,6671.69,0.1111,9.0,0.7602,0.006,0.046,0.9194,0.6011,0
ACC_002698,RING_00168,9,0,0,8,0,0.4,1.0,6671.69,0.1111,9.0,0.7602,0.006,0.046,0.9194,0.6011,0
ACC_002699,RING_00168,9,0,0,8,0,0.4,1.0,6671.69,0.1111,9.0,0.7602,0.006,0.046,0.9194,0.6011,0
ACC_002700,RING_00168,9,0,0,8,0,0.4,1.0,6671.69,0.1111,9.0,0.7602,0.006,0.046,0.9194,0.6011,0
ACC_002701,RING_00168,9,0,0,8,0,0.4,1.0,6671.69,0.1111,9.0,0.7602,0.006,0.046,0.9194,0.6011,0
ACC_002702,RING_00168,9,0,0,8,0,0.4,1.0,6671.69,0.1111,9.0,0.7602,0.006,0.046,0.9194,0.6011,0
ACC_002703,RING_00169,45,0,44,0,0,0.1,1.0,8410.48,1.0,1.0,0.773,0.0049,0.0419,0.9187,0.6273,0
ACC_002704,RING_00169,45,0,44,0,0,0.1,1.0,8410.48,1.0,1.0,0.773,0.0049,0.0419,0.9187,0.6273,0
ACC_002705,RING_00169,45,0,44,0,0,0.1,1.0,8410.48,1.0,1.0,0.773,0.0049,0.0419,0.9187,0.6273,0
ACC_002706,RING_00169,45,0,44,0,0,0.1,1.0,8410.48,1.0,1.0,0.773,0.0049,0.0419,0.9187,0.6273,0
ACC_002707,RING_00169,45,0,44,0,0,0.1,1.0,8410.48,1.0,1.0,0.773,0.0049,0.0419,0.9187,0.6273,0
ACC_002708,RING_00169,45,0,44,0,0,0.1,1.0,8410.48,1.0,1.0,0.773,0.0049,0.0419,0.9187,0.6273,0
ACC_002709,RING_00169,45,0,44,0,0,0.1,1.0,8410.48,1.0,1.0,0.773,0.0049,0.0419,0.9187,0.6273,0
ACC_002710,RING_00169,45,0,44,0,0,0.1,1.0,8410.48,1.0,1.0,0.773,0.0049,0.0419,0.9187,0.6273,0
ACC_002711,RING_00169,45,0,44,0,0,0.1,1.0,8410.48,1.0,1.0,0.773,0.0049,0.0419,0.9187,0.6273,0
ACC_002712,RING_00169,45,0,44,0,0,0.1,1.0,8410.48,1.0,1.0,0.773,0.0049,0.0419,0.9187,0.6273,0
ACC_002713,RING_00169,45,0,44,0,0,0.1,1.0,8410.48,1.0,1.0,0.773,0.0049,0.0419,0.9187,0.6273,0
ACC_002714,RING_00169,45,0,44,0,0,0.1,1.0,8410.48,1.0,1.0,0.773,0.0049,0.0419,0.9187,0.6273,0
ACC_002715,RING_00169,45,0,44,0,0,0.1,1.0,8410.48,1.0,1.0,0.773,0.0049,0.0419,0.9187,0.6273,0
ACC_002716,RING_00169,45,0,44,0,0,0.1,1.0,8410.48,1.0,1.0,0.773,0.0049,0.0419,0.9187,0.6273,0
ACC_002717,RING_00169,45,0,44,0,0,0.1,1.0,8410.48,1.0,1.0,0.773,0.0049,0.0419,0.9187,0.6273,0
ACC_002718,RING_00169,45,0,44,0,0,0.1,1.0,8410.48,1.0,1.0,0.773,0.0049,0.0419,0.9187,0.6273,0
ACC_002719,RING_00169,45,0,44,0,0,0.1,1.0,8410.48,1.0,1.0,0.773,0.0049,0.0419,0.9187,0.6273,0
ACC_002720,RING_00169,45,0,44,0,0,0.1,1.0,8410.48,1.0,1.0,0.773,0.0049,0.0419,0.9187,0.6273,0
ACC_002721,RING_00169,45,0,44,0,0,0.1,1.0,8410.48,1.0,1.0,0.773,0.0049,0.0419,0.9187,0.6273,0
ACC_002722,RING_00169,45,0,44,0,0,0.1,1.0,8410.48,1.0,1.0,0.773,0.0049,0.0419,0.9187,0.6273,0
ACC_002723,RING_00169,45,0,44,0,0,0.1,1.0,8410.48,1.0,1.0,0.773,0.0049,0.0419,0.9187,0.6273,0
ACC_002724,RING_00169,45,0,44,0,0,0.1,1.0,8410.48,1.0,1.0,0.773,0.0049,0.0419,0.9187,0.6273,0
ACC_002725,RING_00169,45,0,44,0,0,0.1,1.0,8410.48,1.0,1.0,0.773,0.0049,0.0419,0.9187,0.6273,0
ACC_002726,RING_00169,45,0,44,0,0,0.1,1.0,8410.48,1.0,1.0,0.773,0.0049,0.0419,0.9187,0.6273,0
ACC_002727,RING_00169,45,0,44,0,0,0.1,1.0,8410.48,1.0,1.0,0.773,0.0049,0.0419,0.9187,0.6273,0
ACC_002728,RING_00169,45,0,44,0,0,0.1,1.0,8410.48,1.0,1.0,0.773,0.0049,0.0419,0.9187,0.6273,0
ACC_002729,RING_00169,45,0,44,0,0,0.1,1.0,8410.48,1.0,1.0,0.773,0.0049,0.0419,0.9187,0.6273,0
ACC_002730,RING_00169,45,0,44,0,0,0.1,1.0,8410.48,1.0,1.0,0.773,0.0049,0.0419,0.9187,0.6273,0
ACC_002731,RING_00169,45,0,44,0,0,0.1,1.0,8410.48,1.0,1.0,0.773,0.0049,0.0419,0.9187,0.6273,0
ACC_002732,RING_00169,45,0,44,0,0,0.1,1.0,8410.48,1.0,1.0,0.773,0.0049,0.0419,0.9187,0.6273,0
ACC_002733,RING_00169,45,0,44,0,0,0.1,1.0,8410.48,1.0,1.0,0.773,0.0049,0.0419,0.9187,0.6273,0
ACC_002734,RING_00169,45,0,44,0,0,0.1,1.0,8410.48,1.0,1.0,0.773,0.0049,0.0419,0.9187,0.6273,0
ACC_002735,RING_00169,45,0,44,0,0,0.1,1.0,8410.48,1.0,1.0,0.773,0.0049,0.0419,0.9187,0.6273,0
ACC_002736,RING_00169,45,0,44,0,0,0.1,1.0,8410.48,1.0,1.0,0.773,0.0049,0.0419,0.9187,0.6273,0
ACC_002737,RING_00169,45,0,44,0,0,0.1,1.0,8410.48,1.0,1.0,0.773,0.0049,0.0419,0.9187,0.6273,0
ACC_002738,RING_00169,45,0,44,0,0,0.1,1.0,8410.48,1.0,1.0,0.773,0.0049,0.0419,0.9187,0.6273,0
ACC_002739,RING_00169,45,0,44,0,0,0.1,1.0,8410.48,1.0,1.0,0.773,0.0049,0.0419,0.9187,0.6273,0
ACC_002740,RING_00169,45,0,44,0,0,0.1,1.0,8410.48,1.0,1.0,0.773,0.0049,0.0419,0.9187,0.6273,0
ACC_002741,RING_00169,45,0,44,0,0,0.1,1.0,8410.48,1.0,1.0,0.773,0.0049,0.0419,0.9187,0.6273,0
ACC_002742,RING_00169,45,0,44,0,0,0.1,1.0,8410.48,1.0,1.0,0.773,0.0049,0.0419,0.9187,0.6273,0
ACC_002743,RING_00169,45,0,44,0,0,0.1,1.0,8410.48,1.0,1.0,0.773,0.0049,0.0419,0.9187,0.6273,0
ACC_002744,RING_00169,45,0,44,0,0,0.1,1.0,8410.48,1.0,1.0,0.773,0.0049,0.0419,0.9187,0.6273,0
ACC_002745,RING_00169,45,0,44,0,0,0.1,1.0,8410.48,1.0,1.0,0.773,0.0049,0.0419,0.9187,0.6273,0
ACC_002746,RING_00169,45,0,44,0,0,0.1,1.0,8410.48,1.0,1.0,0.773,0.0049,0.0419,0.9187,0.6273,0
ACC_002747,RING_00169,45,0,44,0,0,0.1,1.0,8410.48,1.0,1.0,0.773,0.0049,0.0419,0.9187,0.6273,0
ACC_002748,RING_00170,1,0,0,0,0,0.0,0.0,0.0,1.0,1.0,1.0,0.1071,0.0661,1.0,1.0,0
ACC_002749,RING_00171,1,0,0,0,0,0.0,0.0,0.0,1.0,1.0,1.0,0.1071,0.064,1.0,1.0,0
ACC_002750,RING_00172,34,0,33,0,0,0.1,1.0,8091.24,1.0,1.0,0.7912,0.0052,0.0398,0.9047,0.6778,0
ACC_002751,RING_00172,34,0,33,0,0,0.1,1.0,8091.24,1.0,1.0,0.7912,0.0052,0.0398,0.9047,0.6778,0
ACC_002752,RING_00172,34,0,33,0,0,0.1,1.0,8091.24,1.0,1.0,0.7912,0.0052,0.0398,0.9047,0.6778,0
ACC_002753,RING_00172,34,0,33,0,0,0.1,1.0,8091.24,1.0,1.0,0.7912,0.0052,0.0398,0.9047,0.6778,0
ACC_002754,RING_00172,34,0,33,0,0,0.1,1.0,8091.24,1.0,1.0,0.7912,0.0052,0.0398,0.9047,0.6778,0
ACC_002755,RING_00172,34,0,33,0,0,0.1,1.0,8091.24,1.0,1.0,0.7912,0.0052,0.0398,0.9047,0.6778,0
ACC_002756,RING_00172,34,0,33,0,0,0.1,1.0,8091.24,1.0,1.0,0.7912,0.0052,0.0398,0.9047,0.6778,0
ACC_002757,RING_00172,34,0,33,0,0,0.1,1.0,8091.24,1.0,1.0,0.7912,0.0052,0.0398,0.9047,0.6778,0
ACC_002758,RING_00172,34,0,33,0,0,0.1,1.0,8091.24,1.0,1.0,0.7912,0.0052,0.0398,0.9047,0.6778,0
ACC_002759,RING_00172,34,0,33,0,0,0.1,1.0,8091.24,1.0,1.0,0.7912,0.0052,0.0398,0.9047,0.6778,0
ACC_002760,RING_00172,34,0,33,0,0,0.1,1.0,8091.24,1.0,1.0,0.7912,0.0052,0.0398,0.9047,0.6778,0
ACC_002761,RING_00172,34,0,33,0,0,0.1,1.0,8091.24,1.0,1.0,0.7912,0.0052,0.0398,0.9047,0.6778,0
ACC_002762,RING_00172,34,0,33,0,0,0.1,1.0,8091.24,1.0,1.0,0.7912,0.0052,0.0398,0.9047,0.6778,0
ACC_002763,RING_00172,34,0,33,0,0,0.1,1.0,8091.24,1.0,1.0,0.7912,0.0052,0.0398,0.9047,0.6778,0
ACC_002764,RING_00172,34,0,33,0,0,0.1,1.0,8091.24,1.0,1.0,0.7912,0.0052,0.0398,0.9047,0.6778,0
ACC_002765,RING_00172,34,0,33,0,0,0.1,1.0,8091.24,1.0,1.0,0.7912,0.0052,0.0398,0.9047,0.6778,0
ACC_002766,RING_00172,34,0,33,0,0,0.1,1.0,8091.24,1.0,1.0,0.7912,0.0052,0.0398,0.9047,0.6778,0
ACC_002767,RING_00172,34,0,33,0,0,0.1,1.0,8091.24,1.0,1.0,0.7912,0.0052,0.0398,0.9047,0.6778,0
ACC_002768,RING_00172,34,0,33,0,0,0.1,1.0,8091.24,1.0,1.0,0.7912,0.0052,0.0398,0.9047,0.6778,0
ACC_002769,RING_00172,34,0,33,0,0,0.1,1.0,8091.24,1.0,1.0,0.7912,0.0052,0.0398,0.9047,0.6778,0
ACC_002770,RING_00172,34,0,33,0,0,0.1,1.0,8091.24,1.0,1.0,0.7912,0.0052,0.0398,0.9047,0.6778,0
ACC_002771,RING_00172,34,0,33,0,0,0.1,1.0,8091.24,1.0,1.0,0.7912,0.0052,0.0398,0.9047,0.6778,0
ACC_002772,RING_00172,34,0,33,0,0,0.1,1.0,8091.24,1.0,1.0,0.7912,0.0052,0.0398,0.9047,0.6778,0
ACC_002773,RING_00172,34,0,33,0,0,0.1,1.0,8091.24,1.0,1.0,0.7912,0.0052,0.0398,0.9047,0.6778,0
ACC_002774,RING_00172,34,0,33,0,0,0.1,1.0,8091.24,1.0,1.0,0.7912,0.0052,0.0398,0.9047,0.6778,0
ACC_002775,RING_00172,34,0,33,0,0,0.1,1.0,8091.24,1.0,1.0,0.7912,0.0052,0.0398,0.9047,0.6778,0
ACC_002776,RING_00172,34,0,33,0,0,0.1,1.0,8091.24,1.0,1.0,0.7912,0.0052,0.0398,0.9047,0.6778,0
ACC_002777,RING_00172,34,0,33,0,0,0.1,1.0,8091.24,1.0,1.0,0.7912,0.0052,0.0398,0.9047,0.6778,0
ACC_002778,RING_00172,34,0,33,0,0,0.1,1.0,8091.24,1.0,1.0,0.7912,0.0052,0.0398,0.9047,0.6778,0
ACC_002779,RING_00172,34,0,33,0,0,0.1,1.0,8091.24,1.0,1.0,0.7912,0.0052,0.0398,0.9047,0.6778,0
ACC_002780,RING_00172,34,0,33,0,0,0.1,1.0,8091.24,1.0,1.0,0.7912,0.0052,0.0398,0.9047,0.6778,0
ACC_002781,RING_00172,34,0,33,0,0,0.1,1.0,8091.24,1.0,1.0,0.7912,0.0052,0.0398,0.9047,0.6778,0
ACC_002782,RING_00172,34,0,33,0,0,0.1,1.0,8091.24,1.0,1.0,0.7912,0.0052,0.0398,0.9047,0.6778,0
ACC_002783,RING_00172,34,0,33,0,0,0.1,1.0,8091.24,1.0,1.0,0.7912,0.0052,0.0398,0.9047,0.6778,0
ACC_002784,RING_00173,20,0,0,0,19,0.2,1.0,9459.22,1.0,1.0,0.8277,0.0044,0.0387,0.925,0.7304,0
ACC_002785,RING_00173,20,0,0,0,19,0.2,1.0,9459.22,1.0,1.0,0.8277,0.0044,0.0387,0.925,0.7304,0
ACC_002786,RING_00173,20,0,0,0,19,0.2,1.0,9459.22,1.0,1.0,0.8277,0.0044,0.0387,0.925,0.7304,0
ACC_002787,RING_00173,20,0,0,0,19,0.2,1.0,9459.22,1.0,1.0,0.8277,0.0044,0.0387,0.925,0.7304,0
ACC_002788,RING_00173,20,0,0,0,19,0.2,1.0,9459.22,1.0,1.0,0.8277,0.0044,0.0387,0.925,0.7304,0
ACC_002789,RING_00173,20,0,0,0,19,0.2,1.0,9459.22,1.0,1.0,0.8277,0.0044,0.0387,0.925,0.7304,0
ACC_002790,RING_00173,20,0,0,0,19,0.2,1.0,9459.22,1.0,1.0,0.8277,0.0044,0.0387,0.925,0.7304,0
ACC_002791,RING_00173,20,0,0,0,19,0.2,1.0,9459.22,1.0,1.0,0.8277,0.0044,0.0387,0.925,0.7304,0
ACC_002792,RING_00173,20,0,0,0,19,0.2,1.0,9459.22,1.0,1.0,0.8277,0.0044,0.0387,0.925,0.7304,0
ACC_002793,RING_00173,20,0,0,0,19,0.2,1.0,9459.22,1.0,1.0,0.8277,0.0044,0.0387,0.925,0.7304,0
ACC_002794,RING_00173,20,0,0,0,19,0.2,1.0,9459.22,1.0,1.0,0.8277,0.0044,0.0387,0.925,0.7304,0
ACC_002795,RING_00173,20,0,0,0,19,0.2,1.0,9459.22,1.0,1.0,0.8277,0.0044,0.0387,0.925,0.7304,0
ACC_002796,RING_00173,20,0,0,0,19,0.2,1.0,9459.22,1.0,1.0,0.8277,0.0044,0.0387,0.925,0.7304,0
ACC_002797,RING_00173,20,0,0,0,19,0.2,1.0,9459.22,1.0,1.0,0.8277,0.0044,0.0387,0.925,0.7304,0
ACC_002798,RING_00173,20,0,0,0,19,0.2,1.0,9459.22,1.0,1.0,0.8277,0.0044,0.0387,0.925,0.7304,0
ACC_002799,RING_00173,20,0,0,0,19,0.2,1.0,9459.22,1.0,1.0,0.8277,0.0044,0.0387,0.925,0.7304,0
ACC_002800,RING_00173,20,0,0,0,19,0.2,1.0,9459.22,1.0,1.0,0.8277,0.0044,0.0387,0.925,0.7304,0
ACC_002801,RING_00173,20,0,0,0,19,0.2,1.0,9459.22,1.0,1.0,0.8277,0.0044,0.0387,0.925,0.7304,0
ACC_002802,RING_00173,20,0,0,0,19,0.2,1.0,9459.22,1.0,1.0,0.8277,0.0044,0.0387,0.925,0.7304,0
ACC_002803,RING_00173,20,0,0,0,19,0.2,1.0,9459.22,1.0,1.0,0.8277,0.0044,0.0387,0.925,0.7304,0
ACC_002804,RING_00174,41,0,40,0,0,0.1,1.0,6826.71,1.0,1.0,0.8071,0.0065,0.0468,0.9378,0.6764,0
ACC_002805,RING_00174,41,0,40,0,0,0.1,1.0,6826.71,1.0,1.0,0.8071,0.0065,0.0468,0.9378,0.6764,0
ACC_002806,RING_00174,41,0,40,0,0,0.1,1.0,6826.71,1.0,1.0,0.8071,0.0065,0.0468,0.9378,0.6764,0
ACC_002807,RING_00174,41,0,40,0,0,0.1,1.0,6826.71,1.0,1.0,0.8071,0.0065,0.0468,0.9378,0.6764,0
ACC_002808,RING_00174,41,0,40,0,0,0.1,1.0,6826.71,1.0,1.0,0.8071,0.0065,0.0468,0.9378,0.6764,0
ACC_002809,RING_00174,41,0,40,0,0,0.1,1.0,6826.71,1.0,1.0,0.8071,0.0065,0.0468,0.9378,0.6764,0
ACC_002810,RING_00174,41,0,40,0,0,0.1,1.0,6826.71,1.0,1.0,0.8071,0.0065,0.0468,0.9378,0.6764,0
ACC_002811,RING_00174,41,0,40,0,0,0.1,1.0,6826.71,1.0,1.0,0.8071,0.0065,0.0468,0.9378,0.6764,0
ACC_002812,RING_00174,41,0,40,0,0,0.1,1.0,6826.71,1.0,1.0,0.8071,0.0065,0.0468,0.9378,0.6764,0
ACC_002813,RING_00174,41,0,40,0,0,0.1,1.0,6826.71,1.0,1.0,0.8071,0.0065,0.0468,0.9378,0.6764,0
ACC_002814,RING_00174,41,0,40,0,0,0.1,1.0,6826.71,1.0,1.0,0.8071,0.0065,0.0468,0.9378,0.6764,0
ACC_002815,RING_00174,41,0,40,0,0,0.1,1.0,6826.71,1.0,1.0,0.8071,0.0065,0.0468,0.9378,0.6764,0
ACC_002816,RING_00174,41,0,40,0,0,0.1,1.0,6826.71,1.0,1.0,0.8071,0.0065,0.0468,0.9378,0.6764,0
ACC_002817,RING_00174,41,0,40,0,0,0.1,1.0,6826.71,1.0,1.0,0.8071,0.0065,0.0468,0.9378,0.6764,0
ACC_002818,RING_00174,41,0,40,0,0,0.1,1.0,6826.71,1.0,1.0,0.8071,0.0065,0.0468,0.9378,0.6764,0
ACC_002819,RING_00174,41,0,40,0,0,0.1,1.0,6826.71,1.0,1.0,0.8071,0.0065,0.0468,0.9378,0.6764,0
ACC_002820,RING_00174,41,0,40,0,0,0.1,1.0,6826.71,1.0,1.0,0.8071,0.0065,0.0468,0.9378,0.6764,0
ACC_002821,RING_00174,41,0,40,0,0,0.1,1.0,6826.71,1.0,1.0,0.8071,0.0065,0.0468,0.9378,0.6764,0
ACC_002822,RING_00174,41,0,40,0,0,0.1,1.0,6826.71,1.0,1.0,0.8071,0.0065,0.0468,0.9378,0.6764,0
ACC_002823,RING_00174,41,0,40,0,0,0.1,1.0,6826.71,1.0,1.0,0.8071,0.0065,0.0468,0.9378,0.6764,0
ACC_002824,RING_00174,41,0,40,0,0,0.1,1.0,6826.71,1.0,1.0,0.8071,0.0065,0.0468,0.9378,0.6764,0
ACC_002825,RING_00174,41,0,40,0,0,0.1,1.0,6826.71,1.0,1.0,0.8071,0.0065,0.0468,0.9378,0.6764,0
ACC_002826,RING_00174,41,0,40,0,0,0.1,1.0,6826.71,1.0,1.0,0.8071,0.0065,0.0468,0.9378,0.6764,0
ACC_002827,RING_00174,41,0,40,0,0,0.1,1.0,6826.71,1.0,1.0,0.8071,0.0065,0.0468,0.9378,0.6764,0
ACC_002828,RING_00174,41,0,40,0,0,0.1,1.0,6826.71,1.0,1.0,0.8071,0.0065,0.0468,0.9378,0.6764,0
ACC_002829,RING_00174,41,0,40,0,0,0.1,1.0,6826.71,1.0,1.0,0.8071,0.0065,0.0468,0.9378,0.6764,0
ACC_002830,RING_00174,41,0,40,0,0,0.1,1.0,6826.71,1.0,1.0,0.8071,0.0065,0.0468,0.9378,0.6764,0
ACC_002831,RING_00174,41,0,40,0,0,0.1,1.0,6826.71,1.0,1.0,0.8071,0.0065,0.0468,0.9378,0.6764,0
ACC_002832,RING_00174,41,0,40,0,0,0.1,1.0,6826.71,1.0,1.0,0.8071,0.0065,0.0468,0.9378,0.6764,0
ACC_002833,RING_00174,41,0,40,0,0,0.1,1.0,6826.71,1.0,1.0,0.8071,0.0065,0.0468,0.9378,0.6764,0
ACC_002834,RING_00174,41,0,40,0,0,0.1,1.0,6826.71,1.0,1.0,0.8071,0.0065,0.0468,0.9378,0.6764,0
ACC_002835,RING_00174,41,0,40,0,0,0.1,1.0,6826.71,1.0,1.0,0.8071,0.0065,0.0468,0.9378,0.6764,0
ACC_002836,RING_00174,41,0,40,0,0,0.1,1.0,6826.71,1.0,1.0,0.8071,0.0065,0.0468,0.9378,0.6764,0
ACC_002837,RING_00174,41,0,40,0,0,0.1,1.0,6826.71,1.0,1.0,0.8071,0.0065,0.0468,0.9378,0.6764,0
ACC_002838,RING_00174,41,0,40,0,0,0.1,1.0,6826.71,1.0,1.0,0.8071,0.0065,0.0468,0.9378,0.6764,0
ACC_002839,RING_00174,41,0,40,0,0,0.1,1.0,6826.71,1.0,1.0,0.8071,0.0065,0.0468,0.9378,0.6764,0
ACC_002840,RING_00174,41,0,40,0,0,0.1,1.0,6826.71,1.0,1.0,0.8071,0.0065,0.0468,0.9378,0.6764,0
ACC_002841,RING_00174,41,0,40,0,0,0.1,1.0,6826.71,1.0,1.0,0.8071,0.0065,0.0468,0.9378,0.6764,0
ACC_002842,RING_00174,41,0,40,0,0,0.1,1.0,6826.71,1.0,1.0,0.8071,0.0065,0.0468,0.9378,0.6764,0
ACC_002843,RING_00174,41,0,40,0,0,0.1,1.0,6826.71,1.0,1.0,0.8071,0.0065,0.0468,0.9378,0.6764,0
ACC_002844,RING_00174,41,0,40,0,0,0.1,1.0,6826.71,1.0,1.0,0.8071,0.0065,0.0468,0.9378,0.6764,0
ACC_002845,RING_00175,21,20,2,0,20,0.51,1.0,1.64,21.0,1.0,0.7592,0.9584,0.84,0.7169,0.8015,1
ACC_002846,RING_00175,21,20,12,0,20,0.56,1.0,1.64,21.0,1.0,0.7592,0.9584,0.84,0.7169,0.8015,1
ACC_002847,RING_00175,21,20,12,0,20,0.56,1.0,1.64,21.0,1.0,0.7592,0.9584,0.84,0.7169,0.8015,1
ACC_002848,RING_00175,21,20,12,0,20,0.56,1.0,1.64,21.0,1.0,0.7592,0.9584,0.84,0.7169,0.8015,1
ACC_002849,RING_00175,21,20,2,0,20,0.51,1.0,1.64,21.0,1.0,0.7592,0.9584,0.84,0.7169,0.8015,1
ACC_002850,RING_00175,21,20,12,0,20,0.56,1.0,1.64,21.0,1.0,0.7592,0.9584,0.84,0.7169,0.8015,1
ACC_002851,RING_00175,21,20,4,0,20,0.52,1.0,1.64,21.0,1.0,0.7592,0.9584,0.84,0.7169,0.8015,1
ACC_002852,RING_00175,21,20,2,0,20,0.51,1.0,1.64,21.0,1.0,0.7592,0.9584,0.84,0.7169,0.8015,1
ACC_002853,RING_00175,21,20,12,0,20,0.56,1.0,1.64,21.0,1.0,0.7592,0.9584,0.84,0.7169,0.8015,1
ACC_002854,RING_00175,21,20,4,0,20,0.52,1.0,1.64,21.0,1.0,0.7592,0.9584,0.84,0.7169,0.8015,1
ACC_002855,RING_00175,21,20,12,0,20,0.56,1.0,1.64,21.0,1.0,0.7592,0.9584,0.84,0.7169,0.8015,1
ACC_002856,RING_00175,21,20,4,0,20,0.52,1.0,1.64,21.0,1.0,0.7592,0.9584,0.84,0.7169,0.8015,1
ACC_002857,RING_00175,21,20,4,0,20,0.52,1.0,1.64,21.0,1.0,0.7592,0.9584,0.84,0.7169,0.8015,1
ACC_002858,RING_00175,21,20,12,0,20,0.56,1.0,1.64,21.0,1.0,0.7592,0.9584,0.84,0.7169,0.8015,1
ACC_002859,RING_00175,21,20,12,0,20,0.56,1.0,1.64,21.0,1.0,0.7592,0.9584,0.84,0.7169,0.8015,1
ACC_002860,RING_00175,21,20,12,0,20,0.56,1.0,1.64,21.0,1.0,0.7592,0.9584,0.84,0.7169,0.8015,1
ACC_002861,RING_00175,21,20,4,0,20,0.52,1.0,1.64,21.0,1.0,0.7592,0.9584,0.84,0.7169,0.8015,1
ACC_002862,RING_00175,21,20,12,0,20,0.56,1.0,1.64,21.0,1.0,0.7592,0.9584,0.84,0.7169,0.8015,1
ACC_002863,RING_00175,21,20,12,0,20,0.56,1.0,1.64,21.0,1.0,0.7592,0.9584,0.84,0.7169,0.8015,1
ACC_002864,RING_00175,21,20,12,0,20,0.56,1.0,1.64,21.0,1.0,0.7592,0.9584,0.84,0.7169,0.8015,1
ACC_002865,RING_00175,21,20,12,0,20,0.56,1.0,1.64,21.0,1.0,0.7592,0.9584,0.84,0.7169,0.8015,1
ACC_002866,RING_00176,40,0,39,0,0,0.1,1.0,7752.95,1.0,1.0,0.7853,0.0055,0.0468,0.9167,0.6539,0
ACC_002867,RING_00176,40,0,39,0,0,0.1,1.0,7752.95,1.0,1.0,0.7853,0.0055,0.0468,0.9167,0.6539,0
ACC_002868,RING_00176,40,0,39,0,0,0.1,1.0,7752.95,1.0,1.0,0.7853,0.0055,0.0468,0.9167,0.6539,0
ACC_002869,RING_00176,40,0,39,0,0,0.1,1.0,7752.95,1.0,1.0,0.7853,0.0055,0.0468,0.9167,0.6539,0
ACC_002870,RING_00176,40,0,39,0,0,0.1,1.0,7752.95,1.0,1.0,0.7853,0.0055,0.0468,0.9167,0.6539,0
ACC_002871,RING_00176,40,0,39,0,0,0.1,1.0,7752.95,1.0,1.0,0.7853,0.0055,0.0468,0.9167,0.6539,0
ACC_002872,RING_00176,40,0,39,0,0,0.1,1.0,7752.95,1.0,1.0,0.7853,0.0055,0.0468,0.9167,0.6539,0
ACC_002873,RING_00176,40,0,39,0,0,0.1,1.0,7752.95,1.0,1.0,0.7853,0.0055,0.0468,0.9167,0.6539,0
ACC_002874,RING_00176,40,0,39,0,0,0.1,1.0,7752.95,1.0,1.0,0.7853,0.0055,0.0468,0.9167,0.6539,0
ACC_002875,RING_00176,40,0,39,0,0,0.1,1.0,7752.95,1.0,1.0,0.7853,0.0055,0.0468,0.9167,0.6539,0
ACC_002876,RING_00176,40,0,39,0,0,0.1,1.0,7752.95,1.0,1.0,0.7853,0.0055,0.0468,0.9167,0.6539,0
ACC_002877,RING_00176,40,0,39,0,0,0.1,1.0,7752.95,1.0,1.0,0.7853,0.0055,0.0468,0.9167,0.6539,0
ACC_002878,RING_00176,40,0,39,0,0,0.1,1.0,7752.95,1.0,1.0,0.7853,0.0055,0.0468,0.9167,0.6539,0
ACC_002879,RING_00176,40,0,39,0,0,0.1,1.0,7752.95,1.0,1.0,0.7853,0.0055,0.0468,0.9167,0.6539,0
ACC_002880,RING_00176,40,0,39,0,0,0.1,1.0,7752.95,1.0,1.0,0.7853,0.0055,0.0468,0.9167,0.6539,0
ACC_002881,RING_00176,40,0,39,0,0,0.1,1.0,7752.95,1.0,1.0,0.7853,0.0055,0.0468,0.9167,0.6539,0
ACC_002882,RING_00176,40,0,39,0,0,0.1,1.0,7752.95,1.0,1.0,0.7853,0.0055,0.0468,0.9167,0.6539,0
ACC_002883,RING_00176,40,0,39,0,0,0.1,1.0,7752.95,1.0,1.0,0.7853,0.0055,0.0468,0.9167,0.6539,0
ACC_002884,RING_00176,40,0,39,0,0,0.1,1.0,7752.95,1.0,1.0,0.7853,0.0055,0.0468,0.9167,0.6539,0
ACC_002885,RING_00176,40,0,39,0,0,0.1,1.0,7752.95,1.0,1.0,0.7853,0.0055,0.0468,0.9167,0.6539,0
ACC_002886,RING_00176,40,0,39,0,0,0.1,1.0,7752.95,1.0,1.0,0.7853,0.0055,0.0468,0.9167,0.6539,0
ACC_002887,RING_00176,40,0,39,0,0,0.1,1.0,7752.95,1.0,1.0,0.7853,0.0055,0.0468,0.9167,0.6539,0
ACC_002888,RING_00176,40,0,39,0,0,0.1,1.0,7752.95,1.0,1.0,0.7853,0.0055,0.0468,0.9167,0.6539,0
ACC_002889,RING_00176,40,0,39,0,0,0.1,1.0,7752.95,1.0,1.0,0.7853,0.0055,0.0468,0.9167,0.6539,0
ACC_002890,RING_00176,40,0,39,0,0,0.1,1.0,7752.95,1.0,1.0,0.7853,0.0055,0.0468,0.9167,0.6539,0
ACC_002891,RING_00176,40,0,39,0,0,0.1,1.0,7752.95,1.0,1.0,0.7853,0.0055,0.0468,0.9167,0.6539,0
ACC_002892,RING_00176,40,0,39,0,0,0.1,1.0,7752.95,1.0,1.0,0.7853,0.0055,0.0468,0.9167,0.6539,0
ACC_002893,RING_00176,40,0,39,0,0,0.1,1.0,7752.95,1.0,1.0,0.7853,0.0055,0.0468,0.9167,0.6539,0
ACC_002894,RING_00176,40,0,39,0,0,0.1,1.0,7752.95,1.0,1.0,0.7853,0.0055,0.0468,0.9167,0.6539,0
ACC_002895,RING_00176,40,0,39,0,0,0.1,1.0,7752.95,1.0,1.0,0.7853,0.0055,0.0468,0.9167,0.6539,0
ACC_002896,RING_00176,40,0,39,0,0,0.1,1.0,7752.95,1.0,1.0,0.7853,0.0055,0.0468,0.9167,0.6539,0
ACC_002897,RING_00176,40,0,39,0,0,0.1,1.0,7752.95,1.0,1.0,0.7853,0.0055,0.0468,0.9167,0.6539,0
ACC_002898,RING_00176,40,0,39,0,0,0.1,1.0,7752.95,1.0,1.0,0.7853,0.0055,0.0468,0.9167,0.6539,0
ACC_002899,RING_00176,40,0,39,0,0,0.1,1.0,7752.95,1.0,1.0,0.7853,0.0055,0.0468,0.9167,0.6539,0
ACC_002900,RING_00176,40,0,39,0,0,0.1,1.0,7752.95,1.0,1.0,0.7853,0.0055,0.0468,0.9167,0.6539,0
ACC_002901,RING_00176,40,0,39,0,0,0.1,1.0,7752.95,1.0,1.0,0.7853,0.0055,0.0468,0.9167,0.6539,0
ACC_002902,RING_00176,40,0,39,0,0,0.1,1.0,7752.95,1.0,1.0,0.7853,0.0055,0.0468,0.9167,0.6539,0
ACC_002903,RING_00176,40,0,39,0,0,0.1,1.0,7752.95,1.0,1.0,0.7853,0.0055,0.0468,0.9167,0.6539,0
ACC_002904,RING_00176,40,0,39,0,0,0.1,1.0,7752.95,1.0,1.0,0.7853,0.0055,0.0468,0.9167,0.6539,0
ACC_002905,RING_00176,40,0,39,0,0,0.1,1.0,7752.95,1.0,1.0,0.7853,0.0055,0.0468,0.9167,0.6539,0
ACC_002906,RING_00177,24,0,0,0,23,0.2,1.0,8232.85,1.0,1.0,0.7814,0.0052,0.0416,0.9273,0.6356,0
ACC_002907,RING_00177,24,0,0,0,23,0.2,1.0,8232.85,1.0,1.0,0.7814,0.0052,0.0416,0.9273,0.6356,0
ACC_002908,RING_00177,24,0,0,0,23,0.2,1.0,8232.85,1.0,1.0,0.7814,0.0052,0.0416,0.9273,0.6356,0
ACC_002909,RING_00177,24,0,0,0,23,0.2,1.0,8232.85,1.0,1.0,0.7814,0.0052,0.0416,0.9273,0.6356,0
ACC_002910,RING_00177,24,0,0,0,23,0.2,1.0,8232.85,1.0,1.0,0.7814,0.0052,0.0416,0.9273,0.6356,0
ACC_002911,RING_00177,24,0,0,0,23,0.2,1.0,8232.85,1.0,1.0,0.7814,0.0052,0.0416,0.9273,0.6356,0
ACC_002912,RING_00177,24,0,0,0,23,0.2,1.0,8232.85,1.0,1.0,0.7814,0.0052,0.0416,0.9273,0.6356,0
ACC_002913,RING_00177,24,0,0,0,23,0.2,1.0,8232.85,1.0,1.0,0.7814,0.0052,0.0416,0.9273,0.6356,0
ACC_002914,RING_00177,24,0,0,0,23,0.2,1.0,8232.85,1.0,1.0,0.7814,0.0052,0.0416,0.9273,0.6356,0
ACC_002915,RING_00177,24,0,0,0,23,0.2,1.0,8232.85,1.0,1.0,0.7814,0.0052,0.0416,0.9273,0.6356,0
ACC_002916,RING_00177,24,0,0,0,23,0.2,1.0,8232.85,1.0,1.0,0.7814,0.0052,0.0416,0.9273,0.6356,0
ACC_002917,RING_00177,24,0,0,0,23,0.2,1.0,8232.85,1.0,1.0,0.7814,0.0052,0.0416,0.9273,0.6356,0
ACC_002918,RING_00177,24,0,0,0,23,0.2,1.0,8232.85,1.0,1.0,0.7814,0.0052,0.0416,0.9273,0.6356,0
ACC_002919,RING_00177,24,0,0,0,23,0.2,1.0,8232.85,1.0,1.0,0.7814,0.0052,0.0416,0.9273,0.6356,0
ACC_002920,RING_00177,24,0,0,0,23,0.2,1.0,8232.85,1.0,1.0,0.7814,0.0052,0.0416,0.9273,0.6356,0
ACC_002921,RING_00177,24,0,0,0,23,0.2,1.0,8232.85,1.0,1.0,0.7814,0.0052,0.0416,0.9273,0.6356,0
ACC_002922,RING_00177,24,0,0,0,23,0.2,1.0,8232.85,1.0,1.0,0.7814,0.0052,0.0416,0.9273,0.6356,0
ACC_002923,RING_00177,24,0,0,0,23,0.2,1.0,8232.85,1.0,1.0,0.7814,0.0052,0.0416,0.9273,0.6356,0
ACC_002924,RING_00177,24,0,0,0,23,0.2,1.0,8232.85,1.0,1.0,0.7814,0.0052,0.0416,0.9273,0.6356,0
ACC_002925,RING_00177,24,0,0,0,23,0.2,1.0,8232.85,1.0,1.0,0.7814,0.0052,0.0416,0.9273,0.6356,0
ACC_002926,RING_00177,24,0,0,0,23,0.2,1.0,8232.85,1.0,1.0,0.7814,0.0052,0.0416,0.9273,0.6356,0
ACC_002927,RING_00177,24,0,0,0,23,0.2,1.0,8232.85,1.0,1.0,0.7814,0.0052,0.0416,0.9273,0.6356,0
ACC_002928,RING_00177,24,0,0,0,23,0.2,1.0,8232.85,1.0,1.0,0.7814,0.0052,0.0416,0.9273,0.6356,0
ACC_002929,RING_00177,24,0,0,0,23,0.2,1.0,8232.85,1.0,1.0,0.7814,0.0052,0.0416,0.9273,0.6356,0
ACC_002930,RING_00178,42,0,41,0,0,0.1,1.0,6912.93,1.0,1.0,0.7857,0.005,0.0555,0.9357,0.6357,0
ACC_002931,RING_00178,42,0,41,0,0,0.1,1.0,6912.93,1.0,1.0,0.7857,0.005,0.0555,0.9357,0.6357,0
ACC_002932,RING_00178,42,0,41,0,0,0.1,1.0,6912.93,1.0,1.0,0.7857,0.005,0.0555,0.9357,0.6357,0
ACC_002933,RING_00178,42,0,41,0,0,0.1,1.0,6912.93,1.0,1.0,0.7857,0.005,0.0555,0.9357,0.6357,0
ACC_002934,RING_00178,42,0,41,0,0,0.1,1.0,6912.93,1.0,1.0,0.7857,0.005,0.0555,0.9357,0.6357,0
ACC_002935,RING_00178,42,0,41,0,0,0.1,1.0,6912.93,1.0,1.0,0.7857,0.005,0.0555,0.9357,0.6357,0
ACC_002936,RING_00178,42,0,41,0,0,0.1,1.0,6912.93,1.0,1.0,0.7857,0.005,0.0555,0.9357,0.6357,0
ACC_002937,RING_00178,42,0,41,0,0,0.1,1.0,6912.93,1.0,1.0,0.7857,0.005,0.0555,0.9357,0.6357,0
ACC_002938,RING_00178,42,0,41,0,0,0.1,1.0,6912.93,1.0,1.0,0.7857,0.005,0.0555,0.9357,0.6357,0
ACC_002939,RING_00178,42,0,41,0,0,0.1,1.0,6912.93,1.0,1.0,0.7857,0.005,0.0555,0.9357,0.6357,0
ACC_002940,RING_00178,42,0,41,0,0,0.1,1.0,6912.93,1.0,1.0,0.7857,0.005,0.0555,0.9357,0.6357,0
ACC_002941,RING_00178,42,0,41,0,0,0.1,1.0,6912.93,1.0,1.0,0.7857,0.005,0.0555,0.9357,0.6357,0
ACC_002942,RING_00178,42,0,41,0,0,0.1,1.0,6912.93,1.0,1.0,0.7857,0.005,0.0555,0.9357,0.6357,0
ACC_002943,RING_00178,42,0,41,0,0,0.1,1.0,6912.93,1.0,1.0,0.7857,0.005,0.0555,0.9357,0.6357,0
ACC_002944,RING_00178,42,0,41,0,0,0.1,1.0,6912.93,1.0,1.0,0.7857,0.005,0.0555,0.9357,0.6357,0
ACC_002945,RING_00178,42,0,41,0,0,0.1,1.0,6912.93,1.0,1.0,0.7857,0.005,0.0555,0.9357,0.6357,0
ACC_002946,RING_00178,42,0,41,0,0,0.1,1.0,6912.93,1.0,1.0,0.7857,0.005,0.0555,0.9357,0.6357,0
ACC_002947,RING_00178,42,0,41,0,0,0.1,1.0,6912.93,1.0,1.0,0.7857,0.005,0.0555,0.9357,0.6357,0
ACC_002948,RING_00178,42,0,41,0,0,0.1,1.0,6912.93,1.0,1.0,0.7857,0.005,0.0555,0.9357,0.6357,0
ACC_002949,RING_00178,42,0,41,0,0,0.1,1.0,6912.93,1.0,1.0,0.7857,0.005,0.0555,0.9357,0.6357,0
ACC_002950,RING_00178,42,0,41,0,0,0.1,1.0,6912.93,1.0,1.0,0.7857,0.005,0.0555,0.9357,0.6357,0
ACC_002951,RING_00178,42,0,41,0,0,0.1,1.0,6912.93,1.0,1.0,0.7857,0.005,0.0555,0.9357,0.6357,0
ACC_002952,RING_00178,42,0,41,0,0,0.1,1.0,6912.93,1.0,1.0,0.7857,0.005,0.0555,0.9357,0.6357,0
ACC_002953,RING_00178,42,0,41,0,0,0.1,1.0,6912.93,1.0,1.0,0.7857,0.005,0.0555,0.9357,0.6357,0
ACC_002954,RING_00178,42,0,41,0,0,0.1,1.0,6912.93,1.0,1.0,0.7857,0.005,0.0555,0.9357,0.6357,0
ACC_002955,RING_00178,42,0,41,0,0,0.1,1.0,6912.93,1.0,1.0,0.7857,0.005,0.0555,0.9357,0.6357,0
ACC_002956,RING_00178,42,0,41,0,0,0.1,1.0,6912.93,1.0,1.0,0.7857,0.005,0.0555,0.9357,0.6357,0
ACC_002957,RING_00178,42,0,41,0,0,0.1,1.0,6912.93,1.0,1.0,0.7857,0.005,0.0555,0.9357,0.6357,0
ACC_002958,RING_00178,42,0,41,0,0,0.1,1.0,6912.93,1.0,1.0,0.7857,0.005,0.0555,0.9357,0.6357,0
ACC_002959,RING_00178,42,0,41,0,0,0.1,1.0,6912.93,1.0,1.0,0.7857,0.005,0.0555,0.9357,0.6357,0
ACC_002960,RING_00178,42,0,41,0,0,0.1,1.0,6912.93,1.0,1.0,0.7857,0.005,0.0555,0.9357,0.6357,0
ACC_002961,RING_00178,42,0,41,0,0,0.1,1.0,6912.93,1.0,1.0,0.7857,0.005,0.0555,0.9357,0.6357,0
ACC_002962,RING_00178,42,0,41,0,0,0.1,1.0,6912.93,1.0,1.0,0.7857,0.005,0.0555,0.9357,0.6357,0
ACC_002963,RING_00178,42,0,41,0,0,0.1,1.0,6912.93,1.0,1.0,0.7857,0.005,0.0555,0.9357,0.6357,0
ACC_002964,RING_00178,42,0,41,0,0,0.1,1.0,6912.93,1.0,1.0,0.7857,0.005,0.0555,0.9357,0.6357,0
ACC_002965,RING_00178,42,0,41,0,0,0.1,1.0,6912.93,1.0,1.0,0.7857,0.005,0.0555,0.9357,0.6357,0
ACC_002966,RING_00178,42,0,41,0,0,0.1,1.0,6912.93,1.0,1.0,0.7857,0.005,0.0555,0.9357,0.6357,0
ACC_002967,RING_00178,42,0,41,0,0,0.1,1.0,6912.93,1.0,1.0,0.7857,0.005,0.0555,0.9357,0.6357,0
ACC_002968,RING_00178,42,0,41,0,0,0.1,1.0,6912.93,1.0,1.0,0.7857,0.005,0.0555,0.9357,0.6357,0
ACC_002969,RING_00178,42,0,41,0,0,0.1,1.0,6912.93,1.0,1.0,0.7857,0.005,0.0555,0.9357,0.6357,0
ACC_002970,RING_00178,42,0,41,0,0,0.1,1.0,6912.93,1.0,1.0,0.7857,0.005,0.0555,0.9357,0.6357,0
ACC_002971,RING_00178,42,0,41,0,0,0.1,1.0,6912.93,1.0,1.0,0.7857,0.005,0.0555,0.9357,0.6357,0
ACC_002972,RING_00179,29,28,28,0,0,0.4,1.0,0.74,29.0,1.0,0.8342,0.9833,0.897,1.0,0.6685,1
ACC_002973,RING_00179,29,28,28,0,1,0.4071,1.0,0.74,29.0,1.0,0.8342,0.9833,0.897,1.0,0.6685,1
ACC_002974,RING_00179,29,28,28,0,2,0.4143,1.0,0.74,29.0,1.0,0.8342,0.9833,0.897,1.0,0.6685,1
ACC_002975,RING_00179,29,28,28,0,0,0.4,1.0,0.74,29.0,1.0,0.8342,0.9833,0.897,1.0,0.6685,1
ACC_002976,RING_00179,29,28,28,0,2,0.4143,1.0,0.74,29.0,1.0,0.8342,0.9833,0.897,1.0,0.6685,1
ACC_002977,RING_00179,29,28,28,0,2,0.4143,1.0,0.74,29.0,1.0,0.8342,0.9833,0.897,1.0,0.6685,1
ACC_002978,RING_00179,29,28,28,0,1,0.4071,1.0,0.74,29.0,1.0,0.8342,0.9833,0.897,1.0,0.6685,1
ACC_002979,RING_00179,29,28,28,0,2,0.4143,1.0,0.74,29.0,1.0,0.8342,0.9833,0.897,1.0,0.6685,1
ACC_002980,RING_00179,29,28,28,0,2,0.4143,1.0,0.74,29.0,1.0,0.8342,0.9833,0.897,1.0,0.6685,1
ACC_002981,RING_00179,29,28,28,0,2,0.4143,1.0,0.74,29.0,1.0,0.8342,0.9833,0.897,1.0,0.6685,1
ACC_002982,RING_00179,29,28,28,0,2,0.4143,1.0,0.74,29.0,1.0,0.8342,0.9833,0.897,1.0,0.6685,1
ACC_002983,RING_00179,29,28,28,0,2,0.4143,1.0,0.74,29.0,1.0,0.8342,0.9833,0.897,1.0,0.6685,1
ACC_002984,RING_00179,29,28,28,0,2,0.4143,1.0,0.74,29.0,1.0,0.8342,0.9833,0.897,1.0,0.6685,1
ACC_002985,RING_00179,29,28,28,0,2,0.4143,1.0,0.74,29.0,1.0,0.8342,0.9833,0.897,1.0,0.6685,1
ACC_002986,RING_00179,29,28,28,0,2,0.4143,1.0,0.74,29.0,1.0,0.8342,0.9833,0.897,1.0,0.6685,1
ACC_002987,RING_00179,29,28,28,0,2,0.4143,1.0,0.74,29.0,1.0,0.8342,0.9833,0.897,1.0,0.6685,1
ACC_002988,RING_00179,29,28,28,0,2,0.4143,1.0,0.74,29.0,1.0,0.8342,0.9833,0.897,1.0,0.6685,1
ACC_002989,RING_00179,29,28,28,0,2,0.4143,1.0,0.74,29.0,1.0,0.8342,0.9833,0.897,1.0,0.6685,1
ACC_002990,RING_00179,29,28,28,0,2,0.4143,1.0,0.74,29.0,1.0,0.8342,0.9833,0.897,1.0,0.6685,1
ACC_002991,RING_00179,29,28,28,0,2,0.4143,1.0,0.74,29.0,1.0,0.8342,0.9833,0.897,1.0,0.6685,1
ACC_002992,RING_00179,29,28,28,0,2,0.4143,1.0,0.74,29.0,1.0,0.8342,0.9833,0.897,1.0,0.6685,1
ACC_002993,RING_00179,29,28,28,0,2,0.4143,1.0,0.74,29.0,1.0,0.8342,0.9833,0.897,1.0,0.6685,1
ACC_002994,RING_00179,29,28,28,0,2,0.4143,1.0,0.74,29.0,1.0,0.8342,0.9833,0.897,1.0,0.6685,1
ACC_002995,RING_00179,29,28,28,0,1,0.4071,1.0,0.74,29.0,1.0,0.8342,0.9833,0.897,1.0,0.6685,1
ACC_002996,RING_00179,29,28,28,0,2,0.4143,1.0,0.74,29.0,1.0,0.8342,0.9833,0.897,1.0,0.6685,1
ACC_002997,RING_00179,29,28,28,0,1,0.4071,1.0,0.74,29.0,1.0,0.8342,0.9833,0.897,1.0,0.6685,1
ACC_002998,RING_00179,29,28,28,0,1,0.4071,1.0,0.74,29.0,1.0,0.8342,0.9833,0.897,1.0,0.6685,1
ACC_002999,RING_00179,29,28,28,0,2,0.4143,1.0,0.74,29.0,1.0,0.8342,0.9833,0.897,1.0,0.6685,1
ACC_003000,RING_00179,29,28,28,0,1,0.4071,1.0,0.74,29.0,1.0,0.8342,0.9833,0.897,1.0,0.6685,1
ACC_003001,RING_00180,15,14,0,0,0,0.3,1.0,6569.09,15.0,1.0,0.826,0.0064,0.0406,0.9471,0.7048,0
ACC_003002,RING_00180,15,14,0,0,0,0.3,1.0,6569.09,15.0,1.0,0.826,0.0064,0.0406,0.9471,0.7048,0
ACC_003003,RING_00180,15,14,0,0,0,0.3,1.0,6569.09,15.0,1.0,0.826,0.0064,0.0406,0.9471,0.7048,0
ACC_003004,RING_00180,15,14,0,0,0,0.3,1.0,6569.09,15.0,1.0,0.826,0.0064,0.0406,0.9471,0.7048,0
ACC_003005,RING_00180,15,14,0,0,0,0.3,1.0,6569.09,15.0,1.0,0.826,0.0064,0.0406,0.9471,0.7048,0
ACC_003006,RING_00180,15,14,0,0,0,0.3,1.0,6569.09,15.0,1.0,0.826,0.0064,0.0406,0.9471,0.7048,0
ACC_003007,RING_00180,15,14,0,0,0,0.3,1.0,6569.09,15.0,1.0,0.826,0.0064,0.0406,0.9471,0.7048,0
ACC_003008,RING_00180,15,14,0,0,0,0.3,1.0,6569.09,15.0,1.0,0.826,0.0064,0.0406,0.9471,0.7048,0
ACC_003009,RING_00180,15,14,0,0,0,0.3,1.0,6569.09,15.0,1.0,0.826,0.0064,0.0406,0.9471,0.7048,0
ACC_003010,RING_00180,15,14,0,0,0,0.3,1.0,6569.09,15.0,1.0,0.826,0.0064,0.0406,0.9471,0.7048,0
ACC_003011,RING_00180,15,14,0,0,0,0.3,1.0,6569.09,15.0,1.0,0.826,0.0064,0.0406,0.9471,0.7048,0
ACC_003012,RING_00180,15,14,0,0,0,0.3,1.0,6569.09,15.0,1.0,0.826,0.0064,0.0406,0.9471,0.7048,0
ACC_003013,RING_00180,15,14,0,0,0,0.3,1.0,6569.09,15.0,1.0,0.826,0.0064,0.0406,0.9471,0.7048,0
ACC_003014,RING_00180,15,14,0,0,0,0.3,1.0,6569.09,15.0,1.0,0.826,0.0064,0.0406,0.9471,0.7048,0
ACC_003015,RING_00180,15,14,0,0,0,0.3,1.0,6569.09,15.0,1.0,0.826,0.0064,0.0406,0.9471,0.7048,0
ACC_003016,RING_00181,21,0,0,0,20,0.2,1.0,8370.06,1.0,1.0,0.7818,0.004,0.0465,0.9259,0.6378,0
ACC_003017,RING_00181,21,0,0,0,20,0.2,1.0,8370.06,1.0,1.0,0.7818,0.004,0.0465,0.9259,0.6378,0
ACC_003018,RING_00181,21,0,0,0,20,0.2,1.0,8370.06,1.0,1.0,0.7818,0.004,0.0465,0.9259,0.6378,0
ACC_003019,RING_00181,21,0,0,0,20,0.2,1.0,8370.06,1.0,1.0,0.7818,0.004,0.0465,0.9259,0.6378,0
ACC_003020,RING_00181,21,0,0,0,20,0.2,1.0,8370.06,1.0,1.0,0.7818,0.004,0.0465,0.9259,0.6378,0
ACC_003021,RING_00181,21,0,0,0,20,0.2,1.0,8370.06,1.0,1.0,0.7818,0.004,0.0465,0.9259,0.6378,0
ACC_003022,RING_00181,21,0,0,0,20,0.2,1.0,8370.06,1.0,1.0,0.7818,0.004,0.0465,0.9259,0.6378,0
ACC_003023,RING_00181,21,0,0,0,20,0.2,1.0,8370.06,1.0,1.0,0.7818,0.004,0.0465,0.9259,0.6378,0
ACC_003024,RING_00181,21,0,0,0,20,0.2,1.0,8370.06,1.0,1.0,0.7818,0.004,0.0465,0.9259,0.6378,0
ACC_003025,RING_00181,21,0,0,0,20,0.2,1.0,8370.06,1.0,1.0,0.7818,0.004,0.0465,0.9259,0.6378,0
ACC_003026,RING_00181,21,0,0,0,20,0.2,1.0,8370.06,1.0,1.0,0.7818,0.004,0.0465,0.9259,0.6378,0
ACC_003027,RING_00181,21,0,0,0,20,0.2,1.0,8370.06,1.0,1.0,0.7818,0.004,0.0465,0.9259,0.6378,0
ACC_003028,RING_00181,21,0,0,0,20,0.2,1.0,8370.06,1.0,1.0,0.7818,0.004,0.0465,0.9259,0.6378,0
ACC_003029,RING_00181,21,0,0,0,20,0.2,1.0,8370.06,1.0,1.0,0.7818,0.004,0.0465,0.9259,0.6378,0
ACC_003030,RING_00181,21,0,0,0,20,0.2,1.0,8370.06,1.0,1.0,0.7818,0.004,0.0465,0.9259,0.6378,0
ACC_003031,RING_00181,21,0,0,0,20,0.2,1.0,8370.06,1.0,1.0,0.7818,0.004,0.0465,0.9259,0.6378,0
ACC_003032,RING_00181,21,0,0,0,20,0.2,1.0,8370.06,1.0,1.0,0.7818,0.004,0.0465,0.9259,0.6378,0
ACC_003033,RING_00181,21,0,0,0,20,0.2,1.0,8370.06,1.0,1.0,0.7818,0.004,0.0465,0.9259,0.6378,0
ACC_003034,RING_00181,21,0,0,0,20,0.2,1.0,8370.06,1.0,1.0,0.7818,0.004,0.0465,0.9259,0.6378,0
ACC_003035,RING_00181,21,0,0,0,20,0.2,1.0,8370.06,1.0,1.0,0.7818,0.004,0.0465,0.9259,0.6378,0
ACC_003036,RING_00181,21,0,0,0,20,0.2,1.0,8370.06,1.0,1.0,0.7818,0.004,0.0465,0.9259,0.6378,0
ACC_003037,RING_00182,1,0,0,0,0,0.0,0.0,0.0,1.0,1.0,1.0,0.1071,0.0625,1.0,1.0,0
ACC_003038,RING_00183,9,0,0,8,0,0.4,1.0,8366.33,0.1111,9.0,0.8116,0.0037,0.031,0.9185,0.7047,0
ACC_003039,RING_00183,9,0,0,8,0,0.4,1.0,8366.33,0.1111,9.0,0.8116,0.0037,0.031,0.9185,0.7047,0
ACC_003040,RING_00183,9,0,0,8,0,0.4,1.0,8366.33,0.1111,9.0,0.8116,0.0037,0.031,0.9185,0.7047,0
ACC_003041,RING_00183,9,0,0,8,0,0.4,1.0,8366.33,0.1111,9.0,0.8116,0.0037,0.031,0.9185,0.7047,0
ACC_003042,RING_00183,9,0,0,8,0,0.4,1.0,8366.33,0.1111,9.0,0.8116,0.0037,0.031,0.9185,0.7047,0
ACC_003043,RING_00183,9,0,0,8,0,0.4,1.0,8366.33,0.1111,9.0,0.8116,0.0037,0.031,0.9185,0.7047,0
ACC_003044,RING_00183,9,0,0,8,0,0.4,1.0,8366.33,0.1111,9.0,0.8116,0.0037,0.031,0.9185,0.7047,0
ACC_003045,RING_00183,9,0,0,8,0,0.4,1.0,8366.33,0.1111,9.0,0.8116,0.0037,0.031,0.9185,0.7047,0
ACC_003046,RING_00183,9,0,0,8,0,0.4,1.0,8366.33,0.1111,9.0,0.8116,0.0037,0.031,0.9185,0.7047,0
ACC_003047,RING_00184,26,0,25,0,0,0.1,1.0,6796.87,1.0,1.0,0.781,0.0056,0.047,0.9289,0.6331,0
ACC_003048,RING_00184,26,0,25,0,0,0.1,1.0,6796.87,1.0,1.0,0.781,0.0056,0.047,0.9289,0.6331,0
ACC_003049,RING_00184,26,0,25,0,0,0.1,1.0,6796.87,1.0,1.0,0.781,0.0056,0.047,0.9289,0.6331,0
ACC_003050,RING_00184,26,0,25,0,0,0.1,1.0,6796.87,1.0,1.0,0.781,0.0056,0.047,0.9289,0.6331,0
ACC_003051,RING_00184,26,0,25,0,0,0.1,1.0,6796.87,1.0,1.0,0.781,0.0056,0.047,0.9289,0.6331,0
ACC_003052,RING_00184,26,0,25,0,0,0.1,1.0,6796.87,1.0,1.0,0.781,0.0056,0.047,0.9289,0.6331,0
ACC_003053,RING_00184,26,0,25,0,0,0.1,1.0,6796.87,1.0,1.0,0.781,0.0056,0.047,0.9289,0.6331,0
ACC_003054,RING_00184,26,0,25,0,0,0.1,1.0,6796.87,1.0,1.0,0.781,0.0056,0.047,0.9289,0.6331,0
ACC_003055,RING_00184,26,0,25,0,0,0.1,1.0,6796.87,1.0,1.0,0.781,0.0056,0.047,0.9289,0.6331,0
ACC_003056,RING_00184,26,0,25,0,0,0.1,1.0,6796.87,1.0,1.0,0.781,0.0056,0.047,0.9289,0.6331,0
ACC_003057,RING_00184,26,0,25,0,0,0.1,1.0,6796.87,1.0,1.0,0.781,0.0056,0.047,0.9289,0.6331,0
ACC_003058,RING_00184,26,0,25,0,0,0.1,1.0,6796.87,1.0,1.0,0.781,0.0056,0.047,0.9289,0.6331,0
ACC_003059,RING_00184,26,0,25,0,0,0.1,1.0,6796.87,1.0,1.0,0.781,0.0056,0.047,0.9289,0.6331,0
ACC_003060,RING_00184,26,0,25,0,0,0.1,1.0,6796.87,1.0,1.0,0.781,0.0056,0.047,0.9289,0.6331,0
ACC_003061,RING_00184,26,0,25,0,0,0.1,1.0,6796.87,1.0,1.0,0.781,0.0056,0.047,0.9289,0.6331,0
ACC_003062,RING_00184,26,0,25,0,0,0.1,1.0,6796.87,1.0,1.0,0.781,0.0056,0.047,0.9289,0.6331,0
ACC_003063,RING_00184,26,0,25,0,0,0.1,1.0,6796.87,1.0,1.0,0.781,0.0056,0.047,0.9289,0.6331,0
ACC_003064,RING_00184,26,0,25,0,0,0.1,1.0,6796.87,1.0,1.0,0.781,0.0056,0.047,0.9289,0.6331,0
ACC_003065,RING_00184,26,0,25,0,0,0.1,1.0,6796.87,1.0,1.0,0.781,0.0056,0.047,0.9289,0.6331,0
ACC_003066,RING_00184,26,0,25,0,0,0.1,1.0,6796.87,1.0,1.0,0.781,0.0056,0.047,0.9289,0.6331,0
ACC_003067,RING_00184,26,0,25,0,0,0.1,1.0,6796.87,1.0,1.0,0.781,0.0056,0.047,0.9289,0.6331,0
ACC_003068,RING_00184,26,0,25,0,0,0.1,1.0,6796.87,1.0,1.0,0.781,0.0056,0.047,0.9289,0.6331,0
ACC_003069,RING_00184,26,0,25,0,0,0.1,1.0,6796.87,1.0,1.0,0.781,0.0056,0.047,0.9289,0.6331,0
ACC_003070,RING_00184,26,0,25,0,0,0.1,1.0,6796.87,1.0,1.0,0.781,0.0056,0.047,0.9289,0.6331,0
ACC_003071,RING_00184,26,0,25,0,0,0.1,1.0,6796.87,1.0,1.0,0.781,0.0056,0.047,0.9289,0.6331,0
ACC_003072,RING_00184,26,0,25,0,0,0.1,1.0,6796.87,1.0,1.0,0.781,0.0056,0.047,0.9289,0.6331,0
ACC_003073,RING_00185,1,0,0,0,0,0.0,0.0,0.0,1.0,1.0,1.0,0.1071,0.0391,1.0,1.0,0
ACC_003074,RING_00186,16,15,4,0,15,0.5267,1.0,1.65,16.0,1.0,0.7475,0.9638,0.8502,0.6827,0.8123,1
ACC_003075,RING_00186,16,15,5,0,15,0.5333,1.0,1.65,16.0,1.0,0.7475,0.9638,0.8502,0.6827,0.8123,1
ACC_003076,RING_00186,16,15,1,0,15,0.5067,1.0,1.65,16.0,1.0,0.7475,0.9638,0.8502,0.6827,0.8123,1
ACC_003077,RING_00186,16,15,4,0,15,0.5267,1.0,1.65,16.0,1.0,0.7475,0.9638,0.8502,0.6827,0.8123,1
ACC_003078,RING_00186,16,15,5,0,15,0.5333,1.0,1.65,16.0,1.0,0.7475,0.9638,0.8502,0.6827,0.8123,1
ACC_003079,RING_00186,16,15,5,0,15,0.5333,1.0,1.65,16.0,1.0,0.7475,0.9638,0.8502,0.6827,0.8123,1
ACC_003080,RING_00186,16,15,5,0,15,0.5333,1.0,1.65,16.0,1.0,0.7475,0.9638,0.8502,0.6827,0.8123,1
ACC_003081,RING_00186,16,15,2,0,15,0.5133,1.0,1.65,16.0,1.0,0.7475,0.9638,0.8502,0.6827,0.8123,1
ACC_003082,RING_00186,16,15,5,0,15,0.5333,1.0,1.65,16.0,1.0,0.7475,0.9638,0.8502,0.6827,0.8123,1
ACC_003083,RING_00186,16,15,4,0,15,0.5267,1.0,1.65,16.0,1.0,0.7475,0.9638,0.8502,0.6827,0.8123,1
ACC_003084,RING_00186,16,15,5,0,15,0.5333,1.0,1.65,16.0,1.0,0.7475,0.9638,0.8502,0.6827,0.8123,1
ACC_003085,RING_00186,16,15,4,0,15,0.5267,1.0,1.65,16.0,1.0,0.7475,0.9638,0.8502,0.6827,0.8123,1
ACC_003086,RING_00186,16,15,1,0,15,0.5067,1.0,1.65,16.0,1.0,0.7475,0.9638,0.8502,0.6827,0.8123,1
ACC_003087,RING_00186,16,15,4,0,15,0.5267,1.0,1.65,16.0,1.0,0.7475,0.9638,0.8502,0.6827,0.8123,1
ACC_003088,RING_00186,16,15,2,0,15,0.5133,1.0,1.65,16.0,1.0,0.7475,0.9638,0.8502,0.6827,0.8123,1
ACC_003089,RING_00186,16,15,2,0,15,0.5133,1.0,1.65,16.0,1.0,0.7475,0.9638,0.8502,0.6827,0.8123,1
ACC_003090,RING_00187,10,9,0,0,0,0.3,1.0,5960.78,10.0,1.0,0.8432,0.0052,0.0549,1.0,0.6865,0
ACC_003091,RING_00187,10,9,0,0,0,0.3,1.0,5960.78,10.0,1.0,0.8432,0.0052,0.0549,1.0,0.6865,0
ACC_003092,RING_00187,10,9,0,0,0,0.3,1.0,5960.78,10.0,1.0,0.8432,0.0052,0.0549,1.0,0.6865,0
ACC_003093,RING_00187,10,9,0,0,0,0.3,1.0,5960.78,10.0,1.0,0.8432,0.0052,0.0549,1.0,0.6865,0
ACC_003094,RING_00187,10,9,0,0,0,0.3,1.0,5960.78,10.0,1.0,0.8432,0.0052,0.0549,1.0,0.6865,0
ACC_003095,RING_00187,10,9,0,0,0,0.3,1.0,5960.78,10.0,1.0,0.8432,0.0052,0.0549,1.0,0.6865,0
ACC_003096,RING_00187,10,9,0,0,0,0.3,1.0,5960.78,10.0,1.0,0.8432,0.0052,0.0549,1.0,0.6865,0
ACC_003097,RING_00187,10,9,0,0,0,0.3,1.0,5960.78,10.0,1.0,0.8432,0.0052,0.0549,1.0,0.6865,0
ACC_003098,RING_00187,10,9,0,0,0,0.3,1.0,5960.78,10.0,1.0,0.8432,0.0052,0.0549,1.0,0.6865,0
ACC_003099,RING_00187,10,9,0,0,0,0.3,1.0,5960.78,10.0,1.0,0.8432,0.0052,0.0549,1.0,0.6865,0
ACC_003100,RING_00188,14,0,0,0,13,0.2,1.0,410.59,1.0,1.0,0.8698,0.0719,0.7891,0.9213,0.8182,1
ACC_003101,RING_00188,14,0,0,0,13,0.2,1.0,410.59,1.0,1.0,0.8698,0.0719,0.7891,0.9213,0.8182,1
ACC_003102,RING_00188,14,0,0,0,13,0.2,1.0,410.59,1.0,1.0,0.8698,0.0719,0.7891,0.9213,0.8182,1
ACC_003103,RING_00188,14,0,0,0,13,0.2,1.0,410.59,1.0,1.0,0.8698,0.0719,0.7891,0.9213,0.8182,1
ACC_003104,RING_00188,14,0,0,0,13,0.2,1.0,410.59,1.0,1.0,0.8698,0.0719,0.7891,0.9213,0.8182,1
ACC_003105,RING_00188,14,0,0,0,13,0.2,1.0,410.59,1.0,1.0,0.8698,0.0719,0.7891,0.9213,0.8182,1
ACC_003106,RING_00188,14,0,0,0,13,0.2,1.0,410.59,1.0,1.0,0.8698,0.0719,0.7891,0.9213,0.8182,1
ACC_003107,RING_00188,14,0,0,0,13,0.2,1.0,410.59,1.0,1.0,0.8698,0.0719,0.7891,0.9213,0.8182,1
ACC_003108,RING_00188,14,0,0,0,13,0.2,1.0,410.59,1.0,1.0,0.8698,0.0719,0.7891,0.9213,0.8182,1
ACC_003109,RING_00188,14,0,0,0,13,0.2,1.0,410.59,1.0,1.0,0.8698,0.0719,0.7891,0.9213,0.8182,1
ACC_003110,RING_00188,14,0,0,0,13,0.2,1.0,410.59,1.0,1.0,0.8698,0.0719,0.7891,0.9213,0.8182,1
ACC_003111,RING_00188,14,0,0,0,13,0.2,1.0,410.59,1.0,1.0,0.8698,0.0719,0.7891,0.9213,0.8182,1
ACC_003112,RING_00188,14,0,0,0,13,0.2,1.0,410.59,1.0,1.0,0.8698,0.0719,0.7891,0.9213,0.8182,1
ACC_003113,RING_00188,14,0,0,0,13,0.2,1.0,410.59,1.0,1.0,0.8698,0.0719,0.7891,0.9213,0.8182,1
ACC_003114,RING_00189,4,0,0,3,3,0.6,1.0,4795.68,0.25,4.0,0.9461,0.0069,0.0284,0.9081,0.9841,0
ACC_003115,RING_00189,4,0,0,3,3,0.6,1.0,4795.68,0.25,4.0,0.9461,0.0069,0.0284,0.9081,0.9841,0
ACC_003116,RING_00189,4,0,0,3,3,0.6,1.0,4795.68,0.25,4.0,0.9461,0.0069,0.0284,0.9081,0.9841,0
ACC_003117,RING_00189,4,0,0,3,3,0.6,1.0,4795.68,0.25,4.0,0.9461,0.0069,0.0284,0.9081,0.9841,0
ACC_003118,RING_00190,1,0,0,0,0,0.0,0.0,0.0,1.0,1.0,1.0,0.1071,0.028,1.0,1.0,0
ACC_003119,RING_00191,24,23,23,0,0,0.4,1.0,0.63,24.0,1.0,0.7862,0.9838,0.8859,1.0,0.5725,1
ACC_003120,RING_00191,24,23,23,0,1,0.4087,1.0,0.63,24.0,1.0,0.7862,0.9838,0.8859,1.0,0.5725,1
ACC_003121,RING_00191,24,23,23,0,2,0.4174,1.0,0.63,24.0,1.0,0.7862,0.9838,0.8859,1.0,0.5725,1
ACC_003122,RING_00191,24,23,23,0,0,0.4,1.0,0.63,24.0,1.0,0.7862,0.9838,0.8859,1.0,0.5725,1
ACC_003123,RING_00191,24,23,23,0,2,0.4174,1.0,0.63,24.0,1.0,0.7862,0.9838,0.8859,1.0,0.5725,1
ACC_003124,RING_00191,24,23,23,0,2,0.4174,1.0,0.63,24.0,1.0,0.7862,0.9838,0.8859,1.0,0.5725,1
ACC_003125,RING_00191,24,23,23,0,1,0.4087,1.0,0.63,24.0,1.0,0.7862,0.9838,0.8859,1.0,0.5725,1
ACC_003126,RING_00191,24,23,23,0,2,0.4174,1.0,0.63,24.0,1.0,0.7862,0.9838,0.8859,1.0,0.5725,1
ACC_003127,RING_00191,24,23,23,0,2,0.4174,1.0,0.63,24.0,1.0,0.7862,0.9838,0.8859,1.0,0.5725,1
ACC_003128,RING_00191,24,23,23,0,2,0.4174,1.0,0.63,24.0,1.0,0.7862,0.9838,0.8859,1.0,0.5725,1
ACC_003129,RING_00191,24,23,23,0,2,0.4174,1.0,0.63,24.0,1.0,0.7862,0.9838,0.8859,1.0,0.5725,1
ACC_003130,RING_00191,24,23,23,0,2,0.4174,1.0,0.63,24.0,1.0,0.7862,0.9838,0.8859,1.0,0.5725,1
ACC_003131,RING_00191,24,23,23,0,2,0.4174,1.0,0.63,24.0,1.0,0.7862,0.9838,0.8859,1.0,0.5725,1
ACC_003132,RING_00191,24,23,23,0,2,0.4174,1.0,0.63,24.0,1.0,0.7862,0.9838,0.8859,1.0,0.5725,1
ACC_003133,RING_00191,24,23,23,0,2,0.4174,1.0,0.63,24.0,1.0,0.7862,0.9838,0.8859,1.0,0.5725,1
ACC_003134,RING_00191,24,23,23,0,2,0.4174,1.0,0.63,24.0,1.0,0.7862,0.9838,0.8859,1.0,0.5725,1
ACC_003135,RING_00191,24,23,23,0,2,0.4174,1.0,0.63,24.0,1.0,0.7862,0.9838,0.8859,1.0,0.5725,1
ACC_003136,RING_00191,24,23,23,0,1,0.4087,1.0,0.63,24.0,1.0,0.7862,0.9838,0.8859,1.0,0.5725,1
ACC_003137,RING_00191,24,23,23,0,2,0.4174,1.0,0.63,24.0,1.0,0.7862,0.9838,0.8859,1.0,0.5725,1
ACC_003138,RING_00191,24,23,23,0,1,0.4087,1.0,0.63,24.0,1.0,0.7862,0.9838,0.8859,1.0,0.5725,1
ACC_003139,RING_00191,24,23,23,0,1,0.4087,1.0,0.63,24.0,1.0,0.7862,0.9838,0.8859,1.0,0.5725,1
ACC_003140,RING_00191,24,23,23,0,2,0.4174,1.0,0.63,24.0,1.0,0.7862,0.9838,0.8859,1.0,0.5725,1
ACC_003141,RING_00191,24,23,23,0,1,0.4087,1.0,0.63,24.0,1.0,0.7862,0.9838,0.8859,1.0,0.5725,1
ACC_003142,RING_00191,24,23,23,0,0,0.4,1.0,0.63,24.0,1.0,0.7862,0.9838,0.8859,1.0,0.5725,1
ACC_003143,RING_00192,10,9,9,9,9,1.0,1.0,0.33,1.0,10.0,0.9916,0.9916,0.7998,1.0,0.9831,1
ACC_003144,RING_00192,10,9,9,9,9,1.0,1.0,0.33,1.0,10.0,0.9916,0.9916,0.7998,1.0,0.9831,1
ACC_003145,RING_00192,10,9,9,9,9,1.0,1.0,0.33,1.0,10.0,0.9916,0.9916,0.7998,1.0,0.9831,1
ACC_003146,RING_00192,10,9,9,9,9,1.0,1.0,0.33,1.0,10.0,0.9916,0.9916,0.7998,1.0,0.9831,1
ACC_003147,RING_00192,10,9,9,9,9,1.0,1.0,0.33,1.0,10.0,0.9916,0.9916,0.7998,1.0,0.9831,1
ACC_003148,RING_00192,10,9,9,9,9,1.0,1.0,0.33,1.0,10.0,0.9916,0.9916,0.7998,1.0,0.9831,1
ACC_003149,RING_00192,10,9,9,9,9,1.0,1.0,0.33,1.0,10.0,0.9916,0.9916,0.7998,1.0,0.9831,1
ACC_003150,RING_00192,10,9,9,9,9,1.0,1.0,0.33,1.0,10.0,0.9916,0.9916,0.7998,1.0,0.9831,1
ACC_003151,RING_00192,10,9,9,9,9,1.0,1.0,0.33,1.0,10.0,0.9916,0.9916,0.7998,1.0,0.9831,1
ACC_003152,RING_00192,10,9,9,9,9,1.0,1.0,0.33,1.0,10.0,0.9916,0.9916,0.7998,1.0,0.9831,1
ACC_003153,RING_00193,24,0,0,23,0,0.4,1.0,7992.86,0.0417,24.0,0.8016,0.0049,0.0444,0.9142,0.6889,0
ACC_003154,RING_00193,24,0,0,23,0,0.4,1.0,7992.86,0.0417,24.0,0.8016,0.0049,0.0444,0.9142,0.6889,0
ACC_003155,RING_00193,24,0,0,23,0,0.4,1.0,7992.86,0.0417,24.0,0.8016,0.0049,0.0444,0.9142,0.6889,0
ACC_003156,RING_00193,24,0,0,23,0,0.4,1.0,7992.86,0.0417,24.0,0.8016,0.0049,0.0444,0.9142,0.6889,0
ACC_003157,RING_00193,24,0,0,23,0,0.4,1.0,7992.86,0.0417,24.0,0.8016,0.0049,0.0444,0.9142,0.6889,0
ACC_003158,RING_00193,24,0,0,23,0,0.4,1.0,7992.86,0.0417,24.0,0.8016,0.0049,0.0444,0.9142,0.6889,0
ACC_003159,RING_00193,24,0,0,23,0,0.4,1.0,7992.86,0.0417,24.0,0.8016,0.0049,0.0444,0.9142,0.6889,0
ACC_003160,RING_00193,24,0,0,23,0,0.4,1.0,7992.86,0.0417,24.0,0.8016,0.0049,0.0444,0.9142,0.6889,0
ACC_003161,RING_00193,24,0,0,23,0,0.4,1.0,7992.86,0.0417,24.0,0.8016,0.0049,0.0444,0.9142,0.6889,0
ACC_003162,RING_00193,24,0,0,23,0,0.4,1.0,7992.86,0.0417,24.0,0.8016,0.0049,0.0444,0.9142,0.6889,0
ACC_003163,RING_00193,24,0,0,23,0,0.4,1.0,7992.86,0.0417,24.0,0.8016,0.0049,0.0444,0.9142,0.6889,0
ACC_003164,RING_00193,24,0,0,23,0,0.4,1.0,7992.86,0.0417,24.0,0.8016,0.0049,0.0444,0.9142,0.6889,0
ACC_003165,RING_00193,24,0,0,23,0,0.4,1.0,7992.86,0.0417,24.0,0.8016,0.0049,0.0444,0.9142,0.6889,0
ACC_003166,RING_00193,24,0,0,23,0,0.4,1.0,7992.86,0.0417,24.0,0.8016,0.0049,0.0444,0.9142,0.6889,0
ACC_003167,RING_00193,24,0,0,23,0,0.4,1.0,7992.86,0.0417,24.0,0.8016,0.0049,0.0444,0.9142,0.6889,0
ACC_003168,RING_00193,24,0,0,23,0,0.4,1.0,7992.86,0.0417,24.0,0.8016,0.0049,0.0444,0.9142,0.6889,0
ACC_003169,RING_00193,24,0,0,23,0,0.4,1.0,7992.86,0.0417,24.0,0.8016,0.0049,0.0444,0.9142,0.6889,0
ACC_003170,RING_00193,24,0,0,23,0,0.4,1.0,7992.86,0.0417,24.0,0.8016,0.0049,0.0444,0.9142,0.6889,0
ACC_003171,RING_00193,24,0,0,23,0,0.4,1.0,7992.86,0.0417,24.0,0.8016,0.0049,0.0444,0.9142,0.6889,0
ACC_003172,RING_00193,24,0,0,23,0,0.4,1.0,7992.86,0.0417,24.0,0.8016,0.0049,0.0444,0.9142,0.6889,0
ACC_003173,RING_00193,24,0,0,23,0,0.4,1.0,7992.86,0.0417,24.0,0.8016,0.0049,0.0444,0.9142,0.6889,0
ACC_003174,RING_00193,24,0,0,23,0,0.4,1.0,7992.86,0.0417,24.0,0.8016,0.0049,0.0444,0.9142,0.6889,0
ACC_003175,RING_00193,24,0,0,23,0,0.4,1.0,7992.86,0.0417,24.0,0.8016,0.0049,0.0444,0.9142,0.6889,0
ACC_003176,RING_00193,24,0,0,23,0,0.4,1.0,7992.86,0.0417,24.0,0.8016,0.0049,0.0444,0.9142,0.6889,0
ACC_003177,RING_00194,1,0,0,0,0,0.0,0.0,0.0,1.0,1.0,1.0,0.1071,0.0596,1.0,1.0,0
ACC_003178,RING_00195,1,0,0,0,0,0.0,0.0,0.0,1.0,1.0,1.0,0.1071,0.026,1.0,1.0,0
ACC_003179,RING_00196,1,0,0,0,0,0.0,0.0,0.0,1.0,1.0,1.0,0.1071,0.0405,1.0,1.0,0
ACC_003180,RING_00197,40,0,39,0,0,0.1,1.0,7073.76,1.0,1.0,0.7845,0.0062,0.0475,0.9424,0.6266,0
ACC_003181,RING_00197,40,0,39,0,0,0.1,1.0,7073.76,1.0,1.0,0.7845,0.0062,0.0475,0.9424,0.6266,0
ACC_003182,RING_00197,40,0,39,0,0,0.1,1.0,7073.76,1.0,1.0,0.7845,0.0062,0.0475,0.9424,0.6266,0
ACC_003183,RING_00197,40,0,39,0,0,0.1,1.0,7073.76,1.0,1.0,0.7845,0.0062,0.0475,0.9424,0.6266,0
ACC_003184,RING_00197,40,0,39,0,0,0.1,1.0,7073.76,1.0,1.0,0.7845,0.0062,0.0475,0.9424,0.6266,0
ACC_003185,RING_00197,40,0,39,0,0,0.1,1.0,7073.76,1.0,1.0,0.7845,0.0062,0.0475,0.9424,0.6266,0
ACC_003186,RING_00197,40,0,39,0,0,0.1,1.0,7073.76,1.0,1.0,0.7845,0.0062,0.0475,0.9424,0.6266,0
ACC_003187,RING_00197,40,0,39,0,0,0.1,1.0,7073.76,1.0,1.0,0.7845,0.0062,0.0475,0.9424,0.6266,0
ACC_003188,RING_00197,40,0,39,0,0,0.1,1.0,7073.76,1.0,1.0,0.7845,0.0062,0.0475,0.9424,0.6266,0
ACC_003189,RING_00197,40,0,39,0,0,0.1,1.0,7073.76,1.0,1.0,0.7845,0.0062,0.0475,0.9424,0.6266,0
ACC_003190,RING_00197,40,0,39,0,0,0.1,1.0,7073.76,1.0,1.0,0.7845,0.0062,0.0475,0.9424,0.6266,0
ACC_003191,RING_00197,40,0,39,0,0,0.1,1.0,7073.76,1.0,1.0,0.7845,0.0062,0.0475,0.9424,0.6266,0
ACC_003192,RING_00197,40,0,39,0,0,0.1,1.0,7073.76,1.0,1.0,0.7845,0.0062,0.0475,0.9424,0.6266,0
ACC_003193,RING_00197,40,0,39,0,0,0.1,1.0,7073.76,1.0,1.0,0.7845,0.0062,0.0475,0.9424,0.6266,0
ACC_003194,RING_00197,40,0,39,0,0,0.1,1.0,7073.76,1.0,1.0,0.7845,0.0062,0.0475,0.9424,0.6266,0
ACC_003195,RING_00197,40,0,39,0,0,0.1,1.0,7073.76,1.0,1.0,0.7845,0.0062,0.0475,0.9424,0.6266,0
ACC_003196,RING_00197,40,0,39,0,0,0.1,1.0,7073.76,1.0,1.0,0.7845,0.0062,0.0475,0.9424,0.6266,0
ACC_003197,RING_00197,40,0,39,0,0,0.1,1.0,7073.76,1.0,1.0,0.7845,0.0062,0.0475,0.9424,0.6266,0
ACC_003198,RING_00197,40,0,39,0,0,0.1,1.0,7073.76,1.0,1.0,0.7845,0.0062,0.0475,0.9424,0.6266,0
ACC_003199,RING_00197,40,0,39,0,0,0.1,1.0,7073.76,1.0,1.0,0.7845,0.0062,0.0475,0.9424,0.6266,0
ACC_003200,RING_00197,40,0,39,0,0,0.1,1.0,7073.76,1.0,1.0,0.7845,0.0062,0.0475,0.9424,0.6266,0
ACC_003201,RING_00197,40,0,39,0,0,0.1,1.0,7073.76,1.0,1.0,0.7845,0.0062,0.0475,0.9424,0.6266,0
ACC_003202,RING_00197,40,0,39,0,0,0.1,1.0,7073.76,1.0,1.0,0.7845,0.0062,0.0475,0.9424,0.6266,0
ACC_003203,RING_00197,40,0,39,0,0,0.1,1.0,7073.76,1.0,1.0,0.7845,0.0062,0.0475,0.9424,0.6266,0
ACC_003204,RING_00197,40,0,39,0,0,0.1,1.0,7073.76,1.0,1.0,0.7845,0.0062,0.0475,0.9424,0.6266,0
ACC_003205,RING_00197,40,0,39,0,0,0.1,1.0,7073.76,1.0,1.0,0.7845,0.0062,0.0475,0.9424,0.6266,0
ACC_003206,RING_00197,40,0,39,0,0,0.1,1.0,7073.76,1.0,1.0,0.7845,0.0062,0.0475,0.9424,0.6266,0
ACC_003207,RING_00197,40,0,39,0,0,0.1,1.0,7073.76,1.0,1.0,0.7845,0.0062,0.0475,0.9424,0.6266,0
ACC_003208,RING_00197,40,0,39,0,0,0.1,1.0,7073.76,1.0,1.0,0.7845,0.0062,0.0475,0.9424,0.6266,0
ACC_003209,RING_00197,40,0,39,0,0,0.1,1.0,7073.76,1.0,1.0,0.7845,0.0062,0.0475,0.9424,0.6266,0
ACC_003210,RING_00197,40,0,39,0,0,0.1,1.0,7073.76,1.0,1.0,0.7845,0.0062,0.0475,0.9424,0.6266,0
ACC_003211,RING_00197,40,0,39,0,0,0.1,1.0,7073.76,1.0,1.0,0.7845,0.0062,0.0475,0.9424,0.6266,0
ACC_003212,RING_00197,40,0,39,0,0,0.1,1.0,7073.76,1.0,1.0,0.7845,0.0062,0.0475,0.9424,0.6266,0
ACC_003213,RING_00197,40,0,39,0,0,0.1,1.0,7073.76,1.0,1.0,0.7845,0.0062,0.0475,0.9424,0.6266,0
ACC_003214,RING_00197,40,0,39,0,0,0.1,1.0,7073.76,1.0,1.0,0.7845,0.0062,0.0475,0.9424,0.6266,0
ACC_003215,RING_00197,40,0,39,0,0,0.1,1.0,7073.76,1.0,1.0,0.7845,0.0062,0.0475,0.9424,0.6266,0
ACC_003216,RING_00197,40,0,39,0,0,0.1,1.0,7073.76,1.0,1.0,0.7845,0.0062,0.0475,0.9424,0.6266,0
ACC_003217,RING_00197,40,0,39,0,0,0.1,1.0,7073.76,1.0,1.0,0.7845,0.0062,0.0475,0.9424,0.6266,0
ACC_003218,RING_00197,40,0,39,0,0,0.1,1.0,7073.76,1.0,1.0,0.7845,0.0062,0.0475,0.9424,0.6266,0
ACC_003219,RING_00197,40,0,39,0,0,0.1,1.0,7073.76,1.0,1.0,0.7845,0.0062,0.0475,0.9424,0.6266,0
ACC_003220,RING_00198,62,0,61,0,0,0.1,1.0,8493.47,1.0,1.0,0.7928,0.0046,0.0493,0.9032,0.6823,0
ACC_003221,RING_00198,62,0,61,0,0,0.1,1.0,8493.47,1.0,1.0,0.7928,0.0046,0.0493,0.9032,0.6823,0
ACC_003222,RING_00198,62,0,61,0,0,0.1,1.0,8493.47,1.0,1.0,0.7928,0.0046,0.0493,0.9032,0.6823,0
ACC_003223,RING_00198,62,0,61,0,0,0.1,1.0,8493.47,1.0,1.0,0.7928,0.0046,0.0493,0.9032,0.6823,0
ACC_003224,RING_00198,62,0,61,0,0,0.1,1.0,8493.47,1.0,1.0,0.7928,0.0046,0.0493,0.9032,0.6823,0
ACC_003225,RING_00198,62,0,61,0,0,0.1,1.0,8493.47,1.0,1.0,0.7928,0.0046,0.0493,0.9032,0.6823,0
ACC_003226,RING_00198,62,0,61,0,0,0.1,1.0,8493.47,1.0,1.0,0.7928,0.0046,0.0493,0.9032,0.6823,0
ACC_003227,RING_00198,62,0,61,0,0,0.1,1.0,8493.47,1.0,1.0,0.7928,0.0046,0.0493,0.9032,0.6823,0
ACC_003228,RING_00198,62,0,61,0,0,0.1,1.0,8493.47,1.0,1.0,0.7928,0.0046,0.0493,0.9032,0.6823,0
ACC_003229,RING_00198,62,0,61,0,0,0.1,1.0,8493.47,1.0,1.0,0.7928,0.0046,0.0493,0.9032,0.6823,0
ACC_003230,RING_00198,62,0,61,0,0,0.1,1.0,8493.47,1.0,1.0,0.7928,0.0046,0.0493,0.9032,0.6823,0
ACC_003231,RING_00198,62,0,61,0,0,0.1,1.0,8493.47,1.0,1.0,0.7928,0.0046,0.0493,0.9032,0.6823,0
ACC_003232,RING_00198,62,0,61,0,0,0.1,1.0,8493.47,1.0,1.0,0.7928,0.0046,0.0493,0.9032,0.6823,0
ACC_003233,RING_00198,62,0,61,0,0,0.1,1.0,8493.47,1.0,1.0,0.7928,0.0046,0.0493,0.9032,0.6823,0
ACC_003234,RING_00198,62,0,61,0,0,0.1,1.0,8493.47,1.0,1.0,0.7928,0.0046,0.0493,0.9032,0.6823,0
ACC_003235,RING_00198,62,0,61,0,0,0.1,1.0,8493.47,1.0,1.0,0.7928,0.0046,0.0493,0.9032,0.6823,0
ACC_003236,RING_00198,62,0,61,0,0,0.1,1.0,8493.47,1.0,1.0,0.7928,0.0046,0.0493,0.9032,0.6823,0
ACC_003237,RING_00198,62,0,61,0,0,0.1,1.0,8493.47,1.0,1.0,0.7928,0.0046,0.0493,0.9032,0.6823,0
ACC_003238,RING_00198,62,0,61,0,0,0.1,1.0,8493.47,1.0,1.0,0.7928,0.0046,0.0493,0.9032,0.6823,0
ACC_003239,RING_00198,62,0,61,0,0,0.1,1.0,8493.47,1.0,1.0,0.7928,0.0046,0.0493,0.9032,0.6823,0
ACC_003240,RING_00198,62,0,61,0,0,0.1,1.0,8493.47,1.0,1.0,0.7928,0.0046,0.0493,0.9032,0.6823,0
ACC_003241,RING_00198,62,0,61,0,0,0.1,1.0,8493.47,1.0,1.0,0.7928,0.0046,0.0493,0.9032,0.6823,0
ACC_003242,RING_00198,62,0,61,0,0,0.1,1.0,8493.47,1.0,1.0,0.7928,0.0046,0.0493,0.9032,0.6823,0
ACC_003243,RING_00198,62,0,61,0,0,0.1,1.0,8493.47,1.0,1.0,0.7928,0.0046,0.0493,0.9032,0.6823,0
ACC_003244,RING_00198,62,0,61,0,0,0.1,1.0,8493.47,1.0,1.0,0.7928,0.0046,0.0493,0.9032,0.6823,0
ACC_003245,RING_00198,62,0,61,0,0,0.1,1.0,8493.47,1.0,1.0,0.7928,0.0046,0.0493,0.9032,0.6823,0
ACC_003246,RING_00198,62,0,61,0,0,0.1,1.0,8493.47,1.0,1.0,0.7928,0.0046,0.0493,0.9032,0.6823,0
ACC_003247,RING_00198,62,0,61,0,0,0.1,1.0,8493.47,1.0,1.0,0.7928,0.0046,0.0493,0.9032,0.6823,0
ACC_003248,RING_00198,62,0,61,0,0,0.1,1.0,8493.47,1.0,1.0,0.7928,0.0046,0.0493,0.9032,0.6823,0
ACC_003249,RING_00198,62,0,61,0,0,0.1,1.0,8493.47,1.0,1.0,0.7928,0.0046,0.0493,0.9032,0.6823,0
ACC_003250,RING_00198,62,0,61,0,0,0.1,1.0,8493.47,1.0,1.0,0.7928,0.0046,0.0493,0.9032,0.6823,0
ACC_003251,RING_00198,62,0,61,0,0,0.1,1.0,8493.47,1.0,1.0,0.7928,0.0046,0.0493,0.9032,0.6823,0
ACC_003252,RING_00198,62,0,61,0,0,0.1,1.0,8493.47,1.0,1.0,0.7928,0.0046,0.0493,0.9032,0.6823,0
ACC_003253,RING_00198,62,0,61,0,0,0.1,1.0,8493.47,1.0,1.0,0.7928,0.0046,0.0493,0.9032,0.6823,0
ACC_003254,RING_00198,62,0,61,0,0,0.1,1.0,8493.47,1.0,1.0,0.7928,0.0046,0.0493,0.9032,0.6823,0
ACC_003255,RING_00198,62,0,61,0,0,0.1,1.0,8493.47,1.0,1.0,0.7928,0.0046,0.0493,0.9032,0.6823,0
ACC_003256,RING_00198,62,0,61,0,0,0.1,1.0,8493.47,1.0,1.0,0.7928,0.0046,0.0493,0.9032,0.6823,0
ACC_003257,RING_00198,62,0,61,0,0,0.1,1.0,8493.47,1.0,1.0,0.7928,0.0046,0.0493,0.9032,0.6823,0
ACC_003258,RING_00198,62,0,61,0,0,0.1,1.0,8493.47,1.0,1.0,0.7928,0.0046,0.0493,0.9032,0.6823,0
ACC_003259,RING_00198,62,0,61,0,0,0.1,1.0,8493.47,1.0,1.0,0.7928,0.0046,0.0493,0.9032,0.6823,0
ACC_003260,RING_00198,62,0,61,0,0,0.1,1.0,8493.47,1.0,1.0,0.7928,0.0046,0.0493,0.9032,0.6823,0
ACC_003261,RING_00198,62,0,61,0,0,0.1,1.0,8493.47,1.0,1.0,0.7928,0.0046,0.0493,0.9032,0.6823,0
ACC_003262,RING_00198,62,0,61,0,0,0.1,1.0,8493.47,1.0,1.0,0.7928,0.0046,0.0493,0.9032,0.6823,0
ACC_003263,RING_00198,62,0,61,0,0,0.1,1.0,8493.47,1.0,1.0,0.7928,0.0046,0.0493,0.9032,0.6823,0
ACC_003264,RING_00198,62,0,61,0,0,0.1,1.0,8493.47,1.0,1.0,0.7928,0.0046,0.0493,0.9032,0.6823,0
ACC_003265,RING_00198,62,0,61,0,0,0.1,1.0,8493.47,1.0,1.0,0.7928,0.0046,0.0493,0.9032,0.6823,0
ACC_003266,RING_00198,62,0,61,0,0,0.1,1.0,8493.47,1.0,1.0,0.7928,0.0046,0.0493,0.9032,0.6823,0
ACC_003267,RING_00198,62,0,61,0,0,0.1,1.0,8493.47,1.0,1.0,0.7928,0.0046,0.0493,0.9032,0.6823,0
ACC_003268,RING_00198,62,0,61,0,0,0.1,1.0,8493.47,1.0,1.0,0.7928,0.0046,0.0493,0.9032,0.6823,0
ACC_003269,RING_00198,62,0,61,0,0,0.1,1.0,8493.47,1.0,1.0,0.7928,0.0046,0.0493,0.9032,0.6823,0
ACC_003270,RING_00198,62,0,61,0,0,0.1,1.0,8493.47,1.0,1.0,0.7928,0.0046,0.0493,0.9032,0.6823,0
ACC_003271,RING_00198,62,0,61,0,0,0.1,1.0,8493.47,1.0,1.0,0.7928,0.0046,0.0493,0.9032,0.6823,0
ACC_003272,RING_00198,62,0,61,0,0,0.1,1.0,8493.47,1.0,1.0,0.7928,0.0046,0.0493,0.9032,0.6823,0
ACC_003273,RING_00198,62,0,61,0,0,0.1,1.0,8493.47,1.0,1.0,0.7928,0.0046,0.0493,0.9032,0.6823,0
ACC_003274,RING_00198,62,0,61,0,0,0.1,1.0,8493.47,1.0,1.0,0.7928,0.0046,0.0493,0.9032,0.6823,0
ACC_003275,RING_00198,62,0,61,0,0,0.1,1.0,8493.47,1.0,1.0,0.7928,0.0046,0.0493,0.9032,0.6823,0
ACC_003276,RING_00198,62,0,61,0,0,0.1,1.0,8493.47,1.0,1.0,0.7928,0.0046,0.0493,0.9032,0.6823,0
ACC_003277,RING_00198,62,0,61,0,0,0.1,1.0,8493.47,1.0,1.0,0.7928,0.0046,0.0493,0.9032,0.6823,0
ACC_003278,RING_00198,62,0,61,0,0,0.1,1.0,8493.47,1.0,1.0,0.7928,0.0046,0.0493,0.9032,0.6823,0
ACC_003279,RING_00198,62,0,61,0,0,0.1,1.0,8493.47,1.0,1.0,0.7928,0.0046,0.0493,0.9032,0.6823,0
ACC_003280,RING_00198,62,0,61,0,0,0.1,1.0,8493.47,1.0,1.0,0.7928,0.0046,0.0493,0.9032,0.6823,0
ACC_003281,RING_00198,62,0,61,0,0,0.1,1.0,8493.47,1.0,1.0,0.7928,0.0046,0.0493,0.9032,0.6823,0
ACC_003282,RING_00199,15,14,0,0,0,0.3,1.0,7141.55,15.0,1.0,0.8396,0.0049,0.0522,0.9324,0.7467,0
ACC_003283,RING_00199,15,14,0,0,0,0.3,1.0,7141.55,15.0,1.0,0.8396,0.0049,0.0522,0.9324,0.7467,0
ACC_003284,RING_00199,15,14,0,0,0,0.3,1.0,7141.55,15.0,1.0,0.8396,0.0049,0.0522,0.9324,0.7467,0
ACC_003285,RING_00199,15,14,0,0,0,0.3,1.0,7141.55,15.0,1.0,0.8396,0.0049,0.0522,0.9324,0.7467,0
ACC_003286,RING_00199,15,14,0,0,0,0.3,1.0,7141.55,15.0,1.0,0.8396,0.0049,0.0522,0.9324,0.7467,0
ACC_003287,RING_00199,15,14,0,0,0,0.3,1.0,7141.55,15.0,1.0,0.8396,0.0049,0.0522,0.9324,0.7467,0
ACC_003288,RING_00199,15,14,0,0,0,0.3,1.0,7141.55,15.0,1.0,0.8396,0.0049,0.0522,0.9324,0.7467,0
ACC_003289,RING_00199,15,14,0,0,0,0.3,1.0,7141.55,15.0,1.0,0.8396,0.0049,0.0522,0.9324,0.7467,0
ACC_003290,RING_00199,15,14,0,0,0,0.3,1.0,7141.55,15.0,1.0,0.8396,0.0049,0.0522,0.9324,0.7467,0
ACC_003291,RING_00199,15,14,0,0,0,0.3,1.0,7141.55,15.0,1.0,0.8396,0.0049,0.0522,0.9324,0.7467,0
ACC_003292,RING_00199,15,14,0,0,0,0.3,1.0,7141.55,15.0,1.0,0.8396,0.0049,0.0522,0.9324,0.7467,0
ACC_003293,RING_00199,15,14,0,0,0,0.3,1.0,7141.55,15.0,1.0,0.8396,0.0049,0.0522,0.9324,0.7467,0
ACC_003294,RING_00199,15,14,0,0,0,0.3,1.0,7141.55,15.0,1.0,0.8396,0.0049,0.0522,0.9324,0.7467,0
ACC_003295,RING_00199,15,14,0,0,0,0.3,1.0,7141.55,15.0,1.0,0.8396,0.0049,0.0522,0.9324,0.7467,0
ACC_003296,RING_00199,15,14,0,0,0,0.3,1.0,7141.55,15.0,1.0,0.8396,0.0049,0.0522,0.9324,0.7467,0
ACC_003297,RING_00200,19,18,0,0,0,0.3,1.0,4927.14,19.0,1.0,0.8387,0.0069,0.0472,0.9368,0.7406,0
ACC_003298,RING_00200,19,18,0,0,0,0.3,1.0,4927.14,19.0,1.0,0.8387,0.0069,0.0472,0.9368,0.7406,0
ACC_003299,RING_00200,19,18,0,0,0,0.3,1.0,4927.14,19.0,1.0,0.8387,0.0069,0.0472,0.9368,0.7406,0
ACC_003300,RING_00200,19,18,0,0,0,0.3,1.0,4927.14,19.0,1.0,0.8387,0.0069,0.0472,0.9368,0.7406,0
ACC_003301,RING_00200,19,18,0,0,0,0.3,1.0,4927.14,19.0,1.0,0.8387,0.0069,0.0472,0.9368,0.7406,0
ACC_003302,RING_00200,19,18,0,0,0,0.3,1.0,4927.14,19.0,1.0,0.8387,0.0069,0.0472,0.9368,0.7406,0
ACC_003303,RING_00200,19,18,0,0,0,0.3,1.0,4927.14,19.0,1.0,0.8387,0.0069,0.0472,0.9368,0.7406,0
ACC_003304,RING_00200,19,18,0,0,0,0.3,1.0,4927.14,19.0,1.0,0.8387,0.0069,0.0472,0.9368,0.7406,0
ACC_003305,RING_00200,19,18,0,0,0,0.3,1.0,4927.14,19.0,1.0,0.8387,0.0069,0.0472,0.9368,0.7406,0
ACC_003306,RING_00200,19,18,0,0,0,0.3,1.0,4927.14,19.0,1.0,0.8387,0.0069,0.0472,0.9368,0.7406,0
ACC_003307,RING_00200,19,18,0,0,0,0.3,1.0,4927.14,19.0,1.0,0.8387,0.0069,0.0472,0.9368,0.7406,0
ACC_003308,RING_00200,19,18,0,0,0,0.3,1.0,4927.14,19.0,1.0,0.8387,0.0069,0.0472,0.9368,0.7406,0
ACC_003309,RING_00200,19,18,0,0,0,0.3,1.0,4927.14,19.0,1.0,0.8387,0.0069,0.0472,0.9368,0.7406,0
ACC_003310,RING_00200,19,18,0,0,0,0.3,1.0,4927.14,19.0,1.0,0.8387,0.0069,0.0472,0.9368,0.7406,0
ACC_003311,RING_00200,19,18,0,0,0,0.3,1.0,4927.14,19.0,1.0,0.8387,0.0069,0.0472,0.9368,0.7406,0
ACC_003312,RING_00200,19,18,0,0,0,0.3,1.0,4927.14,19.0,1.0,0.8387,0.0069,0.0472,0.9368,0.7406,0
ACC_003313,RING_00200,19,18,0,0,0,0.3,1.0,4927.14,19.0,1.0,0.8387,0.0069,0.0472,0.9368,0.7406,0
ACC_003314,RING_00200,19,18,0,0,0,0.3,1.0,4927.14,19.0,1.0,0.8387,0.0069,0.0472,0.9368,0.7406,0
ACC_003315,RING_00200,19,18,0,0,0,0.3,1.0,4927.14,19.0,1.0,0.8387,0.0069,0.0472,0.9368,0.7406,0
ACC_003316,RING_00201,15,0,0,0,14,0.2,1.0,396.98,1.0,1.0,0.8542,0.0843,0.7894,0.9206,0.7878,1
ACC_003317,RING_00201,15,0,0,0,14,0.2,1.0,396.98,1.0,1.0,0.8542,0.0843,0.7894,0.9206,0.7878,1
ACC_003318,RING_00201,15,0,0,0,14,0.2,1.0,396.98,1.0,1.0,0.8542,0.0843,0.7894,0.9206,0.7878,1
ACC_003319,RING_00201,15,0,0,0,14,0.2,1.0,396.98,1.0,1.0,0.8542,0.0843,0.7894,0.9206,0.7878,1
ACC_003320,RING_00201,15,0,0,0,14,0.2,1.0,396.98,1.0,1.0,0.8542,0.0843,0.7894,0.9206,0.7878,1
ACC_003321,RING_00201,15,0,0,0,14,0.2,1.0,396.98,1.0,1.0,0.8542,0.0843,0.7894,0.9206,0.7878,1
ACC_003322,RING_00201,15,0,0,0,14,0.2,1.0,396.98,1.0,1.0,0.8542,0.0843,0.7894,0.9206,0.7878,1
ACC_003323,RING_00201,15,0,0,0,14,0.2,1.0,396.98,1.0,1.0,0.8542,0.0843,0.7894,0.9206,0.7878,1
ACC_003324,RING_00201,15,0,0,0,14,0.2,1.0,396.98,1.0,1.0,0.8542,0.0843,0.7894,0.9206,0.7878,1
ACC_003325,RING_00201,15,0,0,0,14,0.2,1.0,396.98,1.0,1.0,0.8542,0.0843,0.7894,0.9206,0.7878,1
ACC_003326,RING_00201,15,0,0,0,14,0.2,1.0,396.98,1.0,1.0,0.8542,0.0843,0.7894,0.9206,0.7878,1
ACC_003327,RING_00201,15,0,0,0,14,0.2,1.0,396.98,1.0,1.0,0.8542,0.0843,0.7894,0.9206,0.7878,1
ACC_003328,RING_00201,15,0,0,0,14,0.2,1.0,396.98,1.0,1.0,0.8542,0.0843,0.7894,0.9206,0.7878,1
ACC_003329,RING_00201,15,0,0,0,14,0.2,1.0,396.98,1.0,1.0,0.8542,0.0843,0.7894,0.9206,0.7878,1
ACC_003330,RING_00201,15,0,0,0,14,0.2,1.0,396.98,1.0,1.0,0.8542,0.0843,0.7894,0.9206,0.7878,1
ACC_003331,RING_00202,1,0,0,0,0,0.0,0.0,0.0,1.0,1.0,1.0,0.1071,0.0109,1.0,1.0,0
ACC_003332,RING_00203,11,0,0,0,10,0.2,1.0,455.02,1.0,1.0,0.8666,0.0721,0.7678,0.9298,0.8033,1
ACC_003333,RING_00203,11,0,0,0,10,0.2,1.0,455.02,1.0,1.0,0.8666,0.0721,0.7678,0.9298,0.8033,1
ACC_003334,RING_00203,11,0,0,0,10,0.2,1.0,455.02,1.0,1.0,0.8666,0.0721,0.7678,0.9298,0.8033,1
ACC_003335,RING_00203,11,0,0,0,10,0.2,1.0,455.02,1.0,1.0,0.8666,0.0721,0.7678,0.9298,0.8033,1
ACC_003336,RING_00203,11,0,0,0,10,0.2,1.0,455.02,1.0,1.0,0.8666,0.0721,0.7678,0.9298,0.8033,1
ACC_003337,RING_00203,11,0,0,0,10,0.2,1.0,455.02,1.0,1.0,0.8666,0.0721,0.7678,0.9298,0.8033,1
ACC_003338,RING_00203,11,0,0,0,10,0.2,1.0,455.02,1.0,1.0,0.8666,0.0721,0.7678,0.9298,0.8033,1
ACC_003339,RING_00203,11,0,0,0,10,0.2,1.0,455.02,1.0,1.0,0.8666,0.0721,0.7678,0.9298,0.8033,1
ACC_003340,RING_00203,11,0,0,0,10,0.2,1.0,455.02,1.0,1.0,0.8666,0.0721,0.7678,0.9298,0.8033,1
ACC_003341,RING_00203,11,0,0,0,10,0.2,1.0,455.02,1.0,1.0,0.8666,0.0721,0.7678,0.9298,0.8033,1
ACC_003342,RING_00203,11,0,0,0,10,0.2,1.0,455.02,1.0,1.0,0.8666,0.0721,0.7678,0.9298,0.8033,1
ACC_003343,RING_00204,1,0,0,0,0,0.0,0.0,0.0,1.0,1.0,1.0,0.1071,0.0744,1.0,1.0,0
ACC_003344,RING_00205,36,0,35,0,0,0.1,1.0,6789.48,1.0,1.0,0.8054,0.0053,0.0551,0.9438,0.6669,0
ACC_003345,RING_00205,36,0,35,0,0,0.1,1.0,6789.48,1.0,1.0,0.8054,0.0053,0.0551,0.9438,0.6669,0
ACC_003346,RING_00205,36,0,35,0,0,0.1,1.0,6789.48,1.0,1.0,0.8054,0.0053,0.0551,0.9438,0.6669,0
ACC_003347,RING_00205,36,0,35,0,0,0.1,1.0,6789.48,1.0,1.0,0.8054,0.0053,0.0551,0.9438,0.6669,0
ACC_003348,RING_00205,36,0,35,0,0,0.1,1.0,6789.48,1.0,1.0,0.8054,0.0053,0.0551,0.9438,0.6669,0
ACC_003349,RING_00205,36,0,35,0,0,0.1,1.0,6789.48,1.0,1.0,0.8054,0.0053,0.0551,0.9438,0.6669,0
ACC_003350,RING_00205,36,0,35,0,0,0.1,1.0,6789.48,1.0,1.0,0.8054,0.0053,0.0551,0.9438,0.6669,0
ACC_003351,RING_00205,36,0,35,0,0,0.1,1.0,6789.48,1.0,1.0,0.8054,0.0053,0.0551,0.9438,0.6669,0
ACC_003352,RING_00205,36,0,35,0,0,0.1,1.0,6789.48,1.0,1.0,0.8054,0.0053,0.0551,0.9438,0.6669,0
ACC_003353,RING_00205,36,0,35,0,0,0.1,1.0,6789.48,1.0,1.0,0.8054,0.0053,0.0551,0.9438,0.6669,0
ACC_003354,RING_00205,36,0,35,0,0,0.1,1.0,6789.48,1.0,1.0,0.8054,0.0053,0.0551,0.9438,0.6669,0
ACC_003355,RING_00205,36,0,35,0,0,0.1,1.0,6789.48,1.0,1.0,0.8054,0.0053,0.0551,0.9438,0.6669,0
ACC_003356,RING_00205,36,0,35,0,0,0.1,1.0,6789.48,1.0,1.0,0.8054,0.0053,0.0551,0.9438,0.6669,0
ACC_003357,RING_00205,36,0,35,0,0,0.1,1.0,6789.48,1.0,1.0,0.8054,0.0053,0.0551,0.9438,0.6669,0
ACC_003358,RING_00205,36,0,35,0,0,0.1,1.0,6789.48,1.0,1.0,0.8054,0.0053,0.0551,0.9438,0.6669,0
ACC_003359,RING_00205,36,0,35,0,0,0.1,1.0,6789.48,1.0,1.0,0.8054,0.0053,0.0551,0.9438,0.6669,0
ACC_003360,RING_00205,36,0,35,0,0,0.1,1.0,6789.48,1.0,1.0,0.8054,0.0053,0.0551,0.9438,0.6669,0
ACC_003361,RING_00205,36,0,35,0,0,0.1,1.0,6789.48,1.0,1.0,0.8054,0.0053,0.0551,0.9438,0.6669,0
ACC_003362,RING_00205,36,0,35,0,0,0.1,1.0,6789.48,1.0,1.0,0.8054,0.0053,0.0551,0.9438,0.6669,0
ACC_003363,RING_00205,36,0,35,0,0,0.1,1.0,6789.48,1.0,1.0,0.8054,0.0053,0.0551,0.9438,0.6669,0
ACC_003364,RING_00205,36,0,35,0,0,0.1,1.0,6789.48,1.0,1.0,0.8054,0.0053,0.0551,0.9438,0.6669,0
ACC_003365,RING_00205,36,0,35,0,0,0.1,1.0,6789.48,1.0,1.0,0.8054,0.0053,0.0551,0.9438,0.6669,0
ACC_003366,RING_00205,36,0,35,0,0,0.1,1.0,6789.48,1.0,1.0,0.8054,0.0053,0.0551,0.9438,0.6669,0
ACC_003367,RING_00205,36,0,35,0,0,0.1,1.0,6789.48,1.0,1.0,0.8054,0.0053,0.0551,0.9438,0.6669,0
ACC_003368,RING_00205,36,0,35,0,0,0.1,1.0,6789.48,1.0,1.0,0.8054,0.0053,0.0551,0.9438,0.6669,0
ACC_003369,RING_00205,36,0,35,0,0,0.1,1.0,6789.48,1.0,1.0,0.8054,0.0053,0.0551,0.9438,0.6669,0
ACC_003370,RING_00205,36,0,35,0,0,0.1,1.0,6789.48,1.0,1.0,0.8054,0.0053,0.0551,0.9438,0.6669,0
ACC_003371,RING_00205,36,0,35,0,0,0.1,1.0,6789.48,1.0,1.0,0.8054,0.0053,0.0551,0.9438,0.6669,0
ACC_003372,RING_00205,36,0,35,0,0,0.1,1.0,6789.48,1.0,1.0,0.8054,0.0053,0.0551,0.9438,0.6669,0
ACC_003373,RING_00205,36,0,35,0,0,0.1,1.0,6789.48,1.0,1.0,0.8054,0.0053,0.0551,0.9438,0.6669,0
ACC_003374,RING_00205,36,0,35,0,0,0.1,1.0,6789.48,1.0,1.0,0.8054,0.0053,0.0551,0.9438,0.6669,0
ACC_003375,RING_00205,36,0,35,0,0,0.1,1.0,6789.48,1.0,1.0,0.8054,0.0053,0.0551,0.9438,0.6669,0
ACC_003376,RING_00205,36,0,35,0,0,0.1,1.0,6789.48,1.0,1.0,0.8054,0.0053,0.0551,0.9438,0.6669,0
ACC_003377,RING_00205,36,0,35,0,0,0.1,1.0,6789.48,1.0,1.0,0.8054,0.0053,0.0551,0.9438,0.6669,0
ACC_003378,RING_00205,36,0,35,0,0,0.1,1.0,6789.48,1.0,1.0,0.8054,0.0053,0.0551,0.9438,0.6669,0
ACC_003379,RING_00205,36,0,35,0,0,0.1,1.0,6789.48,1.0,1.0,0.8054,0.0053,0.0551,0.9438,0.6669,0
ACC_003380,RING_00206,31,30,30,0,0,0.4,1.0,0.73,31.0,1.0,0.8099,0.9825,0.8799,1.0,0.6198,1
ACC_003381,RING_00206,31,30,30,0,1,0.4067,1.0,0.73,31.0,1.0,0.8099,0.9825,0.8799,1.0,0.6198,1
ACC_003382,RING_00206,31,30,30,0,2,0.4133,1.0,0.73,31.0,1.0,0.8099,0.9825,0.8799,1.0,0.6198,1
ACC_003383,RING_00206,31,30,30,0,0,0.4,1.0,0.73,31.0,1.0,0.8099,0.9825,0.8799,1.0,0.6198,1
ACC_003384,RING_00206,31,30,30,0,2,0.4133,1.0,0.73,31.0,1.0,0.8099,0.9825,0.8799,1.0,0.6198,1
ACC_003385,RING_00206,31,30,30,0,2,0.4133,1.0,0.73,31.0,1.0,0.8099,0.9825,0.8799,1.0,0.6198,1
ACC_003386,RING_00206,31,30,30,0,1,0.4067,1.0,0.73,31.0,1.0,0.8099,0.9825,0.8799,1.0,0.6198,1
ACC_003387,RING_00206,31,30,30,0,2,0.4133,1.0,0.73,31.0,1.0,0.8099,0.9825,0.8799,1.0,0.6198,1
ACC_003388,RING_00206,31,30,30,0,2,0.4133,1.0,0.73,31.0,1.0,0.8099,0.9825,0.8799,1.0,0.6198,1
ACC_003389,RING_00206,31,30,30,0,2,0.4133,1.0,0.73,31.0,1.0,0.8099,0.9825,0.8799,1.0,0.6198,1
ACC_003390,RING_00206,31,30,30,0,2,0.4133,1.0,0.73,31.0,1.0,0.8099,0.9825,0.8799,1.0,0.6198,1
ACC_003391,RING_00206,31,30,30,0,2,0.4133,1.0,0.73,31.0,1.0,0.8099,0.9825,0.8799,1.0,0.6198,1
ACC_003392,RING_00206,31,30,30,0,2,0.4133,1.0,0.73,31.0,1.0,0.8099,0.9825,0.8799,1.0,0.6198,1
ACC_003393,RING_00206,31,30,30,0,2,0.4133,1.0,0.73,31.0,1.0,0.8099,0.9825,0.8799,1.0,0.6198,1
ACC_003394,RING_00206,31,30,30,0,2,0.4133,1.0,0.73,31.0,1.0,0.8099,0.9825,0.8799,1.0,0.6198,1
ACC_003395,RING_00206,31,30,30,0,2,0.4133,1.0,0.73,31.0,1.0,0.8099,0.9825,0.8799,1.0,0.6198,1
ACC_003396,RING_00206,31,30,30,0,2,0.4133,1.0,0.73,31.0,1.0,0.8099,0.9825,0.8799,1.0,0.6198,1
ACC_003397,RING_00206,31,30,30,0,2,0.4133,1.0,0.73,31.0,1.0,0.8099,0.9825,0.8799,1.0,0.6198,1
ACC_003398,RING_00206,31,30,30,0,2,0.4133,1.0,0.73,31.0,1.0,0.8099,0.9825,0.8799,1.0,0.6198,1
ACC_003399,RING_00206,31,30,30,0,2,0.4133,1.0,0.73,31.0,1.0,0.8099,0.9825,0.8799,1.0,0.6198,1
ACC_003400,RING_00206,31,30,30,0,2,0.4133,1.0,0.73,31.0,1.0,0.8099,0.9825,0.8799,1.0,0.6198,1
ACC_003401,RING_00206,31,30,30,0,2,0.4133,1.0,0.73,31.0,1.0,0.8099,0.9825,0.8799,1.0,0.6198,1
ACC_003402,RING_00206,31,30,30,0,2,0.4133,1.0,0.73,31.0,1.0,0.8099,0.9825,0.8799,1.0,0.6198,1
ACC_003403,RING_00206,31,30,30,0,2,0.4133,1.0,0.73,31.0,1.0,0.8099,0.9825,0.8799,1.0,0.6198,1
ACC_003404,RING_00206,31,30,30,0,2,0.4133,1.0,0.73,31.0,1.0,0.8099,0.9825,0.8799,1.0,0.6198,1
ACC_003405,RING_00206,31,30,30,0,2,0.4133,1.0,0.73,31.0,1.0,0.8099,0.9825,0.8799,1.0,0.6198,1
ACC_003406,RING_00206,31,30,30,0,1,0.4067,1.0,0.73,31.0,1.0,0.8099,0.9825,0.8799,1.0,0.6198,1
ACC_003407,RING_00206,31,30,30,0,2,0.4133,1.0,0.73,31.0,1.0,0.8099,0.9825,0.8799,1.0,0.6198,1
ACC_003408,RING_00206,31,30,30,0,1,0.4067,1.0,0.73,31.0,1.0,0.8099,0.9825,0.8799,1.0,0.6198,1
ACC_003409,RING_00206,31,30,30,0,0,0.4,1.0,0.73,31.0,1.0,0.8099,0.9825,0.8799,1.0,0.6198,1
ACC_003410,RING_00206,31,30,30,0,2,0.4133,1.0,0.73,31.0,1.0,0.8099,0.9825,0.8799,1.0,0.6198,1
ACC_003411,RING_00207,46,0,45,0,0,0.1,1.0,8324.14,1.0,1.0,0.7889,0.0048,0.043,0.9083,0.6694,0
ACC_003412,RING_00207,46,0,45,0,0,0.1,1.0,8324.14,1.0,1.0,0.7889,0.0048,0.043,0.9083,0.6694,0
ACC_003413,RING_00207,46,0,45,0,0,0.1,1.0,8324.14,1.0,1.0,0.7889,0.0048,0.043,0.9083,0.6694,0
ACC_003414,RING_00207,46,0,45,0,0,0.1,1.0,8324.14,1.0,1.0,0.7889,0.0048,0.043,0.9083,0.6694,0
ACC_003415,RING_00207,46,0,45,0,0,0.1,1.0,8324.14,1.0,1.0,0.7889,0.0048,0.043,0.9083,0.6694,0
ACC_003416,RING_00207,46,0,45,0,0,0.1,1.0,8324.14,1.0,1.0,0.7889,0.0048,0.043,0.9083,0.6694,0
ACC_003417,RING_00207,46,0,45,0,0,0.1,1.0,8324.14,1.0,1.0,0.7889,0.0048,0.043,0.9083,0.6694,0
ACC_003418,RING_00207,46,0,45,0,0,0.1,1.0,8324.14,1.0,1.0,0.7889,0.0048,0.043,0.9083,0.6694,0
ACC_003419,RING_00207,46,0,45,0,0,0.1,1.0,8324.14,1.0,1.0,0.7889,0.0048,0.043,0.9083,0.6694,0
ACC_003420,RING_00207,46,0,45,0,0,0.1,1.0,8324.14,1.0,1.0,0.7889,0.0048,0.043,0.9083,0.6694,0
ACC_003421,RING_00207,46,0,45,0,0,0.1,1.0,8324.14,1.0,1.0,0.7889,0.0048,0.043,0.9083,0.6694,0
ACC_003422,RING_00207,46,0,45,0,0,0.1,1.0,8324.14,1.0,1.0,0.7889,0.0048,0.043,0.9083,0.6694,0
ACC_003423,RING_00207,46,0,45,0,0,0.1,1.0,8324.14,1.0,1.0,0.7889,0.0048,0.043,0.9083,0.6694,0
ACC_003424,RING_00207,46,0,45,0,0,0.1,1.0,8324.14,1.0,1.0,0.7889,0.0048,0.043,0.9083,0.6694,0
ACC_003425,RING_00207,46,0,45,0,0,0.1,1.0,8324.14,1.0,1.0,0.7889,0.0048,0.043,0.9083,0.6694,0
ACC_003426,RING_00207,46,0,45,0,0,0.1,1.0,8324.14,1.0,1.0,0.7889,0.0048,0.043,0.9083,0.6694,0
ACC_003427,RING_00207,46,0,45,0,0,0.1,1.0,8324.14,1.0,1.0,0.7889,0.0048,0.043,0.9083,0.6694,0
ACC_003428,RING_00207,46,0,45,0,0,0.1,1.0,8324.14,1.0,1.0,0.7889,0.0048,0.043,0.9083,0.6694,0
ACC_003429,RING_00207,46,0,45,0,0,0.1,1.0,8324.14,1.0,1.0,0.7889,0.0048,0.043,0.9083,0.6694,0
ACC_003430,RING_00207,46,0,45,0,0,0.1,1.0,8324.14,1.0,1.0,0.7889,0.0048,0.043,0.9083,0.6694,0
ACC_003431,RING_00207,46,0,45,0,0,0.1,1.0,8324.14,1.0,1.0,0.7889,0.0048,0.043,0.9083,0.6694,0
ACC_003432,RING_00207,46,0,45,0,0,0.1,1.0,8324.14,1.0,1.0,0.7889,0.0048,0.043,0.9083,0.6694,0
ACC_003433,RING_00207,46,0,45,0,0,0.1,1.0,8324.14,1.0,1.0,0.7889,0.0048,0.043,0.9083,0.6694,0
ACC_003434,RING_00207,46,0,45,0,0,0.1,1.0,8324.14,1.0,1.0,0.7889,0.0048,0.043,0.9083,0.6694,0
ACC_003435,RING_00207,46,0,45,0,0,0.1,1.0,8324.14,1.0,1.0,0.7889,0.0048,0.043,0.9083,0.6694,0
ACC_003436,RING_00207,46,0,45,0,0,0.1,1.0,8324.14,1.0,1.0,0.7889,0.0048,0.043,0.9083,0.6694,0
ACC_003437,RING_00207,46,0,45,0,0,0.1,1.0,8324.14,1.0,1.0,0.7889,0.0048,0.043,0.9083,0.6694,0
ACC_003438,RING_00207,46,0,45,0,0,0.1,1.0,8324.14,1.0,1.0,0.7889,0.0048,0.043,0.9083,0.6694,0
ACC_003439,RING_00207,46,0,45,0,0,0.1,1.0,8324.14,1.0,1.0,0.7889,0.0048,0.043,0.9083,0.6694,0
ACC_003440,RING_00207,46,0,45,0,0,0.1,1.0,8324.14,1.0,1.0,0.7889,0.0048,0.043,0.9083,0.6694,0
ACC_003441,RING_00207,46,0,45,0,0,0.1,1.0,8324.14,1.0,1.0,0.7889,0.0048,0.043,0.9083,0.6694,0
ACC_003442,RING_00207,46,0,45,0,0,0.1,1.0,8324.14,1.0,1.0,0.7889,0.0048,0.043,0.9083,0.6694,0
ACC_003443,RING_00207,46,0,45,0,0,0.1,1.0,8324.14,1.0,1.0,0.7889,0.0048,0.043,0.9083,0.6694,0
ACC_003444,RING_00207,46,0,45,0,0,0.1,1.0,8324.14,1.0,1.0,0.7889,0.0048,0.043,0.9083,0.6694,0
ACC_003445,RING_00207,46,0,45,0,0,0.1,1.0,8324.14,1.0,1.0,0.7889,0.0048,0.043,0.9083,0.6694,0
ACC_003446,RING_00207,46,0,45,0,0,0.1,1.0,8324.14,1.0,1.0,0.7889,0.0048,0.043,0.9083,0.6694,0
ACC_003447,RING_00207,46,0,45,0,0,0.1,1.0,8324.14,1.0,1.0,0.7889,0.0048,0.043,0.9083,0.6694,0
ACC_003448,RING_00207,46,0,45,0,0,0.1,1.0,8324.14,1.0,1.0,0.7889,0.0048,0.043,0.9083,0.6694,0
ACC_003449,RING_00207,46,0,45,0,0,0.1,1.0,8324.14,1.0,1.0,0.7889,0.0048,0.043,0.9083,0.6694,0
ACC_003450,RING_00207,46,0,45,0,0,0.1,1.0,8324.14,1.0,1.0,0.7889,0.0048,0.043,0.9083,0.6694,0
ACC_003451,RING_00207,46,0,45,0,0,0.1,1.0,8324.14,1.0,1.0,0.7889,0.0048,0.043,0.9083,0.6694,0
ACC_003452,RING_00207,46,0,45,0,0,0.1,1.0,8324.14,1.0,1.0,0.7889,0.0048,0.043,0.9083,0.6694,0
ACC_003453,RING_00207,46,0,45,0,0,0.1,1.0,8324.14,1.0,1.0,0.7889,0.0048,0.043,0.9083,0.6694,0
ACC_003454,RING_00207,46,0,45,0,0,0.1,1.0,8324.14,1.0,1.0,0.7889,0.0048,0.043,0.9083,0.6694,0
ACC_003455,RING_00207,46,0,45,0,0,0.1,1.0,8324.14,1.0,1.0,0.7889,0.0048,0.043,0.9083,0.6694,0
ACC_003456,RING_00207,46,0,45,0,0,0.1,1.0,8324.14,1.0,1.0,0.7889,0.0048,0.043,0.9083,0.6694,0
ACC_003457,RING_00208,1,0,0,0,0,0.0,0.0,0.0,1.0,1.0,1.0,0.1071,0.0288,1.0,1.0,0
ACC_003458,RING_00209,21,20,20,0,0,0.4,1.0,0.71,21.0,1.0,0.8286,0.9801,0.8921,1.0,0.6573,1
ACC_003459,RING_00209,21,20,20,0,1,0.41,1.0,0.71,21.0,1.0,0.8286,0.9801,0.8921,1.0,0.6573,1
ACC_003460,RING_00209,21,20,20,0,2,0.42,1.0,0.71,21.0,1.0,0.8286,0.9801,0.8921,1.0,0.6573,1
ACC_003461,RING_00209,21,20,20,0,0,0.4,1.0,0.71,21.0,1.0,0.8286,0.9801,0.8921,1.0,0.6573,1
ACC_003462,RING_00209,21,20,20,0,2,0.42,1.0,0.71,21.0,1.0,0.8286,0.9801,0.8921,1.0,0.6573,1
ACC_003463,RING_00209,21,20,20,0,2,0.42,1.0,0.71,21.0,1.0,0.8286,0.9801,0.8921,1.0,0.6573,1
ACC_003464,RING_00209,21,20,20,0,1,0.41,1.0,0.71,21.0,1.0,0.8286,0.9801,0.8921,1.0,0.6573,1
ACC_003465,RING_00209,21,20,20,0,2,0.42,1.0,0.71,21.0,1.0,0.8286,0.9801,0.8921,1.0,0.6573,1
ACC_003466,RING_00209,21,20,20,0,2,0.42,1.0,0.71,21.0,1.0,0.8286,0.9801,0.8921,1.0,0.6573,1
ACC_003467,RING_00209,21,20,20,0,2,0.42,1.0,0.71,21.0,1.0,0.8286,0.9801,0.8921,1.0,0.6573,1
ACC_003468,RING_00209,21,20,20,0,2,0.42,1.0,0.71,21.0,1.0,0.8286,0.9801,0.8921,1.0,0.6573,1
ACC_003469,RING_00209,21,20,20,0,2,0.42,1.0,0.71,21.0,1.0,0.8286,0.9801,0.8921,1.0,0.6573,1
ACC_003470,RING_00209,21,20,20,0,2,0.42,1.0,0.71,21.0,1.0,0.8286,0.9801,0.8921,1.0,0.6573,1
ACC_003471,RING_00209,21,20,20,0,2,0.42,1.0,0.71,21.0,1.0,0.8286,0.9801,0.8921,1.0,0.6573,1
ACC_003472,RING_00209,21,20,20,0,1,0.41,1.0,0.71,21.0,1.0,0.8286,0.9801,0.8921,1.0,0.6573,1
ACC_003473,RING_00209,21,20,20,0,2,0.42,1.0,0.71,21.0,1.0,0.8286,0.9801,0.8921,1.0,0.6573,1
ACC_003474,RING_00209,21,20,20,0,1,0.41,1.0,0.71,21.0,1.0,0.8286,0.9801,0.8921,1.0,0.6573,1
ACC_003475,RING_00209,21,20,20,0,1,0.41,1.0,0.71,21.0,1.0,0.8286,0.9801,0.8921,1.0,0.6573,1
ACC_003476,RING_00209,21,20,20,0,2,0.42,1.0,0.71,21.0,1.0,0.8286,0.9801,0.8921,1.0,0.6573,1
ACC_003477,RING_00209,21,20,20,0,1,0.41,1.0,0.71,21.0,1.0,0.8286,0.9801,0.8921,1.0,0.6573,1
ACC_003478,RING_00209,21,20,20,0,0,0.4,1.0,0.71,21.0,1.0,0.8286,0.9801,0.8921,1.0,0.6573,1
ACC_003479,RING_00210,1,0,0,0,0,0.0,0.0,0.0,1.0,1.0,1.0,0.1071,0.038,1.0,1.0,0
ACC_003480,RING_00211,1,0,0,0,0,0.0,0.0,0.0,1.0,1.0,1.0,0.1071,0.0819,1.0,1.0,0
ACC_003481,RING_00212,7,0,0,6,0,0.4,1.0,3964.59,0.1429,7.0,0.8032,0.0082,0.0474,0.933,0.6733,0
ACC_003482,RING_00212,7,0,0,6,0,0.4,1.0,3964.59,0.1429,7.0,0.8032,0.0082,0.0474,0.933,0.6733,0
ACC_003483,RING_00212,7,0,0,6,0,0.4,1.0,3964.59,0.1429,7.0,0.8032,0.0082,0.0474,0.933,0.6733,0
ACC_003484,RING_00212,7,0,0,6,0,0.4,1.0,3964.59,0.1429,7.0,0.8032,0.0082,0.0474,0.933,0.6733,0
ACC_003485,RING_00212,7,0,0,6,0,0.4,1.0,3964.59,0.1429,7.0,0.8032,0.0082,0.0474,0.933,0.6733,0
ACC_003486,RING_00212,7,0,0,6,0,0.4,1.0,3964.59,0.1429,7.0,0.8032,0.0082,0.0474,0.933,0.6733,0
ACC_003487,RING_00212,7,0,0,6,0,0.4,1.0,3964.59,0.1429,7.0,0.8032,0.0082,0.0474,0.933,0.6733,0
ACC_003488,RING_00213,1,0,0,0,0,0.0,0.0,0.0,1.0,1.0,1.0,0.1071,0.0865,1.0,1.0,0
ACC_003489,RING_00214,1,0,0,0,0,0.0,0.0,0.0,1.0,1.0,1.0,0.1071,0.0825,1.0,1.0,0
ACC_003490,RING_00215,1,0,0,0,0,0.0,0.0,0.0,1.0,1.0,1.0,0.1071,0.0567,1.0,1.0,0
ACC_003491,RING_00216,6,0,0,5,0,0.4,1.0,6398.1,0.1667,6.0,0.7824,0.0045,0.0317,0.9011,0.6637,0
ACC_003492,RING_00216,6,0,0,5,0,0.4,1.0,6398.1,0.1667,6.0,0.7824,0.0045,0.0317,0.9011,0.6637,0
ACC_003493,RING_00216,6,0,0,5,0,0.4,1.0,6398.1,0.1667,6.0,0.7824,0.0045,0.0317,0.9011,0.6637,0
ACC_003494,RING_00216,6,0,0,5,0,0.4,1.0,6398.1,0.1667,6.0,0.7824,0.0045,0.0317,0.9011,0.6637,0
ACC_003495,RING_00216,6,0,0,5,0,0.4,1.0,6398.1,0.1667,6.0,0.7824,0.0045,0.0317,0.9011,0.6637,0
ACC_003496,RING_00216,6,0,0,5,0,0.4,1.0,6398.1,0.1667,6.0,0.7824,0.0045,0.0317,0.9011,0.6637,0
ACC_003497,RING_00217,1,0,0,0,0,0.0,0.0,0.0,1.0,1.0,1.0,0.1071,0.0468,1.0,1.0,0
ACC_003498,RING_00218,34,0,33,0,0,0.1,1.0,8087.66,1.0,1.0,0.8206,0.0048,0.0366,0.9184,0.7229,0
ACC_003499,RING_00218,34,0,33,0,0,0.1,1.0,8087.66,1.0,1.0,0.8206,0.0048,0.0366,0.9184,0.7229,0
ACC_003500,RING_00218,34,0,33,0,0,0.1,1.0,8087.66,1.0,1.0,0.8206,0.0048,0.0366,0.9184,0.7229,0
ACC_003501,RING_00218,34,0,33,0,0,0.1,1.0,8087.66,1.0,1.0,0.8206,0.0048,0.0366,0.9184,0.7229,0
ACC_003502,RING_00218,34,0,33,0,0,0.1,1.0,8087.66,1.0,1.0,0.8206,0.0048,0.0366,0.9184,0.7229,0
ACC_003503,RING_00218,34,0,33,0,0,0.1,1.0,8087.66,1.0,1.0,0.8206,0.0048,0.0366,0.9184,0.7229,0
ACC_003504,RING_00218,34,0,33,0,0,0.1,1.0,8087.66,1.0,1.0,0.8206,0.0048,0.0366,0.9184,0.7229,0
ACC_003505,RING_00218,34,0,33,0,0,0.1,1.0,8087.66,1.0,1.0,0.8206,0.0048,0.0366,0.9184,0.7229,0
ACC_003506,RING_00218,34,0,33,0,0,0.1,1.0,8087.66,1.0,1.0,0.8206,0.0048,0.0366,0.9184,0.7229,0
ACC_003507,RING_00218,34,0,33,0,0,0.1,1.0,8087.66,1.0,1.0,0.8206,0.0048,0.0366,0.9184,0.7229,0
ACC_003508,RING_00218,34,0,33,0,0,0.1,1.0,8087.66,1.0,1.0,0.8206,0.0048,0.0366,0.9184,0.7229,0
ACC_003509,RING_00218,34,0,33,0,0,0.1,1.0,8087.66,1.0,1.0,0.8206,0.0048,0.0366,0.9184,0.7229,0
ACC_003510,RING_00218,34,0,33,0,0,0.1,1.0,8087.66,1.0,1.0,0.8206,0.0048,0.0366,0.9184,0.7229,0
ACC_003511,RING_00218,34,0,33,0,0,0.1,1.0,8087.66,1.0,1.0,0.8206,0.0048,0.0366,0.9184,0.7229,0
ACC_003512,RING_00218,34,0,33,0,0,0.1,1.0,8087.66,1.0,1.0,0.8206,0.0048,0.0366,0.9184,0.7229,0
ACC_003513,RING_00218,34,0,33,0,0,0.1,1.0,8087.66,1.0,1.0,0.8206,0.0048,0.0366,0.9184,0.7229,0
ACC_003514,RING_00218,34,0,33,0,0,0.1,1.0,8087.66,1.0,1.0,0.8206,0.0048,0.0366,0.9184,0.7229,0
ACC_003515,RING_00218,34,0,33,0,0,0.1,1.0,8087.66,1.0,1.0,0.8206,0.0048,0.0366,0.9184,0.7229,0
ACC_003516,RING_00218,34,0,33,0,0,0.1,1.0,8087.66,1.0,1.0,0.8206,0.0048,0.0366,0.9184,0.7229,0
ACC_003517,RING_00218,34,0,33,0,0,0.1,1.0,8087.66,1.0,1.0,0.8206,0.0048,0.0366,0.9184,0.7229,0
ACC_003518,RING_00218,34,0,33,0,0,0.1,1.0,8087.66,1.0,1.0,0.8206,0.0048,0.0366,0.9184,0.7229,0
ACC_003519,RING_00218,34,0,33,0,0,0.1,1.0,8087.66,1.0,1.0,0.8206,0.0048,0.0366,0.9184,0.7229,0
ACC_003520,RING_00218,34,0,33,0,0,0.1,1.0,8087.66,1.0,1.0,0.8206,0.0048,0.0366,0.9184,0.7229,0
ACC_003521,RING_00218,34,0,33,0,0,0.1,1.0,8087.66,1.0,1.0,0.8206,0.0048,0.0366,0.9184,0.7229,0
ACC_003522,RING_00218,34,0,33,0,0,0.1,1.0,8087.66,1.0,1.0,0.8206,0.0048,0.0366,0.9184,0.7229,0
ACC_003523,RING_00218,34,0,33,0,0,0.1,1.0,8087.66,1.0,1.0,0.8206,0.0048,0.0366,0.9184,0.7229,0
ACC_003524,RING_00218,34,0,33,0,0,0.1,1.0,8087.66,1.0,1.0,0.8206,0.0048,0.0366,0.9184,0.7229,0
ACC_003525,RING_00218,34,0,33,0,0,0.1,1.0,8087.66,1.0,1.0,0.8206,0.0048,0.0366,0.9184,0.7229,0
ACC_003526,RING_00218,34,0,33,0,0,0.1,1.0,8087.66,1.0,1.0,0.8206,0.0048,0.0366,0.9184,0.7229,0
ACC_003527,RING_00218,34,0,33,0,0,0.1,1.0,8087.66,1.0,1.0,0.8206,0.0048,0.0366,0.9184,0.7229,0
ACC_003528,RING_00218,34,0,33,0,0,0.1,1.0,8087.66,1.0,1.0,0.8206,0.0048,0.0366,0.9184,0.7229,0
ACC_003529,RING_00218,34,0,33,0,0,0.1,1.0,8087.66,1.0,1.0,0.8206,0.0048,0.0366,0.9184,0.7229,0
ACC_003530,RING_00218,34,0,33,0,0,0.1,1.0,8087.66,1.0,1.0,0.8206,0.0048,0.0366,0.9184,0.7229,0
ACC_003531,RING_00218,34,0,33,0,0,0.1,1.0,8087.66,1.0,1.0,0.8206,0.0048,0.0366,0.9184,0.7229,0
ACC_003532,RING_00219,1,0,0,0,0,0.0,0.0,0.0,1.0,1.0,1.0,0.1071,0.0361,1.0,1.0,0
ACC_003533,RING_00220,22,0,0,0,21,0.2,1.0,9183.37,1.0,1.0,0.7925,0.0049,0.0415,0.9202,0.6648,0
ACC_003534,RING_00220,22,0,0,0,21,0.2,1.0,9183.37,1.0,1.0,0.7925,0.0049,0.0415,0.9202,0.6648,0
ACC_003535,RING_00220,22,0,0,0,21,0.2,1.0,9183.37,1.0,1.0,0.7925,0.0049,0.0415,0.9202,0.6648,0
ACC_003536,RING_00220,22,0,0,0,21,0.2,1.0,9183.37,1.0,1.0,0.7925,0.0049,0.0415,0.9202,0.6648,0
ACC_003537,RING_00220,22,0,0,0,21,0.2,1.0,9183.37,1.0,1.0,0.7925,0.0049,0.0415,0.9202,0.6648,0
ACC_003538,RING_00220,22,0,0,0,21,0.2,1.0,9183.37,1.0,1.0,0.7925,0.0049,0.0415,0.9202,0.6648,0
ACC_003539,RING_00220,22,0,0,0,21,0.2,1.0,9183.37,1.0,1.0,0.7925,0.0049,0.0415,0.9202,0.6648,0
ACC_003540,RING_00220,22,0,0,0,21,0.2,1.0,9183.37,1.0,1.0,0.7925,0.0049,0.0415,0.9202,0.6648,0
ACC_003541,RING_00220,22,0,0,0,21,0.2,1.0,9183.37,1.0,1.0,0.7925,0.0049,0.0415,0.9202,0.6648,0
ACC_003542,RING_00220,22,0,0,0,21,0.2,1.0,9183.37,1.0,1.0,0.7925,0.0049,0.0415,0.9202,0.6648,0
ACC_003543,RING_00220,22,0,0,0,21,0.2,1.0,9183.37,1.0,1.0,0.7925,0.0049,0.0415,0.9202,0.6648,0
ACC_003544,RING_00220,22,0,0,0,21,0.2,1.0,9183.37,1.0,1.0,0.7925,0.0049,0.0415,0.9202,0.6648,0
ACC_003545,RING_00220,22,0,0,0,21,0.2,1.0,9183.37,1.0,1.0,0.7925,0.0049,0.0415,0.9202,0.6648,0
ACC_003546,RING_00220,22,0,0,0,21,0.2,1.0,9183.37,1.0,1.0,0.7925,0.0049,0.0415,0.9202,0.6648,0
ACC_003547,RING_00220,22,0,0,0,21,0.2,1.0,9183.37,1.0,1.0,0.7925,0.0049,0.0415,0.9202,0.6648,0
ACC_003548,RING_00220,22,0,0,0,21,0.2,1.0,9183.37,1.0,1.0,0.7925,0.0049,0.0415,0.9202,0.6648,0
ACC_003549,RING_00220,22,0,0,0,21,0.2,1.0,9183.37,1.0,1.0,0.7925,0.0049,0.0415,0.9202,0.6648,0
ACC_003550,RING_00220,22,0,0,0,21,0.2,1.0,9183.37,1.0,1.0,0.7925,0.0049,0.0415,0.9202,0.6648,0
ACC_003551,RING_00220,22,0,0,0,21,0.2,1.0,9183.37,1.0,1.0,0.7925,0.0049,0.0415,0.9202,0.6648,0
ACC_003552,RING_00220,22,0,0,0,21,0.2,1.0,9183.37,1.0,1.0,0.7925,0.0049,0.0415,0.9202,0.6648,0
ACC_003553,RING_00220,22,0,0,0,21,0.2,1.0,9183.37,1.0,1.0,0.7925,0.0049,0.0415,0.9202,0.6648,0
ACC_003554,RING_00220,22,0,0,0,21,0.2,1.0,9183.37,1.0,1.0,0.7925,0.0049,0.0415,0.9202,0.6648,0
ACC_003555,RING_00221,39,0,38,0,0,0.1,1.0,6861.97,1.0,1.0,0.7768,0.0053,0.0544,0.9446,0.609,0
ACC_003556,RING_00221,39,0,38,0,0,0.1,1.0,6861.97,1.0,1.0,0.7768,0.0053,0.0544,0.9446,0.609,0
ACC_003557,RING_00221,39,0,38,0,0,0.1,1.0,6861.97,1.0,1.0,0.7768,0.0053,0.0544,0.9446,0.609,0
ACC_003558,RING_00221,39,0,38,0,0,0.1,1.0,6861.97,1.0,1.0,0.7768,0.0053,0.0544,0.9446,0.609,0
ACC_003559,RING_00221,39,0,38,0,0,0.1,1.0,6861.97,1.0,1.0,0.7768,0.0053,0.0544,0.9446,0.609,0
ACC_003560,RING_00221,39,0,38,0,0,0.1,1.0,6861.97,1.0,1.0,0.7768,0.0053,0.0544,0.9446,0.609,0
ACC_003561,RING_00221,39,0,38,0,0,0.1,1.0,6861.97,1.0,1.0,0.7768,0.0053,0.0544,0.9446,0.609,0
ACC_003562,RING_00221,39,0,38,0,0,0.1,1.0,6861.97,1.0,1.0,0.7768,0.0053,0.0544,0.9446,0.609,0
ACC_003563,RING_00221,39,0,38,0,0,0.1,1.0,6861.97,1.0,1.0,0.7768,0.0053,0.0544,0.9446,0.609,0
ACC_003564,RING_00221,39,0,38,0,0,0.1,1.0,6861.97,1.0,1.0,0.7768,0.0053,0.0544,0.9446,0.609,0
ACC_003565,RING_00221,39,0,38,0,0,0.1,1.0,6861.97,1.0,1.0,0.7768,0.0053,0.0544,0.9446,0.609,0
ACC_003566,RING_00221,39,0,38,0,0,0.1,1.0,6861.97,1.0,1.0,0.7768,0.0053,0.0544,0.9446,0.609,0
ACC_003567,RING_00221,39,0,38,0,0,0.1,1.0,6861.97,1.0,1.0,0.7768,0.0053,0.0544,0.9446,0.609,0
ACC_003568,RING_00221,39,0,38,0,0,0.1,1.0,6861.97,1.0,1.0,0.7768,0.0053,0.0544,0.9446,0.609,0
ACC_003569,RING_00221,39,0,38,0,0,0.1,1.0,6861.97,1.0,1.0,0.7768,0.0053,0.0544,0.9446,0.609,0
ACC_003570,RING_00221,39,0,38,0,0,0.1,1.0,6861.97,1.0,1.0,0.7768,0.0053,0.0544,0.9446,0.609,0
ACC_003571,RING_00221,39,0,38,0,0,0.1,1.0,6861.97,1.0,1.0,0.7768,0.0053,0.0544,0.9446,0.609,0
ACC_003572,RING_00221,39,0,38,0,0,0.1,1.0,6861.97,1.0,1.0,0.7768,0.0053,0.0544,0.9446,0.609,0
ACC_003573,RING_00221,39,0,38,0,0,0.1,1.0,6861.97,1.0,1.0,0.7768,0.0053,0.0544,0.9446,0.609,0
ACC_003574,RING_00221,39,0,38,0,0,0.1,1.0,6861.97,1.0,1.0,0.7768,0.0053,0.0544,0.9446,0.609,0
ACC_003575,RING_00221,39,0,38,0,0,0.1,1.0,6861.97,1.0,1.0,0.7768,0.0053,0.0544,0.9446,0.609,0
ACC_003576,RING_00221,39,0,38,0,0,0.1,1.0,6861.97,1.0,1.0,0.7768,0.0053,0.0544,0.9446,0.609,0
ACC_003577,RING_00221,39,0,38,0,0,0.1,1.0,6861.97,1.0,1.0,0.7768,0.0053,0.0544,0.9446,0.609,0
ACC_003578,RING_00221,39,0,38,0,0,0.1,1.0,6861.97,1.0,1.0,0.7768,0.0053,0.0544,0.9446,0.609,0
ACC_003579,RING_00221,39,0,38,0,0,0.1,1.0,6861.97,1.0,1.0,0.7768,0.0053,0.0544,0.9446,0.609,0
ACC_003580,RING_00221,39,0,38,0,0,0.1,1.0,6861.97,1.0,1.0,0.7768,0.0053,0.0544,0.9446,0.609,0
ACC_003581,RING_00221,39,0,38,0,0,0.1,1.0,6861.97,1.0,1.0,0.7768,0.0053,0.0544,0.9446,0.609,0
ACC_003582,RING_00221,39,0,38,0,0,0.1,1.0,6861.97,1.0,1.0,0.7768,0.0053,0.0544,0.9446,0.609,0
ACC_003583,RING_00221,39,0,38,0,0,0.1,1.0,6861.97,1.0,1.0,0.7768,0.0053,0.0544,0.9446,0.609,0
ACC_003584,RING_00221,39,0,38,0,0,0.1,1.0,6861.97,1.0,1.0,0.7768,0.0053,0.0544,0.9446,0.609,0
ACC_003585,RING_00221,39,0,38,0,0,0.1,1.0,6861.97,1.0,1.0,0.7768,0.0053,0.0544,0.9446,0.609,0
ACC_003586,RING_00221,39,0,38,0,0,0.1,1.0,6861.97,1.0,1.0,0.7768,0.0053,0.0544,0.9446,0.609,0
ACC_003587,RING_00221,39,0,38,0,0,0.1,1.0,6861.97,1.0,1.0,0.7768,0.0053,0.0544,0.9446,0.609,0
ACC_003588,RING_00221,39,0,38,0,0,0.1,1.0,6861.97,1.0,1.0,0.7768,0.0053,0.0544,0.9446,0.609,0
ACC_003589,RING_00221,39,0,38,0,0,0.1,1.0,6861.97,1.0,1.0,0.7768,0.0053,0.0544,0.9446,0.609,0
ACC_003590,RING_00221,39,0,38,0,0,0.1,1.0,6861.97,1.0,1.0,0.7768,0.0053,0.0544,0.9446,0.609,0
ACC_003591,RING_00221,39,0,38,0,0,0.1,1.0,6861.97,1.0,1.0,0.7768,0.0053,0.0544,0.9446,0.609,0
ACC_003592,RING_00221,39,0,38,0,0,0.1,1.0,6861.97,1.0,1.0,0.7768,0.0053,0.0544,0.9446,0.609,0
ACC_003593,RING_00221,39,0,38,0,0,0.1,1.0,6861.97,1.0,1.0,0.7768,0.0053,0.0544,0.9446,0.609,0
ACC_003594,RING_00222,25,0,24,0,0,0.1,1.0,5536.99,1.0,1.0,0.7888,0.0075,0.0568,0.9354,0.6421,0
ACC_003595,RING_00222,25,0,24,0,0,0.1,1.0,5536.99,1.0,1.0,0.7888,0.0075,0.0568,0.9354,0.6421,0
ACC_003596,RING_00222,25,0,24,0,0,0.1,1.0,5536.99,1.0,1.0,0.7888,0.0075,0.0568,0.9354,0.6421,0
ACC_003597,RING_00222,25,0,24,0,0,0.1,1.0,5536.99,1.0,1.0,0.7888,0.0075,0.0568,0.9354,0.6421,0
ACC_003598,RING_00222,25,0,24,0,0,0.1,1.0,5536.99,1.0,1.0,0.7888,0.0075,0.0568,0.9354,0.6421,0
ACC_003599,RING_00222,25,0,24,0,0,0.1,1.0,5536.99,1.0,1.0,0.7888,0.0075,0.0568,0.9354,0.6421,0
ACC_003600,RING_00222,25,0,24,0,0,0.1,1.0,5536.99,1.0,1.0,0.7888,0.0075,0.0568,0.9354,0.6421,0
ACC_003601,RING_00222,25,0,24,0,0,0.1,1.0,5536.99,1.0,1.0,0.7888,0.0075,0.0568,0.9354,0.6421,0
ACC_003602,RING_00222,25,0,24,0,0,0.1,1.0,5536.99,1.0,1.0,0.7888,0.0075,0.0568,0.9354,0.6421,0
ACC_003603,RING_00222,25,0,24,0,0,0.1,1.0,5536.99,1.0,1.0,0.7888,0.0075,0.0568,0.9354,0.6421,0
ACC_003604,RING_00222,25,0,24,0,0,0.1,1.0,5536.99,1.0,1.0,0.7888,0.0075,0.0568,0.9354,0.6421,0
ACC_003605,RING_00222,25,0,24,0,0,0.1,1.0,5536.99,1.0,1.0,0.7888,0.0075,0.0568,0.9354,0.6421,0
ACC_003606,RING_00222,25,0,24,0,0,0.1,1.0,5536.99,1.0,1.0,0.7888,0.0075,0.0568,0.9354,0.6421,0
ACC_003607,RING_00222,25,0,24,0,0,0.1,1.0,5536.99,1.0,1.0,0.7888,0.0075,0.0568,0.9354,0.6421,0
ACC_003608,RING_00222,25,0,24,0,0,0.1,1.0,5536.99,1.0,1.0,0.7888,0.0075,0.0568,0.9354,0.6421,0
ACC_003609,RING_00222,25,0,24,0,0,0.1,1.0,5536.99,1.0,1.0,0.7888,0.0075,0.0568,0.9354,0.6421,0
ACC_003610,RING_00222,25,0,24,0,0,0.1,1.0,5536.99,1.0,1.0,0.7888,0.0075,0.0568,0.9354,0.6421,0
ACC_003611,RING_00222,25,0,24,0,0,0.1,1.0,5536.99,1.0,1.0,0.7888,0.0075,0.0568,0.9354,0.6421,0
ACC_003612,RING_00222,25,0,24,0,0,0.1,1.0,5536.99,1.0,1.0,0.7888,0.0075,0.0568,0.9354,0.6421,0
ACC_003613,RING_00222,25,0,24,0,0,0.1,1.0,5536.99,1.0,1.0,0.7888,0.0075,0.0568,0.9354,0.6421,0
ACC_003614,RING_00222,25,0,24,0,0,0.1,1.0,5536.99,1.0,1.0,0.7888,0.0075,0.0568,0.9354,0.6421,0
ACC_003615,RING_00222,25,0,24,0,0,0.1,1.0,5536.99,1.0,1.0,0.7888,0.0075,0.0568,0.9354,0.6421,0
ACC_003616,RING_00222,25,0,24,0,0,0.1,1.0,5536.99,1.0,1.0,0.7888,0.0075,0.0568,0.9354,0.6421,0
ACC_003617,RING_00222,25,0,24,0,0,0.1,1.0,5536.99,1.0,1.0,0.7888,0.0075,0.0568,0.9354,0.6421,0
ACC_003618,RING_00222,25,0,24,0,0,0.1,1.0,5536.99,1.0,1.0,0.7888,0.0075,0.0568,0.9354,0.6421,0
ACC_003619,RING_00223,1,0,0,0,0,0.0,0.0,0.0,1.0,1.0,1.0,0.1071,0.0611,1.0,1.0,0
ACC_003620,RING_00224,44,0,43,0,0,0.1,1.0,8556.29,1.0,1.0,0.7878,0.0049,0.0467,0.9136,0.6621,0
ACC_003621,RING_00224,44,0,43,0,0,0.1,1.0,8556.29,1.0,1.0,0.7878,0.0049,0.0467,0.9136,0.6621,0
ACC_003622,RING_00224,44,0,43,0,0,0.1,1.0,8556.29,1.0,1.0,0.7878,0.0049,0.0467,0.9136,0.6621,0
ACC_003623,RING_00224,44,0,43,0,0,0.1,1.0,8556.29,1.0,1.0,0.7878,0.0049,0.0467,0.9136,0.6621,0
ACC_003624,RING_00224,44,0,43,0,0,0.1,1.0,8556.29,1.0,1.0,0.7878,0.0049,0.0467,0.9136,0.6621,0
ACC_003625,RING_00224,44,0,43,0,0,0.1,1.0,8556.29,1.0,1.0,0.7878,0.0049,0.0467,0.9136,0.6621,0
ACC_003626,RING_00224,44,0,43,0,0,0.1,1.0,8556.29,1.0,1.0,0.7878,0.0049,0.0467,0.9136,0.6621,0
ACC_003627,RING_00224,44,0,43,0,0,0.1,1.0,8556.29,1.0,1.0,0.7878,0.0049,0.0467,0.9136,0.6621,0
ACC_003628,RING_00224,44,0,43,0,0,0.1,1.0,8556.29,1.0,1.0,0.7878,0.0049,0.0467,0.9136,0.6621,0
ACC_003629,RING_00224,44,0,43,0,0,0.1,1.0,8556.29,1.0,1.0,0.7878,0.0049,0.0467,0.9136,0.6621,0
ACC_003630,RING_00224,44,0,43,0,0,0.1,1.0,8556.29,1.0,1.0,0.7878,0.0049,0.0467,0.9136,0.6621,0
ACC_003631,RING_00224,44,0,43,0,0,0.1,1.0,8556.29,1.0,1.0,0.7878,0.0049,0.0467,0.9136,0.6621,0
ACC_003632,RING_00224,44,0,43,0,0,0.1,1.0,8556.29,1.0,1.0,0.7878,0.0049,0.0467,0.9136,0.6621,0
ACC_003633,RING_00224,44,0,43,0,0,0.1,1.0,8556.29,1.0,1.0,0.7878,0.0049,0.0467,0.9136,0.6621,0
ACC_003634,RING_00224,44,0,43,0,0,0.1,1.0,8556.29,1.0,1.0,0.7878,0.0049,0.0467,0.9136,0.6621,0
ACC_003635,RING_00224,44,0,43,0,0,0.1,1.0,8556.29,1.0,1.0,0.7878,0.0049,0.0467,0.9136,0.6621,0
ACC_003636,RING_00224,44,0,43,0,0,0.1,1.0,8556.29,1.0,1.0,0.7878,0.0049,0.0467,0.9136,0.6621,0
ACC_003637,RING_00224,44,0,43,0,0,0.1,1.0,8556.29,1.0,1.0,0.7878,0.0049,0.0467,0.9136,0.6621,0
ACC_003638,RING_00224,44,0,43,0,0,0.1,1.0,8556.29,1.0,1.0,0.7878,0.0049,0.0467,0.9136,0.6621,0
ACC_003639,RING_00224,44,0,43,0,0,0.1,1.0,8556.29,1.0,1.0,0.7878,0.0049,0.0467,0.9136,0.6621,0
ACC_003640,RING_00224,44,0,43,0,0,0.1,1.0,8556.29,1.0,1.0,0.7878,0.0049,0.0467,0.9136,0.6621,0
ACC_003641,RING_00224,44,0,43,0,0,0.1,1.0,8556.29,1.0,1.0,0.7878,0.0049,0.0467,0.9136,0.6621,0
ACC_003642,RING_00224,44,0,43,0,0,0.1,1.0,8556.29,1.0,1.0,0.7878,0.0049,0.0467,0.9136,0.6621,0
ACC_003643,RING_00224,44,0,43,0,0,0.1,1.0,8556.29,1.0,1.0,0.7878,0.0049,0.0467,0.9136,0.6621,0
ACC_003644,RING_00224,44,0,43,0,0,0.1,1.0,8556.29,1.0,1.0,0.7878,0.0049,0.0467,0.9136,0.6621,0
ACC_003645,RING_00224,44,0,43,0,0,0.1,1.0,8556.29,1.0,1.0,0.7878,0.0049,0.0467,0.9136,0.6621,0
ACC_003646,RING_00224,44,0,43,0,0,0.1,1.0,8556.29,1.0,1.0,0.7878,0.0049,0.0467,0.9136,0.6621,0
ACC_003647,RING_00224,44,0,43,0,0,0.1,1.0,8556.29,1.0,1.0,0.7878,0.0049,0.0467,0.9136,0.6621,0
ACC_003648,RING_00224,44,0,43,0,0,0.1,1.0,8556.29,1.0,1.0,0.7878,0.0049,0.0467,0.9136,0.6621,0
ACC_003649,RING_00224,44,0,43,0,0,0.1,1.0,8556.29,1.0,1.0,0.7878,0.0049,0.0467,0.9136,0.6621,0
ACC_003650,RING_00224,44,0,43,0,0,0.1,1.0,8556.29,1.0,1.0,0.7878,0.0049,0.0467,0.9136,0.6621,0
ACC_003651,RING_00224,44,0,43,0,0,0.1,1.0,8556.29,1.0,1.0,0.7878,0.0049,0.0467,0.9136,0.6621,0
ACC_003652,RING_00224,44,0,43,0,0,0.1,1.0,8556.29,1.0,1.0,0.7878,0.0049,0.0467,0.9136,0.6621,0
ACC_003653,RING_00224,44,0,43,0,0,0.1,1.0,8556.29,1.0,1.0,0.7878,0.0049,0.0467,0.9136,0.6621,0
ACC_003654,RING_00224,44,0,43,0,0,0.1,1.0,8556.29,1.0,1.0,0.7878,0.0049,0.0467,0.9136,0.6621,0
ACC_003655,RING_00224,44,0,43,0,0,0.1,1.0,8556.29,1.0,1.0,0.7878,0.0049,0.0467,0.9136,0.6621,0
ACC_003656,RING_00224,44,0,43,0,0,0.1,1.0,8556.29,1.0,1.0,0.7878,0.0049,0.0467,0.9136,0.6621,0
ACC_003657,RING_00224,44,0,43,0,0,0.1,1.0,8556.29,1.0,1.0,0.7878,0.0049,0.0467,0.9136,0.6621,0
ACC_003658,RING_00224,44,0,43,0,0,0.1,1.0,8556.29,1.0,1.0,0.7878,0.0049,0.0467,0.9136,0.6621,0
ACC_003659,RING_00224,44,0,43,0,0,0.1,1.0,8556.29,1.0,1.0,0.7878,0.0049,0.0467,0.9136,0.6621,0
ACC_003660,RING_00224,44,0,43,0,0,0.1,1.0,8556.29,1.0,1.0,0.7878,0.0049,0.0467,0.9136,0.6621,0
ACC_003661,RING_00224,44,0,43,0,0,0.1,1.0,8556.29,1.0,1.0,0.7878,0.0049,0.0467,0.9136,0.6621,0
ACC_003662,RING_00224,44,0,43,0,0,0.1,1.0,8556.29,1.0,1.0,0.7878,0.0049,0.0467,0.9136,0.6621,0
ACC_003663,RING_00224,44,0,43,0,0,0.1,1.0,8556.29,1.0,1.0,0.7878,0.0049,0.0467,0.9136,0.6621,0
ACC_003664,RING_00225,18,0,0,0,17,0.2,1.0,8987.02,1.0,1.0,0.8222,0.0046,0.0487,0.9417,0.7027,0
ACC_003665,RING_00225,18,0,0,0,17,0.2,1.0,8987.02,1.0,1.0,0.8222,0.0046,0.0487,0.9417,0.7027,0
ACC_003666,RING_00225,18,0,0,0,17,0.2,1.0,8987.02,1.0,1.0,0.8222,0.0046,0.0487,0.9417,0.7027,0
ACC_003667,RING_00225,18,0,0,0,17,0.2,1.0,8987.02,1.0,1.0,0.8222,0.0046,0.0487,0.9417,0.7027,0
ACC_003668,RING_00225,18,0,0,0,17,0.2,1.0,8987.02,1.0,1.0,0.8222,0.0046,0.0487,0.9417,0.7027,0
ACC_003669,RING_00225,18,0,0,0,17,0.2,1.0,8987.02,1.0,1.0,0.8222,0.0046,0.0487,0.9417,0.7027,0
ACC_003670,RING_00225,18,0,0,0,17,0.2,1.0,8987.02,1.0,1.0,0.8222,0.0046,0.0487,0.9417,0.7027,0
ACC_003671,RING_00225,18,0,0,0,17,0.2,1.0,8987.02,1.0,1.0,0.8222,0.0046,0.0487,0.9417,0.7027,0
ACC_003672,RING_00225,18,0,0,0,17,0.2,1.0,8987.02,1.0,1.0,0.8222,0.0046,0.0487,0.9417,0.7027,0
ACC_003673,RING_00225,18,0,0,0,17,0.2,1.0,8987.02,1.0,1.0,0.8222,0.0046,0.0487,0.9417,0.7027,0
ACC_003674,RING_00225,18,0,0,0,17,0.2,1.0,8987.02,1.0,1.0,0.8222,0.0046,0.0487,0.9417,0.7027,0
ACC_003675,RING_00225,18,0,0,0,17,0.2,1.0,8987.02,1.0,1.0,0.8222,0.0046,0.0487,0.9417,0.7027,0
ACC_003676,RING_00225,18,0,0,0,17,0.2,1.0,8987.02,1.0,1.0,0.8222,0.0046,0.0487,0.9417,0.7027,0
ACC_003677,RING_00225,18,0,0,0,17,0.2,1.0,8987.02,1.0,1.0,0.8222,0.0046,0.0487,0.9417,0.7027,0
ACC_003678,RING_00225,18,0,0,0,17,0.2,1.0,8987.02,1.0,1.0,0.8222,0.0046,0.0487,0.9417,0.7027,0
ACC_003679,RING_00225,18,0,0,0,17,0.2,1.0,8987.02,1.0,1.0,0.8222,0.0046,0.0487,0.9417,0.7027,0
ACC_003680,RING_00225,18,0,0,0,17,0.2,1.0,8987.02,1.0,1.0,0.8222,0.0046,0.0487,0.9417,0.7027,0
ACC_003681,RING_00225,18,0,0,0,17,0.2,1.0,8987.02,1.0,1.0,0.8222,0.0046,0.0487,0.9417,0.7027,0
ACC_003682,RING_00226,1,0,0,0,0,0.0,0.0,0.0,1.0,1.0,1.0,0.1071,0.0317,1.0,1.0,0
ACC_003683,RING_00227,1,0,0,0,0,0.0,0.0,0.0,1.0,1.0,1.0,0.1071,0.0431,1.0,1.0,0
ACC_003684,RING_00228,1,0,0,0,0,0.0,0.0,0.0,1.0,1.0,1.0,0.1071,0.0305,1.0,1.0,0
ACC_003685,RING_00229,23,0,22,0,0,0.1,1.0,6473.8,1.0,1.0,0.7859,0.0054,0.0458,0.9424,0.6295,0
ACC_003686,RING_00229,23,0,22,0,0,0.1,1.0,6473.8,1.0,1.0,0.7859,0.0054,0.0458,0.9424,0.6295,0
ACC_003687,RING_00229,23,0,22,0,0,0.1,1.0,6473.8,1.0,1.0,0.7859,0.0054,0.0458,0.9424,0.6295,0
ACC_003688,RING_00229,23,0,22,0,0,0.1,1.0,6473.8,1.0,1.0,0.7859,0.0054,0.0458,0.9424,0.6295,0
ACC_003689,RING_00229,23,0,22,0,0,0.1,1.0,6473.8,1.0,1.0,0.7859,0.0054,0.0458,0.9424,0.6295,0
ACC_003690,RING_00229,23,0,22,0,0,0.1,1.0,6473.8,1.0,1.0,0.7859,0.0054,0.0458,0.9424,0.6295,0
ACC_003691,RING_00229,23,0,22,0,0,0.1,1.0,6473.8,1.0,1.0,0.7859,0.0054,0.0458,0.9424,0.6295,0
ACC_003692,RING_00229,23,0,22,0,0,0.1,1.0,6473.8,1.0,1.0,0.7859,0.0054,0.0458,0.9424,0.6295,0
ACC_003693,RING_00229,23,0,22,0,0,0.1,1.0,6473.8,1.0,1.0,0.7859,0.0054,0.0458,0.9424,0.6295,0
ACC_003694,RING_00229,23,0,22,0,0,0.1,1.0,6473.8,1.0,1.0,0.7859,0.0054,0.0458,0.9424,0.6295,0
ACC_003695,RING_00229,23,0,22,0,0,0.1,1.0,6473.8,1.0,1.0,0.7859,0.0054,0.0458,0.9424,0.6295,0
ACC_003696,RING_00229,23,0,22,0,0,0.1,1.0,6473.8,1.0,1.0,0.7859,0.0054,0.0458,0.9424,0.6295,0
ACC_003697,RING_00229,23,0,22,0,0,0.1,1.0,6473.8,1.0,1.0,0.7859,0.0054,0.0458,0.9424,0.6295,0
ACC_003698,RING_00229,23,0,22,0,0,0.1,1.0,6473.8,1.0,1.0,0.7859,0.0054,0.0458,0.9424,0.6295,0
ACC_003699,RING_00229,23,0,22,0,0,0.1,1.0,6473.8,1.0,1.0,0.7859,0.0054,0.0458,0.9424,0.6295,0
ACC_003700,RING_00229,23,0,22,0,0,0.1,1.0,6473.8,1.0,1.0,0.7859,0.0054,0.0458,0.9424,0.6295,0
ACC_003701,RING_00229,23,0,22,0,0,0.1,1.0,6473.8,1.0,1.0,0.7859,0.0054,0.0458,0.9424,0.6295,0
ACC_003702,RING_00229,23,0,22,0,0,0.1,1.0,6473.8,1.0,1.0,0.7859,0.0054,0.0458,0.9424,0.6295,0
ACC_003703,RING_00229,23,0,22,0,0,0.1,1.0,6473.8,1.0,1.0,0.7859,0.0054,0.0458,0.9424,0.6295,0
ACC_003704,RING_00229,23,0,22,0,0,0.1,1.0,6473.8,1.0,1.0,0.7859,0.0054,0.0458,0.9424,0.6295,0
ACC_003705,RING_00229,23,0,22,0,0,0.1,1.0,6473.8,1.0,1.0,0.7859,0.0054,0.0458,0.9424,0.6295,0
ACC_003706,RING_00229,23,0,22,0,0,0.1,1.0,6473.8,1.0,1.0,0.7859,0.0054,0.0458,0.9424,0.6295,0
ACC_003707,RING_00229,23,0,22,0,0,0.1,1.0,6473.8,1.0,1.0,0.7859,0.0054,0.0458,0.9424,0.6295,0
ACC_003708,RING_00230,15,14,0,0,0,0.3,1.0,6669.37,15.0,1.0,0.8174,0.0058,0.0424,0.9347,0.7001,0
ACC_003709,RING_00230,15,14,0,0,0,0.3,1.0,6669.37,15.0,1.0,0.8174,0.0058,0.0424,0.9347,0.7001,0
ACC_003710,RING_00230,15,14,0,0,0,0.3,1.0,6669.37,15.0,1.0,0.8174,0.0058,0.0424,0.9347,0.7001,0
ACC_003711,RING_00230,15,14,0,0,0,0.3,1.0,6669.37,15.0,1.0,0.8174,0.0058,0.0424,0.9347,0.7001,0
ACC_003712,RING_00230,15,14,0,0,0,0.3,1.0,6669.37,15.0,1.0,0.8174,0.0058,0.0424,0.9347,0.7001,0
ACC_003713,RING_00230,15,14,0,0,0,0.3,1.0,6669.37,15.0,1.0,0.8174,0.0058,0.0424,0.9347,0.7001,0
ACC_003714,RING_00230,15,14,0,0,0,0.3,1.0,6669.37,15.0,1.0,0.8174,0.0058,0.0424,0.9347,0.7001,0
ACC_003715,RING_00230,15,14,0,0,0,0.3,1.0,6669.37,15.0,1.0,0.8174,0.0058,0.0424,0.9347,0.7001,0
ACC_003716,RING_00230,15,14,0,0,0,0.3,1.0,6669.37,15.0,1.0,0.8174,0.0058,0.0424,0.9347,0.7001,0
ACC_003717,RING_00230,15,14,0,0,0,0.3,1.0,6669.37,15.0,1.0,0.8174,0.0058,0.0424,0.9347,0.7001,0
ACC_003718,RING_00230,15,14,0,0,0,0.3,1.0,6669.37,15.0,1.0,0.8174,0.0058,0.0424,0.9347,0.7001,0
ACC_003719,RING_00230,15,14,0,0,0,0.3,1.0,6669.37,15.0,1.0,0.8174,0.0058,0.0424,0.9347,0.7001,0
ACC_003720,RING_00230,15,14,0,0,0,0.3,1.0,6669.37,15.0,1.0,0.8174,0.0058,0.0424,0.9347,0.7001,0
ACC_003721,RING_00230,15,14,0,0,0,0.3,1.0,6669.37,15.0,1.0,0.8174,0.0058,0.0424,0.9347,0.7001,0
ACC_003722,RING_00230,15,14,0,0,0,0.3,1.0,6669.37,15.0,1.0,0.8174,0.0058,0.0424,0.9347,0.7001,0
ACC_003723,RING_00231,8,0,0,0,7,0.2,1.0,255.24,1.0,1.0,0.8544,0.1092,0.7866,0.9178,0.791,1
ACC_003724,RING_00231,8,0,0,0,7,0.2,1.0,255.24,1.0,1.0,0.8544,0.1092,0.7866,0.9178,0.791,1
ACC_003725,RING_00231,8,0,0,0,7,0.2,1.0,255.24,1.0,1.0,0.8544,0.1092,0.7866,0.9178,0.791,1
ACC_003726,RING_00231,8,0,0,0,7,0.2,1.0,255.24,1.0,1.0,0.8544,0.1092,0.7866,0.9178,0.791,1
ACC_003727,RING_00231,8,0,0,0,7,0.2,1.0,255.24,1.0,1.0,0.8544,0.1092,0.7866,0.9178,0.791,1
ACC_003728,RING_00231,8,0,0,0,7,0.2,1.0,255.24,1.0,1.0,0.8544,0.1092,0.7866,0.9178,0.791,1
ACC_003729,RING_00231,8,0,0,0,7,0.2,1.0,255.24,1.0,1.0,0.8544,0.1092,0.7866,0.9178,0.791,1
ACC_003730,RING_00231,8,0,0,0,7,0.2,1.0,255.24,1.0,1.0,0.8544,0.1092,0.7866,0.9178,0.791,1
ACC_003731,RING_00232,29,0,0,0,28,0.2,1.0,7830.05,1.0,1.0,0.8153,0.005,0.0417,0.9211,0.7095,0
ACC_003732,RING_00232,29,0,0,0,28,0.2,1.0,7830.05,1.0,1.0,0.8153,0.005,0.0417,0.9211,0.7095,0
ACC_003733,RING_00232,29,0,0,0,28,0.2,1.0,7830.05,1.0,1.0,0.8153,0.005,0.0417,0.9211,0.7095,0
ACC_003734,RING_00232,29,0,0,0,28,0.2,1.0,7830.05,1.0,1.0,0.8153,0.005,0.0417,0.9211,0.7095,0
ACC_003735,RING_00232,29,0,0,0,28,0.2,1.0,7830.05,1.0,1.0,0.8153,0.005,0.0417,0.9211,0.7095,0
ACC_003736,RING_00232,29,0,0,0,28,0.2,1.0,7830.05,1.0,1.0,0.8153,0.005,0.0417,0.9211,0.7095,0
ACC_003737,RING_00232,29,0,0,0,28,0.2,1.0,7830.05,1.0,1.0,0.8153,0.005,0.0417,0.9211,0.7095,0
ACC_003738,RING_00232,29,0,0,0,28,0.2,1.0,7830.05,1.0,1.0,0.8153,0.005,0.0417,0.9211,0.7095,0
ACC_003739,RING_00232,29,0,0,0,28,0.2,1.0,7830.05,1.0,1.0,0.8153,0.005,0.0417,0.9211,0.7095,0
ACC_003740,RING_00232,29,0,0,0,28,0.2,1.0,7830.05,1.0,1.0,0.8153,0.005,0.0417,0.9211,0.7095,0
ACC_003741,RING_00232,29,0,0,0,28,0.2,1.0,7830.05,1.0,1.0,0.8153,0.005,0.0417,0.9211,0.7095,0
ACC_003742,RING_00232,29,0,0,0,28,0.2,1.0,7830.05,1.0,1.0,0.8153,0.005,0.0417,0.9211,0.7095,0
ACC_003743,RING_00232,29,0,0,0,28,0.2,1.0,7830.05,1.0,1.0,0.8153,0.005,0.0417,0.9211,0.7095,0
ACC_003744,RING_00232,29,0,0,0,28,0.2,1.0,7830.05,1.0,1.0,0.8153,0.005,0.0417,0.9211,0.7095,0
ACC_003745,RING_00232,29,0,0,0,28,0.2,1.0,7830.05,1.0,1.0,0.8153,0.005,0.0417,0.9211,0.7095,0
ACC_003746,RING_00232,29,0,0,0,28,0.2,1.0,7830.05,1.0,1.0,0.8153,0.005,0.0417,0.9211,0.7095,0
ACC_003747,RING_00232,29,0,0,0,28,0.2,1.0,7830.05,1.0,1.0,0.8153,0.005,0.0417,0.9211,0.7095,0
ACC_003748,RING_00232,29,0,0,0,28,0.2,1.0,7830.05,1.0,1.0,0.8153,0.005,0.0417,0.9211,0.7095,0
ACC_003749,RING_00232,29,0,0,0,28,0.2,1.0,7830.05,1.0,1.0,0.8153,0.005,0.0417,0.9211,0.7095,0
ACC_003750,RING_00232,29,0,0,0,28,0.2,1.0,7830.05,1.0,1.0,0.8153,0.005,0.0417,0.9211,0.7095,0
ACC_003751,RING_00232,29,0,0,0,28,0.2,1.0,7830.05,1.0,1.0,0.8153,0.005,0.0417,0.9211,0.7095,0
ACC_003752,RING_00232,29,0,0,0,28,0.2,1.0,7830.05,1.0,1.0,0.8153,0.005,0.0417,0.9211,0.7095,0
ACC_003753,RING_00232,29,0,0,0,28,0.2,1.0,7830.05,1.0,1.0,0.8153,0.005,0.0417,0.9211,0.7095,0
ACC_003754,RING_00232,29,0,0,0,28,0.2,1.0,7830.05,1.0,1.0,0.8153,0.005,0.0417,0.9211,0.7095,0
ACC_003755,RING_00232,29,0,0,0,28,0.2,1.0,7830.05,1.0,1.0,0.8153,0.005,0.0417,0.9211,0.7095,0
ACC_003756,RING_00232,29,0,0,0,28,0.2,1.0,7830.05,1.0,1.0,0.8153,0.005,0.0417,0.9211,0.7095,0
ACC_003757,RING_00232,29,0,0,0,28,0.2,1.0,7830.05,1.0,1.0,0.8153,0.005,0.0417,0.9211,0.7095,0
ACC_003758,RING_00232,29,0,0,0,28,0.2,1.0,7830.05,1.0,1.0,0.8153,0.005,0.0417,0.9211,0.7095,0
ACC_003759,RING_00232,29,0,0,0,28,0.2,1.0,7830.05,1.0,1.0,0.8153,0.005,0.0417,0.9211,0.7095,0
ACC_003760,RING_00233,1,0,0,0,0,0.0,0.0,0.0,1.0,1.0,1.0,0.1071,0.0599,1.0,1.0,0
ACC_003761,RING_00234,7,0,0,6,0,0.4,1.0,6036.76,0.1429,7.0,0.7138,0.0052,0.0328,0.9266,0.501,0
ACC_003762,RING_00234,7,0,0,6,0,0.4,1.0,6036.76,0.1429,7.0,0.7138,0.0052,0.0328,0.9266,0.501,0
ACC_003763,RING_00234,7,0,0,6,0,0.4,1.0,6036.76,0.1429,7.0,0.7138,0.0052,0.0328,0.9266,0.501,0
ACC_003764,RING_00234,7,0,0,6,0,0.4,1.0,6036.76,0.1429,7.0,0.7138,0.0052,0.0328,0.9266,0.501,0
ACC_003765,RING_00234,7,0,0,6,0,0.4,1.0,6036.76,0.1429,7.0,0.7138,0.0052,0.0328,0.9266,0.501,0
ACC_003766,RING_00234,7,0,0,6,0,0.4,1.0,6036.76,0.1429,7.0,0.7138,0.0052,0.0328,0.9266,0.501,0
ACC_003767,RING_00234,7,0,0,6,0,0.4,1.0,6036.76,0.1429,7.0,0.7138,0.0052,0.0328,0.9266,0.501,0
ACC_003768,RING_00235,1,0,0,0,0,0.0,0.0,0.0,1.0,1.0,1.0,0.1071,0.0508,1.0,1.0,0
ACC_003769,RING_00236,21,0,0,20,0,0.4,1.0,8086.91,0.0476,21.0,0.8065,0.0049,0.0437,0.9083,0.7047,0
ACC_003770,RING_00236,21,0,0,20,0,0.4,1.0,8086.91,0.0476,21.0,0.8065,0.0049,0.0437,0.9083,0.7047,0
ACC_003771,RING_00236,21,0,0,20,0,0.4,1.0,8086.91,0.0476,21.0,0.8065,0.0049,0.0437,0.9083,0.7047,0
ACC_003772,RING_00236,21,0,0,20,0,0.4,1.0,8086.91,0.0476,21.0,0.8065,0.0049,0.0437,0.9083,0.7047,0
ACC_003773,RING_00236,21,0,0,20,0,0.4,1.0,8086.91,0.0476,21.0,0.8065,0.0049,0.0437,0.9083,0.7047,0
ACC_003774,RING_00236,21,0,0,20,0,0.4,1.0,8086.91,0.0476,21.0,0.8065,0.0049,0.0437,0.9083,0.7047,0
ACC_003775,RING_00236,21,0,0,20,0,0.4,1.0,8086.91,0.0476,21.0,0.8065,0.0049,0.0437,0.9083,0.7047,0
ACC_003776,RING_00236,21,0,0,20,0,0.4,1.0,8086.91,0.0476,21.0,0.8065,0.0049,0.0437,0.9083,0.7047,0
ACC_003777,RING_00236,21,0,0,20,0,0.4,1.0,8086.91,0.0476,21.0,0.8065,0.0049,0.0437,0.9083,0.7047,0
ACC_003778,RING_00236,21,0,0,20,0,0.4,1.0,8086.91,0.0476,21.0,0.8065,0.0049,0.0437,0.9083,0.7047,0
ACC_003779,RING_00236,21,0,0,20,0,0.4,1.0,8086.91,0.0476,21.0,0.8065,0.0049,0.0437,0.9083,0.7047,0
ACC_003780,RING_00236,21,0,0,20,0,0.4,1.0,8086.91,0.0476,21.0,0.8065,0.0049,0.0437,0.9083,0.7047,0
ACC_003781,RING_00236,21,0,0,20,0,0.4,1.0,8086.91,0.0476,21.0,0.8065,0.0049,0.0437,0.9083,0.7047,0
ACC_003782,RING_00236,21,0,0,20,0,0.4,1.0,8086.91,0.0476,21.0,0.8065,0.0049,0.0437,0.9083,0.7047,0
ACC_003783,RING_00236,21,0,0,20,0,0.4,1.0,8086.91,0.0476,21.0,0.8065,0.0049,0.0437,0.9083,0.7047,0
ACC_003784,RING_00236,21,0,0,20,0,0.4,1.0,8086.91,0.0476,21.0,0.8065,0.0049,0.0437,0.9083,0.7047,0
ACC_003785,RING_00236,21,0,0,20,0,0.4,1.0,8086.91,0.0476,21.0,0.8065,0.0049,0.0437,0.9083,0.7047,0
ACC_003786,RING_00236,21,0,0,20,0,0.4,1.0,8086.91,0.0476,21.0,0.8065,0.0049,0.0437,0.9083,0.7047,0
ACC_003787,RING_00236,21,0,0,20,0,0.4,1.0,8086.91,0.0476,21.0,0.8065,0.0049,0.0437,0.9083,0.7047,0
ACC_003788,RING_00236,21,0,0,20,0,0.4,1.0,8086.91,0.0476,21.0,0.8065,0.0049,0.0437,0.9083,0.7047,0
ACC_003789,RING_00236,21,0,0,20,0,0.4,1.0,8086.91,0.0476,21.0,0.8065,0.0049,0.0437,0.9083,0.7047,0
ACC_003790,RING_00237,11,0,0,0,10,0.2,1.0,472.37,1.0,1.0,0.8436,0.0711,0.796,0.9215,0.7656,1
ACC_003791,RING_00237,11,0,0,0,10,0.2,1.0,472.37,1.0,1.0,0.8436,0.0711,0.796,0.9215,0.7656,1
ACC_003792,RING_00237,11,0,0,0,10,0.2,1.0,472.37,1.0,1.0,0.8436,0.0711,0.796,0.9215,0.7656,1
ACC_003793,RING_00237,11,0,0,0,10,0.2,1.0,472.37,1.0,1.0,0.8436,0.0711,0.796,0.9215,0.7656,1
ACC_003794,RING_00237,11,0,0,0,10,0.2,1.0,472.37,1.0,1.0,0.8436,0.0711,0.796,0.9215,0.7656,1
ACC_003795,RING_00237,11,0,0,0,10,0.2,1.0,472.37,1.0,1.0,0.8436,0.0711,0.796,0.9215,0.7656,1
ACC_003796,RING_00237,11,0,0,0,10,0.2,1.0,472.37,1.0,1.0,0.8436,0.0711,0.796,0.9215,0.7656,1
ACC_003797,RING_00237,11,0,0,0,10,0.2,1.0,472.37,1.0,1.0,0.8436,0.0711,0.796,0.9215,0.7656,1
ACC_003798,RING_00237,11,0,0,0,10,0.2,1.0,472.37,1.0,1.0,0.8436,0.0711,0.796,0.9215,0.7656,1
ACC_003799,RING_00237,11,0,0,0,10,0.2,1.0,472.37,1.0,1.0,0.8436,0.0711,0.796,0.9215,0.7656,1
ACC_003800,RING_00237,11,0,0,0,10,0.2,1.0,472.37,1.0,1.0,0.8436,0.0711,0.796,0.9215,0.7656,1
ACC_003801,RING_00238,4,0,0,3,0,0.4,1.0,4378.85,0.25,4.0,0.799,0.0075,0.0452,0.9077,0.6903,0
ACC_003802,RING_00238,4,0,0,3,0,0.4,1.0,4378.85,0.25,4.0,0.799,0.0075,0.0452,0.9077,0.6903,0
ACC_003803,RING_00238,4,0,0,3,0,0.4,1.0,4378.85,0.25,4.0,0.799,0.0075,0.0452,0.9077,0.6903,0
ACC_003804,RING_00238,4,0,0,3,0,0.4,1.0,4378.85,0.25,4.0,0.799,0.0075,0.0452,0.9077,0.6903,0
ACC_003805,RING_00239,41,0,40,0,0,0.1,1.0,6859.59,1.0,1.0,0.7512,0.0061,0.0519,0.944,0.5584,0
ACC_003806,RING_00239,41,0,40,0,0,0.1,1.0,6859.59,1.0,1.0,0.7512,0.0061,0.0519,0.944,0.5584,0
ACC_003807,RING_00239,41,0,40,0,0,0.1,1.0,6859.59,1.0,1.0,0.7512,0.0061,0.0519,0.944,0.5584,0
ACC_003808,RING_00239,41,0,40,0,0,0.1,1.0,6859.59,1.0,1.0,0.7512,0.0061,0.0519,0.944,0.5584,0
ACC_003809,RING_00239,41,0,40,0,0,0.1,1.0,6859.59,1.0,1.0,0.7512,0.0061,0.0519,0.944,0.5584,0
ACC_003810,RING_00239,41,0,40,0,0,0.1,1.0,6859.59,1.0,1.0,0.7512,0.0061,0.0519,0.944,0.5584,0
ACC_003811,RING_00239,41,0,40,0,0,0.1,1.0,6859.59,1.0,1.0,0.7512,0.0061,0.0519,0.944,0.5584,0
ACC_003812,RING_00239,41,0,40,0,0,0.1,1.0,6859.59,1.0,1.0,0.7512,0.0061,0.0519,0.944,0.5584,0
ACC_003813,RING_00239,41,0,40,0,0,0.1,1.0,6859.59,1.0,1.0,0.7512,0.0061,0.0519,0.944,0.5584,0
ACC_003814,RING_00239,41,0,40,0,0,0.1,1.0,6859.59,1.0,1.0,0.7512,0.0061,0.0519,0.944,0.5584,0
ACC_003815,RING_00239,41,0,40,0,0,0.1,1.0,6859.59,1.0,1.0,0.7512,0.0061,0.0519,0.944,0.5584,0
ACC_003816,RING_00239,41,0,40,0,0,0.1,1.0,6859.59,1.0,1.0,0.7512,0.0061,0.0519,0.944,0.5584,0
ACC_003817,RING_00239,41,0,40,0,0,0.1,1.0,6859.59,1.0,1.0,0.7512,0.0061,0.0519,0.944,0.5584,0
ACC_003818,RING_00239,41,0,40,0,0,0.1,1.0,6859.59,1.0,1.0,0.7512,0.0061,0.0519,0.944,0.5584,0
ACC_003819,RING_00239,41,0,40,0,0,0.1,1.0,6859.59,1.0,1.0,0.7512,0.0061,0.0519,0.944,0.5584,0
ACC_003820,RING_00239,41,0,40,0,0,0.1,1.0,6859.59,1.0,1.0,0.7512,0.0061,0.0519,0.944,0.5584,0
ACC_003821,RING_00239,41,0,40,0,0,0.1,1.0,6859.59,1.0,1.0,0.7512,0.0061,0.0519,0.944,0.5584,0
ACC_003822,RING_00239,41,0,40,0,0,0.1,1.0,6859.59,1.0,1.0,0.7512,0.0061,0.0519,0.944,0.5584,0
ACC_003823,RING_00239,41,0,40,0,0,0.1,1.0,6859.59,1.0,1.0,0.7512,0.0061,0.0519,0.944,0.5584,0
ACC_003824,RING_00239,41,0,40,0,0,0.1,1.0,6859.59,1.0,1.0,0.7512,0.0061,0.0519,0.944,0.5584,0
ACC_003825,RING_00239,41,0,40,0,0,0.1,1.0,6859.59,1.0,1.0,0.7512,0.0061,0.0519,0.944,0.5584,0
ACC_003826,RING_00239,41,0,40,0,0,0.1,1.0,6859.59,1.0,1.0,0.7512,0.0061,0.0519,0.944,0.5584,0
ACC_003827,RING_00239,41,0,40,0,0,0.1,1.0,6859.59,1.0,1.0,0.7512,0.0061,0.0519,0.944,0.5584,0
ACC_003828,RING_00239,41,0,40,0,0,0.1,1.0,6859.59,1.0,1.0,0.7512,0.0061,0.0519,0.944,0.5584,0
ACC_003829,RING_00239,41,0,40,0,0,0.1,1.0,6859.59,1.0,1.0,0.7512,0.0061,0.0519,0.944,0.5584,0
ACC_003830,RING_00239,41,0,40,0,0,0.1,1.0,6859.59,1.0,1.0,0.7512,0.0061,0.0519,0.944,0.5584,0
ACC_003831,RING_00239,41,0,40,0,0,0.1,1.0,6859.59,1.0,1.0,0.7512,0.0061,0.0519,0.944,0.5584,0
ACC_003832,RING_00239,41,0,40,0,0,0.1,1.0,6859.59,1.0,1.0,0.7512,0.0061,0.0519,0.944,0.5584,0
ACC_003833,RING_00239,41,0,40,0,0,0.1,1.0,6859.59,1.0,1.0,0.7512,0.0061,0.0519,0.944,0.5584,0
ACC_003834,RING_00239,41,0,40,0,0,0.1,1.0,6859.59,1.0,1.0,0.7512,0.0061,0.0519,0.944,0.5584,0
ACC_003835,RING_00239,41,0,40,0,0,0.1,1.0,6859.59,1.0,1.0,0.7512,0.0061,0.0519,0.944,0.5584,0
ACC_003836,RING_00239,41,0,40,0,0,0.1,1.0,6859.59,1.0,1.0,0.7512,0.0061,0.0519,0.944,0.5584,0
ACC_003837,RING_00239,41,0,40,0,0,0.1,1.0,6859.59,1.0,1.0,0.7512,0.0061,0.0519,0.944,0.5584,0
ACC_003838,RING_00239,41,0,40,0,0,0.1,1.0,6859.59,1.0,1.0,0.7512,0.0061,0.0519,0.944,0.5584,0
ACC_003839,RING_00239,41,0,40,0,0,0.1,1.0,6859.59,1.0,1.0,0.7512,0.0061,0.0519,0.944,0.5584,0
ACC_003840,RING_00239,41,0,40,0,0,0.1,1.0,6859.59,1.0,1.0,0.7512,0.0061,0.0519,0.944,0.5584,0
ACC_003841,RING_00239,41,0,40,0,0,0.1,1.0,6859.59,1.0,1.0,0.7512,0.0061,0.0519,0.944,0.5584,0
ACC_003842,RING_00239,41,0,40,0,0,0.1,1.0,6859.59,1.0,1.0,0.7512,0.0061,0.0519,0.944,0.5584,0
ACC_003843,RING_00239,41,0,40,0,0,0.1,1.0,6859.59,1.0,1.0,0.7512,0.0061,0.0519,0.944,0.5584,0
ACC_003844,RING_00239,41,0,40,0,0,0.1,1.0,6859.59,1.0,1.0,0.7512,0.0061,0.0519,0.944,0.5584,0
ACC_003845,RING_00239,41,0,40,0,0,0.1,1.0,6859.59,1.0,1.0,0.7512,0.0061,0.0519,0.944,0.5584,0
ACC_003846,RING_00240,4,0,0,3,0,0.4,1.0,4092.97,0.25,4.0,0.7224,0.0078,0.0621,0.8853,0.5596,0
ACC_003847,RING_00240,4,0,0,3,0,0.4,1.0,4092.97,0.25,4.0,0.7224,0.0078,0.0621,0.8853,0.5596,0
ACC_003848,RING_00240,4,0,0,3,0,0.4,1.0,4092.97,0.25,4.0,0.7224,0.0078,0.0621,0.8853,0.5596,0
ACC_003849,RING_00240,4,0,0,3,0,0.4,1.0,4092.97,0.25,4.0,0.7224,0.0078,0.0621,0.8853,0.5596,0
ACC_003850,RING_00241,1,0,0,0,0,0.0,0.0,0.0,1.0,1.0,1.0,0.1071,0.0178,1.0,1.0,0
ACC_003851,RING_00242,20,19,19,19,19,1.0,1.0,0.39,1.0,20.0,0.9904,0.9893,0.8464,1.0,0.9809,1
ACC_003852,RING_00242,20,19,19,19,19,1.0,1.0,0.39,1.0,20.0,0.9904,0.9893,0.8464,1.0,0.9809,1
ACC_003853,RING_00242,20,19,19,19,19,1.0,1.0,0.39,1.0,20.0,0.9904,0.9893,0.8464,1.0,0.9809,1
ACC_003854,RING_00242,20,19,19,19,19,1.0,1.0,0.39,1.0,20.0,0.9904,0.9893,0.8464,1.0,0.9809,1
ACC_003855,RING_00242,20,19,19,19,19,1.0,1.0,0.39,1.0,20.0,0.9904,0.9893,0.8464,1.0,0.9809,1
ACC_003856,RING_00242,20,19,19,19,19,1.0,1.0,0.39,1.0,20.0,0.9904,0.9893,0.8464,1.0,0.9809,1
ACC_003857,RING_00242,20,19,19,19,19,1.0,1.0,0.39,1.0,20.0,0.9904,0.9893,0.8464,1.0,0.9809,1
ACC_003858,RING_00242,20,19,19,19,19,1.0,1.0,0.39,1.0,20.0,0.9904,0.9893,0.8464,1.0,0.9809,1
ACC_003859,RING_00242,20,19,19,19,19,1.0,1.0,0.39,1.0,20.0,0.9904,0.9893,0.8464,1.0,0.9809,1
ACC_003860,RING_00242,20,19,19,19,19,1.0,1.0,0.39,1.0,20.0,0.9904,0.9893,0.8464,1.0,0.9809,1
ACC_003861,RING_00242,20,19,19,19,19,1.0,1.0,0.39,1.0,20.0,0.9904,0.9893,0.8464,1.0,0.9809,1
ACC_003862,RING_00242,20,19,19,19,19,1.0,1.0,0.39,1.0,20.0,0.9904,0.9893,0.8464,1.0,0.9809,1
ACC_003863,RING_00242,20,19,19,19,19,1.0,1.0,0.39,1.0,20.0,0.9904,0.9893,0.8464,1.0,0.9809,1
ACC_003864,RING_00242,20,19,19,19,19,1.0,1.0,0.39,1.0,20.0,0.9904,0.9893,0.8464,1.0,0.9809,1
ACC_003865,RING_00242,20,19,19,19,19,1.0,1.0,0.39,1.0,20.0,0.9904,0.9893,0.8464,1.0,0.9809,1
ACC_003866,RING_00242,20,19,19,19,19,1.0,1.0,0.39,1.0,20.0,0.9904,0.9893,0.8464,1.0,0.9809,1
ACC_003867,RING_00242,20,19,19,19,19,1.0,1.0,0.39,1.0,20.0,0.9904,0.9893,0.8464,1.0,0.9809,1
ACC_003868,RING_00242,20,19,19,19,19,1.0,1.0,0.39,1.0,20.0,0.9904,0.9893,0.8464,1.0,0.9809,1
ACC_003869,RING_00242,20,19,19,19,19,1.0,1.0,0.39,1.0,20.0,0.9904,0.9893,0.8464,1.0,0.9809,1
ACC_003870,RING_00242,20,19,19,19,19,1.0,1.0,0.39,1.0,20.0,0.9904,0.9893,0.8464,1.0,0.9809,1
ACC_003871,RING_00243,50,0,49,0,0,0.1,1.0,8423.36,1.0,1.0,0.7802,0.0047,0.0494,0.9104,0.6499,0
ACC_003872,RING_00243,50,0,49,0,0,0.1,1.0,8423.36,1.0,1.0,0.7802,0.0047,0.0494,0.9104,0.6499,0
ACC_003873,RING_00243,50,0,49,0,0,0.1,1.0,8423.36,1.0,1.0,0.7802,0.0047,0.0494,0.9104,0.6499,0
ACC_003874,RING_00243,50,0,49,0,0,0.1,1.0,8423.36,1.0,1.0,0.7802,0.0047,0.0494,0.9104,0.6499,0
ACC_003875,RING_00243,50,0,49,0,0,0.1,1.0,8423.36,1.0,1.0,0.7802,0.0047,0.0494,0.9104,0.6499,0
ACC_003876,RING_00243,50,0,49,0,0,0.1,1.0,8423.36,1.0,1.0,0.7802,0.0047,0.0494,0.9104,0.6499,0
ACC_003877,RING_00243,50,0,49,0,0,0.1,1.0,8423.36,1.0,1.0,0.7802,0.0047,0.0494,0.9104,0.6499,0
ACC_003878,RING_00243,50,0,49,0,0,0.1,1.0,8423.36,1.0,1.0,0.7802,0.0047,0.0494,0.9104,0.6499,0
ACC_003879,RING_00243,50,0,49,0,0,0.1,1.0,8423.36,1.0,1.0,0.7802,0.0047,0.0494,0.9104,0.6499,0
ACC_003880,RING_00243,50,0,49,0,0,0.1,1.0,8423.36,1.0,1.0,0.7802,0.0047,0.0494,0.9104,0.6499,0
ACC_003881,RING_00243,50,0,49,0,0,0.1,1.0,8423.36,1.0,1.0,0.7802,0.0047,0.0494,0.9104,0.6499,0
ACC_003882,RING_00243,50,0,49,0,0,0.1,1.0,8423.36,1.0,1.0,0.7802,0.0047,0.0494,0.9104,0.6499,0
ACC_003883,RING_00243,50,0,49,0,0,0.1,1.0,8423.36,1.0,1.0,0.7802,0.0047,0.0494,0.9104,0.6499,0
ACC_003884,RING_00243,50,0,49,0,0,0.1,1.0,8423.36,1.0,1.0,0.7802,0.0047,0.0494,0.9104,0.6499,0
ACC_003885,RING_00243,50,0,49,0,0,0.1,1.0,8423.36,1.0,1.0,0.7802,0.0047,0.0494,0.9104,0.6499,0
ACC_003886,RING_00243,50,0,49,0,0,0.1,1.0,8423.36,1.0,1.0,0.7802,0.0047,0.0494,0.9104,0.6499,0
ACC_003887,RING_00243,50,0,49,0,0,0.1,1.0,8423.36,1.0,1.0,0.7802,0.0047,0.0494,0.9104,0.6499,0
ACC_003888,RING_00243,50,0,49,0,0,0.1,1.0,8423.36,1.0,1.0,0.7802,0.0047,0.0494,0.9104,0.6499,0
ACC_003889,RING_00243,50,0,49,0,0,0.1,1.0,8423.36,1.0,1.0,0.7802,0.0047,0.0494,0.9104,0.6499,0
ACC_003890,RING_00243,50,0,49,0,0,0.1,1.0,8423.36,1.0,1.0,0.7802,0.0047,0.0494,0.9104,0.6499,0
ACC_003891,RING_00243,50,0,49,0,0,0.1,1.0,8423.36,1.0,1.0,0.7802,0.0047,0.0494,0.9104,0.6499,0
ACC_003892,RING_00243,50,0,49,0,0,0.1,1.0,8423.36,1.0,1.0,0.7802,0.0047,0.0494,0.9104,0.6499,0
ACC_003893,RING_00243,50,0,49,0,0,0.1,1.0,8423.36,1.0,1.0,0.7802,0.0047,0.0494,0.9104,0.6499,0
ACC_003894,RING_00243,50,0,49,0,0,0.1,1.0,8423.36,1.0,1.0,0.7802,0.0047,0.0494,0.9104,0.6499,0
ACC_003895,RING_00243,50,0,49,0,0,0.1,1.0,8423.36,1.0,1.0,0.7802,0.0047,0.0494,0.9104,0.6499,0
ACC_003896,RING_00243,50,0,49,0,0,0.1,1.0,8423.36,1.0,1.0,0.7802,0.0047,0.0494,0.9104,0.6499,0
ACC_003897,RING_00243,50,0,49,0,0,0.1,1.0,8423.36,1.0,1.0,0.7802,0.0047,0.0494,0.9104,0.6499,0
ACC_003898,RING_00243,50,0,49,0,0,0.1,1.0,8423.36,1.0,1.0,0.7802,0.0047,0.0494,0.9104,0.6499,0
ACC_003899,RING_00243,50,0,49,0,0,0.1,1.0,8423.36,1.0,1.0,0.7802,0.0047,0.0494,0.9104,0.6499,0
ACC_003900,RING_00243,50,0,49,0,0,0.1,1.0,8423.36,1.0,1.0,0.7802,0.0047,0.0494,0.9104,0.6499,0
ACC_003901,RING_00243,50,0,49,0,0,0.1,1.0,8423.36,1.0,1.0,0.7802,0.0047,0.0494,0.9104,0.6499,0
ACC_003902,RING_00243,50,0,49,0,0,0.1,1.0,8423.36,1.0,1.0,0.7802,0.0047,0.0494,0.9104,0.6499,0
ACC_003903,RING_00243,50,0,49,0,0,0.1,1.0,8423.36,1.0,1.0,0.7802,0.0047,0.0494,0.9104,0.6499,0
ACC_003904,RING_00243,50,0,49,0,0,0.1,1.0,8423.36,1.0,1.0,0.7802,0.0047,0.0494,0.9104,0.6499,0
ACC_003905,RING_00243,50,0,49,0,0,0.1,1.0,8423.36,1.0,1.0,0.7802,0.0047,0.0494,0.9104,0.6499,0
ACC_003906,RING_00243,50,0,49,0,0,0.1,1.0,8423.36,1.0,1.0,0.7802,0.0047,0.0494,0.9104,0.6499,0
ACC_003907,RING_00243,50,0,49,0,0,0.1,1.0,8423.36,1.0,1.0,0.7802,0.0047,0.0494,0.9104,0.6499,0
ACC_003908,RING_00243,50,0,49,0,0,0.1,1.0,8423.36,1.0,1.0,0.7802,0.0047,0.0494,0.9104,0.6499,0
ACC_003909,RING_00243,50,0,49,0,0,0.1,1.0,8423.36,1.0,1.0,0.7802,0.0047,0.0494,0.9104,0.6499,0
ACC_003910,RING_00243,50,0,49,0,0,0.1,1.0,8423.36,1.0,1.0,0.7802,0.0047,0.0494,0.9104,0.6499,0
ACC_003911,RING_00243,50,0,49,0,0,0.1,1.0,8423.36,1.0,1.0,0.7802,0.0047,0.0494,0.9104,0.6499,0
ACC_003912,RING_00243,50,0,49,0,0,0.1,1.0,8423.36,1.0,1.0,0.7802,0.0047,0.0494,0.9104,0.6499,0
ACC_003913,RING_00243,50,0,49,0,0,0.1,1.0,8423.36,1.0,1.0,0.7802,0.0047,0.0494,0.9104,0.6499,0
ACC_003914,RING_00243,50,0,49,0,0,0.1,1.0,8423.36,1.0,1.0,0.7802,0.0047,0.0494,0.9104,0.6499,0
ACC_003915,RING_00243,50,0,49,0,0,0.1,1.0,8423.36,1.0,1.0,0.7802,0.0047,0.0494,0.9104,0.6499,0
ACC_003916,RING_00243,50,0,49,0,0,0.1,1.0,8423.36,1.0,1.0,0.7802,0.0047,0.0494,0.9104,0.6499,0
ACC_003917,RING_00243,50,0,49,0,0,0.1,1.0,8423.36,1.0,1.0,0.7802,0.0047,0.0494,0.9104,0.6499,0
ACC_003918,RING_00243,50,0,49,0,0,0.1,1.0,8423.36,1.0,1.0,0.7802,0.0047,0.0494,0.9104,0.6499,0
ACC_003919,RING_00243,50,0,49,0,0,0.1,1.0,8423.36,1.0,1.0,0.7802,0.0047,0.0494,0.9104,0.6499,0
ACC_003920,RING_00243,50,0,49,0,0,0.1,1.0,8423.36,1.0,1.0,0.7802,0.0047,0.0494,0.9104,0.6499,0
ACC_003921,RING_00244,5,0,0,4,0,0.4,1.0,5668.03,0.2,5.0,0.8561,0.0052,0.0538,0.9136,0.7986,0
ACC_003922,RING_00244,5,0,0,4,0,0.4,1.0,5668.03,0.2,5.0,0.8561,0.0052,0.0538,0.9136,0.7986,0
ACC_003923,RING_00244,5,0,0,4,0,0.4,1.0,5668.03,0.2,5.0,0.8561,0.0052,0.0538,0.9136,0.7986,0
ACC_003924,RING_00244,5,0,0,4,0,0.4,1.0,5668.03,0.2,5.0,0.8561,0.0052,0.0538,0.9136,0.7986,0
ACC_003925,RING_00244,5,0,0,4,0,0.4,1.0,5668.03,0.2,5.0,0.8561,0.0052,0.0538,0.9136,0.7986,0
ACC_003926,RING_00245,19,0,0,18,0,0.4,1.0,7659.44,0.0526,19.0,0.8228,0.0054,0.0418,0.9317,0.7138,0
ACC_003927,RING_00245,19,0,0,18,0,0.4,1.0,7659.44,0.0526,19.0,0.8228,0.0054,0.0418,0.9317,0.7138,0
ACC_003928,RING_00245,19,0,0,18,0,0.4,1.0,7659.44,0.0526,19.0,0.8228,0.0054,0.0418,0.9317,0.7138,0
ACC_003929,RING_00245,19,0,0,18,0,0.4,1.0,7659.44,0.0526,19.0,0.8228,0.0054,0.0418,0.9317,0.7138,0
ACC_003930,RING_00245,19,0,0,18,0,0.4,1.0,7659.44,0.0526,19.0,0.8228,0.0054,0.0418,0.9317,0.7138,0
ACC_003931,RING_00245,19,0,0,18,0,0.4,1.0,7659.44,0.0526,19.0,0.8228,0.0054,0.0418,0.9317,0.7138,0
ACC_003932,RING_00245,19,0,0,18,0,0.4,1.0,7659.44,0.0526,19.0,0.8228,0.0054,0.0418,0.9317,0.7138,0
ACC_003933,RING_00245,19,0,0,18,0,0.4,1.0,7659.44,0.0526,19.0,0.8228,0.0054,0.0418,0.9317,0.7138,0
ACC_003934,RING_00245,19,0,0,18,0,0.4,1.0,7659.44,0.0526,19.0,0.8228,0.0054,0.0418,0.9317,0.7138,0
ACC_003935,RING_00245,19,0,0,18,0,0.4,1.0,7659.44,0.0526,19.0,0.8228,0.0054,0.0418,0.9317,0.7138,0
ACC_003936,RING_00245,19,0,0,18,0,0.4,1.0,7659.44,0.0526,19.0,0.8228,0.0054,0.0418,0.9317,0.7138,0
ACC_003937,RING_00245,19,0,0,18,0,0.4,1.0,7659.44,0.0526,19.0,0.8228,0.0054,0.0418,0.9317,0.7138,0
ACC_003938,RING_00245,19,0,0,18,0,0.4,1.0,7659.44,0.0526,19.0,0.8228,0.0054,0.0418,0.9317,0.7138,0
ACC_003939,RING_00245,19,0,0,18,0,0.4,1.0,7659.44,0.0526,19.0,0.8228,0.0054,0.0418,0.9317,0.7138,0
ACC_003940,RING_00245,19,0,0,18,0,0.4,1.0,7659.44,0.0526,19.0,0.8228,0.0054,0.0418,0.9317,0.7138,0
ACC_003941,RING_00245,19,0,0,18,0,0.4,1.0,7659.44,0.0526,19.0,0.8228,0.0054,0.0418,0.9317,0.7138,0
ACC_003942,RING_00245,19,0,0,18,0,0.4,1.0,7659.44,0.0526,19.0,0.8228,0.0054,0.0418,0.9317,0.7138,0
ACC_003943,RING_00245,19,0,0,18,0,0.4,1.0,7659.44,0.0526,19.0,0.8228,0.0054,0.0418,0.9317,0.7138,0
ACC_003944,RING_00245,19,0,0,18,0,0.4,1.0,7659.44,0.0526,19.0,0.8228,0.0054,0.0418,0.9317,0.7138,0
ACC_003945,RING_00246,12,11,0,0,11,0.5,1.0,1.68,12.0,1.0,0.786,0.9575,0.8567,0.7453,0.8268,1
ACC_003946,RING_00246,12,11,0,0,11,0.5,1.0,1.68,12.0,1.0,0.786,0.9575,0.8567,0.7453,0.8268,1
ACC_003947,RING_00246,12,11,1,0,11,0.5091,1.0,1.68,12.0,1.0,0.786,0.9575,0.8567,0.7453,0.8268,1
ACC_003948,RING_00246,12,11,4,0,11,0.5364,1.0,1.68,12.0,1.0,0.786,0.9575,0.8567,0.7453,0.8268,1
ACC_003949,RING_00246,12,11,4,0,11,0.5364,1.0,1.68,12.0,1.0,0.786,0.9575,0.8567,0.7453,0.8268,1
ACC_003950,RING_00246,12,11,1,0,11,0.5091,1.0,1.68,12.0,1.0,0.786,0.9575,0.8567,0.7453,0.8268,1
ACC_003951,RING_00246,12,11,2,0,11,0.5182,1.0,1.68,12.0,1.0,0.786,0.9575,0.8567,0.7453,0.8268,1
ACC_003952,RING_00246,12,11,4,0,11,0.5364,1.0,1.68,12.0,1.0,0.786,0.9575,0.8567,0.7453,0.8268,1
ACC_003953,RING_00246,12,11,2,0,11,0.5182,1.0,1.68,12.0,1.0,0.786,0.9575,0.8567,0.7453,0.8268,1
ACC_003954,RING_00246,12,11,4,0,11,0.5364,1.0,1.68,12.0,1.0,0.786,0.9575,0.8567,0.7453,0.8268,1
ACC_003955,RING_00246,12,11,4,0,11,0.5364,1.0,1.68,12.0,1.0,0.786,0.9575,0.8567,0.7453,0.8268,1
ACC_003956,RING_00246,12,11,2,0,11,0.5182,1.0,1.68,12.0,1.0,0.786,0.9575,0.8567,0.7453,0.8268,1
ACC_003957,RING_00247,13,0,0,0,12,0.2,1.0,456.58,1.0,1.0,0.849,0.0816,0.8199,0.9411,0.7569,1
ACC_003958,RING_00247,13,0,0,0,12,0.2,1.0,456.58,1.0,1.0,0.849,0.0816,0.8199,0.9411,0.7569,1
ACC_003959,RING_00247,13,0,0,0,12,0.2,1.0,456.58,1.0,1.0,0.849,0.0816,0.8199,0.9411,0.7569,1
ACC_003960,RING_00247,13,0,0,0,12,0.2,1.0,456.58,1.0,1.0,0.849,0.0816,0.8199,0.9411,0.7569,1
ACC_003961,RING_00247,13,0,0,0,12,0.2,1.0,456.58,1.0,1.0,0.849,0.0816,0.8199,0.9411,0.7569,1
ACC_003962,RING_00247,13,0,0,0,12,0.2,1.0,456.58,1.0,1.0,0.849,0.0816,0.8199,0.9411,0.7569,1
ACC_003963,RING_00247,13,0,0,0,12,0.2,1.0,456.58,1.0,1.0,0.849,0.0816,0.8199,0.9411,0.7569,1
ACC_003964,RING_00247,13,0,0,0,12,0.2,1.0,456.58,1.0,1.0,0.849,0.0816,0.8199,0.9411,0.7569,1
ACC_003965,RING_00247,13,0,0,0,12,0.2,1.0,456.58,1.0,1.0,0.849,0.0816,0.8199,0.9411,0.7569,1
ACC_003966,RING_00247,13,0,0,0,12,0.2,1.0,456.58,1.0,1.0,0.849,0.0816,0.8199,0.9411,0.7569,1
ACC_003967,RING_00247,13,0,0,0,12,0.2,1.0,456.58,1.0,1.0,0.849,0.0816,0.8199,0.9411,0.7569,1
ACC_003968,RING_00247,13,0,0,0,12,0.2,1.0,456.58,1.0,1.0,0.849,0.0816,0.8199,0.9411,0.7569,1
ACC_003969,RING_00247,13,0,0,0,12,0.2,1.0,456.58,1.0,1.0,0.849,0.0816,0.8199,0.9411,0.7569,1
ACC_003970,RING_00248,1,0,0,0,0,0.0,0.0,0.0,1.0,1.0,1.0,0.1071,0.0166,1.0,1.0,0
ACC_003971,RING_00249,16,15,15,15,15,1.0,1.0,0.41,1.0,16.0,0.9912,0.99,0.8445,1.0,0.9823,1
ACC_003972,RING_00249,16,15,15,15,15,1.0,1.0,0.41,1.0,16.0,0.9912,0.99,0.8445,1.0,0.9823,1
ACC_003973,RING_00249,16,15,15,15,15,1.0,1.0,0.41,1.0,16.0,0.9912,0.99,0.8445,1.0,0.9823,1
ACC_003974,RING_00249,16,15,15,15,15,1.0,1.0,0.41,1.0,16.0,0.9912,0.99,0.8445,1.0,0.9823,1
ACC_003975,RING_00249,16,15,15,15,15,1.0,1.0,0.41,1.0,16.0,0.9912,0.99,0.8445,1.0,0.9823,1
ACC_003976,RING_00249,16,15,15,15,15,1.0,1.0,0.41,1.0,16.0,0.9912,0.99,0.8445,1.0,0.9823,1
ACC_003977,RING_00249,16,15,15,15,15,1.0,1.0,0.41,1.0,16.0,0.9912,0.99,0.8445,1.0,0.9823,1
ACC_003978,RING_00249,16,15,15,15,15,1.0,1.0,0.41,1.0,16.0,0.9912,0.99,0.8445,1.0,0.9823,1
ACC_003979,RING_00249,16,15,15,15,15,1.0,1.0,0.41,1.0,16.0,0.9912,0.99,0.8445,1.0,0.9823,1
ACC_003980,RING_00249,16,15,15,15,15,1.0,1.0,0.41,1.0,16.0,0.9912,0.99,0.8445,1.0,0.9823,1
ACC_003981,RING_00249,16,15,15,15,15,1.0,1.0,0.41,1.0,16.0,0.9912,0.99,0.8445,1.0,0.9823,1
ACC_003982,RING_00249,16,15,15,15,15,1.0,1.0,0.41,1.0,16.0,0.9912,0.99,0.8445,1.0,0.9823,1
ACC_003983,RING_00249,16,15,15,15,15,1.0,1.0,0.41,1.0,16.0,0.9912,0.99,0.8445,1.0,0.9823,1
ACC_003984,RING_00249,16,15,15,15,15,1.0,1.0,0.41,1.0,16.0,0.9912,0.99,0.8445,1.0,0.9823,1
ACC_003985,RING_00249,16,15,15,15,15,1.0,1.0,0.41,1.0,16.0,0.9912,0.99,0.8445,1.0,0.9823,1
ACC_003986,RING_00249,16,15,15,15,15,1.0,1.0,0.41,1.0,16.0,0.9912,0.99,0.8445,1.0,0.9823,1
ACC_003987,RING_00250,1,0,0,0,0,0.0,0.0,0.0,1.0,1.0,1.0,0.1071,0.0208,1.0,1.0,0
ACC_003988,RING_00251,20,19,4,0,19,0.5211,1.0,1.75,20.0,1.0,0.7203,0.9529,0.8418,0.6375,0.803,1
ACC_003989,RING_00251,20,19,7,0,19,0.5368,1.0,1.75,20.0,1.0,0.7203,0.9529,0.8418,0.6375,0.803,1
ACC_003990,RING_00251,20,19,3,0,19,0.5158,1.0,1.75,20.0,1.0,0.7203,0.9529,0.8418,0.6375,0.803,1
ACC_003991,RING_00251,20,19,3,0,19,0.5158,1.0,1.75,20.0,1.0,0.7203,0.9529,0.8418,0.6375,0.803,1
ACC_003992,RING_00251,20,19,4,0,19,0.5211,1.0,1.75,20.0,1.0,0.7203,0.9529,0.8418,0.6375,0.803,1
ACC_003993,RING_00251,20,19,7,0,19,0.5368,1.0,1.75,20.0,1.0,0.7203,0.9529,0.8418,0.6375,0.803,1
ACC_003994,RING_00251,20,19,7,0,19,0.5368,1.0,1.75,20.0,1.0,0.7203,0.9529,0.8418,0.6375,0.803,1
ACC_003995,RING_00251,20,19,3,0,19,0.5158,1.0,1.75,20.0,1.0,0.7203,0.9529,0.8418,0.6375,0.803,1
ACC_003996,RING_00251,20,19,2,0,19,0.5105,1.0,1.75,20.0,1.0,0.7203,0.9529,0.8418,0.6375,0.803,1
ACC_003997,RING_00251,20,19,4,0,19,0.5211,1.0,1.75,20.0,1.0,0.7203,0.9529,0.8418,0.6375,0.803,1
ACC_003998,RING_00251,20,19,4,0,19,0.5211,1.0,1.75,20.0,1.0,0.7203,0.9529,0.8418,0.6375,0.803,1
ACC_003999,RING_00251,20,19,7,0,19,0.5368,1.0,1.75,20.0,1.0,0.7203,0.9529,0.8418,0.6375,0.803,1
ACC_004000,RING_00251,20,19,7,0,19,0.5368,1.0,1.75,20.0,1.0,0.7203,0.9529,0.8418,0.6375,0.803,1
ACC_004001,RING_00251,20,19,2,0,19,0.5105,1.0,1.75,20.0,1.0,0.7203,0.9529,0.8418,0.6375,0.803,1
ACC_004002,RING_00251,20,19,7,0,19,0.5368,1.0,1.75,20.0,1.0,0.7203,0.9529,0.8418,0.6375,0.803,1
ACC_004003,RING_00251,20,19,3,0,19,0.5158,1.0,1.75,20.0,1.0,0.7203,0.9529,0.8418,0.6375,0.803,1
ACC_004004,RING_00251,20,19,7,0,19,0.5368,1.0,1.75,20.0,1.0,0.7203,0.9529,0.8418,0.6375,0.803,1
ACC_004005,RING_00251,20,19,7,0,19,0.5368,1.0,1.75,20.0,1.0,0.7203,0.9529,0.8418,0.6375,0.803,1
ACC_004006,RING_00251,20,19,4,0,19,0.5211,1.0,1.75,20.0,1.0,0.7203,0.9529,0.8418,0.6375,0.803,1
ACC_004007,RING_00251,20,19,2,0,19,0.5105,1.0,1.75,20.0,1.0,0.7203,0.9529,0.8418,0.6375,0.803,1
ACC_004008,RING_00252,27,0,0,0,26,0.2,1.0,9003.85,1.0,1.0,0.823,0.0034,0.0401,0.9197,0.7263,0
ACC_004009,RING_00252,27,0,0,0,26,0.2,1.0,9003.85,1.0,1.0,0.823,0.0034,0.0401,0.9197,0.7263,0
ACC_004010,RING_00252,27,0,0,0,26,0.2,1.0,9003.85,1.0,1.0,0.823,0.0034,0.0401,0.9197,0.7263,0
ACC_004011,RING_00252,27,0,0,0,26,0.2,1.0,9003.85,1.0,1.0,0.823,0.0034,0.0401,0.9197,0.7263,0
ACC_004012,RING_00252,27,0,0,0,26,0.2,1.0,9003.85,1.0,1.0,0.823,0.0034,0.0401,0.9197,0.7263,0
ACC_004013,RING_00252,27,0,0,0,26,0.2,1.0,9003.85,1.0,1.0,0.823,0.0034,0.0401,0.9197,0.7263,0
ACC_004014,RING_00252,27,0,0,0,26,0.2,1.0,9003.85,1.0,1.0,0.823,0.0034,0.0401,0.9197,0.7263,0
ACC_004015,RING_00252,27,0,0,0,26,0.2,1.0,9003.85,1.0,1.0,0.823,0.0034,0.0401,0.9197,0.7263,0
ACC_004016,RING_00252,27,0,0,0,26,0.2,1.0,9003.85,1.0,1.0,0.823,0.0034,0.0401,0.9197,0.7263,0
ACC_004017,RING_00252,27,0,0,0,26,0.2,1.0,9003.85,1.0,1.0,0.823,0.0034,0.0401,0.9197,0.7263,0
ACC_004018,RING_00252,27,0,0,0,26,0.2,1.0,9003.85,1.0,1.0,0.823,0.0034,0.0401,0.9197,0.7263,0
ACC_004019,RING_00252,27,0,0,0,26,0.2,1.0,9003.85,1.0,1.0,0.823,0.0034,0.0401,0.9197,0.7263,0
ACC_004020,RING_00252,27,0,0,0,26,0.2,1.0,9003.85,1.0,1.0,0.823,0.0034,0.0401,0.9197,0.7263,0
ACC_004021,RING_00252,27,0,0,0,26,0.2,1.0,9003.85,1.0,1.0,0.823,0.0034,0.0401,0.9197,0.7263,0
ACC_004022,RING_00252,27,0,0,0,26,0.2,1.0,9003.85,1.0,1.0,0.823,0.0034,0.0401,0.9197,0.7263,0
ACC_004023,RING_00252,27,0,0,0,26,0.2,1.0,9003.85,1.0,1.0,0.823,0.0034,0.0401,0.9197,0.7263,0
ACC_004024,RING_00252,27,0,0,0,26,0.2,1.0,9003.85,1.0,1.0,0.823,0.0034,0.0401,0.9197,0.7263,0
ACC_004025,RING_00252,27,0,0,0,26,0.2,1.0,9003.85,1.0,1.0,0.823,0.0034,0.0401,0.9197,0.7263,0
ACC_004026,RING_00252,27,0,0,0,26,0.2,1.0,9003.85,1.0,1.0,0.823,0.0034,0.0401,0.9197,0.7263,0
ACC_004027,RING_00252,27,0,0,0,26,0.2,1.0,9003.85,1.0,1.0,0.823,0.0034,0.0401,0.9197,0.7263,0
ACC_004028,RING_00252,27,0,0,0,26,0.2,1.0,9003.85,1.0,1.0,0.823,0.0034,0.0401,0.9197,0.7263,0
ACC_004029,RING_00252,27,0,0,0,26,0.2,1.0,9003.85,1.0,1.0,0.823,0.0034,0.0401,0.9197,0.7263,0
ACC_004030,RING_00252,27,0,0,0,26,0.2,1.0,9003.85,1.0,1.0,0.823,0.0034,0.0401,0.9197,0.7263,0
ACC_004031,RING_00252,27,0,0,0,26,0.2,1.0,9003.85,1.0,1.0,0.823,0.0034,0.0401,0.9197,0.7263,0
ACC_004032,RING_00252,27,0,0,0,26,0.2,1.0,9003.85,1.0,1.0,0.823,0.0034,0.0401,0.9197,0.7263,0
ACC_004033,RING_00252,27,0,0,0,26,0.2,1.0,9003.85,1.0,1.0,0.823,0.0034,0.0401,0.9197,0.7263,0
ACC_004034,RING_00252,27,0,0,0,26,0.2,1.0,9003.85,1.0,1.0,0.823,0.0034,0.0401,0.9197,0.7263,0
ACC_004035,RING_00253,1,0,0,0,0,0.0,0.0,0.0,1.0,1.0,1.0,0.1071,0.0209,1.0,1.0,0
ACC_004036,RING_00254,4,0,0,3,3,0.6,1.0,10668.64,0.25,4.0,0.6994,0.0029,0.0343,0.8712,0.5276,0
ACC_004037,RING_00254,4,0,0,3,3,0.6,1.0,10668.64,0.25,4.0,0.6994,0.0029,0.0343,0.8712,0.5276,0
ACC_004038,RING_00254,4,0,0,3,3,0.6,1.0,10668.64,0.25,4.0,0.6994,0.0029,0.0343,0.8712,0.5276,0
ACC_004039,RING_00254,4,0,0,3,3,0.6,1.0,10668.64,0.25,4.0,0.6994,0.0029,0.0343,0.8712,0.5276,0
ACC_004040,RING_00255,1,0,0,0,0,0.0,0.0,0.0,1.0,1.0,1.0,0.1071,0.0597,1.0,1.0,0
ACC_004041,RING_00256,1,0,0,0,0,0.0,0.0,0.0,1.0,1.0,1.0,0.1071,0.0662,1.0,1.0,0
ACC_004042,RING_00257,34,33,33,0,0,0.4,1.0,0.73,34.0,1.0,0.7856,0.9829,0.897,1.0,0.5711,1
ACC_004043,RING_00257,34,33,33,0,1,0.4061,1.0,0.73,34.0,1.0,0.7856,0.9829,0.897,1.0,0.5711,1
ACC_004044,RING_00257,34,33,33,0,2,0.4121,1.0,0.73,34.0,1.0,0.7856,0.9829,0.897,1.0,0.5711,1
ACC_004045,RING_00257,34,33,33,0,0,0.4,1.0,0.73,34.0,1.0,0.7856,0.9829,0.897,1.0,0.5711,1
ACC_004046,RING_00257,34,33,33,0,2,0.4121,1.0,0.73,34.0,1.0,0.7856,0.9829,0.897,1.0,0.5711,1
ACC_004047,RING_00257,34,33,33,0,2,0.4121,1.0,0.73,34.0,1.0,0.7856,0.9829,0.897,1.0,0.5711,1
ACC_004048,RING_00257,34,33,33,0,1,0.4061,1.0,0.73,34.0,1.0,0.7856,0.9829,0.897,1.0,0.5711,1
ACC_004049,RING_00257,34,33,33,0,2,0.4121,1.0,0.73,34.0,1.0,0.7856,0.9829,0.897,1.0,0.5711,1
ACC_004050,RING_00257,34,33,33,0,2,0.4121,1.0,0.73,34.0,1.0,0.7856,0.9829,0.897,1.0,0.5711,1
ACC_004051,RING_00257,34,33,33,0,2,0.4121,1.0,0.73,34.0,1.0,0.7856,0.9829,0.897,1.0,0.5711,1
ACC_004052,RING_00257,34,33,33,0,2,0.4121,1.0,0.73,34.0,1.0,0.7856,0.9829,0.897,1.0,0.5711,1
ACC_004053,RING_00257,34,33,33,0,2,0.4121,1.0,0.73,34.0,1.0,0.7856,0.9829,0.897,1.0,0.5711,1
ACC_004054,RING_00257,34,33,33,0,2,0.4121,1.0,0.73,34.0,1.0,0.7856,0.9829,0.897,1.0,0.5711,1
ACC_004055,RING_00257,34,33,33,0,2,0.4121,1.0,0.73,34.0,1.0,0.7856,0.9829,0.897,1.0,0.5711,1
ACC_004056,RING_00257,34,33,33,0,2,0.4121,1.0,0.73,34.0,1.0,0.7856,0.9829,0.897,1.0,0.5711,1
ACC_004057,RING_00257,34,33,33,0,2,0.4121,1.0,0.73,34.0,1.0,0.7856,0.9829,0.897,1.0,0.5711,1
ACC_004058,RING_00257,34,33,33,0,2,0.4121,1.0,0.73,34.0,1.0,0.7856,0.9829,0.897,1.0,0.5711,1
ACC_004059,RING_00257,34,33,33,0,2,0.4121,1.0,0.73,34.0,1.0,0.7856,0.9829,0.897,1.0,0.5711,1
ACC_004060,RING_00257,34,33,33,0,2,0.4121,1.0,0.73,34.0,1.0,0.7856,0.9829,0.897,1.0,0.5711,1
ACC_004061,RING_00257,34,33,33,0,2,0.4121,1.0,0.73,34.0,1.0,0.7856,0.9829,0.897,1.0,0.5711,1
ACC_004062,RING_00257,34,33,33,0,2,0.4121,1.0,0.73,34.0,1.0,0.7856,0.9829,0.897,1.0,0.5711,1
ACC_004063,RING_00257,34,33,33,0,2,0.4121,1.0,0.73,34.0,1.0,0.7856,0.9829,0.897,1.0,0.5711,1
ACC_004064,RING_00257,34,33,33,0,2,0.4121,1.0,0.73,34.0,1.0,0.7856,0.9829,0.897,1.0,0.5711,1
ACC_004065,RING_00257,34,33,33,0,2,0.4121,1.0,0.73,34.0,1.0,0.7856,0.9829,0.897,1.0,0.5711,1
ACC_004066,RING_00257,34,33,33,0,2,0.4121,1.0,0.73,34.0,1.0,0.7856,0.9829,0.897,1.0,0.5711,1
ACC_004067,RING_00257,34,33,33,0,2,0.4121,1.0,0.73,34.0,1.0,0.7856,0.9829,0.897,1.0,0.5711,1
ACC_004068,RING_00257,34,33,33,0,2,0.4121,1.0,0.73,34.0,1.0,0.7856,0.9829,0.897,1.0,0.5711,1
ACC_004069,RING_00257,34,33,33,0,2,0.4121,1.0,0.73,34.0,1.0,0.7856,0.9829,0.897,1.0,0.5711,1
ACC_004070,RING_00257,34,33,33,0,2,0.4121,1.0,0.73,34.0,1.0,0.7856,0.9829,0.897,1.0,0.5711,1
ACC_004071,RING_00257,34,33,33,0,1,0.4061,1.0,0.73,34.0,1.0,0.7856,0.9829,0.897,1.0,0.5711,1
ACC_004072,RING_00257,34,33,33,0,2,0.4121,1.0,0.73,34.0,1.0,0.7856,0.9829,0.897,1.0,0.5711,1
ACC_004073,RING_00257,34,33,33,0,1,0.4061,1.0,0.73,34.0,1.0,0.7856,0.9829,0.897,1.0,0.5711,1
ACC_004074,RING_00257,34,33,33,0,1,0.4061,1.0,0.73,34.0,1.0,0.7856,0.9829,0.897,1.0,0.5711,1
ACC_004075,RING_00257,34,33,33,0,2,0.4121,1.0,0.73,34.0,1.0,0.7856,0.9829,0.897,1.0,0.5711,1
ACC_004076,RING_00258,3,0,0,2,2,0.6,1.0,9764.23,0.3333,3.0,0.8514,0.003,0.0251,0.8948,0.8079,0
ACC_004077,RING_00258,3,0,0,2,2,0.6,1.0,9764.23,0.3333,3.0,0.8514,0.003,0.0251,0.8948,0.8079,0
ACC_004078,RING_00258,3,0,0,2,2,0.6,1.0,9764.23,0.3333,3.0,0.8514,0.003,0.0251,0.8948,0.8079,0
ACC_004079,RING_00259,24,23,23,0,1,0.4087,1.0,0.71,24.0,1.0,0.7948,0.9834,0.9024,1.0,0.5895,1
ACC_004080,RING_00259,24,23,23,0,1,0.4087,1.0,0.71,24.0,1.0,0.7948,0.9834,0.9024,1.0,0.5895,1
ACC_004081,RING_00259,24,23,23,0,2,0.4174,1.0,0.71,24.0,1.0,0.7948,0.9834,0.9024,1.0,0.5895,1
ACC_004082,RING_00259,24,23,23,0,0,0.4,1.0,0.71,24.0,1.0,0.7948,0.9834,0.9024,1.0,0.5895,1
ACC_004083,RING_00259,24,23,23,0,2,0.4174,1.0,0.71,24.0,1.0,0.7948,0.9834,0.9024,1.0,0.5895,1
ACC_004084,RING_00259,24,23,23,0,2,0.4174,1.0,0.71,24.0,1.0,0.7948,0.9834,0.9024,1.0,0.5895,1
ACC_004085,RING_00259,24,23,23,0,1,0.4087,1.0,0.71,24.0,1.0,0.7948,0.9834,0.9024,1.0,0.5895,1
ACC_004086,RING_00259,24,23,23,0,2,0.4174,1.0,0.71,24.0,1.0,0.7948,0.9834,0.9024,1.0,0.5895,1
ACC_004087,RING_00259,24,23,23,0,2,0.4174,1.0,0.71,24.0,1.0,0.7948,0.9834,0.9024,1.0,0.5895,1
ACC_004088,RING_00259,24,23,23,0,2,0.4174,1.0,0.71,24.0,1.0,0.7948,0.9834,0.9024,1.0,0.5895,1
ACC_004089,RING_00259,24,23,23,0,2,0.4174,1.0,0.71,24.0,1.0,0.7948,0.9834,0.9024,1.0,0.5895,1
ACC_004090,RING_00259,24,23,23,0,2,0.4174,1.0,0.71,24.0,1.0,0.7948,0.9834,0.9024,1.0,0.5895,1
ACC_004091,RING_00259,24,23,23,0,2,0.4174,1.0,0.71,24.0,1.0,0.7948,0.9834,0.9024,1.0,0.5895,1
ACC_004092,RING_00259,24,23,23,0,2,0.4174,1.0,0.71,24.0,1.0,0.7948,0.9834,0.9024,1.0,0.5895,1
ACC_004093,RING_00259,24,23,23,0,2,0.4174,1.0,0.71,24.0,1.0,0.7948,0.9834,0.9024,1.0,0.5895,1
ACC_004094,RING_00259,24,23,23,0,2,0.4174,1.0,0.71,24.0,1.0,0.7948,0.9834,0.9024,1.0,0.5895,1
ACC_004095,RING_00259,24,23,23,0,2,0.4174,1.0,0.71,24.0,1.0,0.7948,0.9834,0.9024,1.0,0.5895,1
ACC_004096,RING_00259,24,23,23,0,1,0.4087,1.0,0.71,24.0,1.0,0.7948,0.9834,0.9024,1.0,0.5895,1
ACC_004097,RING_00259,24,23,23,0,2,0.4174,1.0,0.71,24.0,1.0,0.7948,0.9834,0.9024,1.0,0.5895,1
ACC_004098,RING_00259,24,23,23,0,1,0.4087,1.0,0.71,24.0,1.0,0.7948,0.9834,0.9024,1.0,0.5895,1
ACC_004099,RING_00259,24,23,23,0,1,0.4087,1.0,0.71,24.0,1.0,0.7948,0.9834,0.9024,1.0,0.5895,1
ACC_004100,RING_00259,24,23,23,0,2,0.4174,1.0,0.71,24.0,1.0,0.7948,0.9834,0.9024,1.0,0.5895,1
ACC_004101,RING_00259,24,23,23,0,1,0.4087,1.0,0.71,24.0,1.0,0.7948,0.9834,0.9024,1.0,0.5895,1
ACC_004102,RING_00259,24,23,23,0,0,0.4,1.0,0.71,24.0,1.0,0.7948,0.9834,0.9024,1.0,0.5895,1
ACC_004103,RING_00260,4,0,0,3,3,0.6,1.0,8818.79,0.25,4.0,0.8575,0.0034,0.0467,0.8825,0.8325,0
ACC_004104,RING_00260,4,0,0,3,3,0.6,1.0,8818.79,0.25,4.0,0.8575,0.0034,0.0467,0.8825,0.8325,0
ACC_004105,RING_00260,4,0,0,3,3,0.6,1.0,8818.79,0.25,4.0,0.8575,0.0034,0.0467,0.8825,0.8325,0
ACC_004106,RING_00260,4,0,0,3,3,0.6,1.0,8818.79,0.25,4.0,0.8575,0.0034,0.0467,0.8825,0.8325,0
ACC_004107,RING_00261,1,0,0,0,0,0.0,0.0,0.0,1.0,1.0,1.0,0.1071,0.0233,1.0,1.0,0
ACC_004108,RING_00262,21,0,0,0,20,0.2,1.0,8822.36,1.0,1.0,0.8439,0.0054,0.0418,0.9359,0.7519,0
ACC_004109,RING_00262,21,0,0,0,20,0.2,1.0,8822.36,1.0,1.0,0.8439,0.0054,0.0418,0.9359,0.7519,0
ACC_004110,RING_00262,21,0,0,0,20,0.2,1.0,8822.36,1.0,1.0,0.8439,0.0054,0.0418,0.9359,0.7519,0
ACC_004111,RING_00262,21,0,0,0,20,0.2,1.0,8822.36,1.0,1.0,0.8439,0.0054,0.0418,0.9359,0.7519,0
ACC_004112,RING_00262,21,0,0,0,20,0.2,1.0,8822.36,1.0,1.0,0.8439,0.0054,0.0418,0.9359,0.7519,0
ACC_004113,RING_00262,21,0,0,0,20,0.2,1.0,8822.36,1.0,1.0,0.8439,0.0054,0.0418,0.9359,0.7519,0
ACC_004114,RING_00262,21,0,0,0,20,0.2,1.0,8822.36,1.0,1.0,0.8439,0.0054,0.0418,0.9359,0.7519,0
ACC_004115,RING_00262,21,0,0,0,20,0.2,1.0,8822.36,1.0,1.0,0.8439,0.0054,0.0418,0.9359,0.7519,0
ACC_004116,RING_00262,21,0,0,0,20,0.2,1.0,8822.36,1.0,1.0,0.8439,0.0054,0.0418,0.9359,0.7519,0
ACC_004117,RING_00262,21,0,0,0,20,0.2,1.0,8822.36,1.0,1.0,0.8439,0.0054,0.0418,0.9359,0.7519,0
ACC_004118,RING_00262,21,0,0,0,20,0.2,1.0,8822.36,1.0,1.0,0.8439,0.0054,0.0418,0.9359,0.7519,0
ACC_004119,RING_00262,21,0,0,0,20,0.2,1.0,8822.36,1.0,1.0,0.8439,0.0054,0.0418,0.9359,0.7519,0
ACC_004120,RING_00262,21,0,0,0,20,0.2,1.0,8822.36,1.0,1.0,0.8439,0.0054,0.0418,0.9359,0.7519,0
ACC_004121,RING_00262,21,0,0,0,20,0.2,1.0,8822.36,1.0,1.0,0.8439,0.0054,0.0418,0.9359,0.7519,0
ACC_004122,RING_00262,21,0,0,0,20,0.2,1.0,8822.36,1.0,1.0,0.8439,0.0054,0.0418,0.9359,0.7519,0
ACC_004123,RING_00262,21,0,0,0,20,0.2,1.0,8822.36,1.0,1.0,0.8439,0.0054,0.0418,0.9359,0.7519,0
ACC_004124,RING_00262,21,0,0,0,20,0.2,1.0,8822.36,1.0,1.0,0.8439,0.0054,0.0418,0.9359,0.7519,0
ACC_004125,RING_00262,21,0,0,0,20,0.2,1.0,8822.36,1.0,1.0,0.8439,0.0054,0.0418,0.9359,0.7519,0
ACC_004126,RING_00262,21,0,0,0,20,0.2,1.0,8822.36,1.0,1.0,0.8439,0.0054,0.0418,0.9359,0.7519,0
ACC_004127,RING_00262,21,0,0,0,20,0.2,1.0,8822.36,1.0,1.0,0.8439,0.0054,0.0418,0.9359,0.7519,0
ACC_004128,RING_00262,21,0,0,0,20,0.2,1.0,8822.36,1.0,1.0,0.8439,0.0054,0.0418,0.9359,0.7519,0
ACC_004129,RING_00263,49,0,48,0,0,0.1,1.0,8380.09,1.0,1.0,0.7772,0.0046,0.0424,0.9119,0.6425,0
ACC_004130,RING_00263,49,0,48,0,0,0.1,1.0,8380.09,1.0,1.0,0.7772,0.0046,0.0424,0.9119,0.6425,0
ACC_004131,RING_00263,49,0,48,0,0,0.1,1.0,8380.09,1.0,1.0,0.7772,0.0046,0.0424,0.9119,0.6425,0
ACC_004132,RING_00263,49,0,48,0,0,0.1,1.0,8380.09,1.0,1.0,0.7772,0.0046,0.0424,0.9119,0.6425,0
ACC_004133,RING_00263,49,0,48,0,0,0.1,1.0,8380.09,1.0,1.0,0.7772,0.0046,0.0424,0.9119,0.6425,0
ACC_004134,RING_00263,49,0,48,0,0,0.1,1.0,8380.09,1.0,1.0,0.7772,0.0046,0.0424,0.9119,0.6425,0
ACC_004135,RING_00263,49,0,48,0,0,0.1,1.0,8380.09,1.0,1.0,0.7772,0.0046,0.0424,0.9119,0.6425,0
ACC_004136,RING_00263,49,0,48,0,0,0.1,1.0,8380.09,1.0,1.0,0.7772,0.0046,0.0424,0.9119,0.6425,0
ACC_004137,RING_00263,49,0,48,0,0,0.1,1.0,8380.09,1.0,1.0,0.7772,0.0046,0.0424,0.9119,0.6425,0
ACC_004138,RING_00263,49,0,48,0,0,0.1,1.0,8380.09,1.0,1.0,0.7772,0.0046,0.0424,0.9119,0.6425,0
ACC_004139,RING_00263,49,0,48,0,0,0.1,1.0,8380.09,1.0,1.0,0.7772,0.0046,0.0424,0.9119,0.6425,0
ACC_004140,RING_00263,49,0,48,0,0,0.1,1.0,8380.09,1.0,1.0,0.7772,0.0046,0.0424,0.9119,0.6425,0
ACC_004141,RING_00263,49,0,48,0,0,0.1,1.0,8380.09,1.0,1.0,0.7772,0.0046,0.0424,0.9119,0.6425,0
ACC_004142,RING_00263,49,0,48,0,0,0.1,1.0,8380.09,1.0,1.0,0.7772,0.0046,0.0424,0.9119,0.6425,0
ACC_004143,RING_00263,49,0,48,0,0,0.1,1.0,8380.09,1.0,1.0,0.7772,0.0046,0.0424,0.9119,0.6425,0
ACC_004144,RING_00263,49,0,48,0,0,0.1,1.0,8380.09,1.0,1.0,0.7772,0.0046,0.0424,0.9119,0.6425,0
ACC_004145,RING_00263,49,0,48,0,0,0.1,1.0,8380.09,1.0,1.0,0.7772,0.0046,0.0424,0.9119,0.6425,0
ACC_004146,RING_00263,49,0,48,0,0,0.1,1.0,8380.09,1.0,1.0,0.7772,0.0046,0.0424,0.9119,0.6425,0
ACC_004147,RING_00263,49,0,48,0,0,0.1,1.0,8380.09,1.0,1.0,0.7772,0.0046,0.0424,0.9119,0.6425,0
ACC_004148,RING_00263,49,0,48,0,0,0.1,1.0,8380.09,1.0,1.0,0.7772,0.0046,0.0424,0.9119,0.6425,0
ACC_004149,RING_00263,49,0,48,0,0,0.1,1.0,8380.09,1.0,1.0,0.7772,0.0046,0.0424,0.9119,0.6425,0
ACC_004150,RING_00263,49,0,48,0,0,0.1,1.0,8380.09,1.0,1.0,0.7772,0.0046,0.0424,0.9119,0.6425,0
ACC_004151,RING_00263,49,0,48,0,0,0.1,1.0,8380.09,1.0,1.0,0.7772,0.0046,0.0424,0.9119,0.6425,0
ACC_004152,RING_00263,49,0,48,0,0,0.1,1.0,8380.09,1.0,1.0,0.7772,0.0046,0.0424,0.9119,0.6425,0
ACC_004153,RING_00263,49,0,48,0,0,0.1,1.0,8380.09,1.0,1.0,0.7772,0.0046,0.0424,0.9119,0.6425,0
ACC_004154,RING_00263,49,0,48,0,0,0.1,1.0,8380.09,1.0,1.0,0.7772,0.0046,0.0424,0.9119,0.6425,0
ACC_004155,RING_00263,49,0,48,0,0,0.1,1.0,8380.09,1.0,1.0,0.7772,0.0046,0.0424,0.9119,0.6425,0
ACC_004156,RING_00263,49,0,48,0,0,0.1,1.0,8380.09,1.0,1.0,0.7772,0.0046,0.0424,0.9119,0.6425,0
ACC_004157,RING_00263,49,0,48,0,0,0.1,1.0,8380.09,1.0,1.0,0.7772,0.0046,0.0424,0.9119,0.6425,0
ACC_004158,RING_00263,49,0,48,0,0,0.1,1.0,8380.09,1.0,1.0,0.7772,0.0046,0.0424,0.9119,0.6425,0
ACC_004159,RING_00263,49,0,48,0,0,0.1,1.0,8380.09,1.0,1.0,0.7772,0.0046,0.0424,0.9119,0.6425,0
ACC_004160,RING_00263,49,0,48,0,0,0.1,1.0,8380.09,1.0,1.0,0.7772,0.0046,0.0424,0.9119,0.6425,0
ACC_004161,RING_00263,49,0,48,0,0,0.1,1.0,8380.09,1.0,1.0,0.7772,0.0046,0.0424,0.9119,0.6425,0
ACC_004162,RING_00263,49,0,48,0,0,0.1,1.0,8380.09,1.0,1.0,0.7772,0.0046,0.0424,0.9119,0.6425,0
ACC_004163,RING_00263,49,0,48,0,0,0.1,1.0,8380.09,1.0,1.0,0.7772,0.0046,0.0424,0.9119,0.6425,0
ACC_004164,RING_00263,49,0,48,0,0,0.1,1.0,8380.09,1.0,1.0,0.7772,0.0046,0.0424,0.9119,0.6425,0
ACC_004165,RING_00263,49,0,48,0,0,0.1,1.0,8380.09,1.0,1.0,0.7772,0.0046,0.0424,0.9119,0.6425,0
ACC_004166,RING_00263,49,0,48,0,0,0.1,1.0,8380.09,1.0,1.0,0.7772,0.0046,0.0424,0.9119,0.6425,0
ACC_004167,RING_00263,49,0,48,0,0,0.1,1.0,8380.09,1.0,1.0,0.7772,0.0046,0.0424,0.9119,0.6425,0
ACC_004168,RING_00263,49,0,48,0,0,0.1,1.0,8380.09,1.0,1.0,0.7772,0.0046,0.0424,0.9119,0.6425,0
ACC_004169,RING_00263,49,0,48,0,0,0.1,1.0,8380.09,1.0,1.0,0.7772,0.0046,0.0424,0.9119,0.6425,0
ACC_004170,RING_00263,49,0,48,0,0,0.1,1.0,8380.09,1.0,1.0,0.7772,0.0046,0.0424,0.9119,0.6425,0
ACC_004171,RING_00263,49,0,48,0,0,0.1,1.0,8380.09,1.0,1.0,0.7772,0.0046,0.0424,0.9119,0.6425,0
ACC_004172,RING_00263,49,0,48,0,0,0.1,1.0,8380.09,1.0,1.0,0.7772,0.0046,0.0424,0.9119,0.6425,0
ACC_004173,RING_00263,49,0,48,0,0,0.1,1.0,8380.09,1.0,1.0,0.7772,0.0046,0.0424,0.9119,0.6425,0
ACC_004174,RING_00263,49,0,48,0,0,0.1,1.0,8380.09,1.0,1.0,0.7772,0.0046,0.0424,0.9119,0.6425,0
ACC_004175,RING_00263,49,0,48,0,0,0.1,1.0,8380.09,1.0,1.0,0.7772,0.0046,0.0424,0.9119,0.6425,0
ACC_004176,RING_00263,49,0,48,0,0,0.1,1.0,8380.09,1.0,1.0,0.7772,0.0046,0.0424,0.9119,0.6425,0
ACC_004177,RING_00263,49,0,48,0,0,0.1,1.0,8380.09,1.0,1.0,0.7772,0.0046,0.0424,0.9119,0.6425,0
ACC_004178,RING_00264,1,0,0,0,0,0.0,0.0,0.0,1.0,1.0,1.0,0.1071,0.0519,1.0,1.0,0
ACC_004179,RING_00265,15,0,0,0,14,0.2,1.0,9160.13,1.0,1.0,0.8352,0.0044,0.0317,0.9308,0.7397,0
ACC_004180,RING_00265,15,0,0,0,14,0.2,1.0,9160.13,1.0,1.0,0.8352,0.0044,0.0317,0.9308,0.7397,0
ACC_004181,RING_00265,15,0,0,0,14,0.2,1.0,9160.13,1.0,1.0,0.8352,0.0044,0.0317,0.9308,0.7397,0
ACC_004182,RING_00265,15,0,0,0,14,0.2,1.0,9160.13,1.0,1.0,0.8352,0.0044,0.0317,0.9308,0.7397,0
ACC_004183,RING_00265,15,0,0,0,14,0.2,1.0,9160.13,1.0,1.0,0.8352,0.0044,0.0317,0.9308,0.7397,0
ACC_004184,RING_00265,15,0,0,0,14,0.2,1.0,9160.13,1.0,1.0,0.8352,0.0044,0.0317,0.9308,0.7397,0
ACC_004185,RING_00265,15,0,0,0,14,0.2,1.0,9160.13,1.0,1.0,0.8352,0.0044,0.0317,0.9308,0.7397,0
ACC_004186,RING_00265,15,0,0,0,14,0.2,1.0,9160.13,1.0,1.0,0.8352,0.0044,0.0317,0.9308,0.7397,0
ACC_004187,RING_00265,15,0,0,0,14,0.2,1.0,9160.13,1.0,1.0,0.8352,0.0044,0.0317,0.9308,0.7397,0
ACC_004188,RING_00265,15,0,0,0,14,0.2,1.0,9160.13,1.0,1.0,0.8352,0.0044,0.0317,0.9308,0.7397,0
ACC_004189,RING_00265,15,0,0,0,14,0.2,1.0,9160.13,1.0,1.0,0.8352,0.0044,0.0317,0.9308,0.7397,0
ACC_004190,RING_00265,15,0,0,0,14,0.2,1.0,9160.13,1.0,1.0,0.8352,0.0044,0.0317,0.9308,0.7397,0
ACC_004191,RING_00265,15,0,0,0,14,0.2,1.0,9160.13,1.0,1.0,0.8352,0.0044,0.0317,0.9308,0.7397,0
ACC_004192,RING_00265,15,0,0,0,14,0.2,1.0,9160.13,1.0,1.0,0.8352,0.0044,0.0317,0.9308,0.7397,0
ACC_004193,RING_00265,15,0,0,0,14,0.2,1.0,9160.13,1.0,1.0,0.8352,0.0044,0.0317,0.9308,0.7397,0
ACC_004194,RING_00266,29,28,28,0,0,0.4,1.0,0.73,29.0,1.0,0.7902,0.9801,0.8901,1.0,0.5804,1
ACC_004195,RING_00266,29,28,28,0,1,0.4071,1.0,0.73,29.0,1.0,0.7902,0.9801,0.8901,1.0,0.5804,1
ACC_004196,RING_00266,29,28,28,0,2,0.4143,1.0,0.73,29.0,1.0,0.7902,0.9801,0.8901,1.0,0.5804,1
ACC_004197,RING_00266,29,28,28,0,0,0.4,1.0,0.73,29.0,1.0,0.7902,0.9801,0.8901,1.0,0.5804,1
ACC_004198,RING_00266,29,28,28,0,2,0.4143,1.0,0.73,29.0,1.0,0.7902,0.9801,0.8901,1.0,0.5804,1
ACC_004199,RING_00266,29,28,28,0,2,0.4143,1.0,0.73,29.0,1.0,0.7902,0.9801,0.8901,1.0,0.5804,1
ACC_004200,RING_00266,29,28,28,0,1,0.4071,1.0,0.73,29.0,1.0,0.7902,0.9801,0.8901,1.0,0.5804,1
ACC_004201,RING_00266,29,28,28,0,2,0.4143,1.0,0.73,29.0,1.0,0.7902,0.9801,0.8901,1.0,0.5804,1
ACC_004202,RING_00266,29,28,28,0,2,0.4143,1.0,0.73,29.0,1.0,0.7902,0.9801,0.8901,1.0,0.5804,1
ACC_004203,RING_00266,29,28,28,0,2,0.4143,1.0,0.73,29.0,1.0,0.7902,0.9801,0.8901,1.0,0.5804,1
ACC_004204,RING_00266,29,28,28,0,2,0.4143,1.0,0.73,29.0,1.0,0.7902,0.9801,0.8901,1.0,0.5804,1
ACC_004205,RING_00266,29,28,28,0,2,0.4143,1.0,0.73,29.0,1.0,0.7902,0.9801,0.8901,1.0,0.5804,1
ACC_004206,RING_00266,29,28,28,0,2,0.4143,1.0,0.73,29.0,1.0,0.7902,0.9801,0.8901,1.0,0.5804,1
ACC_004207,RING_00266,29,28,28,0,2,0.4143,1.0,0.73,29.0,1.0,0.7902,0.9801,0.8901,1.0,0.5804,1
ACC_004208,RING_00266,29,28,28,0,2,0.4143,1.0,0.73,29.0,1.0,0.7902,0.9801,0.8901,1.0,0.5804,1
ACC_004209,RING_00266,29,28,28,0,2,0.4143,1.0,0.73,29.0,1.0,0.7902,0.9801,0.8901,1.0,0.5804,1
ACC_004210,RING_00266,29,28,28,0,2,0.4143,1.0,0.73,29.0,1.0,0.7902,0.9801,0.8901,1.0,0.5804,1
ACC_004211,RING_00266,29,28,28,0,2,0.4143,1.0,0.73,29.0,1.0,0.7902,0.9801,0.8901,1.0,0.5804,1
ACC_004212,RING_00266,29,28,28,0,2,0.4143,1.0,0.73,29.0,1.0,0.7902,0.9801,0.8901,1.0,0.5804,1
ACC_004213,RING_00266,29,28,28,0,2,0.4143,1.0,0.73,29.0,1.0,0.7902,0.9801,0.8901,1.0,0.5804,1
ACC_004214,RING_00266,29,28,28,0,2,0.4143,1.0,0.73,29.0,1.0,0.7902,0.9801,0.8901,1.0,0.5804,1
ACC_004215,RING_00266,29,28,28,0,2,0.4143,1.0,0.73,29.0,1.0,0.7902,0.9801,0.8901,1.0,0.5804,1
ACC_004216,RING_00266,29,28,28,0,2,0.4143,1.0,0.73,29.0,1.0,0.7902,0.9801,0.8901,1.0,0.5804,1
ACC_004217,RING_00266,29,28,28,0,1,0.4071,1.0,0.73,29.0,1.0,0.7902,0.9801,0.8901,1.0,0.5804,1
ACC_004218,RING_00266,29,28,28,0,2,0.4143,1.0,0.73,29.0,1.0,0.7902,0.9801,0.8901,1.0,0.5804,1
ACC_004219,RING_00266,29,28,28,0,1,0.4071,1.0,0.73,29.0,1.0,0.7902,0.9801,0.8901,1.0,0.5804,1
ACC_004220,RING_00266,29,28,28,0,1,0.4071,1.0,0.73,29.0,1.0,0.7902,0.9801,0.8901,1.0,0.5804,1
ACC_004221,RING_00266,29,28,28,0,2,0.4143,1.0,0.73,29.0,1.0,0.7902,0.9801,0.8901,1.0,0.5804,1
ACC_004222,RING_00266,29,28,28,0,1,0.4071,1.0,0.73,29.0,1.0,0.7902,0.9801,0.8901,1.0,0.5804,1
ACC_004223,RING_00267,10,9,0,0,0,0.3,1.0,5017.79,10.0,1.0,0.7989,0.007,0.0532,0.9214,0.6763,0
ACC_004224,RING_00267,10,9,0,0,0,0.3,1.0,5017.79,10.0,1.0,0.7989,0.007,0.0532,0.9214,0.6763,0
ACC_004225,RING_00267,10,9,0,0,0,0.3,1.0,5017.79,10.0,1.0,0.7989,0.007,0.0532,0.9214,0.6763,0
ACC_004226,RING_00267,10,9,0,0,0,0.3,1.0,5017.79,10.0,1.0,0.7989,0.007,0.0532,0.9214,0.6763,0
ACC_004227,RING_00267,10,9,0,0,0,0.3,1.0,5017.79,10.0,1.0,0.7989,0.007,0.0532,0.9214,0.6763,0
ACC_004228,RING_00267,10,9,0,0,0,0.3,1.0,5017.79,10.0,1.0,0.7989,0.007,0.0532,0.9214,0.6763,0
ACC_004229,RING_00267,10,9,0,0,0,0.3,1.0,5017.79,10.0,1.0,0.7989,0.007,0.0532,0.9214,0.6763,0
ACC_004230,RING_00267,10,9,0,0,0,0.3,1.0,5017.79,10.0,1.0,0.7989,0.007,0.0532,0.9214,0.6763,0
ACC_004231,RING_00267,10,9,0,0,0,0.3,1.0,5017.79,10.0,1.0,0.7989,0.007,0.0532,0.9214,0.6763,0
ACC_004232,RING_00267,10,9,0,0,0,0.3,1.0,5017.79,10.0,1.0,0.7989,0.007,0.0532,0.9214,0.6763,0
ACC_004233,RING_00268,1,0,0,0,0,0.0,0.0,0.0,1.0,1.0,1.0,0.1071,0.0403,1.0,1.0,0
ACC_004234,RING_00269,16,0,0,15,0,0.4,1.0,6960.5,0.0625,16.0,0.7957,0.0055,0.0496,0.9396,0.6518,0
ACC_004235,RING_00269,16,0,0,15,0,0.4,1.0,6960.5,0.0625,16.0,0.7957,0.0055,0.0496,0.9396,0.6518,0
ACC_004236,RING_00269,16,0,0,15,0,0.4,1.0,6960.5,0.0625,16.0,0.7957,0.0055,0.0496,0.9396,0.6518,0
ACC_004237,RING_00269,16,0,0,15,0,0.4,1.0,6960.5,0.0625,16.0,0.7957,0.0055,0.0496,0.9396,0.6518,0
ACC_004238,RING_00269,16,0,0,15,0,0.4,1.0,6960.5,0.0625,16.0,0.7957,0.0055,0.0496,0.9396,0.6518,0
ACC_004239,RING_00269,16,0,0,15,0,0.4,1.0,6960.5,0.0625,16.0,0.7957,0.0055,0.0496,0.9396,0.6518,0
ACC_004240,RING_00269,16,0,0,15,0,0.4,1.0,6960.5,0.0625,16.0,0.7957,0.0055,0.0496,0.9396,0.6518,0
ACC_004241,RING_00269,16,0,0,15,0,0.4,1.0,6960.5,0.0625,16.0,0.7957,0.0055,0.0496,0.9396,0.6518,0
ACC_004242,RING_00269,16,0,0,15,0,0.4,1.0,6960.5,0.0625,16.0,0.7957,0.0055,0.0496,0.9396,0.6518,0
ACC_004243,RING_00269,16,0,0,15,0,0.4,1.0,6960.5,0.0625,16.0,0.7957,0.0055,0.0496,0.9396,0.6518,0
ACC_004244,RING_00269,16,0,0,15,0,0.4,1.0,6960.5,0.0625,16.0,0.7957,0.0055,0.0496,0.9396,0.6518,0
ACC_004245,RING_00269,16,0,0,15,0,0.4,1.0,6960.5,0.0625,16.0,0.7957,0.0055,0.0496,0.9396,0.6518,0
ACC_004246,RING_00269,16,0,0,15,0,0.4,1.0,6960.5,0.0625,16.0,0.7957,0.0055,0.0496,0.9396,0.6518,0
ACC_004247,RING_00269,16,0,0,15,0,0.4,1.0,6960.5,0.0625,16.0,0.7957,0.0055,0.0496,0.9396,0.6518,0
ACC_004248,RING_00269,16,0,0,15,0,0.4,1.0,6960.5,0.0625,16.0,0.7957,0.0055,0.0496,0.9396,0.6518,0
ACC_004249,RING_00269,16,0,0,15,0,0.4,1.0,6960.5,0.0625,16.0,0.7957,0.0055,0.0496,0.9396,0.6518,0
ACC_004250,RING_00270,2,0,0,1,1,0.6,1.0,10458.65,0.5,2.0,0.9363,0.0023,0.0445,0.9885,0.8841,0
ACC_004251,RING_00270,2,0,0,1,1,0.6,1.0,10458.65,0.5,2.0,0.9363,0.0023,0.0445,0.9885,0.8841,0
ACC_004252,RING_00271,1,0,0,0,0,0.0,0.0,0.0,1.0,1.0,1.0,0.1071,0.0707,1.0,1.0,0
ACC_004253,RING_00272,1,0,0,0,0,0.0,0.0,0.0,1.0,1.0,1.0,0.1071,0.0688,1.0,1.0,0
ACC_004254,RING_00273,19,10,2,0,18,0.3778,1.0,1.96,9.5,1.0,0.7374,0.9496,0.8122,0.7124,0.7624,1
ACC_004255,RING_00273,19,7,6,0,18,0.35,1.0,1.96,9.5,1.0,0.7374,0.9496,0.8122,0.7124,0.7624,1
ACC_004256,RING_00273,19,10,2,0,18,0.3778,1.0,1.96,9.5,1.0,0.7374,0.9496,0.8122,0.7124,0.7624,1
ACC_004257,RING_00273,19,10,2,0,18,0.3778,1.0,1.96,9.5,1.0,0.7374,0.9496,0.8122,0.7124,0.7624,1
ACC_004258,RING_00273,19,7,4,0,18,0.3389,1.0,1.96,9.5,1.0,0.7374,0.9496,0.8122,0.7124,0.7624,1
ACC_004259,RING_00273,19,7,6,0,18,0.35,1.0,1.96,9.5,1.0,0.7374,0.9496,0.8122,0.7124,0.7624,1
ACC_004260,RING_00273,19,10,6,0,18,0.4,1.0,1.96,9.5,1.0,0.7374,0.9496,0.8122,0.7124,0.7624,1
ACC_004261,RING_00273,19,10,4,0,18,0.3889,1.0,1.96,9.5,1.0,0.7374,0.9496,0.8122,0.7124,0.7624,1
ACC_004262,RING_00273,19,10,4,0,18,0.3889,1.0,1.96,9.5,1.0,0.7374,0.9496,0.8122,0.7124,0.7624,1
ACC_004263,RING_00273,19,10,4,0,18,0.3889,1.0,1.96,9.5,1.0,0.7374,0.9496,0.8122,0.7124,0.7624,1
ACC_004264,RING_00273,19,10,6,0,18,0.4,1.0,1.96,9.5,1.0,0.7374,0.9496,0.8122,0.7124,0.7624,1
ACC_004265,RING_00273,19,7,6,0,18,0.35,1.0,1.96,9.5,1.0,0.7374,0.9496,0.8122,0.7124,0.7624,1
ACC_004266,RING_00273,19,10,1,0,18,0.3722,1.0,1.96,9.5,1.0,0.7374,0.9496,0.8122,0.7124,0.7624,1
ACC_004267,RING_00273,19,7,6,0,18,0.35,1.0,1.96,9.5,1.0,0.7374,0.9496,0.8122,0.7124,0.7624,1
ACC_004268,RING_00273,19,10,1,0,18,0.3722,1.0,1.96,9.5,1.0,0.7374,0.9496,0.8122,0.7124,0.7624,1
ACC_004269,RING_00273,19,7,4,0,18,0.3389,1.0,1.96,9.5,1.0,0.7374,0.9496,0.8122,0.7124,0.7624,1
ACC_004270,RING_00273,19,7,6,0,18,0.35,1.0,1.96,9.5,1.0,0.7374,0.9496,0.8122,0.7124,0.7624,1
ACC_004271,RING_00273,19,10,1,0,18,0.3722,1.0,1.96,9.5,1.0,0.7374,0.9496,0.8122,0.7124,0.7624,1
ACC_004272,RING_00273,19,7,1,0,18,0.3222,1.0,1.96,9.5,1.0,0.7374,0.9496,0.8122,0.7124,0.7624,1
ACC_004273,RING_00274,16,15,0,0,0,0.3,1.0,6093.8,16.0,1.0,0.8778,0.0074,0.0494,0.9214,0.8343,0
ACC_004274,RING_00274,16,15,0,0,0,0.3,1.0,6093.8,16.0,1.0,0.8778,0.0074,0.0494,0.9214,0.8343,0
ACC_004275,RING_00274,16,15,0,0,0,0.3,1.0,6093.8,16.0,1.0,0.8778,0.0074,0.0494,0.9214,0.8343,0
ACC_004276,RING_00274,16,15,0,0,0,0.3,1.0,6093.8,16.0,1.0,0.8778,0.0074,0.0494,0.9214,0.8343,0
ACC_004277,RING_00274,16,15,0,0,0,0.3,1.0,6093.8,16.0,1.0,0.8778,0.0074,0.0494,0.9214,0.8343,0
ACC_004278,RING_00274,16,15,0,0,0,0.3,1.0,6093.8,16.0,1.0,0.8778,0.0074,0.0494,0.9214,0.8343,0
ACC_004279,RING_00274,16,15,0,0,0,0.3,1.0,6093.8,16.0,1.0,0.8778,0.0074,0.0494,0.9214,0.8343,0
ACC_004280,RING_00274,16,15,0,0,0,0.3,1.0,6093.8,16.0,1.0,0.8778,0.0074,0.0494,0.9214,0.8343,0
ACC_004281,RING_00274,16,15,0,0,0,0.3,1.0,6093.8,16.0,1.0,0.8778,0.0074,0.0494,0.9214,0.8343,0
ACC_004282,RING_00274,16,15,0,0,0,0.3,1.0,6093.8,16.0,1.0,0.8778,0.0074,0.0494,0.9214,0.8343,0
ACC_004283,RING_00274,16,15,0,0,0,0.3,1.0,6093.8,16.0,1.0,0.8778,0.0074,0.0494,0.9214,0.8343,0
ACC_004284,RING_00274,16,15,0,0,0,0.3,1.0,6093.8,16.0,1.0,0.8778,0.0074,0.0494,0.9214,0.8343,0
ACC_004285,RING_00274,16,15,0,0,0,0.3,1.0,6093.8,16.0,1.0,0.8778,0.0074,0.0494,0.9214,0.8343,0
ACC_004286,RING_00274,16,15,0,0,0,0.3,1.0,6093.8,16.0,1.0,0.8778,0.0074,0.0494,0.9214,0.8343,0
ACC_004287,RING_00274,16,15,0,0,0,0.3,1.0,6093.8,16.0,1.0,0.8778,0.0074,0.0494,0.9214,0.8343,0
ACC_004288,RING_00274,16,15,0,0,0,0.3,1.0,6093.8,16.0,1.0,0.8778,0.0074,0.0494,0.9214,0.8343,0
ACC_004289,RING_00275,4,0,0,3,3,0.6,1.0,7590.54,0.25,4.0,0.903,0.0041,0.0378,0.8893,0.9166,0
ACC_004290,RING_00275,4,0,0,3,3,0.6,1.0,7590.54,0.25,4.0,0.903,0.0041,0.0378,0.8893,0.9166,0
ACC_004291,RING_00275,4,0,0,3,3,0.6,1.0,7590.54,0.25,4.0,0.903,0.0041,0.0378,0.8893,0.9166,0
ACC_004292,RING_00275,4,0,0,3,3,0.6,1.0,7590.54,0.25,4.0,0.903,0.0041,0.0378,0.8893,0.9166,0
ACC_004293,RING_00276,4,0,0,3,0,0.4,1.0,6404.55,0.25,4.0,0.8597,0.0052,0.0413,0.9381,0.7813,0
ACC_004294,RING_00276,4,0,0,3,0,0.4,1.0,6404.55,0.25,4.0,0.8597,0.0052,0.0413,0.9381,0.7813,0
ACC_004295,RING_00276,4,0,0,3,0,0.4,1.0,6404.55,0.25,4.0,0.8597,0.0052,0.0413,0.9381,0.7813,0
ACC_004296,RING_00276,4,0,0,3,0,0.4,1.0,6404.55,0.25,4.0,0.8597,0.0052,0.0413,0.9381,0.7813,0
ACC_004297,RING_00277,1,0,0,0,0,0.0,0.0,0.0,1.0,1.0,1.0,0.1071,0.0548,1.0,1.0,0
ACC_004298,RING_00278,64,0,63,0,0,0.1,1.0,8521.24,1.0,1.0,0.8036,0.0053,0.0428,0.904,0.7032,0
ACC_004299,RING_00278,64,0,63,0,0,0.1,1.0,8521.24,1.0,1.0,0.8036,0.0053,0.0428,0.904,0.7032,0
ACC_004300,RING_00278,64,0,63,0,0,0.1,1.0,8521.24,1.0,1.0,0.8036,0.0053,0.0428,0.904,0.7032,0
ACC_004301,RING_00278,64,0,63,0,0,0.1,1.0,8521.24,1.0,1.0,0.8036,0.0053,0.0428,0.904,0.7032,0
ACC_004302,RING_00278,64,0,63,0,0,0.1,1.0,8521.24,1.0,1.0,0.8036,0.0053,0.0428,0.904,0.7032,0
ACC_004303,RING_00278,64,0,63,0,0,0.1,1.0,8521.24,1.0,1.0,0.8036,0.0053,0.0428,0.904,0.7032,0
ACC_004304,RING_00278,64,0,63,0,0,0.1,1.0,8521.24,1.0,1.0,0.8036,0.0053,0.0428,0.904,0.7032,0
ACC_004305,RING_00278,64,0,63,0,0,0.1,1.0,8521.24,1.0,1.0,0.8036,0.0053,0.0428,0.904,0.7032,0
ACC_004306,RING_00278,64,0,63,0,0,0.1,1.0,8521.24,1.0,1.0,0.8036,0.0053,0.0428,0.904,0.7032,0
ACC_004307,RING_00278,64,0,63,0,0,0.1,1.0,8521.24,1.0,1.0,0.8036,0.0053,0.0428,0.904,0.7032,0
ACC_004308,RING_00278,64,0,63,0,0,0.1,1.0,8521.24,1.0,1.0,0.8036,0.0053,0.0428,0.904,0.7032,0
ACC_004309,RING_00278,64,0,63,0,0,0.1,1.0,8521.24,1.0,1.0,0.8036,0.0053,0.0428,0.904,0.7032,0
ACC_004310,RING_00278,64,0,63,0,0,0.1,1.0,8521.24,1.0,1.0,0.8036,0.0053,0.0428,0.904,0.7032,0
ACC_004311,RING_00278,64,0,63,0,0,0.1,1.0,8521.24,1.0,1.0,0.8036,0.0053,0.0428,0.904,0.7032,0
ACC_004312,RING_00278,64,0,63,0,0,0.1,1.0,8521.24,1.0,1.0,0.8036,0.0053,0.0428,0.904,0.7032,0
ACC_004313,RING_00278,64,0,63,0,0,0.1,1.0,8521.24,1.0,1.0,0.8036,0.0053,0.0428,0.904,0.7032,0
ACC_004314,RING_00278,64,0,63,0,0,0.1,1.0,8521.24,1.0,1.0,0.8036,0.0053,0.0428,0.904,0.7032,0
ACC_004315,RING_00278,64,0,63,0,0,0.1,1.0,8521.24,1.0,1.0,0.8036,0.0053,0.0428,0.904,0.7032,0
ACC_004316,RING_00278,64,0,63,0,0,0.1,1.0,8521.24,1.0,1.0,0.8036,0.0053,0.0428,0.904,0.7032,0
ACC_004317,RING_00278,64,0,63,0,0,0.1,1.0,8521.24,1.0,1.0,0.8036,0.0053,0.0428,0.904,0.7032,0
ACC_004318,RING_00278,64,0,63,0,0,0.1,1.0,8521.24,1.0,1.0,0.8036,0.0053,0.0428,0.904,0.7032,0
ACC_004319,RING_00278,64,0,63,0,0,0.1,1.0,8521.24,1.0,1.0,0.8036,0.0053,0.0428,0.904,0.7032,0
ACC_004320,RING_00278,64,0,63,0,0,0.1,1.0,8521.24,1.0,1.0,0.8036,0.0053,0.0428,0.904,0.7032,0
ACC_004321,RING_00278,64,0,63,0,0,0.1,1.0,8521.24,1.0,1.0,0.8036,0.0053,0.0428,0.904,0.7032,0
ACC_004322,RING_00278,64,0,63,0,0,0.1,1.0,8521.24,1.0,1.0,0.8036,0.0053,0.0428,0.904,0.7032,0
ACC_004323,RING_00278,64,0,63,0,0,0.1,1.0,8521.24,1.0,1.0,0.8036,0.0053,0.0428,0.904,0.7032,0
ACC_004324,RING_00278,64,0,63,0,0,0.1,1.0,8521.24,1.0,1.0,0.8036,0.0053,0.0428,0.904,0.7032,0
ACC_004325,RING_00278,64,0,63,0,0,0.1,1.0,8521.24,1.0,1.0,0.8036,0.0053,0.0428,0.904,0.7032,0
ACC_004326,RING_00278,64,0,63,0,0,0.1,1.0,8521.24,1.0,1.0,0.8036,0.0053,0.0428,0.904,0.7032,0
ACC_004327,RING_00278,64,0,63,0,0,0.1,1.0,8521.24,1.0,1.0,0.8036,0.0053,0.0428,0.904,0.7032,0
ACC_004328,RING_00278,64,0,63,0,0,0.1,1.0,8521.24,1.0,1.0,0.8036,0.0053,0.0428,0.904,0.7032,0
ACC_004329,RING_00278,64,0,63,0,0,0.1,1.0,8521.24,1.0,1.0,0.8036,0.0053,0.0428,0.904,0.7032,0
ACC_004330,RING_00278,64,0,63,0,0,0.1,1.0,8521.24,1.0,1.0,0.8036,0.0053,0.0428,0.904,0.7032,0
ACC_004331,RING_00278,64,0,63,0,0,0.1,1.0,8521.24,1.0,1.0,0.8036,0.0053,0.0428,0.904,0.7032,0
ACC_004332,RING_00278,64,0,63,0,0,0.1,1.0,8521.24,1.0,1.0,0.8036,0.0053,0.0428,0.904,0.7032,0
ACC_004333,RING_00278,64,0,63,0,0,0.1,1.0,8521.24,1.0,1.0,0.8036,0.0053,0.0428,0.904,0.7032,0
ACC_004334,RING_00278,64,0,63,0,0,0.1,1.0,8521.24,1.0,1.0,0.8036,0.0053,0.0428,0.904,0.7032,0
ACC_004335,RING_00278,64,0,63,0,0,0.1,1.0,8521.24,1.0,1.0,0.8036,0.0053,0.0428,0.904,0.7032,0
ACC_004336,RING_00278,64,0,63,0,0,0.1,1.0,8521.24,1.0,1.0,0.8036,0.0053,0.0428,0.904,0.7032,0
ACC_004337,RING_00278,64,0,63,0,0,0.1,1.0,8521.24,1.0,1.0,0.8036,0.0053,0.0428,0.904,0.7032,0
ACC_004338,RING_00278,64,0,63,0,0,0.1,1.0,8521.24,1.0,1.0,0.8036,0.0053,0.0428,0.904,0.7032,0
ACC_004339,RING_00278,64,0,63,0,0,0.1,1.0,8521.24,1.0,1.0,0.8036,0.0053,0.0428,0.904,0.7032,0
ACC_004340,RING_00278,64,0,63,0,0,0.1,1.0,8521.24,1.0,1.0,0.8036,0.0053,0.0428,0.904,0.7032,0
ACC_004341,RING_00278,64,0,63,0,0,0.1,1.0,8521.24,1.0,1.0,0.8036,0.0053,0.0428,0.904,0.7032,0
ACC_004342,RING_00278,64,0,63,0,0,0.1,1.0,8521.24,1.0,1.0,0.8036,0.0053,0.0428,0.904,0.7032,0
ACC_004343,RING_00278,64,0,63,0,0,0.1,1.0,8521.24,1.0,1.0,0.8036,0.0053,0.0428,0.904,0.7032,0
ACC_004344,RING_00278,64,0,63,0,0,0.1,1.0,8521.24,1.0,1.0,0.8036,0.0053,0.0428,0.904,0.7032,0
ACC_004345,RING_00278,64,0,63,0,0,0.1,1.0,8521.24,1.0,1.0,0.8036,0.0053,0.0428,0.904,0.7032,0
ACC_004346,RING_00278,64,0,63,0,0,0.1,1.0,8521.24,1.0,1.0,0.8036,0.0053,0.0428,0.904,0.7032,0
ACC_004347,RING_00278,64,0,63,0,0,0.1,1.0,8521.24,1.0,1.0,0.8036,0.0053,0.0428,0.904,0.7032,0
ACC_004348,RING_00278,64,0,63,0,0,0.1,1.0,8521.24,1.0,1.0,0.8036,0.0053,0.0428,0.904,0.7032,0
ACC_004349,RING_00278,64,0,63,0,0,0.1,1.0,8521.24,1.0,1.0,0.8036,0.0053,0.0428,0.904,0.7032,0
ACC_004350,RING_00278,64,0,63,0,0,0.1,1.0,8521.24,1.0,1.0,0.8036,0.0053,0.0428,0.904,0.7032,0
ACC_004351,RING_00278,64,0,63,0,0,0.1,1.0,8521.24,1.0,1.0,0.8036,0.0053,0.0428,0.904,0.7032,0
ACC_004352,RING_00278,64,0,63,0,0,0.1,1.0,8521.24,1.0,1.0,0.8036,0.0053,0.0428,0.904,0.7032,0
ACC_004353,RING_00278,64,0,63,0,0,0.1,1.0,8521.24,1.0,1.0,0.8036,0.0053,0.0428,0.904,0.7032,0
ACC_004354,RING_00278,64,0,63,0,0,0.1,1.0,8521.24,1.0,1.0,0.8036,0.0053,0.0428,0.904,0.7032,0
ACC_004355,RING_00278,64,0,63,0,0,0.1,1.0,8521.24,1.0,1.0,0.8036,0.0053,0.0428,0.904,0.7032,0
ACC_004356,RING_00278,64,0,63,0,0,0.1,1.0,8521.24,1.0,1.0,0.8036,0.0053,0.0428,0.904,0.7032,0
ACC_004357,RING_00278,64,0,63,0,0,0.1,1.0,8521.24,1.0,1.0,0.8036,0.0053,0.0428,0.904,0.7032,0
ACC_004358,RING_00278,64,0,63,0,0,0.1,1.0,8521.24,1.0,1.0,0.8036,0.0053,0.0428,0.904,0.7032,0
ACC_004359,RING_00278,64,0,63,0,0,0.1,1.0,8521.24,1.0,1.0,0.8036,0.0053,0.0428,0.904,0.7032,0
ACC_004360,RING_00278,64,0,63,0,0,0.1,1.0,8521.24,1.0,1.0,0.8036,0.0053,0.0428,0.904,0.7032,0
ACC_004361,RING_00278,64,0,63,0,0,0.1,1.0,8521.24,1.0,1.0,0.8036,0.0053,0.0428,0.904,0.7032,0
ACC_004362,RING_00279,1,0,0,0,0,0.0,0.0,0.0,1.0,1.0,1.0,0.1071,0.0171,1.0,1.0,0
ACC_004363,RING_00280,53,0,52,0,0,0.1,1.0,8535.65,1.0,1.0,0.7874,0.0048,0.0393,0.9135,0.6613,0
ACC_004364,RING_00280,53,0,52,0,0,0.1,1.0,8535.65,1.0,1.0,0.7874,0.0048,0.0393,0.9135,0.6613,0
ACC_004365,RING_00280,53,0,52,0,0,0.1,1.0,8535.65,1.0,1.0,0.7874,0.0048,0.0393,0.9135,0.6613,0
ACC_004366,RING_00280,53,0,52,0,0,0.1,1.0,8535.65,1.0,1.0,0.7874,0.0048,0.0393,0.9135,0.6613,0
ACC_004367,RING_00280,53,0,52,0,0,0.1,1.0,8535.65,1.0,1.0,0.7874,0.0048,0.0393,0.9135,0.6613,0
ACC_004368,RING_00280,53,0,52,0,0,0.1,1.0,8535.65,1.0,1.0,0.7874,0.0048,0.0393,0.9135,0.6613,0
ACC_004369,RING_00280,53,0,52,0,0,0.1,1.0,8535.65,1.0,1.0,0.7874,0.0048,0.0393,0.9135,0.6613,0
ACC_004370,RING_00280,53,0,52,0,0,0.1,1.0,8535.65,1.0,1.0,0.7874,0.0048,0.0393,0.9135,0.6613,0
ACC_004371,RING_00280,53,0,52,0,0,0.1,1.0,8535.65,1.0,1.0,0.7874,0.0048,0.0393,0.9135,0.6613,0
ACC_004372,RING_00280,53,0,52,0,0,0.1,1.0,8535.65,1.0,1.0,0.7874,0.0048,0.0393,0.9135,0.6613,0
ACC_004373,RING_00280,53,0,52,0,0,0.1,1.0,8535.65,1.0,1.0,0.7874,0.0048,0.0393,0.9135,0.6613,0
ACC_004374,RING_00280,53,0,52,0,0,0.1,1.0,8535.65,1.0,1.0,0.7874,0.0048,0.0393,0.9135,0.6613,0
ACC_004375,RING_00280,53,0,52,0,0,0.1,1.0,8535.65,1.0,1.0,0.7874,0.0048,0.0393,0.9135,0.6613,0
ACC_004376,RING_00280,53,0,52,0,0,0.1,1.0,8535.65,1.0,1.0,0.7874,0.0048,0.0393,0.9135,0.6613,0
ACC_004377,RING_00280,53,0,52,0,0,0.1,1.0,8535.65,1.0,1.0,0.7874,0.0048,0.0393,0.9135,0.6613,0
ACC_004378,RING_00280,53,0,52,0,0,0.1,1.0,8535.65,1.0,1.0,0.7874,0.0048,0.0393,0.9135,0.6613,0
ACC_004379,RING_00280,53,0,52,0,0,0.1,1.0,8535.65,1.0,1.0,0.7874,0.0048,0.0393,0.9135,0.6613,0
ACC_004380,RING_00280,53,0,52,0,0,0.1,1.0,8535.65,1.0,1.0,0.7874,0.0048,0.0393,0.9135,0.6613,0
ACC_004381,RING_00280,53,0,52,0,0,0.1,1.0,8535.65,1.0,1.0,0.7874,0.0048,0.0393,0.9135,0.6613,0
ACC_004382,RING_00280,53,0,52,0,0,0.1,1.0,8535.65,1.0,1.0,0.7874,0.0048,0.0393,0.9135,0.6613,0
ACC_004383,RING_00280,53,0,52,0,0,0.1,1.0,8535.65,1.0,1.0,0.7874,0.0048,0.0393,0.9135,0.6613,0
ACC_004384,RING_00280,53,0,52,0,0,0.1,1.0,8535.65,1.0,1.0,0.7874,0.0048,0.0393,0.9135,0.6613,0
ACC_004385,RING_00280,53,0,52,0,0,0.1,1.0,8535.65,1.0,1.0,0.7874,0.0048,0.0393,0.9135,0.6613,0
ACC_004386,RING_00280,53,0,52,0,0,0.1,1.0,8535.65,1.0,1.0,0.7874,0.0048,0.0393,0.9135,0.6613,0
ACC_004387,RING_00280,53,0,52,0,0,0.1,1.0,8535.65,1.0,1.0,0.7874,0.0048,0.0393,0.9135,0.6613,0
ACC_004388,RING_00280,53,0,52,0,0,0.1,1.0,8535.65,1.0,1.0,0.7874,0.0048,0.0393,0.9135,0.6613,0
ACC_004389,RING_00280,53,0,52,0,0,0.1,1.0,8535.65,1.0,1.0,0.7874,0.0048,0.0393,0.9135,0.6613,0
ACC_004390,RING_00280,53,0,52,0,0,0.1,1.0,8535.65,1.0,1.0,0.7874,0.0048,0.0393,0.9135,0.6613,0
ACC_004391,RING_00280,53,0,52,0,0,0.1,1.0,8535.65,1.0,1.0,0.7874,0.0048,0.0393,0.9135,0.6613,0
ACC_004392,RING_00280,53,0,52,0,0,0.1,1.0,8535.65,1.0,1.0,0.7874,0.0048,0.0393,0.9135,0.6613,0
ACC_004393,RING_00280,53,0,52,0,0,0.1,1.0,8535.65,1.0,1.0,0.7874,0.0048,0.0393,0.9135,0.6613,0
ACC_004394,RING_00280,53,0,52,0,0,0.1,1.0,8535.65,1.0,1.0,0.7874,0.0048,0.0393,0.9135,0.6613,0
ACC_004395,RING_00280,53,0,52,0,0,0.1,1.0,8535.65,1.0,1.0,0.7874,0.0048,0.0393,0.9135,0.6613,0
ACC_004396,RING_00280,53,0,52,0,0,0.1,1.0,8535.65,1.0,1.0,0.7874,0.0048,0.0393,0.9135,0.6613,0
ACC_004397,RING_00280,53,0,52,0,0,0.1,1.0,8535.65,1.0,1.0,0.7874,0.0048,0.0393,0.9135,0.6613,0
ACC_004398,RING_00280,53,0,52,0,0,0.1,1.0,8535.65,1.0,1.0,0.7874,0.0048,0.0393,0.9135,0.6613,0
ACC_004399,RING_00280,53,0,52,0,0,0.1,1.0,8535.65,1.0,1.0,0.7874,0.0048,0.0393,0.9135,0.6613,0
ACC_004400,RING_00280,53,0,52,0,0,0.1,1.0,8535.65,1.0,1.0,0.7874,0.0048,0.0393,0.9135,0.6613,0
ACC_004401,RING_00280,53,0,52,0,0,0.1,1.0,8535.65,1.0,1.0,0.7874,0.0048,0.0393,0.9135,0.6613,0
ACC_004402,RING_00280,53,0,52,0,0,0.1,1.0,8535.65,1.0,1.0,0.7874,0.0048,0.0393,0.9135,0.6613,0
ACC_004403,RING_00280,53,0,52,0,0,0.1,1.0,8535.65,1.0,1.0,0.7874,0.0048,0.0393,0.9135,0.6613,0
ACC_004404,RING_00280,53,0,52,0,0,0.1,1.0,8535.65,1.0,1.0,0.7874,0.0048,0.0393,0.9135,0.6613,0
ACC_004405,RING_00280,53,0,52,0,0,0.1,1.0,8535.65,1.0,1.0,0.7874,0.0048,0.0393,0.9135,0.6613,0
ACC_004406,RING_00280,53,0,52,0,0,0.1,1.0,8535.65,1.0,1.0,0.7874,0.0048,0.0393,0.9135,0.6613,0
ACC_004407,RING_00280,53,0,52,0,0,0.1,1.0,8535.65,1.0,1.0,0.7874,0.0048,0.0393,0.9135,0.6613,0
ACC_004408,RING_00280,53,0,52,0,0,0.1,1.0,8535.65,1.0,1.0,0.7874,0.0048,0.0393,0.9135,0.6613,0
ACC_004409,RING_00280,53,0,52,0,0,0.1,1.0,8535.65,1.0,1.0,0.7874,0.0048,0.0393,0.9135,0.6613,0
ACC_004410,RING_00280,53,0,52,0,0,0.1,1.0,8535.65,1.0,1.0,0.7874,0.0048,0.0393,0.9135,0.6613,0
ACC_004411,RING_00280,53,0,52,0,0,0.1,1.0,8535.65,1.0,1.0,0.7874,0.0048,0.0393,0.9135,0.6613,0
ACC_004412,RING_00280,53,0,52,0,0,0.1,1.0,8535.65,1.0,1.0,0.7874,0.0048,0.0393,0.9135,0.6613,0
ACC_004413,RING_00280,53,0,52,0,0,0.1,1.0,8535.65,1.0,1.0,0.7874,0.0048,0.0393,0.9135,0.6613,0
ACC_004414,RING_00280,53,0,52,0,0,0.1,1.0,8535.65,1.0,1.0,0.7874,0.0048,0.0393,0.9135,0.6613,0
ACC_004415,RING_00280,53,0,52,0,0,0.1,1.0,8535.65,1.0,1.0,0.7874,0.0048,0.0393,0.9135,0.6613,0
ACC_004416,RING_00281,4,0,0,3,3,0.6,1.0,8231.61,0.25,4.0,0.915,0.0039,0.0328,0.8846,0.9455,0
ACC_004417,RING_00281,4,0,0,3,3,0.6,1.0,8231.61,0.25,4.0,0.915,0.0039,0.0328,0.8846,0.9455,0
ACC_004418,RING_00281,4,0,0,3,3,0.6,1.0,8231.61,0.25,4.0,0.915,0.0039,0.0328,0.8846,0.9455,0
ACC_004419,RING_00281,4,0,0,3,3,0.6,1.0,8231.61,0.25,4.0,0.915,0.0039,0.0328,0.8846,0.9455,0
ACC_004420,RING_00282,1,0,0,0,0,0.0,0.0,0.0,1.0,1.0,1.0,0.1071,0.0754,1.0,1.0,0
ACC_004421,RING_00283,17,8,4,0,16,0.375,1.0,1.77,8.5,1.0,0.7232,0.9592,0.8336,0.6783,0.768,1
ACC_004422,RING_00283,17,7,6,0,16,0.3688,1.0,1.77,8.5,1.0,0.7232,0.9592,0.8336,0.6783,0.768,1
ACC_004423,RING_00283,17,8,4,0,16,0.375,1.0,1.77,8.5,1.0,0.7232,0.9592,0.8336,0.6783,0.768,1
ACC_004424,RING_00283,17,7,4,0,16,0.3563,1.0,1.77,8.5,1.0,0.7232,0.9592,0.8336,0.6783,0.768,1
ACC_004425,RING_00283,17,7,6,0,16,0.3688,1.0,1.77,8.5,1.0,0.7232,0.9592,0.8336,0.6783,0.768,1
ACC_004426,RING_00283,17,8,6,0,16,0.3875,1.0,1.77,8.5,1.0,0.7232,0.9592,0.8336,0.6783,0.768,1
ACC_004427,RING_00283,17,7,4,0,16,0.3563,1.0,1.77,8.5,1.0,0.7232,0.9592,0.8336,0.6783,0.768,1
ACC_004428,RING_00283,17,7,6,0,16,0.3688,1.0,1.77,8.5,1.0,0.7232,0.9592,0.8336,0.6783,0.768,1
ACC_004429,RING_00283,17,7,4,0,16,0.3563,1.0,1.77,8.5,1.0,0.7232,0.9592,0.8336,0.6783,0.768,1
ACC_004430,RING_00283,17,8,4,0,16,0.375,1.0,1.77,8.5,1.0,0.7232,0.9592,0.8336,0.6783,0.768,1
ACC_004431,RING_00283,17,8,4,0,16,0.375,1.0,1.77,8.5,1.0,0.7232,0.9592,0.8336,0.6783,0.768,1
ACC_004432,RING_00283,17,7,4,0,16,0.3563,1.0,1.77,8.5,1.0,0.7232,0.9592,0.8336,0.6783,0.768,1
ACC_004433,RING_00283,17,8,6,0,16,0.3875,1.0,1.77,8.5,1.0,0.7232,0.9592,0.8336,0.6783,0.768,1
ACC_004434,RING_00283,17,8,4,0,16,0.375,1.0,1.77,8.5,1.0,0.7232,0.9592,0.8336,0.6783,0.768,1
ACC_004435,RING_00283,17,8,6,0,16,0.3875,1.0,1.77,8.5,1.0,0.7232,0.9592,0.8336,0.6783,0.768,1
ACC_004436,RING_00283,17,7,6,0,16,0.3688,1.0,1.77,8.5,1.0,0.7232,0.9592,0.8336,0.6783,0.768,1
ACC_004437,RING_00283,17,8,4,0,16,0.375,1.0,1.77,8.5,1.0,0.7232,0.9592,0.8336,0.6783,0.768,1
ACC_004438,RING_00284,24,23,3,0,23,0.513,1.0,1.89,24.0,1.0,0.7641,0.9511,0.8236,0.7374,0.7908,1
ACC_004439,RING_00284,24,23,8,0,23,0.5348,1.0,1.89,24.0,1.0,0.7641,0.9511,0.8236,0.7374,0.7908,1
ACC_004440,RING_00284,24,23,8,0,23,0.5348,1.0,1.89,24.0,1.0,0.7641,0.9511,0.8236,0.7374,0.7908,1
ACC_004441,RING_00284,24,23,3,0,23,0.513,1.0,1.89,24.0,1.0,0.7641,0.9511,0.8236,0.7374,0.7908,1
ACC_004442,RING_00284,24,23,8,0,23,0.5348,1.0,1.89,24.0,1.0,0.7641,0.9511,0.8236,0.7374,0.7908,1
ACC_004443,RING_00284,24,23,3,0,23,0.513,1.0,1.89,24.0,1.0,0.7641,0.9511,0.8236,0.7374,0.7908,1
ACC_004444,RING_00284,24,23,6,0,23,0.5261,1.0,1.89,24.0,1.0,0.7641,0.9511,0.8236,0.7374,0.7908,1
ACC_004445,RING_00284,24,23,8,0,23,0.5348,1.0,1.89,24.0,1.0,0.7641,0.9511,0.8236,0.7374,0.7908,1
ACC_004446,RING_00284,24,23,8,0,23,0.5348,1.0,1.89,24.0,1.0,0.7641,0.9511,0.8236,0.7374,0.7908,1
ACC_004447,RING_00284,24,23,3,0,23,0.513,1.0,1.89,24.0,1.0,0.7641,0.9511,0.8236,0.7374,0.7908,1
ACC_004448,RING_00284,24,23,3,0,23,0.513,1.0,1.89,24.0,1.0,0.7641,0.9511,0.8236,0.7374,0.7908,1
ACC_004449,RING_00284,24,23,6,0,23,0.5261,1.0,1.89,24.0,1.0,0.7641,0.9511,0.8236,0.7374,0.7908,1
ACC_004450,RING_00284,24,23,8,0,23,0.5348,1.0,1.89,24.0,1.0,0.7641,0.9511,0.8236,0.7374,0.7908,1
ACC_004451,RING_00284,24,23,3,0,23,0.513,1.0,1.89,24.0,1.0,0.7641,0.9511,0.8236,0.7374,0.7908,1
ACC_004452,RING_00284,24,23,3,0,23,0.513,1.0,1.89,24.0,1.0,0.7641,0.9511,0.8236,0.7374,0.7908,1
ACC_004453,RING_00284,24,23,8,0,23,0.5348,1.0,1.89,24.0,1.0,0.7641,0.9511,0.8236,0.7374,0.7908,1
ACC_004454,RING_00284,24,23,8,0,23,0.5348,1.0,1.89,24.0,1.0,0.7641,0.9511,0.8236,0.7374,0.7908,1
ACC_004455,RING_00284,24,23,6,0,23,0.5261,1.0,1.89,24.0,1.0,0.7641,0.9511,0.8236,0.7374,0.7908,1
ACC_004456,RING_00284,24,23,6,0,23,0.5261,1.0,1.89,24.0,1.0,0.7641,0.9511,0.8236,0.7374,0.7908,1
ACC_004457,RING_00284,24,23,3,0,23,0.513,1.0,1.89,24.0,1.0,0.7641,0.9511,0.8236,0.7374,0.7908,1
ACC_004458,RING_00284,24,23,6,0,23,0.5261,1.0,1.89,24.0,1.0,0.7641,0.9511,0.8236,0.7374,0.7908,1
ACC_004459,RING_00284,24,23,6,0,23,0.5261,1.0,1.89,24.0,1.0,0.7641,0.9511,0.8236,0.7374,0.7908,1
ACC_004460,RING_00284,24,23,6,0,23,0.5261,1.0,1.89,24.0,1.0,0.7641,0.9511,0.8236,0.7374,0.7908,1
ACC_004461,RING_00284,24,23,8,0,23,0.5348,1.0,1.89,24.0,1.0,0.7641,0.9511,0.8236,0.7374,0.7908,1
ACC_004462,RING_00285,49,0,48,0,0,0.1,1.0,8135.4,1.0,1.0,0.7939,0.0056,0.0468,0.9056,0.6822,0
ACC_004463,RING_00285,49,0,48,0,0,0.1,1.0,8135.4,1.0,1.0,0.7939,0.0056,0.0468,0.9056,0.6822,0
ACC_004464,RING_00285,49,0,48,0,0,0.1,1.0,8135.4,1.0,1.0,0.7939,0.0056,0.0468,0.9056,0.6822,0
ACC_004465,RING_00285,49,0,48,0,0,0.1,1.0,8135.4,1.0,1.0,0.7939,0.0056,0.0468,0.9056,0.6822,0
ACC_004466,RING_00285,49,0,48,0,0,0.1,1.0,8135.4,1.0,1.0,0.7939,0.0056,0.0468,0.9056,0.6822,0
ACC_004467,RING_00285,49,0,48,0,0,0.1,1.0,8135.4,1.0,1.0,0.7939,0.0056,0.0468,0.9056,0.6822,0
ACC_004468,RING_00285,49,0,48,0,0,0.1,1.0,8135.4,1.0,1.0,0.7939,0.0056,0.0468,0.9056,0.6822,0
ACC_004469,RING_00285,49,0,48,0,0,0.1,1.0,8135.4,1.0,1.0,0.7939,0.0056,0.0468,0.9056,0.6822,0
ACC_004470,RING_00285,49,0,48,0,0,0.1,1.0,8135.4,1.0,1.0,0.7939,0.0056,0.0468,0.9056,0.6822,0
ACC_004471,RING_00285,49,0,48,0,0,0.1,1.0,8135.4,1.0,1.0,0.7939,0.0056,0.0468,0.9056,0.6822,0
ACC_004472,RING_00285,49,0,48,0,0,0.1,1.0,8135.4,1.0,1.0,0.7939,0.0056,0.0468,0.9056,0.6822,0
ACC_004473,RING_00285,49,0,48,0,0,0.1,1.0,8135.4,1.0,1.0,0.7939,0.0056,0.0468,0.9056,0.6822,0
ACC_004474,RING_00285,49,0,48,0,0,0.1,1.0,8135.4,1.0,1.0,0.7939,0.0056,0.0468,0.9056,0.6822,0
ACC_004475,RING_00285,49,0,48,0,0,0.1,1.0,8135.4,1.0,1.0,0.7939,0.0056,0.0468,0.9056,0.6822,0
ACC_004476,RING_00285,49,0,48,0,0,0.1,1.0,8135.4,1.0,1.0,0.7939,0.0056,0.0468,0.9056,0.6822,0
ACC_004477,RING_00285,49,0,48,0,0,0.1,1.0,8135.4,1.0,1.0,0.7939,0.0056,0.0468,0.9056,0.6822,0
ACC_004478,RING_00285,49,0,48,0,0,0.1,1.0,8135.4,1.0,1.0,0.7939,0.0056,0.0468,0.9056,0.6822,0
ACC_004479,RING_00285,49,0,48,0,0,0.1,1.0,8135.4,1.0,1.0,0.7939,0.0056,0.0468,0.9056,0.6822,0
ACC_004480,RING_00285,49,0,48,0,0,0.1,1.0,8135.4,1.0,1.0,0.7939,0.0056,0.0468,0.9056,0.6822,0
ACC_004481,RING_00285,49,0,48,0,0,0.1,1.0,8135.4,1.0,1.0,0.7939,0.0056,0.0468,0.9056,0.6822,0
ACC_004482,RING_00285,49,0,48,0,0,0.1,1.0,8135.4,1.0,1.0,0.7939,0.0056,0.0468,0.9056,0.6822,0
ACC_004483,RING_00285,49,0,48,0,0,0.1,1.0,8135.4,1.0,1.0,0.7939,0.0056,0.0468,0.9056,0.6822,0
ACC_004484,RING_00285,49,0,48,0,0,0.1,1.0,8135.4,1.0,1.0,0.7939,0.0056,0.0468,0.9056,0.6822,0
ACC_004485,RING_00285,49,0,48,0,0,0.1,1.0,8135.4,1.0,1.0,0.7939,0.0056,0.0468,0.9056,0.6822,0
ACC_004486,RING_00285,49,0,48,0,0,0.1,1.0,8135.4,1.0,1.0,0.7939,0.0056,0.0468,0.9056,0.6822,0
ACC_004487,RING_00285,49,0,48,0,0,0.1,1.0,8135.4,1.0,1.0,0.7939,0.0056,0.0468,0.9056,0.6822,0
ACC_004488,RING_00285,49,0,48,0,0,0.1,1.0,8135.4,1.0,1.0,0.7939,0.0056,0.0468,0.9056,0.6822,0
ACC_004489,RING_00285,49,0,48,0,0,0.1,1.0,8135.4,1.0,1.0,0.7939,0.0056,0.0468,0.9056,0.6822,0
ACC_004490,RING_00285,49,0,48,0,0,0.1,1.0,8135.4,1.0,1.0,0.7939,0.0056,0.0468,0.9056,0.6822,0
ACC_004491,RING_00285,49,0,48,0,0,0.1,1.0,8135.4,1.0,1.0,0.7939,0.0056,0.0468,0.9056,0.6822,0
ACC_004492,RING_00285,49,0,48,0,0,0.1,1.0,8135.4,1.0,1.0,0.7939,0.0056,0.0468,0.9056,0.6822,0
ACC_004493,RING_00285,49,0,48,0,0,0.1,1.0,8135.4,1.0,1.0,0.7939,0.0056,0.0468,0.9056,0.6822,0
ACC_004494,RING_00285,49,0,48,0,0,0.1,1.0,8135.4,1.0,1.0,0.7939,0.0056,0.0468,0.9056,0.6822,0
ACC_004495,RING_00285,49,0,48,0,0,0.1,1.0,8135.4,1.0,1.0,0.7939,0.0056,0.0468,0.9056,0.6822,0
ACC_004496,RING_00285,49,0,48,0,0,0.1,1.0,8135.4,1.0,1.0,0.7939,0.0056,0.0468,0.9056,0.6822,0
ACC_004497,RING_00285,49,0,48,0,0,0.1,1.0,8135.4,1.0,1.0,0.7939,0.0056,0.0468,0.9056,0.6822,0
ACC_004498,RING_00285,49,0,48,0,0,0.1,1.0,8135.4,1.0,1.0,0.7939,0.0056,0.0468,0.9056,0.6822,0
ACC_004499,RING_00285,49,0,48,0,0,0.1,1.0,8135.4,1.0,1.0,0.7939,0.0056,0.0468,0.9056,0.6822,0
ACC_004500,RING_00285,49,0,48,0,0,0.1,1.0,8135.4,1.0,1.0,0.7939,0.0056,0.0468,0.9056,0.6822,0
ACC_004501,RING_00285,49,0,48,0,0,0.1,1.0,8135.4,1.0,1.0,0.7939,0.0056,0.0468,0.9056,0.6822,0
ACC_004502,RING_00285,49,0,48,0,0,0.1,1.0,8135.4,1.0,1.0,0.7939,0.0056,0.0468,0.9056,0.6822,0
ACC_004503,RING_00285,49,0,48,0,0,0.1,1.0,8135.4,1.0,1.0,0.7939,0.0056,0.0468,0.9056,0.6822,0
ACC_004504,RING_00285,49,0,48,0,0,0.1,1.0,8135.4,1.0,1.0,0.7939,0.0056,0.0468,0.9056,0.6822,0
ACC_004505,RING_00285,49,0,48,0,0,0.1,1.0,8135.4,1.0,1.0,0.7939,0.0056,0.0468,0.9056,0.6822,0
ACC_004506,RING_00285,49,0,48,0,0,0.1,1.0,8135.4,1.0,1.0,0.7939,0.0056,0.0468,0.9056,0.6822,0
ACC_004507,RING_00285,49,0,48,0,0,0.1,1.0,8135.4,1.0,1.0,0.7939,0.0056,0.0468,0.9056,0.6822,0
ACC_004508,RING_00285,49,0,48,0,0,0.1,1.0,8135.4,1.0,1.0,0.7939,0.0056,0.0468,0.9056,0.6822,0
ACC_004509,RING_00285,49,0,48,0,0,0.1,1.0,8135.4,1.0,1.0,0.7939,0.0056,0.0468,0.9056,0.6822,0
ACC_004510,RING_00285,49,0,48,0,0,0.1,1.0,8135.4,1.0,1.0,0.7939,0.0056,0.0468,0.9056,0.6822,0
ACC_004511,RING_00286,1,0,0,0,0,0.0,0.0,0.0,1.0,1.0,1.0,0.1071,0.0581,1.0,1.0,0
ACC_004512,RING_00287,14,0,0,0,13,0.2,1.0,436.74,1.0,1.0,0.8491,0.0756,0.7929,0.9172,0.781,1
ACC_004513,RING_00287,14,0,0,0,13,0.2,1.0,436.74,1.0,1.0,0.8491,0.0756,0.7929,0.9172,0.781,1
ACC_004514,RING_00287,14,0,0,0,13,0.2,1.0,436.74,1.0,1.0,0.8491,0.0756,0.7929,0.9172,0.781,1
ACC_004515,RING_00287,14,0,0,0,13,0.2,1.0,436.74,1.0,1.0,0.8491,0.0756,0.7929,0.9172,0.781,1
ACC_004516,RING_00287,14,0,0,0,13,0.2,1.0,436.74,1.0,1.0,0.8491,0.0756,0.7929,0.9172,0.781,1
ACC_004517,RING_00287,14,0,0,0,13,0.2,1.0,436.74,1.0,1.0,0.8491,0.0756,0.7929,0.9172,0.781,1
ACC_004518,RING_00287,14,0,0,0,13,0.2,1.0,436.74,1.0,1.0,0.8491,0.0756,0.7929,0.9172,0.781,1
ACC_004519,RING_00287,14,0,0,0,13,0.2,1.0,436.74,1.0,1.0,0.8491,0.0756,0.7929,0.9172,0.781,1
ACC_004520,RING_00287,14,0,0,0,13,0.2,1.0,436.74,1.0,1.0,0.8491,0.0756,0.7929,0.9172,0.781,1
ACC_004521,RING_00287,14,0,0,0,13,0.2,1.0,436.74,1.0,1.0,0.8491,0.0756,0.7929,0.9172,0.781,1
ACC_004522,RING_00287,14,0,0,0,13,0.2,1.0,436.74,1.0,1.0,0.8491,0.0756,0.7929,0.9172,0.781,1
ACC_004523,RING_00287,14,0,0,0,13,0.2,1.0,436.74,1.0,1.0,0.8491,0.0756,0.7929,0.9172,0.781,1
ACC_004524,RING_00287,14,0,0,0,13,0.2,1.0,436.74,1.0,1.0,0.8491,0.0756,0.7929,0.9172,0.781,1
ACC_004525,RING_00287,14,0,0,0,13,0.2,1.0,436.74,1.0,1.0,0.8491,0.0756,0.7929,0.9172,0.781,1
ACC_004526,RING_00288,54,0,53,0,0,0.1,1.0,8270.34,1.0,1.0,0.8064,0.0049,0.0422,0.9058,0.707,0
ACC_004527,RING_00288,54,0,53,0,0,0.1,1.0,8270.34,1.0,1.0,0.8064,0.0049,0.0422,0.9058,0.707,0
ACC_004528,RING_00288,54,0,53,0,0,0.1,1.0,8270.34,1.0,1.0,0.8064,0.0049,0.0422,0.9058,0.707,0
ACC_004529,RING_00288,54,0,53,0,0,0.1,1.0,8270.34,1.0,1.0,0.8064,0.0049,0.0422,0.9058,0.707,0
ACC_004530,RING_00288,54,0,53,0,0,0.1,1.0,8270.34,1.0,1.0,0.8064,0.0049,0.0422,0.9058,0.707,0
ACC_004531,RING_00288,54,0,53,0,0,0.1,1.0,8270.34,1.0,1.0,0.8064,0.0049,0.0422,0.9058,0.707,0
ACC_004532,RING_00288,54,0,53,0,0,0.1,1.0,8270.34,1.0,1.0,0.8064,0.0049,0.0422,0.9058,0.707,0
ACC_004533,RING_00288,54,0,53,0,0,0.1,1.0,8270.34,1.0,1.0,0.8064,0.0049,0.0422,0.9058,0.707,0
ACC_004534,RING_00288,54,0,53,0,0,0.1,1.0,8270.34,1.0,1.0,0.8064,0.0049,0.0422,0.9058,0.707,0
ACC_004535,RING_00288,54,0,53,0,0,0.1,1.0,8270.34,1.0,1.0,0.8064,0.0049,0.0422,0.9058,0.707,0
ACC_004536,RING_00288,54,0,53,0,0,0.1,1.0,8270.34,1.0,1.0,0.8064,0.0049,0.0422,0.9058,0.707,0
ACC_004537,RING_00288,54,0,53,0,0,0.1,1.0,8270.34,1.0,1.0,0.8064,0.0049,0.0422,0.9058,0.707,0
ACC_004538,RING_00288,54,0,53,0,0,0.1,1.0,8270.34,1.0,1.0,0.8064,0.0049,0.0422,0.9058,0.707,0
ACC_004539,RING_00288,54,0,53,0,0,0.1,1.0,8270.34,1.0,1.0,0.8064,0.0049,0.0422,0.9058,0.707,0
ACC_004540,RING_00288,54,0,53,0,0,0.1,1.0,8270.34,1.0,1.0,0.8064,0.0049,0.0422,0.9058,0.707,0
ACC_004541,RING_00288,54,0,53,0,0,0.1,1.0,8270.34,1.0,1.0,0.8064,0.0049,0.0422,0.9058,0.707,0
ACC_004542,RING_00288,54,0,53,0,0,0.1,1.0,8270.34,1.0,1.0,0.8064,0.0049,0.0422,0.9058,0.707,0
ACC_004543,RING_00288,54,0,53,0,0,0.1,1.0,8270.34,1.0,1.0,0.8064,0.0049,0.0422,0.9058,0.707,0
ACC_004544,RING_00288,54,0,53,0,0,0.1,1.0,8270.34,1.0,1.0,0.8064,0.0049,0.0422,0.9058,0.707,0
ACC_004545,RING_00288,54,0,53,0,0,0.1,1.0,8270.34,1.0,1.0,0.8064,0.0049,0.0422,0.9058,0.707,0
ACC_004546,RING_00288,54,0,53,0,0,0.1,1.0,8270.34,1.0,1.0,0.8064,0.0049,0.0422,0.9058,0.707,0
ACC_004547,RING_00288,54,0,53,0,0,0.1,1.0,8270.34,1.0,1.0,0.8064,0.0049,0.0422,0.9058,0.707,0
ACC_004548,RING_00288,54,0,53,0,0,0.1,1.0,8270.34,1.0,1.0,0.8064,0.0049,0.0422,0.9058,0.707,0
ACC_004549,RING_00288,54,0,53,0,0,0.1,1.0,8270.34,1.0,1.0,0.8064,0.0049,0.0422,0.9058,0.707,0
ACC_004550,RING_00288,54,0,53,0,0,0.1,1.0,8270.34,1.0,1.0,0.8064,0.0049,0.0422,0.9058,0.707,0
ACC_004551,RING_00288,54,0,53,0,0,0.1,1.0,8270.34,1.0,1.0,0.8064,0.0049,0.0422,0.9058,0.707,0
ACC_004552,RING_00288,54,0,53,0,0,0.1,1.0,8270.34,1.0,1.0,0.8064,0.0049,0.0422,0.9058,0.707,0
ACC_004553,RING_00288,54,0,53,0,0,0.1,1.0,8270.34,1.0,1.0,0.8064,0.0049,0.0422,0.9058,0.707,0
ACC_004554,RING_00288,54,0,53,0,0,0.1,1.0,8270.34,1.0,1.0,0.8064,0.0049,0.0422,0.9058,0.707,0
ACC_004555,RING_00288,54,0,53,0,0,0.1,1.0,8270.34,1.0,1.0,0.8064,0.0049,0.0422,0.9058,0.707,0
ACC_004556,RING_00288,54,0,53,0,0,0.1,1.0,8270.34,1.0,1.0,0.8064,0.0049,0.0422,0.9058,0.707,0
ACC_004557,RING_00288,54,0,53,0,0,0.1,1.0,8270.34,1.0,1.0,0.8064,0.0049,0.0422,0.9058,0.707,0
ACC_004558,RING_00288,54,0,53,0,0,0.1,1.0,8270.34,1.0,1.0,0.8064,0.0049,0.0422,0.9058,0.707,0
ACC_004559,RING_00288,54,0,53,0,0,0.1,1.0,8270.34,1.0,1.0,0.8064,0.0049,0.0422,0.9058,0.707,0
ACC_004560,RING_00288,54,0,53,0,0,0.1,1.0,8270.34,1.0,1.0,0.8064,0.0049,0.0422,0.9058,0.707,0
ACC_004561,RING_00288,54,0,53,0,0,0.1,1.0,8270.34,1.0,1.0,0.8064,0.0049,0.0422,0.9058,0.707,0
ACC_004562,RING_00288,54,0,53,0,0,0.1,1.0,8270.34,1.0,1.0,0.8064,0.0049,0.0422,0.9058,0.707,0
ACC_004563,RING_00288,54,0,53,0,0,0.1,1.0,8270.34,1.0,1.0,0.8064,0.0049,0.0422,0.9058,0.707,0
ACC_004564,RING_00288,54,0,53,0,0,0.1,1.0,8270.34,1.0,1.0,0.8064,0.0049,0.0422,0.9058,0.707,0
ACC_004565,RING_00288,54,0,53,0,0,0.1,1.0,8270.34,1.0,1.0,0.8064,0.0049,0.0422,0.9058,0.707,0
ACC_004566,RING_00288,54,0,53,0,0,0.1,1.0,8270.34,1.0,1.0,0.8064,0.0049,0.0422,0.9058,0.707,0
ACC_004567,RING_00288,54,0,53,0,0,0.1,1.0,8270.34,1.0,1.0,0.8064,0.0049,0.0422,0.9058,0.707,0
ACC_004568,RING_00288,54,0,53,0,0,0.1,1.0,8270.34,1.0,1.0,0.8064,0.0049,0.0422,0.9058,0.707,0
ACC_004569,RING_00288,54,0,53,0,0,0.1,1.0,8270.34,1.0,1.0,0.8064,0.0049,0.0422,0.9058,0.707,0
ACC_004570,RING_00288,54,0,53,0,0,0.1,1.0,8270.34,1.0,1.0,0.8064,0.0049,0.0422,0.9058,0.707,0
ACC_004571,RING_00288,54,0,53,0,0,0.1,1.0,8270.34,1.0,1.0,0.8064,0.0049,0.0422,0.9058,0.707,0
ACC_004572,RING_00288,54,0,53,0,0,0.1,1.0,8270.34,1.0,1.0,0.8064,0.0049,0.0422,0.9058,0.707,0
ACC_004573,RING_00288,54,0,53,0,0,0.1,1.0,8270.34,1.0,1.0,0.8064,0.0049,0.0422,0.9058,0.707,0
ACC_004574,RING_00288,54,0,53,0,0,0.1,1.0,8270.34,1.0,1.0,0.8064,0.0049,0.0422,0.9058,0.707,0
ACC_004575,RING_00288,54,0,53,0,0,0.1,1.0,8270.34,1.0,1.0,0.8064,0.0049,0.0422,0.9058,0.707,0
ACC_004576,RING_00288,54,0,53,0,0,0.1,1.0,8270.34,1.0,1.0,0.8064,0.0049,0.0422,0.9058,0.707,0
ACC_004577,RING_00288,54,0,53,0,0,0.1,1.0,8270.34,1.0,1.0,0.8064,0.0049,0.0422,0.9058,0.707,0
ACC_004578,RING_00288,54,0,53,0,0,0.1,1.0,8270.34,1.0,1.0,0.8064,0.0049,0.0422,0.9058,0.707,0
ACC_004579,RING_00288,54,0,53,0,0,0.1,1.0,8270.34,1.0,1.0,0.8064,0.0049,0.0422,0.9058,0.707,0
ACC_004580,RING_00289,13,12,12,12,12,1.0,1.0,0.36,1.0,13.0,0.9912,0.9892,0.8447,1.0,0.9825,1
ACC_004581,RING_00289,13,12,12,12,12,1.0,1.0,0.36,1.0,13.0,0.9912,0.9892,0.8447,1.0,0.9825,1
ACC_004582,RING_00289,13,12,12,12,12,1.0,1.0,0.36,1.0,13.0,0.9912,0.9892,0.8447,1.0,0.9825,1
ACC_004583,RING_00289,13,12,12,12,12,1.0,1.0,0.36,1.0,13.0,0.9912,0.9892,0.8447,1.0,0.9825,1
ACC_004584,RING_00289,13,12,12,12,12,1.0,1.0,0.36,1.0,13.0,0.9912,0.9892,0.8447,1.0,0.9825,1
ACC_004585,RING_00289,13,12,12,12,12,1.0,1.0,0.36,1.0,13.0,0.9912,0.9892,0.8447,1.0,0.9825,1
ACC_004586,RING_00289,13,12,12,12,12,1.0,1.0,0.36,1.0,13.0,0.9912,0.9892,0.8447,1.0,0.9825,1
ACC_004587,RING_00289,13,12,12,12,12,1.0,1.0,0.36,1.0,13.0,0.9912,0.9892,0.8447,1.0,0.9825,1
ACC_004588,RING_00289,13,12,12,12,12,1.0,1.0,0.36,1.0,13.0,0.9912,0.9892,0.8447,1.0,0.9825,1
ACC_004589,RING_00289,13,12,12,12,12,1.0,1.0,0.36,1.0,13.0,0.9912,0.9892,0.8447,1.0,0.9825,1
ACC_004590,RING_00289,13,12,12,12,12,1.0,1.0,0.36,1.0,13.0,0.9912,0.9892,0.8447,1.0,0.9825,1
ACC_004591,RING_00289,13,12,12,12,12,1.0,1.0,0.36,1.0,13.0,0.9912,0.9892,0.8447,1.0,0.9825,1
ACC_004592,RING_00289,13,12,12,12,12,1.0,1.0,0.36,1.0,13.0,0.9912,0.9892,0.8447,1.0,0.9825,1
ACC_004593,RING_00290,29,0,0,0,28,0.2,1.0,9436.71,1.0,1.0,0.8199,0.0037,0.0416,0.9272,0.7126,0
ACC_004594,RING_00290,29,0,0,0,28,0.2,1.0,9436.71,1.0,1.0,0.8199,0.0037,0.0416,0.9272,0.7126,0
ACC_004595,RING_00290,29,0,0,0,28,0.2,1.0,9436.71,1.0,1.0,0.8199,0.0037,0.0416,0.9272,0.7126,0
ACC_004596,RING_00290,29,0,0,0,28,0.2,1.0,9436.71,1.0,1.0,0.8199,0.0037,0.0416,0.9272,0.7126,0
ACC_004597,RING_00290,29,0,0,0,28,0.2,1.0,9436.71,1.0,1.0,0.8199,0.0037,0.0416,0.9272,0.7126,0
ACC_004598,RING_00290,29,0,0,0,28,0.2,1.0,9436.71,1.0,1.0,0.8199,0.0037,0.0416,0.9272,0.7126,0
ACC_004599,RING_00290,29,0,0,0,28,0.2,1.0,9436.71,1.0,1.0,0.8199,0.0037,0.0416,0.9272,0.7126,0
ACC_004600,RING_00290,29,0,0,0,28,0.2,1.0,9436.71,1.0,1.0,0.8199,0.0037,0.0416,0.9272,0.7126,0
ACC_004601,RING_00290,29,0,0,0,28,0.2,1.0,9436.71,1.0,1.0,0.8199,0.0037,0.0416,0.9272,0.7126,0
ACC_004602,RING_00290,29,0,0,0,28,0.2,1.0,9436.71,1.0,1.0,0.8199,0.0037,0.0416,0.9272,0.7126,0
ACC_004603,RING_00290,29,0,0,0,28,0.2,1.0,9436.71,1.0,1.0,0.8199,0.0037,0.0416,0.9272,0.7126,0
ACC_004604,RING_00290,29,0,0,0,28,0.2,1.0,9436.71,1.0,1.0,0.8199,0.0037,0.0416,0.9272,0.7126,0
ACC_004605,RING_00290,29,0,0,0,28,0.2,1.0,9436.71,1.0,1.0,0.8199,0.0037,0.0416,0.9272,0.7126,0
ACC_004606,RING_00290,29,0,0,0,28,0.2,1.0,9436.71,1.0,1.0,0.8199,0.0037,0.0416,0.9272,0.7126,0
ACC_004607,RING_00290,29,0,0,0,28,0.2,1.0,9436.71,1.0,1.0,0.8199,0.0037,0.0416,0.9272,0.7126,0
ACC_004608,RING_00290,29,0,0,0,28,0.2,1.0,9436.71,1.0,1.0,0.8199,0.0037,0.0416,0.9272,0.7126,0
ACC_004609,RING_00290,29,0,0,0,28,0.2,1.0,9436.71,1.0,1.0,0.8199,0.0037,0.0416,0.9272,0.7126,0
ACC_004610,RING_00290,29,0,0,0,28,0.2,1.0,9436.71,1.0,1.0,0.8199,0.0037,0.0416,0.9272,0.7126,0
ACC_004611,RING_00290,29,0,0,0,28,0.2,1.0,9436.71,1.0,1.0,0.8199,0.0037,0.0416,0.9272,0.7126,0
ACC_004612,RING_00290,29,0,0,0,28,0.2,1.0,9436.71,1.0,1.0,0.8199,0.0037,0.0416,0.9272,0.7126,0
ACC_004613,RING_00290,29,0,0,0,28,0.2,1.0,9436.71,1.0,1.0,0.8199,0.0037,0.0416,0.9272,0.7126,0
ACC_004614,RING_00290,29,0,0,0,28,0.2,1.0,9436.71,1.0,1.0,0.8199,0.0037,0.0416,0.9272,0.7126,0
ACC_004615,RING_00290,29,0,0,0,28,0.2,1.0,9436.71,1.0,1.0,0.8199,0.0037,0.0416,0.9272,0.7126,0
ACC_004616,RING_00290,29,0,0,0,28,0.2,1.0,9436.71,1.0,1.0,0.8199,0.0037,0.0416,0.9272,0.7126,0
ACC_004617,RING_00290,29,0,0,0,28,0.2,1.0,9436.71,1.0,1.0,0.8199,0.0037,0.0416,0.9272,0.7126,0
ACC_004618,RING_00290,29,0,0,0,28,0.2,1.0,9436.71,1.0,1.0,0.8199,0.0037,0.0416,0.9272,0.7126,0
ACC_004619,RING_00290,29,0,0,0,28,0.2,1.0,9436.71,1.0,1.0,0.8199,0.0037,0.0416,0.9272,0.7126,0
ACC_004620,RING_00290,29,0,0,0,28,0.2,1.0,9436.71,1.0,1.0,0.8199,0.0037,0.0416,0.9272,0.7126,0
ACC_004621,RING_00290,29,0,0,0,28,0.2,1.0,9436.71,1.0,1.0,0.8199,0.0037,0.0416,0.9272,0.7126,0
ACC_004622,RING_00291,2,0,0,1,1,0.6,1.0,2583.4,0.5,2.0,0.9094,0.0092,0.0452,0.942,0.8768,0
ACC_004623,RING_00291,2,0,0,1,1,0.6,1.0,2583.4,0.5,2.0,0.9094,0.0092,0.0452,0.942,0.8768,0
ACC_004624,RING_00292,11,10,10,10,10,1.0,1.0,0.26,1.0,11.0,0.9904,0.9934,0.815,1.0,0.9808,1
ACC_004625,RING_00292,11,10,10,10,10,1.0,1.0,0.26,1.0,11.0,0.9904,0.9934,0.815,1.0,0.9808,1
ACC_004626,RING_00292,11,10,10,10,10,1.0,1.0,0.26,1.0,11.0,0.9904,0.9934,0.815,1.0,0.9808,1
ACC_004627,RING_00292,11,10,10,10,10,1.0,1.0,0.26,1.0,11.0,0.9904,0.9934,0.815,1.0,0.9808,1
ACC_004628,RING_00292,11,10,10,10,10,1.0,1.0,0.26,1.0,11.0,0.9904,0.9934,0.815,1.0,0.9808,1
ACC_004629,RING_00292,11,10,10,10,10,1.0,1.0,0.26,1.0,11.0,0.9904,0.9934,0.815,1.0,0.9808,1
ACC_004630,RING_00292,11,10,10,10,10,1.0,1.0,0.26,1.0,11.0,0.9904,0.9934,0.815,1.0,0.9808,1
ACC_004631,RING_00292,11,10,10,10,10,1.0,1.0,0.26,1.0,11.0,0.9904,0.9934,0.815,1.0,0.9808,1
ACC_004632,RING_00292,11,10,10,10,10,1.0,1.0,0.26,1.0,11.0,0.9904,0.9934,0.815,1.0,0.9808,1
ACC_004633,RING_00292,11,10,10,10,10,1.0,1.0,0.26,1.0,11.0,0.9904,0.9934,0.815,1.0,0.9808,1
ACC_004634,RING_00292,11,10,10,10,10,1.0,1.0,0.26,1.0,11.0,0.9904,0.9934,0.815,1.0,0.9808,1
ACC_004635,RING_00293,30,0,29,0,0,0.1,1.0,6572.83,1.0,1.0,0.7826,0.0059,0.0486,0.9503,0.6148,0
ACC_004636,RING_00293,30,0,29,0,0,0.1,1.0,6572.83,1.0,1.0,0.7826,0.0059,0.0486,0.9503,0.6148,0
ACC_004637,RING_00293,30,0,29,0,0,0.1,1.0,6572.83,1.0,1.0,0.7826,0.0059,0.0486,0.9503,0.6148,0
ACC_004638,RING_00293,30,0,29,0,0,0.1,1.0,6572.83,1.0,1.0,0.7826,0.0059,0.0486,0.9503,0.6148,0
ACC_004639,RING_00293,30,0,29,0,0,0.1,1.0,6572.83,1.0,1.0,0.7826,0.0059,0.0486,0.9503,0.6148,0
ACC_004640,RING_00293,30,0,29,0,0,0.1,1.0,6572.83,1.0,1.0,0.7826,0.0059,0.0486,0.9503,0.6148,0
ACC_004641,RING_00293,30,0,29,0,0,0.1,1.0,6572.83,1.0,1.0,0.7826,0.0059,0.0486,0.9503,0.6148,0
ACC_004642,RING_00293,30,0,29,0,0,0.1,1.0,6572.83,1.0,1.0,0.7826,0.0059,0.0486,0.9503,0.6148,0
ACC_004643,RING_00293,30,0,29,0,0,0.1,1.0,6572.83,1.0,1.0,0.7826,0.0059,0.0486,0.9503,0.6148,0
ACC_004644,RING_00293,30,0,29,0,0,0.1,1.0,6572.83,1.0,1.0,0.7826,0.0059,0.0486,0.9503,0.6148,0
ACC_004645,RING_00293,30,0,29,0,0,0.1,1.0,6572.83,1.0,1.0,0.7826,0.0059,0.0486,0.9503,0.6148,0
ACC_004646,RING_00293,30,0,29,0,0,0.1,1.0,6572.83,1.0,1.0,0.7826,0.0059,0.0486,0.9503,0.6148,0
ACC_004647,RING_00293,30,0,29,0,0,0.1,1.0,6572.83,1.0,1.0,0.7826,0.0059,0.0486,0.9503,0.6148,0
ACC_004648,RING_00293,30,0,29,0,0,0.1,1.0,6572.83,1.0,1.0,0.7826,0.0059,0.0486,0.9503,0.6148,0
ACC_004649,RING_00293,30,0,29,0,0,0.1,1.0,6572.83,1.0,1.0,0.7826,0.0059,0.0486,0.9503,0.6148,0
ACC_004650,RING_00293,30,0,29,0,0,0.1,1.0,6572.83,1.0,1.0,0.7826,0.0059,0.0486,0.9503,0.6148,0
ACC_004651,RING_00293,30,0,29,0,0,0.1,1.0,6572.83,1.0,1.0,0.7826,0.0059,0.0486,0.9503,0.6148,0
ACC_004652,RING_00293,30,0,29,0,0,0.1,1.0,6572.83,1.0,1.0,0.7826,0.0059,0.0486,0.9503,0.6148,0
ACC_004653,RING_00293,30,0,29,0,0,0.1,1.0,6572.83,1.0,1.0,0.7826,0.0059,0.0486,0.9503,0.6148,0
ACC_004654,RING_00293,30,0,29,0,0,0.1,1.0,6572.83,1.0,1.0,0.7826,0.0059,0.0486,0.9503,0.6148,0
ACC_004655,RING_00293,30,0,29,0,0,0.1,1.0,6572.83,1.0,1.0,0.7826,0.0059,0.0486,0.9503,0.6148,0
ACC_004656,RING_00293,30,0,29,0,0,0.1,1.0,6572.83,1.0,1.0,0.7826,0.0059,0.0486,0.9503,0.6148,0
ACC_004657,RING_00293,30,0,29,0,0,0.1,1.0,6572.83,1.0,1.0,0.7826,0.0059,0.0486,0.9503,0.6148,0
ACC_004658,RING_00293,30,0,29,0,0,0.1,1.0,6572.83,1.0,1.0,0.7826,0.0059,0.0486,0.9503,0.6148,0
ACC_004659,RING_00293,30,0,29,0,0,0.1,1.0,6572.83,1.0,1.0,0.7826,0.0059,0.0486,0.9503,0.6148,0
ACC_004660,RING_00293,30,0,29,0,0,0.1,1.0,6572.83,1.0,1.0,0.7826,0.0059,0.0486,0.9503,0.6148,0
ACC_004661,RING_00293,30,0,29,0,0,0.1,1.0,6572.83,1.0,1.0,0.7826,0.0059,0.0486,0.9503,0.6148,0
ACC_004662,RING_00293,30,0,29,0,0,0.1,1.0,6572.83,1.0,1.0,0.7826,0.0059,0.0486,0.9503,0.6148,0
ACC_004663,RING_00293,30,0,29,0,0,0.1,1.0,6572.83,1.0,1.0,0.7826,0.0059,0.0486,0.9503,0.6148,0
ACC_004664,RING_00293,30,0,29,0,0,0.1,1.0,6572.83,1.0,1.0,0.7826,0.0059,0.0486,0.9503,0.6148,0
ACC_004665,RING_00294,8,0,0,7,0,0.4,1.0,6313.57,0.125,8.0,0.7151,0.0053,0.0467,0.8962,0.5341,0
ACC_004666,RING_00294,8,0,0,7,0,0.4,1.0,6313.57,0.125,8.0,0.7151,0.0053,0.0467,0.8962,0.5341,0
ACC_004667,RING_00294,8,0,0,7,0,0.4,1.0,6313.57,0.125,8.0,0.7151,0.0053,0.0467,0.8962,0.5341,0
ACC_004668,RING_00294,8,0,0,7,0,0.4,1.0,6313.57,0.125,8.0,0.7151,0.0053,0.0467,0.8962,0.5341,0
ACC_004669,RING_00294,8,0,0,7,0,0.4,1.0,6313.57,0.125,8.0,0.7151,0.0053,0.0467,0.8962,0.5341,0
ACC_004670,RING_00294,8,0,0,7,0,0.4,1.0,6313.57,0.125,8.0,0.7151,0.0053,0.0467,0.8962,0.5341,0
ACC_004671,RING_00294,8,0,0,7,0,0.4,1.0,6313.57,0.125,8.0,0.7151,0.0053,0.0467,0.8962,0.5341,0
ACC_004672,RING_00294,8,0,0,7,0,0.4,1.0,6313.57,0.125,8.0,0.7151,0.0053,0.0467,0.8962,0.5341,0
ACC_004673,RING_00295,16,15,3,0,15,0.52,1.0,1.79,16.0,1.0,0.7016,0.9567,0.8508,0.6455,0.7576,1
ACC_004674,RING_00295,16,15,6,0,15,0.54,1.0,1.79,16.0,1.0,0.7016,0.9567,0.8508,0.6455,0.7576,1
ACC_004675,RING_00295,16,15,3,0,15,0.52,1.0,1.79,16.0,1.0,0.7016,0.9567,0.8508,0.6455,0.7576,1
ACC_004676,RING_00295,16,15,6,0,15,0.54,1.0,1.79,16.0,1.0,0.7016,0.9567,0.8508,0.6455,0.7576,1
ACC_004677,RING_00295,16,15,6,0,15,0.54,1.0,1.79,16.0,1.0,0.7016,0.9567,0.8508,0.6455,0.7576,1
ACC_004678,RING_00295,16,15,4,0,15,0.5267,1.0,1.79,16.0,1.0,0.7016,0.9567,0.8508,0.6455,0.7576,1
ACC_004679,RING_00295,16,15,4,0,15,0.5267,1.0,1.79,16.0,1.0,0.7016,0.9567,0.8508,0.6455,0.7576,1
ACC_004680,RING_00295,16,15,6,0,15,0.54,1.0,1.79,16.0,1.0,0.7016,0.9567,0.8508,0.6455,0.7576,1
ACC_004681,RING_00295,16,15,6,0,15,0.54,1.0,1.79,16.0,1.0,0.7016,0.9567,0.8508,0.6455,0.7576,1
ACC_004682,RING_00295,16,15,6,0,15,0.54,1.0,1.79,16.0,1.0,0.7016,0.9567,0.8508,0.6455,0.7576,1
ACC_004683,RING_00295,16,15,6,0,15,0.54,1.0,1.79,16.0,1.0,0.7016,0.9567,0.8508,0.6455,0.7576,1
ACC_004684,RING_00295,16,15,3,0,15,0.52,1.0,1.79,16.0,1.0,0.7016,0.9567,0.8508,0.6455,0.7576,1
ACC_004685,RING_00295,16,15,4,0,15,0.5267,1.0,1.79,16.0,1.0,0.7016,0.9567,0.8508,0.6455,0.7576,1
ACC_004686,RING_00295,16,15,4,0,15,0.5267,1.0,1.79,16.0,1.0,0.7016,0.9567,0.8508,0.6455,0.7576,1
ACC_004687,RING_00295,16,15,3,0,15,0.52,1.0,1.79,16.0,1.0,0.7016,0.9567,0.8508,0.6455,0.7576,1
ACC_004688,RING_00295,16,15,4,0,15,0.5267,1.0,1.79,16.0,1.0,0.7016,0.9567,0.8508,0.6455,0.7576,1
ACC_004689,RING_00296,62,0,61,0,0,0.1,1.0,8304.56,1.0,1.0,0.7883,0.0048,0.0433,0.9122,0.6644,0
ACC_004690,RING_00296,62,0,61,0,0,0.1,1.0,8304.56,1.0,1.0,0.7883,0.0048,0.0433,0.9122,0.6644,0
ACC_004691,RING_00296,62,0,61,0,0,0.1,1.0,8304.56,1.0,1.0,0.7883,0.0048,0.0433,0.9122,0.6644,0
ACC_004692,RING_00296,62,0,61,0,0,0.1,1.0,8304.56,1.0,1.0,0.7883,0.0048,0.0433,0.9122,0.6644,0
ACC_004693,RING_00296,62,0,61,0,0,0.1,1.0,8304.56,1.0,1.0,0.7883,0.0048,0.0433,0.9122,0.6644,0
ACC_004694,RING_00296,62,0,61,0,0,0.1,1.0,8304.56,1.0,1.0,0.7883,0.0048,0.0433,0.9122,0.6644,0
ACC_004695,RING_00296,62,0,61,0,0,0.1,1.0,8304.56,1.0,1.0,0.7883,0.0048,0.0433,0.9122,0.6644,0
ACC_004696,RING_00296,62,0,61,0,0,0.1,1.0,8304.56,1.0,1.0,0.7883,0.0048,0.0433,0.9122,0.6644,0
ACC_004697,RING_00296,62,0,61,0,0,0.1,1.0,8304.56,1.0,1.0,0.7883,0.0048,0.0433,0.9122,0.6644,0
ACC_004698,RING_00296,62,0,61,0,0,0.1,1.0,8304.56,1.0,1.0,0.7883,0.0048,0.0433,0.9122,0.6644,0
ACC_004699,RING_00296,62,0,61,0,0,0.1,1.0,8304.56,1.0,1.0,0.7883,0.0048,0.0433,0.9122,0.6644,0
ACC_004700,RING_00296,62,0,61,0,0,0.1,1.0,8304.56,1.0,1.0,0.7883,0.0048,0.0433,0.9122,0.6644,0
ACC_004701,RING_00296,62,0,61,0,0,0.1,1.0,8304.56,1.0,1.0,0.7883,0.0048,0.0433,0.9122,0.6644,0
ACC_004702,RING_00296,62,0,61,0,0,0.1,1.0,8304.56,1.0,1.0,0.7883,0.0048,0.0433,0.9122,0.6644,0
ACC_004703,RING_00296,62,0,61,0,0,0.1,1.0,8304.56,1.0,1.0,0.7883,0.0048,0.0433,0.9122,0.6644,0
ACC_004704,RING_00296,62,0,61,0,0,0.1,1.0,8304.56,1.0,1.0,0.7883,0.0048,0.0433,0.9122,0.6644,0
ACC_004705,RING_00296,62,0,61,0,0,0.1,1.0,8304.56,1.0,1.0,0.7883,0.0048,0.0433,0.9122,0.6644,0
ACC_004706,RING_00296,62,0,61,0,0,0.1,1.0,8304.56,1.0,1.0,0.7883,0.0048,0.0433,0.9122,0.6644,0
ACC_004707,RING_00296,62,0,61,0,0,0.1,1.0,8304.56,1.0,1.0,0.7883,0.0048,0.0433,0.9122,0.6644,0
ACC_004708,RING_00296,62,0,61,0,0,0.1,1.0,8304.56,1.0,1.0,0.7883,0.0048,0.0433,0.9122,0.6644,0
ACC_004709,RING_00296,62,0,61,0,0,0.1,1.0,8304.56,1.0,1.0,0.7883,0.0048,0.0433,0.9122,0.6644,0
ACC_004710,RING_00296,62,0,61,0,0,0.1,1.0,8304.56,1.0,1.0,0.7883,0.0048,0.0433,0.9122,0.6644,0
ACC_004711,RING_00296,62,0,61,0,0,0.1,1.0,8304.56,1.0,1.0,0.7883,0.0048,0.0433,0.9122,0.6644,0
ACC_004712,RING_00296,62,0,61,0,0,0.1,1.0,8304.56,1.0,1.0,0.7883,0.0048,0.0433,0.9122,0.6644,0
ACC_004713,RING_00296,62,0,61,0,0,0.1,1.0,8304.56,1.0,1.0,0.7883,0.0048,0.0433,0.9122,0.6644,0
ACC_004714,RING_00296,62,0,61,0,0,0.1,1.0,8304.56,1.0,1.0,0.7883,0.0048,0.0433,0.9122,0.6644,0
ACC_004715,RING_00296,62,0,61,0,0,0.1,1.0,8304.56,1.0,1.0,0.7883,0.0048,0.0433,0.9122,0.6644,0
ACC_004716,RING_00296,62,0,61,0,0,0.1,1.0,8304.56,1.0,1.0,0.7883,0.0048,0.0433,0.9122,0.6644,0
ACC_004717,RING_00296,62,0,61,0,0,0.1,1.0,8304.56,1.0,1.0,0.7883,0.0048,0.0433,0.9122,0.6644,0
ACC_004718,RING_00296,62,0,61,0,0,0.1,1.0,8304.56,1.0,1.0,0.7883,0.0048,0.0433,0.9122,0.6644,0
ACC_004719,RING_00296,62,0,61,0,0,0.1,1.0,8304.56,1.0,1.0,0.7883,0.0048,0.0433,0.9122,0.6644,0
ACC_004720,RING_00296,62,0,61,0,0,0.1,1.0,8304.56,1.0,1.0,0.7883,0.0048,0.0433,0.9122,0.6644,0
ACC_004721,RING_00296,62,0,61,0,0,0.1,1.0,8304.56,1.0,1.0,0.7883,0.0048,0.0433,0.9122,0.6644,0
ACC_004722,RING_00296,62,0,61,0,0,0.1,1.0,8304.56,1.0,1.0,0.7883,0.0048,0.0433,0.9122,0.6644,0
ACC_004723,RING_00296,62,0,61,0,0,0.1,1.0,8304.56,1.0,1.0,0.7883,0.0048,0.0433,0.9122,0.6644,0
ACC_004724,RING_00296,62,0,61,0,0,0.1,1.0,8304.56,1.0,1.0,0.7883,0.0048,0.0433,0.9122,0.6644,0
ACC_004725,RING_00296,62,0,61,0,0,0.1,1.0,8304.56,1.0,1.0,0.7883,0.0048,0.0433,0.9122,0.6644,0
ACC_004726,RING_00296,62,0,61,0,0,0.1,1.0,8304.56,1.0,1.0,0.7883,0.0048,0.0433,0.9122,0.6644,0
ACC_004727,RING_00296,62,0,61,0,0,0.1,1.0,8304.56,1.0,1.0,0.7883,0.0048,0.0433,0.9122,0.6644,0
ACC_004728,RING_00296,62,0,61,0,0,0.1,1.0,8304.56,1.0,1.0,0.7883,0.0048,0.0433,0.9122,0.6644,0
ACC_004729,RING_00296,62,0,61,0,0,0.1,1.0,8304.56,1.0,1.0,0.7883,0.0048,0.0433,0.9122,0.6644,0
ACC_004730,RING_00296,62,0,61,0,0,0.1,1.0,8304.56,1.0,1.0,0.7883,0.0048,0.0433,0.9122,0.6644,0
ACC_004731,RING_00296,62,0,61,0,0,0.1,1.0,8304.56,1.0,1.0,0.7883,0.0048,0.0433,0.9122,0.6644,0
ACC_004732,RING_00296,62,0,61,0,0,0.1,1.0,8304.56,1.0,1.0,0.7883,0.0048,0.0433,0.9122,0.6644,0
ACC_004733,RING_00296,62,0,61,0,0,0.1,1.0,8304.56,1.0,1.0,0.7883,0.0048,0.0433,0.9122,0.6644,0
ACC_004734,RING_00296,62,0,61,0,0,0.1,1.0,8304.56,1.0,1.0,0.7883,0.0048,0.0433,0.9122,0.6644,0
ACC_004735,RING_00296,62,0,61,0,0,0.1,1.0,8304.56,1.0,1.0,0.7883,0.0048,0.0433,0.9122,0.6644,0
ACC_004736,RING_00296,62,0,61,0,0,0.1,1.0,8304.56,1.0,1.0,0.7883,0.0048,0.0433,0.9122,0.6644,0
ACC_004737,RING_00296,62,0,61,0,0,0.1,1.0,8304.56,1.0,1.0,0.7883,0.0048,0.0433,0.9122,0.6644,0
ACC_004738,RING_00296,62,0,61,0,0,0.1,1.0,8304.56,1.0,1.0,0.7883,0.0048,0.0433,0.9122,0.6644,0
ACC_004739,RING_00296,62,0,61,0,0,0.1,1.0,8304.56,1.0,1.0,0.7883,0.0048,0.0433,0.9122,0.6644,0
ACC_004740,RING_00296,62,0,61,0,0,0.1,1.0,8304.56,1.0,1.0,0.7883,0.0048,0.0433,0.9122,0.6644,0
ACC_004741,RING_00296,62,0,61,0,0,0.1,1.0,8304.56,1.0,1.0,0.7883,0.0048,0.0433,0.9122,0.6644,0
ACC_004742,RING_00296,62,0,61,0,0,0.1,1.0,8304.56,1.0,1.0,0.7883,0.0048,0.0433,0.9122,0.6644,0
ACC_004743,RING_00296,62,0,61,0,0,0.1,1.0,8304.56,1.0,1.0,0.7883,0.0048,0.0433,0.9122,0.6644,0
ACC_004744,RING_00296,62,0,61,0,0,0.1,1.0,8304.56,1.0,1.0,0.7883,0.0048,0.0433,0.9122,0.6644,0
ACC_004745,RING_00296,62,0,61,0,0,0.1,1.0,8304.56,1.0,1.0,0.7883,0.0048,0.0433,0.9122,0.6644,0
ACC_004746,RING_00296,62,0,61,0,0,0.1,1.0,8304.56,1.0,1.0,0.7883,0.0048,0.0433,0.9122,0.6644,0
ACC_004747,RING_00296,62,0,61,0,0,0.1,1.0,8304.56,1.0,1.0,0.7883,0.0048,0.0433,0.9122,0.6644,0
ACC_004748,RING_00296,62,0,61,0,0,0.1,1.0,8304.56,1.0,1.0,0.7883,0.0048,0.0433,0.9122,0.6644,0
ACC_004749,RING_00296,62,0,61,0,0,0.1,1.0,8304.56,1.0,1.0,0.7883,0.0048,0.0433,0.9122,0.6644,0
ACC_004750,RING_00296,62,0,61,0,0,0.1,1.0,8304.56,1.0,1.0,0.7883,0.0048,0.0433,0.9122,0.6644,0
ACC_004751,RING_00297,33,0,32,0,0,0.1,1.0,7098.94,1.0,1.0,0.7749,0.0048,0.0509,0.9492,0.6006,0
ACC_004752,RING_00297,33,0,32,0,0,0.1,1.0,7098.94,1.0,1.0,0.7749,0.0048,0.0509,0.9492,0.6006,0
ACC_004753,RING_00297,33,0,32,0,0,0.1,1.0,7098.94,1.0,1.0,0.7749,0.0048,0.0509,0.9492,0.6006,0
ACC_004754,RING_00297,33,0,32,0,0,0.1,1.0,7098.94,1.0,1.0,0.7749,0.0048,0.0509,0.9492,0.6006,0
ACC_004755,RING_00297,33,0,32,0,0,0.1,1.0,7098.94,1.0,1.0,0.7749,0.0048,0.0509,0.9492,0.6006,0
ACC_004756,RING_00297,33,0,32,0,0,0.1,1.0,7098.94,1.0,1.0,0.7749,0.0048,0.0509,0.9492,0.6006,0
ACC_004757,RING_00297,33,0,32,0,0,0.1,1.0,7098.94,1.0,1.0,0.7749,0.0048,0.0509,0.9492,0.6006,0
ACC_004758,RING_00297,33,0,32,0,0,0.1,1.0,7098.94,1.0,1.0,0.7749,0.0048,0.0509,0.9492,0.6006,0
ACC_004759,RING_00297,33,0,32,0,0,0.1,1.0,7098.94,1.0,1.0,0.7749,0.0048,0.0509,0.9492,0.6006,0
ACC_004760,RING_00297,33,0,32,0,0,0.1,1.0,7098.94,1.0,1.0,0.7749,0.0048,0.0509,0.9492,0.6006,0
ACC_004761,RING_00297,33,0,32,0,0,0.1,1.0,7098.94,1.0,1.0,0.7749,0.0048,0.0509,0.9492,0.6006,0
ACC_004762,RING_00297,33,0,32,0,0,0.1,1.0,7098.94,1.0,1.0,0.7749,0.0048,0.0509,0.9492,0.6006,0
ACC_004763,RING_00297,33,0,32,0,0,0.1,1.0,7098.94,1.0,1.0,0.7749,0.0048,0.0509,0.9492,0.6006,0
ACC_004764,RING_00297,33,0,32,0,0,0.1,1.0,7098.94,1.0,1.0,0.7749,0.0048,0.0509,0.9492,0.6006,0
ACC_004765,RING_00297,33,0,32,0,0,0.1,1.0,7098.94,1.0,1.0,0.7749,0.0048,0.0509,0.9492,0.6006,0
ACC_004766,RING_00297,33,0,32,0,0,0.1,1.0,7098.94,1.0,1.0,0.7749,0.0048,0.0509,0.9492,0.6006,0
ACC_004767,RING_00297,33,0,32,0,0,0.1,1.0,7098.94,1.0,1.0,0.7749,0.0048,0.0509,0.9492,0.6006,0
ACC_004768,RING_00297,33,0,32,0,0,0.1,1.0,7098.94,1.0,1.0,0.7749,0.0048,0.0509,0.9492,0.6006,0
ACC_004769,RING_00297,33,0,32,0,0,0.1,1.0,7098.94,1.0,1.0,0.7749,0.0048,0.0509,0.9492,0.6006,0
ACC_004770,RING_00297,33,0,32,0,0,0.1,1.0,7098.94,1.0,1.0,0.7749,0.0048,0.0509,0.9492,0.6006,0
ACC_004771,RING_00297,33,0,32,0,0,0.1,1.0,7098.94,1.0,1.0,0.7749,0.0048,0.0509,0.9492,0.6006,0
ACC_004772,RING_00297,33,0,32,0,0,0.1,1.0,7098.94,1.0,1.0,0.7749,0.0048,0.0509,0.9492,0.6006,0
ACC_004773,RING_00297,33,0,32,0,0,0.1,1.0,7098.94,1.0,1.0,0.7749,0.0048,0.0509,0.9492,0.6006,0
ACC_004774,RING_00297,33,0,32,0,0,0.1,1.0,7098.94,1.0,1.0,0.7749,0.0048,0.0509,0.9492,0.6006,0
ACC_004775,RING_00297,33,0,32,0,0,0.1,1.0,7098.94,1.0,1.0,0.7749,0.0048,0.0509,0.9492,0.6006,0
ACC_004776,RING_00297,33,0,32,0,0,0.1,1.0,7098.94,1.0,1.0,0.7749,0.0048,0.0509,0.9492,0.6006,0
ACC_004777,RING_00297,33,0,32,0,0,0.1,1.0,7098.94,1.0,1.0,0.7749,0.0048,0.0509,0.9492,0.6006,0
ACC_004778,RING_00297,33,0,32,0,0,0.1,1.0,7098.94,1.0,1.0,0.7749,0.0048,0.0509,0.9492,0.6006,0
ACC_004779,RING_00297,33,0,32,0,0,0.1,1.0,7098.94,1.0,1.0,0.7749,0.0048,0.0509,0.9492,0.6006,0
ACC_004780,RING_00297,33,0,32,0,0,0.1,1.0,7098.94,1.0,1.0,0.7749,0.0048,0.0509,0.9492,0.6006,0
ACC_004781,RING_00297,33,0,32,0,0,0.1,1.0,7098.94,1.0,1.0,0.7749,0.0048,0.0509,0.9492,0.6006,0
ACC_004782,RING_00297,33,0,32,0,0,0.1,1.0,7098.94,1.0,1.0,0.7749,0.0048,0.0509,0.9492,0.6006,0
ACC_004783,RING_00297,33,0,32,0,0,0.1,1.0,7098.94,1.0,1.0,0.7749,0.0048,0.0509,0.9492,0.6006,0
ACC_004784,RING_00298,18,17,17,17,17,1.0,1.0,0.41,1.0,18.0,0.9918,0.9894,0.8441,1.0,0.9836,1
ACC_004785,RING_00298,18,17,17,17,17,1.0,1.0,0.41,1.0,18.0,0.9918,0.9894,0.8441,1.0,0.9836,1
ACC_004786,RING_00298,18,17,17,17,17,1.0,1.0,0.41,1.0,18.0,0.9918,0.9894,0.8441,1.0,0.9836,1
ACC_004787,RING_00298,18,17,17,17,17,1.0,1.0,0.41,1.0,18.0,0.9918,0.9894,0.8441,1.0,0.9836,1
ACC_004788,RING_00298,18,17,17,17,17,1.0,1.0,0.41,1.0,18.0,0.9918,0.9894,0.8441,1.0,0.9836,1
ACC_004789,RING_00298,18,17,17,17,17,1.0,1.0,0.41,1.0,18.0,0.9918,0.9894,0.8441,1.0,0.9836,1
ACC_004790,RING_00298,18,17,17,17,17,1.0,1.0,0.41,1.0,18.0,0.9918,0.9894,0.8441,1.0,0.9836,1
ACC_004791,RING_00298,18,17,17,17,17,1.0,1.0,0.41,1.0,18.0,0.9918,0.9894,0.8441,1.0,0.9836,1
ACC_004792,RING_00298,18,17,17,17,17,1.0,1.0,0.41,1.0,18.0,0.9918,0.9894,0.8441,1.0,0.9836,1
ACC_004793,RING_00298,18,17,17,17,17,1.0,1.0,0.41,1.0,18.0,0.9918,0.9894,0.8441,1.0,0.9836,1
ACC_004794,RING_00298,18,17,17,17,17,1.0,1.0,0.41,1.0,18.0,0.9918,0.9894,0.8441,1.0,0.9836,1
ACC_004795,RING_00298,18,17,17,17,17,1.0,1.0,0.41,1.0,18.0,0.9918,0.9894,0.8441,1.0,0.9836,1
ACC_004796,RING_00298,18,17,17,17,17,1.0,1.0,0.41,1.0,18.0,0.9918,0.9894,0.8441,1.0,0.9836,1
ACC_004797,RING_00298,18,17,17,17,17,1.0,1.0,0.41,1.0,18.0,0.9918,0.9894,0.8441,1.0,0.9836,1
ACC_004798,RING_00298,18,17,17,17,17,1.0,1.0,0.41,1.0,18.0,0.9918,0.9894,0.8441,1.0,0.9836,1
ACC_004799,RING_00298,18,17,17,17,17,1.0,1.0,0.41,1.0,18.0,0.9918,0.9894,0.8441,1.0,0.9836,1
ACC_004800,RING_00298,18,17,17,17,17,1.0,1.0,0.41,1.0,18.0,0.9918,0.9894,0.8441,1.0,0.9836,1
ACC_004801,RING_00298,18,17,17,17,17,1.0,1.0,0.41,1.0,18.0,0.9918,0.9894,0.8441,1.0,0.9836,1
ACC_004802,RING_00299,1,0,0,0,0,0.0,0.0,0.0,1.0,1.0,1.0,0.1071,0.0164,1.0,1.0,0
ACC_004803,RING_00300,25,0,0,0,24,0.2,1.0,8662.58,1.0,1.0,0.8006,0.0048,0.0369,0.926,0.6752,0
ACC_004804,RING_00300,25,0,0,0,24,0.2,1.0,8662.58,1.0,1.0,0.8006,0.0048,0.0369,0.926,0.6752,0
ACC_004805,RING_00300,25,0,0,0,24,0.2,1.0,8662.58,1.0,1.0,0.8006,0.0048,0.0369,0.926,0.6752,0
ACC_004806,RING_00300,25,0,0,0,24,0.2,1.0,8662.58,1.0,1.0,0.8006,0.0048,0.0369,0.926,0.6752,0
ACC_004807,RING_00300,25,0,0,0,24,0.2,1.0,8662.58,1.0,1.0,0.8006,0.0048,0.0369,0.926,0.6752,0
ACC_004808,RING_00300,25,0,0,0,24,0.2,1.0,8662.58,1.0,1.0,0.8006,0.0048,0.0369,0.926,0.6752,0
ACC_004809,RING_00300,25,0,0,0,24,0.2,1.0,8662.58,1.0,1.0,0.8006,0.0048,0.0369,0.926,0.6752,0
ACC_004810,RING_00300,25,0,0,0,24,0.2,1.0,8662.58,1.0,1.0,0.8006,0.0048,0.0369,0.926,0.6752,0
ACC_004811,RING_00300,25,0,0,0,24,0.2,1.0,8662.58,1.0,1.0,0.8006,0.0048,0.0369,0.926,0.6752,0
ACC_004812,RING_00300,25,0,0,0,24,0.2,1.0,8662.58,1.0,1.0,0.8006,0.0048,0.0369,0.926,0.6752,0
ACC_004813,RING_00300,25,0,0,0,24,0.2,1.0,8662.58,1.0,1.0,0.8006,0.0048,0.0369,0.926,0.6752,0
ACC_004814,RING_00300,25,0,0,0,24,0.2,1.0,8662.58,1.0,1.0,0.8006,0.0048,0.0369,0.926,0.6752,0
ACC_004815,RING_00300,25,0,0,0,24,0.2,1.0,8662.58,1.0,1.0,0.8006,0.0048,0.0369,0.926,0.6752,0
ACC_004816,RING_00300,25,0,0,0,24,0.2,1.0,8662.58,1.0,1.0,0.8006,0.0048,0.0369,0.926,0.6752,0
ACC_004817,RING_00300,25,0,0,0,24,0.2,1.0,8662.58,1.0,1.0,0.8006,0.0048,0.0369,0.926,0.6752,0
ACC_004818,RING_00300,25,0,0,0,24,0.2,1.0,8662.58,1.0,1.0,0.8006,0.0048,0.0369,0.926,0.6752,0
ACC_004819,RING_00300,25,0,0,0,24,0.2,1.0,8662.58,1.0,1.0,0.8006,0.0048,0.0369,0.926,0.6752,0
ACC_004820,RING_00300,25,0,0,0,24,0.2,1.0,8662.58,1.0,1.0,0.8006,0.0048,0.0369,0.926,0.6752,0
ACC_004821,RING_00300,25,0,0,0,24,0.2,1.0,8662.58,1.0,1.0,0.8006,0.0048,0.0369,0.926,0.6752,0
ACC_004822,RING_00300,25,0,0,0,24,0.2,1.0,8662.58,1.0,1.0,0.8006,0.0048,0.0369,0.926,0.6752,0
ACC_004823,RING_00300,25,0,0,0,24,0.2,1.0,8662.58,1.0,1.0,0.8006,0.0048,0.0369,0.926,0.6752,0
ACC_004824,RING_00300,25,0,0,0,24,0.2,1.0,8662.58,1.0,1.0,0.8006,0.0048,0.0369,0.926,0.6752,0
ACC_004825,RING_00300,25,0,0,0,24,0.2,1.0,8662.58,1.0,1.0,0.8006,0.0048,0.0369,0.926,0.6752,0
ACC_004826,RING_00300,25,0,0,0,24,0.2,1.0,8662.58,1.0,1.0,0.8006,0.0048,0.0369,0.926,0.6752,0
ACC_004827,RING_00300,25,0,0,0,24,0.2,1.0,8662.58,1.0,1.0,0.8006,0.0048,0.0369,0.926,0.6752,0
ACC_004828,RING_00301,3,0,0,2,2,0.6,1.0,6716.9,0.3333,3.0,0.873,0.0043,0.0263,0.8952,0.8509,0
ACC_004829,RING_00301,3,0,0,2,2,0.6,1.0,6716.9,0.3333,3.0,0.873,0.0043,0.0263,0.8952,0.8509,0
ACC_004830,RING_00301,3,0,0,2,2,0.6,1.0,6716.9,0.3333,3.0,0.873,0.0043,0.0263,0.8952,0.8509,0
ACC_004831,RING_00302,1,0,0,0,0,0.0,0.0,0.0,1.0,1.0,1.0,0.1071,0.0156,1.0,1.0,0
ACC_004832,RING_00303,1,0,0,0,0,0.0,0.0,0.0,1.0,1.0,1.0,0.1071,0.0823,1.0,1.0,0
ACC_004833,RING_00304,3,0,0,2,2,0.6,1.0,7445.26,0.3333,3.0,0.8774,0.0038,0.0315,0.9071,0.8476,0
ACC_004834,RING_00304,3,0,0,2,2,0.6,1.0,7445.26,0.3333,3.0,0.8774,0.0038,0.0315,0.9071,0.8476,0
ACC_004835,RING_00304,3,0,0,2,2,0.6,1.0,7445.26,0.3333,3.0,0.8774,0.0038,0.0315,0.9071,0.8476,0
ACC_004836,RING_00305,36,0,35,0,0,0.1,1.0,6136.59,1.0,1.0,0.7892,0.006,0.0444,0.9435,0.635,0
ACC_004837,RING_00305,36,0,35,0,0,0.1,1.0,6136.59,1.0,1.0,0.7892,0.006,0.0444,0.9435,0.635,0
ACC_004838,RING_00305,36,0,35,0,0,0.1,1.0,6136.59,1.0,1.0,0.7892,0.006,0.0444,0.9435,0.635,0
ACC_004839,RING_00305,36,0,35,0,0,0.1,1.0,6136.59,1.0,1.0,0.7892,0.006,0.0444,0.9435,0.635,0
ACC_004840,RING_00305,36,0,35,0,0,0.1,1.0,6136.59,1.0,1.0,0.7892,0.006,0.0444,0.9435,0.635,0
ACC_004841,RING_00305,36,0,35,0,0,0.1,1.0,6136.59,1.0,1.0,0.7892,0.006,0.0444,0.9435,0.635,0
ACC_004842,RING_00305,36,0,35,0,0,0.1,1.0,6136.59,1.0,1.0,0.7892,0.006,0.0444,0.9435,0.635,0
ACC_004843,RING_00305,36,0,35,0,0,0.1,1.0,6136.59,1.0,1.0,0.7892,0.006,0.0444,0.9435,0.635,0
ACC_004844,RING_00305,36,0,35,0,0,0.1,1.0,6136.59,1.0,1.0,0.7892,0.006,0.0444,0.9435,0.635,0
ACC_004845,RING_00305,36,0,35,0,0,0.1,1.0,6136.59,1.0,1.0,0.7892,0.006,0.0444,0.9435,0.635,0
ACC_004846,RING_00305,36,0,35,0,0,0.1,1.0,6136.59,1.0,1.0,0.7892,0.006,0.0444,0.9435,0.635,0
ACC_004847,RING_00305,36,0,35,0,0,0.1,1.0,6136.59,1.0,1.0,0.7892,0.006,0.0444,0.9435,0.635,0
ACC_004848,RING_00305,36,0,35,0,0,0.1,1.0,6136.59,1.0,1.0,0.7892,0.006,0.0444,0.9435,0.635,0
ACC_004849,RING_00305,36,0,35,0,0,0.1,1.0,6136.59,1.0,1.0,0.7892,0.006,0.0444,0.9435,0.635,0
ACC_004850,RING_00305,36,0,35,0,0,0.1,1.0,6136.59,1.0,1.0,0.7892,0.006,0.0444,0.9435,0.635,0
ACC_004851,RING_00305,36,0,35,0,0,0.1,1.0,6136.59,1.0,1.0,0.7892,0.006,0.0444,0.9435,0.635,0
ACC_004852,RING_00305,36,0,35,0,0,0.1,1.0,6136.59,1.0,1.0,0.7892,0.006,0.0444,0.9435,0.635,0
ACC_004853,RING_00305,36,0,35,0,0,0.1,1.0,6136.59,1.0,1.0,0.7892,0.006,0.0444,0.9435,0.635,0
ACC_004854,RING_00305,36,0,35,0,0,0.1,1.0,6136.59,1.0,1.0,0.7892,0.006,0.0444,0.9435,0.635,0
ACC_004855,RING_00305,36,0,35,0,0,0.1,1.0,6136.59,1.0,1.0,0.7892,0.006,0.0444,0.9435,0.635,0
ACC_004856,RING_00305,36,0,35,0,0,0.1,1.0,6136.59,1.0,1.0,0.7892,0.006,0.0444,0.9435,0.635,0
ACC_004857,RING_00305,36,0,35,0,0,0.1,1.0,6136.59,1.0,1.0,0.7892,0.006,0.0444,0.9435,0.635,0
ACC_004858,RING_00305,36,0,35,0,0,0.1,1.0,6136.59,1.0,1.0,0.7892,0.006,0.0444,0.9435,0.635,0
ACC_004859,RING_00305,36,0,35,0,0,0.1,1.0,6136.59,1.0,1.0,0.7892,0.006,0.0444,0.9435,0.635,0
ACC_004860,RING_00305,36,0,35,0,0,0.1,1.0,6136.59,1.0,1.0,0.7892,0.006,0.0444,0.9435,0.635,0
ACC_004861,RING_00305,36,0,35,0,0,0.1,1.0,6136.59,1.0,1.0,0.7892,0.006,0.0444,0.9435,0.635,0
ACC_004862,RING_00305,36,0,35,0,0,0.1,1.0,6136.59,1.0,1.0,0.7892,0.006,0.0444,0.9435,0.635,0
ACC_004863,RING_00305,36,0,35,0,0,0.1,1.0,6136.59,1.0,1.0,0.7892,0.006,0.0444,0.9435,0.635,0
ACC_004864,RING_00305,36,0,35,0,0,0.1,1.0,6136.59,1.0,1.0,0.7892,0.006,0.0444,0.9435,0.635,0
ACC_004865,RING_00305,36,0,35,0,0,0.1,1.0,6136.59,1.0,1.0,0.7892,0.006,0.0444,0.9435,0.635,0
ACC_004866,RING_00305,36,0,35,0,0,0.1,1.0,6136.59,1.0,1.0,0.7892,0.006,0.0444,0.9435,0.635,0
ACC_004867,RING_00305,36,0,35,0,0,0.1,1.0,6136.59,1.0,1.0,0.7892,0.006,0.0444,0.9435,0.635,0
ACC_004868,RING_00305,36,0,35,0,0,0.1,1.0,6136.59,1.0,1.0,0.7892,0.006,0.0444,0.9435,0.635,0
ACC_004869,RING_00305,36,0,35,0,0,0.1,1.0,6136.59,1.0,1.0,0.7892,0.006,0.0444,0.9435,0.635,0
ACC_004870,RING_00305,36,0,35,0,0,0.1,1.0,6136.59,1.0,1.0,0.7892,0.006,0.0444,0.9435,0.635,0
ACC_004871,RING_00305,36,0,35,0,0,0.1,1.0,6136.59,1.0,1.0,0.7892,0.006,0.0444,0.9435,0.635,0
ACC_004872,RING_00306,19,0,0,0,18,0.2,1.0,8926.59,1.0,1.0,0.789,0.0046,0.0404,0.9382,0.6397,0
ACC_004873,RING_00306,19,0,0,0,18,0.2,1.0,8926.59,1.0,1.0,0.789,0.0046,0.0404,0.9382,0.6397,0
ACC_004874,RING_00306,19,0,0,0,18,0.2,1.0,8926.59,1.0,1.0,0.789,0.0046,0.0404,0.9382,0.6397,0
ACC_004875,RING_00306,19,0,0,0,18,0.2,1.0,8926.59,1.0,1.0,0.789,0.0046,0.0404,0.9382,0.6397,0
ACC_004876,RING_00306,19,0,0,0,18,0.2,1.0,8926.59,1.0,1.0,0.789,0.0046,0.0404,0.9382,0.6397,0
ACC_004877,RING_00306,19,0,0,0,18,0.2,1.0,8926.59,1.0,1.0,0.789,0.0046,0.0404,0.9382,0.6397,0
ACC_004878,RING_00306,19,0,0,0,18,0.2,1.0,8926.59,1.0,1.0,0.789,0.0046,0.0404,0.9382,0.6397,0
ACC_004879,RING_00306,19,0,0,0,18,0.2,1.0,8926.59,1.0,1.0,0.789,0.0046,0.0404,0.9382,0.6397,0
ACC_004880,RING_00306,19,0,0,0,18,0.2,1.0,8926.59,1.0,1.0,0.789,0.0046,0.0404,0.9382,0.6397,0
ACC_004881,RING_00306,19,0,0,0,18,0.2,1.0,8926.59,1.0,1.0,0.789,0.0046,0.0404,0.9382,0.6397,0
ACC_004882,RING_00306,19,0,0,0,18,0.2,1.0,8926.59,1.0,1.0,0.789,0.0046,0.0404,0.9382,0.6397,0
ACC_004883,RING_00306,19,0,0,0,18,0.2,1.0,8926.59,1.0,1.0,0.789,0.0046,0.0404,0.9382,0.6397,0
ACC_004884,RING_00306,19,0,0,0,18,0.2,1.0,8926.59,1.0,1.0,0.789,0.0046,0.0404,0.9382,0.6397,0
ACC_004885,RING_00306,19,0,0,0,18,0.2,1.0,8926.59,1.0,1.0,0.789,0.0046,0.0404,0.9382,0.6397,0
ACC_004886,RING_00306,19,0,0,0,18,0.2,1.0,8926.59,1.0,1.0,0.789,0.0046,0.0404,0.9382,0.6397,0
ACC_004887,RING_00306,19,0,0,0,18,0.2,1.0,8926.59,1.0,1.0,0.789,0.0046,0.0404,0.9382,0.6397,0
ACC_004888,RING_00306,19,0,0,0,18,0.2,1.0,8926.59,1.0,1.0,0.789,0.0046,0.0404,0.9382,0.6397,0
ACC_004889,RING_00306,19,0,0,0,18,0.2,1.0,8926.59,1.0,1.0,0.789,0.0046,0.0404,0.9382,0.6397,0
ACC_004890,RING_00306,19,0,0,0,18,0.2,1.0,8926.59,1.0,1.0,0.789,0.0046,0.0404,0.9382,0.6397,0
ACC_004891,RING_00307,14,6,1,0,13,0.3462,1.0,1.45,7.0,1.0,0.7423,0.9611,0.8445,0.7181,0.7665,1
ACC_004892,RING_00307,14,6,2,0,13,0.3538,1.0,1.45,7.0,1.0,0.7423,0.9611,0.8445,0.7181,0.7665,1
ACC_004893,RING_00307,14,6,0,0,13,0.3385,1.0,1.45,7.0,1.0,0.7423,0.9611,0.8445,0.7181,0.7665,1
ACC_004894,RING_00307,14,6,0,0,13,0.3385,1.0,1.45,7.0,1.0,0.7423,0.9611,0.8445,0.7181,0.7665,1
ACC_004895,RING_00307,14,6,1,0,13,0.3462,1.0,1.45,7.0,1.0,0.7423,0.9611,0.8445,0.7181,0.7665,1
ACC_004896,RING_00307,14,6,2,0,13,0.3538,1.0,1.45,7.0,1.0,0.7423,0.9611,0.8445,0.7181,0.7665,1
ACC_004897,RING_00307,14,6,4,0,13,0.3692,1.0,1.45,7.0,1.0,0.7423,0.9611,0.8445,0.7181,0.7665,1
ACC_004898,RING_00307,14,6,4,0,13,0.3692,1.0,1.45,7.0,1.0,0.7423,0.9611,0.8445,0.7181,0.7665,1
ACC_004899,RING_00307,14,6,2,0,13,0.3538,1.0,1.45,7.0,1.0,0.7423,0.9611,0.8445,0.7181,0.7665,1
ACC_004900,RING_00307,14,6,1,0,13,0.3462,1.0,1.45,7.0,1.0,0.7423,0.9611,0.8445,0.7181,0.7665,1
ACC_004901,RING_00307,14,6,4,0,13,0.3692,1.0,1.45,7.0,1.0,0.7423,0.9611,0.8445,0.7181,0.7665,1
ACC_004902,RING_00307,14,6,4,0,13,0.3692,1.0,1.45,7.0,1.0,0.7423,0.9611,0.8445,0.7181,0.7665,1
ACC_004903,RING_00307,14,6,4,0,13,0.3692,1.0,1.45,7.0,1.0,0.7423,0.9611,0.8445,0.7181,0.7665,1
ACC_004904,RING_00307,14,6,1,0,13,0.3462,1.0,1.45,7.0,1.0,0.7423,0.9611,0.8445,0.7181,0.7665,1
ACC_004905,RING_00308,1,0,0,0,0,0.0,0.0,0.0,1.0,1.0,1.0,0.1071,0.0872,1.0,1.0,0
ACC_004906,RING_00309,1,0,0,0,0,0.0,0.0,0.0,1.0,1.0,1.0,0.1071,0.0365,1.0,1.0,0
ACC_004907,RING_00310,20,0,0,19,0,0.4,1.0,8209.61,0.05,20.0,0.7707,0.0051,0.0469,0.9012,0.6401,0
ACC_004908,RING_00310,20,0,0,19,0,0.4,1.0,8209.61,0.05,20.0,0.7707,0.0051,0.0469,0.9012,0.6401,0
ACC_004909,RING_00310,20,0,0,19,0,0.4,1.0,8209.61,0.05,20.0,0.7707,0.0051,0.0469,0.9012,0.6401,0
ACC_004910,RING_00310,20,0,0,19,0,0.4,1.0,8209.61,0.05,20.0,0.7707,0.0051,0.0469,0.9012,0.6401,0
ACC_004911,RING_00310,20,0,0,19,0,0.4,1.0,8209.61,0.05,20.0,0.7707,0.0051,0.0469,0.9012,0.6401,0
ACC_004912,RING_00310,20,0,0,19,0,0.4,1.0,8209.61,0.05,20.0,0.7707,0.0051,0.0469,0.9012,0.6401,0
ACC_004913,RING_00310,20,0,0,19,0,0.4,1.0,8209.61,0.05,20.0,0.7707,0.0051,0.0469,0.9012,0.6401,0
ACC_004914,RING_00310,20,0,0,19,0,0.4,1.0,8209.61,0.05,20.0,0.7707,0.0051,0.0469,0.9012,0.6401,0
ACC_004915,RING_00310,20,0,0,19,0,0.4,1.0,8209.61,0.05,20.0,0.7707,0.0051,0.0469,0.9012,0.6401,0
ACC_004916,RING_00310,20,0,0,19,0,0.4,1.0,8209.61,0.05,20.0,0.7707,0.0051,0.0469,0.9012,0.6401,0
ACC_004917,RING_00310,20,0,0,19,0,0.4,1.0,8209.61,0.05,20.0,0.7707,0.0051,0.0469,0.9012,0.6401,0
ACC_004918,RING_00310,20,0,0,19,0,0.4,1.0,8209.61,0.05,20.0,0.7707,0.0051,0.0469,0.9012,0.6401,0
ACC_004919,RING_00310,20,0,0,19,0,0.4,1.0,8209.61,0.05,20.0,0.7707,0.0051,0.0469,0.9012,0.6401,0
ACC_004920,RING_00310,20,0,0,19,0,0.4,1.0,8209.61,0.05,20.0,0.7707,0.0051,0.0469,0.9012,0.6401,0
ACC_004921,RING_00310,20,0,0,19,0,0.4,1.0,8209.61,0.05,20.0,0.7707,0.0051,0.0469,0.9012,0.6401,0
ACC_004922,RING_00310,20,0,0,19,0,0.4,1.0,8209.61,0.05,20.0,0.7707,0.0051,0.0469,0.9012,0.6401,0
ACC_004923,RING_00310,20,0,0,19,0,0.4,1.0,8209.61,0.05,20.0,0.7707,0.0051,0.0469,0.9012,0.6401,0
ACC_004924,RING_00310,20,0,0,19,0,0.4,1.0,8209.61,0.05,20.0,0.7707,0.0051,0.0469,0.9012,0.6401,0
ACC_004925,RING_00310,20,0,0,19,0,0.4,1.0,8209.61,0.05,20.0,0.7707,0.0051,0.0469,0.9012,0.6401,0
ACC_004926,RING_00310,20,0,0,19,0,0.4,1.0,8209.61,0.05,20.0,0.7707,0.0051,0.0469,0.9012,0.6401,0
ACC_004927,RING_00311,1,0,0,0,0,0.0,0.0,0.0,1.0,1.0,1.0,0.1071,0.0522,1.0,1.0,0
ACC_004928,RING_00312,1,0,0,0,0,0.0,0.0,0.0,1.0,1.0,1.0,0.1071,0.0618,1.0,1.0,0
ACC_004929,RING_00313,36,0,35,0,0,0.1,1.0,8376.06,1.0,1.0,0.7874,0.0045,0.0529,0.9019,0.6728,0
ACC_004930,RING_00313,36,0,35,0,0,0.1,1.0,8376.06,1.0,1.0,0.7874,0.0045,0.0529,0.9019,0.6728,0
ACC_004931,RING_00313,36,0,35,0,0,0.1,1.0,8376.06,1.0,1.0,0.7874,0.0045,0.0529,0.9019,0.6728,0
ACC_004932,RING_00313,36,0,35,0,0,0.1,1.0,8376.06,1.0,1.0,0.7874,0.0045,0.0529,0.9019,0.6728,0
ACC_004933,RING_00313,36,0,35,0,0,0.1,1.0,8376.06,1.0,1.0,0.7874,0.0045,0.0529,0.9019,0.6728,0
ACC_004934,RING_00313,36,0,35,0,0,0.1,1.0,8376.06,1.0,1.0,0.7874,0.0045,0.0529,0.9019,0.6728,0
ACC_004935,RING_00313,36,0,35,0,0,0.1,1.0,8376.06,1.0,1.0,0.7874,0.0045,0.0529,0.9019,0.6728,0
ACC_004936,RING_00313,36,0,35,0,0,0.1,1.0,8376.06,1.0,1.0,0.7874,0.0045,0.0529,0.9019,0.6728,0
ACC_004937,RING_00313,36,0,35,0,0,0.1,1.0,8376.06,1.0,1.0,0.7874,0.0045,0.0529,0.9019,0.6728,0
ACC_004938,RING_00313,36,0,35,0,0,0.1,1.0,8376.06,1.0,1.0,0.7874,0.0045,0.0529,0.9019,0.6728,0
ACC_004939,RING_00313,36,0,35,0,0,0.1,1.0,8376.06,1.0,1.0,0.7874,0.0045,0.0529,0.9019,0.6728,0
ACC_004940,RING_00313,36,0,35,0,0,0.1,1.0,8376.06,1.0,1.0,0.7874,0.0045,0.0529,0.9019,0.6728,0
ACC_004941,RING_00313,36,0,35,0,0,0.1,1.0,8376.06,1.0,1.0,0.7874,0.0045,0.0529,0.9019,0.6728,0
ACC_004942,RING_00313,36,0,35,0,0,0.1,1.0,8376.06,1.0,1.0,0.7874,0.0045,0.0529,0.9019,0.6728,0
ACC_004943,RING_00313,36,0,35,0,0,0.1,1.0,8376.06,1.0,1.0,0.7874,0.0045,0.0529,0.9019,0.6728,0
ACC_004944,RING_00313,36,0,35,0,0,0.1,1.0,8376.06,1.0,1.0,0.7874,0.0045,0.0529,0.9019,0.6728,0
ACC_004945,RING_00313,36,0,35,0,0,0.1,1.0,8376.06,1.0,1.0,0.7874,0.0045,0.0529,0.9019,0.6728,0
ACC_004946,RING_00313,36,0,35,0,0,0.1,1.0,8376.06,1.0,1.0,0.7874,0.0045,0.0529,0.9019,0.6728,0
ACC_004947,RING_00313,36,0,35,0,0,0.1,1.0,8376.06,1.0,1.0,0.7874,0.0045,0.0529,0.9019,0.6728,0
ACC_004948,RING_00313,36,0,35,0,0,0.1,1.0,8376.06,1.0,1.0,0.7874,0.0045,0.0529,0.9019,0.6728,0
ACC_004949,RING_00313,36,0,35,0,0,0.1,1.0,8376.06,1.0,1.0,0.7874,0.0045,0.0529,0.9019,0.6728,0
ACC_004950,RING_00313,36,0,35,0,0,0.1,1.0,8376.06,1.0,1.0,0.7874,0.0045,0.0529,0.9019,0.6728,0
ACC_004951,RING_00313,36,0,35,0,0,0.1,1.0,8376.06,1.0,1.0,0.7874,0.0045,0.0529,0.9019,0.6728,0
ACC_004952,RING_00313,36,0,35,0,0,0.1,1.0,8376.06,1.0,1.0,0.7874,0.0045,0.0529,0.9019,0.6728,0
ACC_004953,RING_00313,36,0,35,0,0,0.1,1.0,8376.06,1.0,1.0,0.7874,0.0045,0.0529,0.9019,0.6728,0
ACC_004954,RING_00313,36,0,35,0,0,0.1,1.0,8376.06,1.0,1.0,0.7874,0.0045,0.0529,0.9019,0.6728,0
ACC_004955,RING_00313,36,0,35,0,0,0.1,1.0,8376.06,1.0,1.0,0.7874,0.0045,0.0529,0.9019,0.6728,0
ACC_004956,RING_00313,36,0,35,0,0,0.1,1.0,8376.06,1.0,1.0,0.7874,0.0045,0.0529,0.9019,0.6728,0
ACC_004957,RING_00313,36,0,35,0,0,0.1,1.0,8376.06,1.0,1.0,0.7874,0.0045,0.0529,0.9019,0.6728,0
ACC_004958,RING_00313,36,0,35,0,0,0.1,1.0,8376.06,1.0,1.0,0.7874,0.0045,0.0529,0.9019,0.6728,0
ACC_004959,RING_00313,36,0,35,0,0,0.1,1.0,8376.06,1.0,1.0,0.7874,0.0045,0.0529,0.9019,0.6728,0
ACC_004960,RING_00313,36,0,35,0,0,0.1,1.0,8376.06,1.0,1.0,0.7874,0.0045,0.0529,0.9019,0.6728,0
ACC_004961,RING_00313,36,0,35,0,0,0.1,1.0,8376.06,1.0,1.0,0.7874,0.0045,0.0529,0.9019,0.6728,0
ACC_004962,RING_00313,36,0,35,0,0,0.1,1.0,8376.06,1.0,1.0,0.7874,0.0045,0.0529,0.9019,0.6728,0
ACC_004963,RING_00313,36,0,35,0,0,0.1,1.0,8376.06,1.0,1.0,0.7874,0.0045,0.0529,0.9019,0.6728,0
ACC_004964,RING_00313,36,0,35,0,0,0.1,1.0,8376.06,1.0,1.0,0.7874,0.0045,0.0529,0.9019,0.6728,0
ACC_004965,RING_00314,4,0,0,3,3,0.6,1.0,5093.36,0.25,4.0,0.7949,0.0059,0.0368,0.9752,0.6145,0
ACC_004966,RING_00314,4,0,0,3,3,0.6,1.0,5093.36,0.25,4.0,0.7949,0.0059,0.0368,0.9752,0.6145,0
ACC_004967,RING_00314,4,0,0,3,3,0.6,1.0,5093.36,0.25,4.0,0.7949,0.0059,0.0368,0.9752,0.6145,0
ACC_004968,RING_00314,4,0,0,3,3,0.6,1.0,5093.36,0.25,4.0,0.7949,0.0059,0.0368,0.9752,0.6145,0
ACC_004969,RING_00315,17,0,0,16,0,0.4,1.0,8660.44,0.0588,17.0,0.7654,0.0039,0.0492,0.9184,0.6125,0
ACC_004970,RING_00315,17,0,0,16,0,0.4,1.0,8660.44,0.0588,17.0,0.7654,0.0039,0.0492,0.9184,0.6125,0
ACC_004971,RING_00315,17,0,0,16,0,0.4,1.0,8660.44,0.0588,17.0,0.7654,0.0039,0.0492,0.9184,0.6125,0
ACC_004972,RING_00315,17,0,0,16,0,0.4,1.0,8660.44,0.0588,17.0,0.7654,0.0039,0.0492,0.9184,0.6125,0
ACC_004973,RING_00315,17,0,0,16,0,0.4,1.0,8660.44,0.0588,17.0,0.7654,0.0039,0.0492,0.9184,0.6125,0
ACC_004974,RING_00315,17,0,0,16,0,0.4,1.0,8660.44,0.0588,17.0,0.7654,0.0039,0.0492,0.9184,0.6125,0
ACC_004975,RING_00315,17,0,0,16,0,0.4,1.0,8660.44,0.0588,17.0,0.7654,0.0039,0.0492,0.9184,0.6125,0
ACC_004976,RING_00315,17,0,0,16,0,0.4,1.0,8660.44,0.0588,17.0,0.7654,0.0039,0.0492,0.9184,0.6125,0
ACC_004977,RING_00315,17,0,0,16,0,0.4,1.0,8660.44,0.0588,17.0,0.7654,0.0039,0.0492,0.9184,0.6125,0
ACC_004978,RING_00315,17,0,0,16,0,0.4,1.0,8660.44,0.0588,17.0,0.7654,0.0039,0.0492,0.9184,0.6125,0
ACC_004979,RING_00315,17,0,0,16,0,0.4,1.0,8660.44,0.0588,17.0,0.7654,0.0039,0.0492,0.9184,0.6125,0
ACC_004980,RING_00315,17,0,0,16,0,0.4,1.0,8660.44,0.0588,17.0,0.7654,0.0039,0.0492,0.9184,0.6125,0
ACC_004981,RING_00315,17,0,0,16,0,0.4,1.0,8660.44,0.0588,17.0,0.7654,0.0039,0.0492,0.9184,0.6125,0
ACC_004982,RING_00315,17,0,0,16,0,0.4,1.0,8660.44,0.0588,17.0,0.7654,0.0039,0.0492,0.9184,0.6125,0
ACC_004983,RING_00315,17,0,0,16,0,0.4,1.0,8660.44,0.0588,17.0,0.7654,0.0039,0.0492,0.9184,0.6125,0
ACC_004984,RING_00315,17,0,0,16,0,0.4,1.0,8660.44,0.0588,17.0,0.7654,0.0039,0.0492,0.9184,0.6125,0
ACC_004985,RING_00315,17,0,0,16,0,0.4,1.0,8660.44,0.0588,17.0,0.7654,0.0039,0.0492,0.9184,0.6125,0
ACC_004986,RING_00316,51,0,50,0,0,0.1,1.0,7925.38,1.0,1.0,0.7919,0.0051,0.0447,0.9062,0.6776,0
ACC_004987,RING_00316,51,0,50,0,0,0.1,1.0,7925.38,1.0,1.0,0.7919,0.0051,0.0447,0.9062,0.6776,0
ACC_004988,RING_00316,51,0,50,0,0,0.1,1.0,7925.38,1.0,1.0,0.7919,0.0051,0.0447,0.9062,0.6776,0
ACC_004989,RING_00316,51,0,50,0,0,0.1,1.0,7925.38,1.0,1.0,0.7919,0.0051,0.0447,0.9062,0.6776,0
ACC_004990,RING_00316,51,0,50,0,0,0.1,1.0,7925.38,1.0,1.0,0.7919,0.0051,0.0447,0.9062,0.6776,0
ACC_004991,RING_00316,51,0,50,0,0,0.1,1.0,7925.38,1.0,1.0,0.7919,0.0051,0.0447,0.9062,0.6776,0
ACC_004992,RING_00316,51,0,50,0,0,0.1,1.0,7925.38,1.0,1.0,0.7919,0.0051,0.0447,0.9062,0.6776,0
ACC_004993,RING_00316,51,0,50,0,0,0.1,1.0,7925.38,1.0,1.0,0.7919,0.0051,0.0447,0.9062,0.6776,0
ACC_004994,RING_00316,51,0,50,0,0,0.1,1.0,7925.38,1.0,1.0,0.7919,0.0051,0.0447,0.9062,0.6776,0
ACC_004995,RING_00316,51,0,50,0,0,0.1,1.0,7925.38,1.0,1.0,0.7919,0.0051,0.0447,0.9062,0.6776,0
ACC_004996,RING_00316,51,0,50,0,0,0.1,1.0,7925.38,1.0,1.0,0.7919,0.0051,0.0447,0.9062,0.6776,0
ACC_004997,RING_00316,51,0,50,0,0,0.1,1.0,7925.38,1.0,1.0,0.7919,0.0051,0.0447,0.9062,0.6776,0
ACC_004998,RING_00316,51,0,50,0,0,0.1,1.0,7925.38,1.0,1.0,0.7919,0.0051,0.0447,0.9062,0.6776,0
ACC_004999,RING_00316,51,0,50,0,0,0.1,1.0,7925.38,1.0,1.0,0.7919,0.0051,0.0447,0.9062,0.6776,0
ACC_005000,RING_00316,51,0,50,0,0,0.1,1.0,7925.38,1.0,1.0,0.7919,0.0051,0.0447,0.9062,0.6776,0
ACC_005001,RING_00316,51,0,50,0,0,0.1,1.0,7925.38,1.0,1.0,0.7919,0.0051,0.0447,0.9062,0.6776,0
ACC_005002,RING_00316,51,0,50,0,0,0.1,1.0,7925.38,1.0,1.0,0.7919,0.0051,0.0447,0.9062,0.6776,0
ACC_005003,RING_00316,51,0,50,0,0,0.1,1.0,7925.38,1.0,1.0,0.7919,0.0051,0.0447,0.9062,0.6776,0
ACC_005004,RING_00316,51,0,50,0,0,0.1,1.0,7925.38,1.0,1.0,0.7919,0.0051,0.0447,0.9062,0.6776,0
ACC_005005,RING_00316,51,0,50,0,0,0.1,1.0,7925.38,1.0,1.0,0.7919,0.0051,0.0447,0.9062,0.6776,0
ACC_005006,RING_00316,51,0,50,0,0,0.1,1.0,7925.38,1.0,1.0,0.7919,0.0051,0.0447,0.9062,0.6776,0
ACC_005007,RING_00316,51,0,50,0,0,0.1,1.0,7925.38,1.0,1.0,0.7919,0.0051,0.0447,0.9062,0.6776,0
ACC_005008,RING_00316,51,0,50,0,0,0.1,1.0,7925.38,1.0,1.0,0.7919,0.0051,0.0447,0.9062,0.6776,0
ACC_005009,RING_00316,51,0,50,0,0,0.1,1.0,7925.38,1.0,1.0,0.7919,0.0051,0.0447,0.9062,0.6776,0
ACC_005010,RING_00316,51,0,50,0,0,0.1,1.0,7925.38,1.0,1.0,0.7919,0.0051,0.0447,0.9062,0.6776,0
ACC_005011,RING_00316,51,0,50,0,0,0.1,1.0,7925.38,1.0,1.0,0.7919,0.0051,0.0447,0.9062,0.6776,0
ACC_005012,RING_00316,51,0,50,0,0,0.1,1.0,7925.38,1.0,1.0,0.7919,0.0051,0.0447,0.9062,0.6776,0
ACC_005013,RING_00316,51,0,50,0,0,0.1,1.0,7925.38,1.0,1.0,0.7919,0.0051,0.0447,0.9062,0.6776,0
ACC_005014,RING_00316,51,0,50,0,0,0.1,1.0,7925.38,1.0,1.0,0.7919,0.0051,0.0447,0.9062,0.6776,0
ACC_005015,RING_00316,51,0,50,0,0,0.1,1.0,7925.38,1.0,1.0,0.7919,0.0051,0.0447,0.9062,0.6776,0
ACC_005016,RING_00316,51,0,50,0,0,0.1,1.0,7925.38,1.0,1.0,0.7919,0.0051,0.0447,0.9062,0.6776,0
ACC_005017,RING_00316,51,0,50,0,0,0.1,1.0,7925.38,1.0,1.0,0.7919,0.0051,0.0447,0.9062,0.6776,0
ACC_005018,RING_00316,51,0,50,0,0,0.1,1.0,7925.38,1.0,1.0,0.7919,0.0051,0.0447,0.9062,0.6776,0
ACC_005019,RING_00316,51,0,50,0,0,0.1,1.0,7925.38,1.0,1.0,0.7919,0.0051,0.0447,0.9062,0.6776,0
ACC_005020,RING_00316,51,0,50,0,0,0.1,1.0,7925.38,1.0,1.0,0.7919,0.0051,0.0447,0.9062,0.6776,0
ACC_005021,RING_00316,51,0,50,0,0,0.1,1.0,7925.38,1.0,1.0,0.7919,0.0051,0.0447,0.9062,0.6776,0
ACC_005022,RING_00316,51,0,50,0,0,0.1,1.0,7925.38,1.0,1.0,0.7919,0.0051,0.0447,0.9062,0.6776,0
ACC_005023,RING_00316,51,0,50,0,0,0.1,1.0,7925.38,1.0,1.0,0.7919,0.0051,0.0447,0.9062,0.6776,0
ACC_005024,RING_00316,51,0,50,0,0,0.1,1.0,7925.38,1.0,1.0,0.7919,0.0051,0.0447,0.9062,0.6776,0
ACC_005025,RING_00316,51,0,50,0,0,0.1,1.0,7925.38,1.0,1.0,0.7919,0.0051,0.0447,0.9062,0.6776,0
ACC_005026,RING_00316,51,0,50,0,0,0.1,1.0,7925.38,1.0,1.0,0.7919,0.0051,0.0447,0.9062,0.6776,0
ACC_005027,RING_00316,51,0,50,0,0,0.1,1.0,7925.38,1.0,1.0,0.7919,0.0051,0.0447,0.9062,0.6776,0
ACC_005028,RING_00316,51,0,50,0,0,0.1,1.0,7925.38,1.0,1.0,0.7919,0.0051,0.0447,0.9062,0.6776,0
ACC_005029,RING_00316,51,0,50,0,0,0.1,1.0,7925.38,1.0,1.0,0.7919,0.0051,0.0447,0.9062,0.6776,0
ACC_005030,RING_00316,51,0,50,0,0,0.1,1.0,7925.38,1.0,1.0,0.7919,0.0051,0.0447,0.9062,0.6776,0
ACC_005031,RING_00316,51,0,50,0,0,0.1,1.0,7925.38,1.0,1.0,0.7919,0.0051,0.0447,0.9062,0.6776,0
ACC_005032,RING_00316,51,0,50,0,0,0.1,1.0,7925.38,1.0,1.0,0.7919,0.0051,0.0447,0.9062,0.6776,0
ACC_005033,RING_00316,51,0,50,0,0,0.1,1.0,7925.38,1.0,1.0,0.7919,0.0051,0.0447,0.9062,0.6776,0
ACC_005034,RING_00316,51,0,50,0,0,0.1,1.0,7925.38,1.0,1.0,0.7919,0.0051,0.0447,0.9062,0.6776,0
ACC_005035,RING_00316,51,0,50,0,0,0.1,1.0,7925.38,1.0,1.0,0.7919,0.0051,0.0447,0.9062,0.6776,0
ACC_005036,RING_00316,51,0,50,0,0,0.1,1.0,7925.38,1.0,1.0,0.7919,0.0051,0.0447,0.9062,0.6776,0
