account_id,cluster_id,created_at,account_age_days,order_count,total_spend,average_order_value,return_count,refund_count,return_rate,refund_rate,high_value_order_count,suspicious_activity_score,device_type,primary_payment_method
ACC_000001,RING_00001,2027-07-01T07:10:30.140172+00:00,1,22,2808.96,127.68,2,1,0.0909,0.0455,2,0.0729,mobile_android,debit_card
ACC_000002,RING_00002,2026-12-03T16:58:13.389341+00:00,1,23,2613.26,113.62,2,1,0.087,0.0435,0,0.0605,mobile_ios,paypal
ACC_000003,RING_00003,2026-03-26T21:01:32.907280+00:00,127,29,9676.14,333.66,25,24,0.8621,0.8276,15,0.8465,desktop_chrome,credit_card
ACC_000004,RING_00003,2026-03-29T02:03:32.242293+00:00,124,32,8202.88,256.34,28,27,0.875,0.8438,14,0.72,desktop_chrome,credit_card
ACC_000005,RING_00003,2026-04-08T15:51:48.591203+00:00,114,22,5639.7,256.35,19,18,0.8636,0.8182,19,0.7029,desktop_chrome,credit_card
ACC_000006,RING_00003,2026-04-09T21:29:09.005409+00:00,113,27,8073.81,299.03,24,22,0.8889,0.8148,17,0.6862,desktop_chrome,credit_card
ACC_000007,RING_00003,2026-04-14T08:24:16.817646+00:00,108,18,5333.94,296.33,15,13,0.8333,0.7222,12,0.8124,desktop_chrome,credit_card
ACC_000008,RING_00003,2026-04-01T12:23:46.218863+00:00,121,25,6085.25,243.41,21,18,0.84,0.72,19,0.8245,desktop_chrome,credit_card
ACC_000009,RING_00003,2026-04-02T09:49:14.372028+00:00,120,26,7758.14,298.39,23,21,0.8846,0.8077,18,0.8061,desktop_chrome,credit_card
ACC_000010,RING_00003,2026-04-04T09:23:12.441885+00:00,118,24,11327.76,471.99,22,20,0.9167,0.8333,20,0.8358,desktop_chrome,credit_card
ACC_000011,RING_00003,2026-03-29T18:56:46.508498+00:00,124,25,7488.75,299.55,22,20,0.88,0.8,20,0.7958,desktop_chrome,credit_card
ACC_000012,RING_00003,2026-03-28T14:21:44.361220+00:00,125,29,11279.84,388.96,26,24,0.8966,0.8276,15,0.6969,desktop_chrome,credit_card
ACC_000013,RING_00004,2026-01-19T00:14:41.466858+00:00,193,1,50.56,50.56,0,0,0.0,0.0,0,0.8246,desktop_chrome,virtual_card
ACC_000014,RING_00004,2026-01-19T00:04:15.889453+00:00,193,1,49.06,49.06,0,0,0.0,0.0,0,0.8905,desktop_chrome,virtual_card
ACC_000015,RING_00004,2026-01-19T00:23:07.680178+00:00,193,1,51.69,51.69,0,0,0.0,0.0,0,0.7738,desktop_chrome,virtual_card
ACC_000016,RING_00004,2026-01-19T00:14:31.591710+00:00,193,1,50.66,50.66,0,0,0.0,0.0,0,0.7685,desktop_chrome,virtual_card
ACC_000017,RING_00004,2026-01-19T00:08:40.304707+00:00,193,1,51.02,51.02,0,0,0.0,0.0,0,0.7978,desktop_chrome,virtual_card
ACC_000018,RING_00004,2026-01-19T00:14:46.373237+00:00,193,1,50.98,50.98,0,0,0.0,0.0,0,0.8736,desktop_chrome,virtual_card
ACC_000019,RING_00004,2026-01-19T00:00:34.205807+00:00,193,1,51.31,51.31,0,0,0.0,0.0,0,0.7683,desktop_chrome,virtual_card
ACC_000020,RING_00004,2026-01-19T00:23:57.838820+00:00,193,1,51.75,51.75,0,0,0.0,0.0,0,0.7891,desktop_chrome,virtual_card
ACC_000021,RING_00004,2026-01-19T00:12:03.455155+00:00,193,1,49.11,49.11,0,0,0.0,0.0,0,0.8443,desktop_chrome,virtual_card
ACC_000022,RING_00004,2026-01-19T00:19:34.102841+00:00,193,1,50.11,50.11,0,0,0.0,0.0,0,0.8911,desktop_chrome,virtual_card
ACC_000023,RING_00004,2026-01-19T00:02:04.095000+00:00,193,1,51.42,51.42,0,0,0.0,0.0,0,0.8039,desktop_chrome,virtual_card
ACC_000024,RING_00004,2026-01-19T00:12:09.987496+00:00,193,1,51.86,51.86,0,0,0.0,0.0,0,0.7995,desktop_chrome,virtual_card
ACC_000025,RING_00004,2026-01-19T00:12:16.060492+00:00,193,1,50.55,50.55,0,0,0.0,0.0,0,0.7935,desktop_chrome,virtual_card
ACC_000026,RING_00004,2026-01-19T00:23:26.739682+00:00,193,1,51.81,51.81,0,0,0.0,0.0,0,0.778,desktop_chrome,virtual_card
ACC_000027,RING_00004,2026-01-19T00:14:17.592079+00:00,193,1,49.13,49.13,0,0,0.0,0.0,0,0.824,desktop_chrome,virtual_card
ACC_000028,RING_00004,2026-01-19T00:11:50.234102+00:00,193,1,51.98,51.98,0,0,0.0,0.0,0,0.9016,desktop_chrome,virtual_card
ACC_000029,RING_00004,2026-01-19T00:06:40.463495+00:00,193,1,51.25,51.25,0,0,0.0,0.0,0,0.9014,desktop_chrome,virtual_card
ACC_000030,RING_00004,2026-01-19T00:08:17.353496+00:00,193,1,51.68,51.68,0,0,0.0,0.0,0,0.8382,desktop_chrome,virtual_card
ACC_000031,RING_00005,2027-01-12T04:45:11.929570+00:00,1,15,650.55,43.37,0,0,0.0,0.0,0,0.0756,desktop_safari,credit_card
ACC_000032,RING_00005,2026-12-20T18:40:02.347464+00:00,1,22,1747.24,79.42,0,0,0.0,0.0,1,0.078,desktop_chrome,debit_card
ACC_000033,RING_00005,2027-01-17T22:58:15.384054+00:00,1,29,1904.72,65.68,2,1,0.069,0.0345,0,0.024,desktop_safari,apple_pay
ACC_000034,RING_00005,2027-04-17T22:08:25.586506+00:00,1,7,499.8,71.4,0,0,0.0,0.0,0,0.0769,desktop_chrome,credit_card
ACC_000035,RING_00005,2026-06-26T02:57:12.846263+00:00,35,23,1534.56,66.72,1,0,0.0435,0.0,0,0.0753,desktop_safari,apple_pay
ACC_000036,RING_00005,2027-03-13T14:15:47.637313+00:00,1,11,741.62,67.42,0,0,0.0,0.0,1,0.0707,desktop_safari,debit_card
ACC_000037,RING_00005,2027-03-27T07:07:08.610024+00:00,1,11,849.42,77.22,0,0,0.0,0.0,0,0.0672,desktop_safari,credit_card
ACC_000038,RING_00005,2026-09-07T17:17:29.697734+00:00,1,28,1258.04,44.93,3,1,0.1071,0.0357,0,0.0208,desktop_chrome,credit_card
ACC_000039,RING_00005,2026-12-17T19:28:57.256316+00:00,1,17,1025.44,60.32,1,0,0.0588,0.0,1,0.0713,desktop_safari,apple_pay
ACC_000040,RING_00005,2026-12-10T15:27:00.399807+00:00,1,28,1726.48,61.66,0,0,0.0,0.0,0,0.0171,mobile_ios,apple_pay
ACC_000041,RING_00005,2027-04-08T22:55:23.388725+00:00,1,10,699.7,69.97,1,0,0.1,0.0,1,0.0645,desktop_safari,credit_card
ACC_000042,RING_00005,2026-10-04T15:10:23.686705+00:00,1,22,1285.9,58.45,1,0,0.0455,0.0,1,0.0392,desktop_chrome,credit_card
ACC_000043,RING_00005,2027-01-20T20:49:21.017062+00:00,1,10,586.6,58.66,1,0,0.1,0.0,0,0.033,desktop_chrome,debit_card
ACC_000044,RING_00005,2027-01-01T20:24:29.940740+00:00,1,6,441.84,73.64,0,0,0.0,0.0,0,0.0703,desktop_safari,credit_card
ACC_000045,RING_00005,2027-04-20T22:31:12.245280+00:00,1,23,1530.88,66.56,2,1,0.087,0.0435,0,0.0648,desktop_safari,apple_pay
ACC_000046,RING_00005,2026-12-26T19:40:17.933550+00:00,1,9,518.58,57.62,0,0,0.0,0.0,0,0.0466,desktop_safari,apple_pay
ACC_000047,RING_00005,2026-07-01T02:29:53.536739+00:00,30,24,1303.2,54.3,0,0,0.0,0.0,0,0.0642,mobile_ios,apple_pay
ACC_000048,RING_00005,2026-09-27T02:37:08.520782+00:00,1,18,1629.54,90.53,0,0,0.0,0.0,0,0.0407,desktop_safari,debit_card
ACC_000049,RING_00005,2026-11-07T13:45:10.922530+00:00,1,8,732.64,91.58,0,0,0.0,0.0,0,0.0183,mobile_ios,apple_pay
ACC_000050,RING_00005,2026-05-23T10:17:42.741879+00:00,69,7,399.7,57.1,0,0,0.0,0.0,0,0.041,mobile_ios,credit_card
ACC_000051,RING_00005,2027-03-31T12:17:17.556068+00:00,1,22,2088.68,94.94,2,1,0.0909,0.0455,0,0.0566,mobile_ios,debit_card
ACC_000052,RING_00005,2026-07-09T11:42:32.405183+00:00,22,26,1844.44,70.94,1,0,0.0385,0.0,1,0.0125,mobile_ios,credit_card
ACC_000053,RING_00005,2027-03-20T18:53:32.650279+00:00,1,11,869.55,79.05,1,0,0.0909,0.0,0,0.0589,desktop_safari,apple_pay
ACC_000054,RING_00005,2027-02-11T06:25:31.543540+00:00,1,18,1375.56,76.42,1,0,0.0556,0.0,1,0.0235,mobile_ios,credit_card
ACC_000055,RING_00005,2026-12-26T20:54:34.200626+00:00,1,5,185.6,37.12,0,0,0.0,0.0,0,0.0164,desktop_safari,credit_card
ACC_000056,RING_00005,2026-12-11T01:38:58.616313+00:00,1,16,1047.36,65.46,1,0,0.0625,0.0,0,0.059,mobile_ios,debit_card
ACC_000057,RING_00005,2026-11-05T16:49:04.161827+00:00,1,8,370.64,46.33,0,0,0.0,0.0,0,0.04,desktop_safari,debit_card
ACC_000058,RING_00005,2026-12-16T18:57:57.550514+00:00,1,20,1163.8,58.19,0,0,0.0,0.0,0,0.0258,mobile_ios,debit_card
ACC_000059,RING_00005,2026-09-09T20:05:24.978335+00:00,1,11,757.02,68.82,0,0,0.0,0.0,1,0.0352,desktop_safari,debit_card
ACC_000060,RING_00005,2026-11-22T07:10:37.168891+00:00,1,11,655.49,59.59,0,0,0.0,0.0,1,0.0181,mobile_ios,credit_card
ACC_000061,RING_00006,2026-02-26T00:18:34.038850+00:00,155,1,49.63,49.63,0,0,0.0,0.0,0,0.8393,desktop_chrome,virtual_card
ACC_000062,RING_00006,2026-02-26T00:00:22.024265+00:00,155,1,49.49,49.49,0,0,0.0,0.0,0,0.7782,desktop_chrome,virtual_card
ACC_000063,RING_00006,2026-02-26T00:20:40.760137+00:00,155,1,51.51,51.51,0,0,0.0,0.0,0,0.9182,desktop_chrome,virtual_card
ACC_000064,RING_00006,2026-02-26T00:21:24.822035+00:00,155,1,50.67,50.67,0,0,0.0,0.0,0,0.8926,desktop_chrome,virtual_card
ACC_000065,RING_00006,2026-02-26T00:09:18.392360+00:00,155,1,51.97,51.97,0,0,0.0,0.0,0,0.7741,desktop_chrome,virtual_card
ACC_000066,RING_00006,2026-02-26T00:03:50.419349+00:00,155,1,50.34,50.34,0,0,0.0,0.0,0,0.8167,desktop_chrome,virtual_card
ACC_000067,RING_00006,2026-02-26T00:15:01.260612+00:00,155,1,49.24,49.24,0,0,0.0,0.0,0,0.8784,desktop_chrome,virtual_card
ACC_000068,RING_00006,2026-02-26T00:02:59.508834+00:00,155,1,50.3,50.3,0,0,0.0,0.0,0,0.8298,desktop_chrome,virtual_card
ACC_000069,RING_00006,2026-02-26T00:09:07.379042+00:00,155,1,49.45,49.45,0,0,0.0,0.0,0,0.7808,desktop_chrome,virtual_card
ACC_000070,RING_00006,2026-02-26T00:23:57.643771+00:00,155,1,51.72,51.72,0,0,0.0,0.0,0,0.7576,desktop_chrome,virtual_card
ACC_000071,RING_00006,2026-02-26T00:24:53.196709+00:00,155,1,49.7,49.7,0,0,0.0,0.0,0,0.7997,desktop_chrome,virtual_card
ACC_000072,RING_00006,2026-02-26T00:19:18.157337+00:00,155,1,50.47,50.47,0,0,0.0,0.0,0,0.8497,desktop_chrome,virtual_card
ACC_000073,RING_00006,2026-02-26T00:07:46.442265+00:00,155,1,50.48,50.48,0,0,0.0,0.0,0,0.7643,desktop_chrome,virtual_card
ACC_000074,RING_00006,2026-02-26T00:17:11.497574+00:00,155,1,49.73,49.73,0,0,0.0,0.0,0,0.8934,desktop_chrome,virtual_card
ACC_000075,RING_00006,2026-02-26T00:17:38.109548+00:00,155,1,50.91,50.91,0,0,0.0,0.0,0,0.8604,desktop_chrome,virtual_card
ACC_000076,RING_00006,2026-02-26T00:09:41.762543+00:00,155,1,51.01,51.01,0,0,0.0,0.0,0,0.8797,desktop_chrome,virtual_card
ACC_000077,RING_00006,2026-02-26T00:16:01.332952+00:00,155,1,49.17,49.17,0,0,0.0,0.0,0,0.8123,desktop_chrome,virtual_card
ACC_000078,RING_00006,2026-02-26T00:00:16.091467+00:00,155,1,50.62,50.62,0,0,0.0,0.0,0,0.8075,desktop_chrome,virtual_card
ACC_000079,RING_00007,2027-03-20T07:31:51.864645+00:00,1,24,2913.84,121.41,3,2,0.125,0.0833,0,0.078,desktop_chrome,debit_card
ACC_000080,RING_00008,2027-01-22T09:59:12.783757+00:00,1,20,747.2,37.36,1,0,0.05,0.0,0,0.0842,mobile_android,debit_card
ACC_000081,RING_00009,2027-04-18T08:37:12.361701+00:00,1,29,4041.73,139.37,1,0,0.0345,0.0,1,0.0604,desktop_chrome,credit_card
ACC_000082,RING_00009,2026-10-02T15:10:37.228295+00:00,1,27,3960.36,146.68,2,1,0.0741,0.037,0,0.0302,mobile_ios,credit_card
ACC_000083,RING_00009,2026-05-09T22:41:43.339570+00:00,83,20,1823.0,91.15,1,0,0.05,0.0,2,0.0785,desktop_chrome,credit_card
ACC_000084,RING_00009,2027-03-28T12:23:11.777446+00:00,1,29,2349.0,81.0,2,1,0.069,0.0345,2,0.0176,desktop_chrome,credit_card
ACC_000085,RING_00009,2027-01-19T21:25:10.789875+00:00,1,17,1842.97,108.41,0,0,0.0,0.0,2,0.0701,desktop_chrome,credit_card
ACC_000086,RING_00009,2027-03-17T21:45:41.619316+00:00,1,17,2274.77,133.81,1,0,0.0588,0.0,1,0.0697,desktop_chrome,credit_card
ACC_000087,RING_00009,2027-03-14T14:14:39.280652+00:00,1,31,3687.14,118.94,0,0,0.0,0.0,0,0.0665,mobile_ios,credit_card
ACC_000088,RING_00010,2027-03-30T10:34:19.637212+00:00,1,34,2795.14,82.21,2,1,0.0588,0.0294,1,0.0207,mobile_ios,debit_card
ACC_000089,RING_00011,2026-07-07T02:44:55.517417+00:00,24,18,1014.12,56.34,1,0,0.0556,0.0,1,0.0728,mobile_ios,credit_card
ACC_000090,RING_00011,2026-10-11T16:41:21.248914+00:00,1,7,371.7,53.1,0,0,0.0,0.0,1,0.0326,mobile_ios,credit_card
ACC_000091,RING_00011,2026-10-26T14:12:57.099664+00:00,1,13,1424.8,109.6,0,0,0.0,0.0,1,0.0572,mobile_ios,credit_card
ACC_000092,RING_00011,2026-08-18T15:37:45.418478+00:00,1,9,661.05,73.45,0,0,0.0,0.0,0,0.0403,mobile_ios,credit_card
ACC_000093,RING_00011,2026-05-15T19:40:46.570208+00:00,77,13,759.72,58.44,0,0,0.0,0.0,0,0.0136,mobile_ios,credit_card
ACC_000094,RING_00011,2026-05-04T02:32:52.436323+00:00,88,19,667.28,35.12,0,0,0.0,0.0,0,0.0178,mobile_ios,credit_card
ACC_000095,RING_00011,2026-06-10T22:16:40.653396+00:00,51,10,545.3,54.53,0,0,0.0,0.0,0,0.0326,mobile_ios,credit_card
ACC_000096,RING_00011,2026-06-10T05:17:50.434062+00:00,51,7,618.59,88.37,0,0,0.0,0.0,1,0.0205,mobile_ios,credit_card
ACC_000097,RING_00011,2026-04-28T11:55:05.587110+00:00,94,17,903.04,53.12,0,0,0.0,0.0,0,0.0498,mobile_ios,credit_card
ACC_000098,RING_00011,2026-09-04T17:39:26.720187+00:00,1,11,594.77,54.07,0,0,0.0,0.0,0,0.0743,mobile_ios,credit_card
ACC_000099,RING_00011,2026-11-01T22:44:50.243657+00:00,1,6,307.38,51.23,0,0,0.0,0.0,0,0.039,mobile_ios,credit_card
ACC_000100,RING_00011,2026-03-08T17:02:45.111429+00:00,145,15,1355.85,90.39,1,0,0.0667,0.0,0,0.0322,mobile_ios,credit_card
ACC_000101,RING_00011,2026-09-26T22:17:13.466018+00:00,1,4,141.2,35.3,0,0,0.0,0.0,0,0.0112,mobile_ios,credit_card
ACC_000102,RING_00011,2026-11-22T02:44:17.379310+00:00,1,10,387.9,38.79,0,0,0.0,0.0,1,0.0516,mobile_ios,credit_card
ACC_000103,RING_00011,2026-08-28T17:08:21.039854+00:00,1,6,484.86,80.81,0,0,0.0,0.0,0,0.0487,mobile_ios,credit_card
ACC_000104,RING_00011,2026-10-16T12:38:24.387829+00:00,1,15,539.1,35.94,0,0,0.0,0.0,1,0.0657,mobile_ios,credit_card
ACC_000105,RING_00011,2026-06-29T12:03:07.661851+00:00,32,6,290.28,48.38,0,0,0.0,0.0,1,0.024,mobile_ios,credit_card
ACC_000106,RING_00011,2026-10-09T01:09:47.926269+00:00,1,14,1268.82,90.63,0,0,0.0,0.0,1,0.0612,mobile_ios,credit_card
ACC_000107,RING_00012,2026-07-24T22:20:59.013344+00:00,7,36,1339.2,37.2,1,0,0.0278,0.0,0,0.0402,mobile_android,paypal
ACC_000108,RING_00013,2026-11-06T17:02:15.562788+00:00,1,22,1487.86,67.63,2,1,0.0909,0.0455,2,0.0336,desktop_chrome,debit_card
ACC_000109,RING_00013,2026-06-16T10:31:43.519593+00:00,45,38,5560.16,146.32,1,0,0.0263,0.0,2,0.0221,mobile_ios,debit_card
ACC_000110,RING_00013,2026-09-19T14:19:00.721676+00:00,1,11,1121.78,101.98,1,0,0.0909,0.0,3,0.0251,mobile_ios,credit_card
ACC_000111,RING_00013,2027-04-07T22:43:12.568093+00:00,1,39,2373.15,60.85,3,1,0.0769,0.0256,3,0.0432,mobile_ios,credit_card
ACC_000112,RING_00013,2026-06-20T07:15:09.195271+00:00,41,14,1570.66,112.19,0,0,0.0,0.0,2,0.0278,mobile_android,debit_card
ACC_000113,RING_00013,2027-03-22T14:46:22.888869+00:00,1,16,904.8,56.55,0,0,0.0,0.0,2,0.0608,mobile_ios,debit_card
ACC_000114,RING_00013,2027-02-14T12:48:45.483340+00:00,1,31,3287.55,106.05,2,1,0.0645,0.0323,3,0.0247,mobile_ios,credit_card
ACC_000115,RING_00013,2026-09-23T05:50:09.560090+00:00,1,25,2374.25,94.97,1,0,0.04,0.0,2,0.0175,mobile_ios,credit_card
ACC_000116,RING_00013,2026-06-02T02:05:08.275829+00:00,59,26,1525.68,58.68,1,0,0.0385,0.0,1,0.0293,mobile_android,debit_card
ACC_000117,RING_00013,2027-04-10T10:35:50.732837+00:00,1,15,1483.65,98.91,1,0,0.0667,0.0,3,0.0652,mobile_ios,debit_card
ACC_000118,RING_00013,2027-01-05T08:03:01.488782+00:00,1,28,4234.72,151.24,2,1,0.0714,0.0357,2,0.0483,desktop_chrome,debit_card
ACC_000119,RING_00013,2026-05-01T14:41:18.776211+00:00,91,23,2074.37,90.19,0,0,0.0,0.0,1,0.0291,mobile_android,credit_card
ACC_000120,RING_00013,2027-03-26T00:35:11.430221+00:00,1,24,2951.52,122.98,1,0,0.0417,0.0,3,0.0124,mobile_android,debit_card
ACC_000121,RING_00013,2026-11-29T23:57:32.041768+00:00,1,25,2178.25,87.13,1,0,0.04,0.0,3,0.0342,mobile_android,debit_card
ACC_000122,RING_00013,2026-11-24T19:53:21.343833+00:00,1,22,2103.42,95.61,1,0,0.0455,0.0,1,0.0155,mobile_ios,credit_card
ACC_000123,RING_00013,2026-05-29T02:58:28.321278+00:00,63,19,1394.03,73.37,1,0,0.0526,0.0,3,0.0178,mobile_android,debit_card
ACC_000124,RING_00013,2026-05-31T00:12:54.417860+00:00,61,37,5719.83,154.59,2,1,0.0541,0.027,2,0.0253,desktop_chrome,credit_card
ACC_000125,RING_00013,2026-03-20T06:59:05.245904+00:00,133,30,3455.4,115.18,1,0,0.0333,0.0,2,0.0662,desktop_chrome,debit_card
ACC_000126,RING_00013,2026-07-22T15:28:05.386095+00:00,9,28,4235.0,151.25,1,0,0.0357,0.0,1,0.0687,mobile_android,credit_card
ACC_000127,RING_00013,2026-06-15T02:10:20.103710+00:00,46,23,1716.95,74.65,1,0,0.0435,0.0,2,0.0346,desktop_chrome,credit_card
ACC_000128,RING_00013,2026-07-23T10:50:51.712375+00:00,8,10,609.1,60.91,0,0,0.0,0.0,3,0.0169,mobile_android,credit_card
ACC_000129,RING_00013,2026-11-13T20:49:04.257518+00:00,1,22,1166.22,53.01,2,1,0.0909,0.0455,3,0.0574,mobile_ios,credit_card
ACC_000130,RING_00013,2026-05-20T13:01:16.493079+00:00,72,34,3488.06,102.59,1,0,0.0294,0.0,1,0.0492,mobile_android,credit_card
ACC_000131,RING_00013,2027-04-05T15:58:30.543165+00:00,1,31,2909.35,93.85,1,0,0.0323,0.0,1,0.0503,mobile_ios,debit_card
ACC_000132,RING_00014,2026-11-27T12:00:16.950244+00:00,1,23,806.61,35.07,1,0,0.0435,0.0,1,0.0167,desktop_safari,credit_card
ACC_000133,RING_00014,2026-07-19T01:46:33.383130+00:00,12,5,353.3,70.66,0,0,0.0,0.0,1,0.0218,desktop_safari,credit_card
ACC_000134,RING_00014,2026-03-17T09:24:45.032211+00:00,136,25,1075.5,43.02,1,0,0.04,0.0,0,0.0453,desktop_safari,debit_card
ACC_000135,RING_00014,2026-11-09T12:52:50.172013+00:00,1,10,373.4,37.34,0,0,0.0,0.0,0,0.0676,mobile_ios,credit_card
ACC_000136,RING_00014,2026-07-03T10:48:46.967986+00:00,28,16,1377.6,86.1,1,0,0.0625,0.0,0,0.0255,mobile_ios,debit_card
ACC_000137,RING_00014,2026-12-07T06:38:43.550186+00:00,1,18,512.28,28.46,1,0,0.0556,0.0,1,0.044,desktop_chrome,debit_card
ACC_000138,RING_00014,2026-06-30T17:35:32.332579+00:00,31,19,893.57,47.03,0,0,0.0,0.0,0,0.0574,desktop_chrome,apple_pay
ACC_000139,RING_00014,2026-04-14T21:44:14.786649+00:00,108,21,1224.93,58.33,2,1,0.0952,0.0476,1,0.0142,desktop_safari,debit_card
ACC_000140,RING_00014,2026-03-19T16:42:58.413506+00:00,134,10,373.3,37.33,0,0,0.0,0.0,0,0.0702,mobile_ios,credit_card
ACC_000141,RING_00014,2026-09-19T18:35:27.534599+00:00,1,11,990.88,90.08,0,0,0.0,0.0,1,0.0175,mobile_ios,credit_card
ACC_000142,RING_00014,2026-12-04T03:08:54.726636+00:00,1,23,646.07,28.09,1,0,0.0435,0.0,0,0.0327,desktop_chrome,debit_card
ACC_000143,RING_00014,2026-08-10T12:14:44.466041+00:00,1,29,1497.85,51.65,2,1,0.069,0.0345,1,0.0509,desktop_chrome,debit_card
ACC_000144,RING_00014,2026-09-12T03:49:16.591229+00:00,1,26,1435.46,55.21,1,0,0.0385,0.0,1,0.0749,desktop_chrome,apple_pay
ACC_000145,RING_00014,2026-07-28T06:06:24.317733+00:00,3,19,901.55,47.45,1,0,0.0526,0.0,1,0.0365,desktop_chrome,debit_card
ACC_000146,RING_00014,2026-09-02T13:29:22.658520+00:00,1,10,828.8,82.88,0,0,0.0,0.0,1,0.0518,desktop_safari,credit_card
ACC_000147,RING_00014,2026-09-08T10:21:56.929832+00:00,1,28,2033.64,72.63,0,0,0.0,0.0,1,0.0119,desktop_chrome,debit_card
ACC_000148,RING_00014,2026-11-22T04:39:12.657401+00:00,1,5,255.55,51.11,0,0,0.0,0.0,1,0.0289,desktop_chrome,apple_pay
ACC_000149,RING_00014,2027-01-24T21:19:49.589758+00:00,1,29,1931.4,66.6,3,1,0.1034,0.0345,1,0.0362,desktop_safari,credit_card
ACC_000150,RING_00014,2026-09-18T14:18:24.334088+00:00,1,29,1572.67,54.23,1,0,0.0345,0.0,0,0.0656,mobile_ios,credit_card
ACC_000151,RING_00014,2026-08-18T08:45:08.330936+00:00,1,5,182.2,36.44,0,0,0.0,0.0,1,0.0364,desktop_safari,apple_pay
ACC_000152,RING_00014,2026-04-03T06:20:54.139587+00:00,119,10,317.8,31.78,0,0,0.0,0.0,1,0.0383,desktop_safari,credit_card
ACC_000153,RING_00014,2026-09-28T07:47:07.834101+00:00,1,26,715.26,27.51,1,0,0.0385,0.0,0,0.0795,desktop_chrome,debit_card
ACC_000154,RING_00014,2026-02-28T05:47:29.050541+00:00,153,27,897.21,33.23,3,2,0.1111,0.0741,0,0.0684,mobile_ios,apple_pay
ACC_000155,RING_00014,2026-07-22T04:56:19.370179+00:00,9,14,654.5,46.75,0,0,0.0,0.0,1,0.03,mobile_ios,credit_card
ACC_000156,RING_00014,2027-01-29T07:45:17.095603+00:00,1,25,847.25,33.89,2,1,0.08,0.04,1,0.0482,desktop_safari,debit_card
ACC_000157,RING_00014,2026-07-26T07:19:45.596179+00:00,5,17,890.97,52.41,0,0,0.0,0.0,0,0.0154,mobile_ios,debit_card
ACC_000158,RING_00014,2026-04-09T17:00:06.008339+00:00,113,5,201.55,40.31,0,0,0.0,0.0,0,0.0755,desktop_chrome,apple_pay
ACC_000159,RING_00014,2026-04-23T05:52:24.394936+00:00,99,6,375.66,62.61,0,0,0.0,0.0,1,0.0241,desktop_chrome,debit_card
ACC_000160,RING_00014,2026-03-16T14:36:11.036686+00:00,137,13,1185.6,91.2,0,0,0.0,0.0,1,0.064,desktop_chrome,credit_card
ACC_000161,RING_00014,2026-07-18T12:19:27.164749+00:00,13,21,773.22,36.82,0,0,0.0,0.0,1,0.0232,desktop_safari,apple_pay
ACC_000162,RING_00014,2027-02-05T03:12:02.426572+00:00,1,15,817.8,54.52,1,0,0.0667,0.0,1,0.0515,mobile_ios,credit_card
ACC_000163,RING_00014,2026-12-31T19:57:59.077957+00:00,1,16,1320.8,82.55,1,0,0.0625,0.0,1,0.0647,desktop_chrome,apple_pay
ACC_000164,RING_00014,2026-10-08T12:15:20.503166+00:00,1,13,662.48,50.96,1,0,0.0769,0.0,1,0.0668,desktop_chrome,debit_card
ACC_000165,RING_00014,2026-03-31T05:10:50.382321+00:00,122,23,1778.13,77.31,0,0,0.0,0.0,0,0.0291,desktop_safari,debit_card
ACC_000166,RING_00014,2026-08-21T13:56:28.675634+00:00,1,12,894.84,74.57,1,0,0.0833,0.0,1,0.035,mobile_ios,apple_pay
ACC_000167,RING_00014,2026-08-29T02:04:15.377114+00:00,1,8,469.44,58.68,0,0,0.0,0.0,0,0.0624,desktop_safari,credit_card
ACC_000168,RING_00014,2026-04-16T11:42:43.848899+00:00,106,14,586.04,41.86,0,0,0.0,0.0,1,0.032,desktop_safari,credit_card
ACC_000169,RING_00014,2026-05-07T23:00:58.856550+00:00,85,14,838.04,59.86,1,0,0.0714,0.0,1,0.0707,desktop_chrome,debit_card
ACC_000170,RING_00014,2026-07-27T22:26:49.987938+00:00,4,24,1401.6,58.4,0,0,0.0,0.0,0,0.0385,desktop_chrome,debit_card
ACC_000171,RING_00014,2026-11-24T11:33:46.865560+00:00,1,10,861.0,86.1,1,0,0.1,0.0,0,0.032,desktop_safari,credit_card
ACC_000172,RING_00014,2026-08-31T12:29:43.423641+00:00,1,13,502.58,38.66,0,0,0.0,0.0,1,0.0765,mobile_ios,apple_pay
ACC_000173,RING_00014,2026-12-01T07:34:41.019784+00:00,1,9,313.2,34.8,0,0,0.0,0.0,0,0.067,desktop_safari,debit_card
ACC_000174,RING_00014,2026-07-17T16:56:05.012211+00:00,14,15,1185.45,79.03,0,0,0.0,0.0,1,0.0685,desktop_chrome,apple_pay
ACC_000175,RING_00014,2026-04-27T21:06:12.084628+00:00,95,5,156.15,31.23,0,0,0.0,0.0,0,0.0623,desktop_chrome,credit_card
ACC_000176,RING_00015,2027-02-12T03:01:44.482137+00:00,1,34,2492.88,73.32,5,3,0.1471,0.0882,2,0.0839,mobile_ios,credit_card
ACC_000177,RING_00016,2026-02-12T06:38:14.974880+00:00,169,18,7922.34,440.13,16,14,0.8889,0.7778,21,0.7598,desktop_chrome,credit_card
ACC_000178,RING_00016,2026-02-08T18:55:34.534574+00:00,173,20,8811.6,440.58,18,17,0.9,0.85,12,0.7255,desktop_chrome,credit_card
ACC_000179,RING_00016,2026-02-18T22:06:32.453498+00:00,163,27,12528.27,464.01,23,22,0.8519,0.8148,19,0.8257,desktop_chrome,credit_card
ACC_000180,RING_00016,2026-02-21T03:39:01.252323+00:00,160,18,4511.52,250.64,16,14,0.8889,0.7778,19,0.7277,desktop_chrome,credit_card
ACC_000181,RING_00016,2026-02-19T01:18:21.205938+00:00,162,32,13168.0,411.5,30,27,0.9375,0.8438,19,0.8156,desktop_chrome,credit_card
ACC_000182,RING_00016,2026-02-08T07:41:41.347890+00:00,173,18,5607.54,311.53,16,15,0.8889,0.8333,18,0.8076,desktop_chrome,credit_card
ACC_000183,RING_00016,2026-02-08T11:35:04.232294+00:00,173,28,8946.56,319.52,24,23,0.8571,0.8214,20,0.876,desktop_chrome,credit_card
ACC_000184,RING_00016,2026-02-08T02:16:10.589003+00:00,173,22,4979.92,226.36,20,19,0.9091,0.8636,17,0.724,desktop_chrome,credit_card
ACC_000185,RING_00016,2026-02-05T16:49:05.829985+00:00,176,25,8076.75,323.07,23,20,0.92,0.8,14,0.869,desktop_chrome,credit_card
ACC_000186,RING_00017,2026-08-26T19:30:04.191040+00:00,1,21,1372.98,65.38,2,1,0.0952,0.0476,1,0.0119,desktop_chrome,credit_card
ACC_000187,RING_00017,2026-11-29T18:55:56.181907+00:00,1,21,1305.57,62.17,1,0,0.0476,0.0,0,0.0668,mobile_ios,credit_card
ACC_000188,RING_00017,2027-05-04T13:20:23.797109+00:00,1,25,1582.25,63.29,1,0,0.04,0.0,2,0.0163,desktop_chrome,credit_card
ACC_000189,RING_00017,2027-04-06T22:45:00.926549+00:00,1,9,984.6,109.4,0,0,0.0,0.0,1,0.0547,mobile_ios,credit_card
ACC_000190,RING_00017,2026-11-26T16:38:07.740470+00:00,1,7,398.23,56.89,0,0,0.0,0.0,0,0.0272,mobile_ios,credit_card
ACC_000191,RING_00017,2027-03-15T05:36:49.641695+00:00,1,8,926.24,115.78,0,0,0.0,0.0,1,0.0307,mobile_ios,credit_card
ACC_000192,RING_00017,2027-01-17T18:32:16.820887+00:00,1,10,1142.2,114.22,0,0,0.0,0.0,1,0.0578,mobile_ios,credit_card
ACC_000193,RING_00017,2026-11-16T22:49:57.556383+00:00,1,12,1575.24,131.27,1,0,0.0833,0.0,1,0.0632,mobile_ios,credit_card
ACC_000194,RING_00017,2026-12-05T12:16:41.567438+00:00,1,33,1580.7,47.9,2,1,0.0606,0.0303,1,0.0461,mobile_ios,credit_card
ACC_000195,RING_00017,2026-11-20T11:02:59.356117+00:00,1,33,1665.51,50.47,1,0,0.0303,0.0,1,0.0402,desktop_chrome,credit_card
ACC_000196,RING_00017,2026-08-04T07:31:12.643039+00:00,1,9,683.01,75.89,0,0,0.0,0.0,2,0.0549,desktop_chrome,credit_card
ACC_000197,RING_00017,2027-03-11T23:22:33.506273+00:00,1,20,1292.6,64.63,2,1,0.1,0.05,2,0.0275,desktop_chrome,credit_card
ACC_000198,RING_00017,2026-12-18T06:32:00.624242+00:00,1,15,936.3,62.42,1,0,0.0667,0.0,1,0.047,mobile_ios,credit_card
ACC_000199,RING_00017,2027-05-05T17:29:44.384291+00:00,1,34,2559.86,75.29,3,1,0.0882,0.0294,1,0.0493,mobile_ios,credit_card
ACC_000200,RING_00017,2026-10-08T17:53:50.481421+00:00,1,18,2404.08,133.56,0,0,0.0,0.0,0,0.0412,desktop_chrome,credit_card
ACC_000201,RING_00017,2026-08-12T14:31:56.501123+00:00,1,15,707.1,47.14,1,0,0.0667,0.0,0,0.0507,desktop_chrome,credit_card
ACC_000202,RING_00017,2026-11-18T07:28:01.651347+00:00,1,25,3456.0,138.24,0,0,0.0,0.0,1,0.0108,mobile_ios,credit_card
ACC_000203,RING_00017,2027-02-04T21:28:46.198262+00:00,1,11,1593.35,144.85,1,0,0.0909,0.0,2,0.031,desktop_chrome,credit_card
ACC_000204,RING_00017,2026-10-15T13:22:53.197070+00:00,1,19,2105.96,110.84,0,0,0.0,0.0,2,0.0527,mobile_ios,credit_card
ACC_000205,RING_00017,2027-01-15T05:50:10.275329+00:00,1,19,1227.21,64.59,0,0,0.0,0.0,1,0.039,desktop_chrome,credit_card
ACC_000206,RING_00017,2027-05-14T07:03:31.465328+00:00,1,21,867.93,41.33,2,1,0.0952,0.0476,0,0.0634,mobile_ios,credit_card
ACC_000207,RING_00018,2026-11-17T21:56:20.650949+00:00,1,42,2082.78,49.59,2,1,0.0476,0.0238,1,0.0692,mobile_android,credit_card
ACC_000208,RING_00019,2027-03-14T22:11:43.656700+00:00,1,5,287.35,57.47,0,0,0.0,0.0,0,0.076,desktop_chrome,apple_pay
ACC_000209,RING_00019,2026-09-19T00:17:04.295605+00:00,1,19,1396.5,73.5,2,1,0.1053,0.0526,1,0.0791,desktop_chrome,credit_card
ACC_000210,RING_00019,2026-12-12T02:38:25.938652+00:00,1,23,1936.6,84.2,1,0,0.0435,0.0,1,0.0464,mobile_ios,apple_pay
ACC_000211,RING_00019,2027-05-08T15:12:12.305806+00:00,1,22,1608.86,73.13,0,0,0.0,0.0,0,0.0133,desktop_chrome,credit_card
ACC_000212,RING_00019,2026-10-02T16:03:28.380405+00:00,1,15,1058.85,70.59,1,0,0.0667,0.0,0,0.0176,desktop_chrome,credit_card
ACC_000213,RING_00019,2026-11-07T00:31:02.084974+00:00,1,26,1587.56,61.06,2,1,0.0769,0.0385,1,0.0341,desktop_safari,debit_card
ACC_000214,RING_00019,2027-01-26T11:51:38.414484+00:00,1,11,761.86,69.26,0,0,0.0,0.0,1,0.075,desktop_safari,apple_pay
ACC_000215,RING_00019,2026-10-23T01:30:34.469613+00:00,1,7,587.93,83.99,0,0,0.0,0.0,1,0.0327,mobile_ios,debit_card
ACC_000216,RING_00019,2027-05-30T08:23:57.069172+00:00,1,29,1585.14,54.66,2,1,0.069,0.0345,0,0.0751,desktop_safari,debit_card
ACC_000217,RING_00019,2026-12-02T08:54:01.236040+00:00,1,8,497.2,62.15,0,0,0.0,0.0,0,0.0784,mobile_ios,credit_card
ACC_000218,RING_00019,2027-02-23T19:30:06.630927+00:00,1,16,797.92,49.87,1,0,0.0625,0.0,0,0.0344,mobile_ios,apple_pay
ACC_000219,RING_00019,2026-09-08T23:29:53.865031+00:00,1,6,357.72,59.62,0,0,0.0,0.0,1,0.0187,desktop_safari,credit_card
ACC_000220,RING_00019,2027-01-28T08:26:14.451089+00:00,1,8,391.28,48.91,0,0,0.0,0.0,1,0.0214,mobile_ios,debit_card
ACC_000221,RING_00019,2027-05-23T23:03:17.989936+00:00,1,20,836.4,41.82,0,0,0.0,0.0,0,0.0292,desktop_safari,credit_card
ACC_000222,RING_00019,2026-10-24T01:01:36.763712+00:00,1,13,508.95,39.15,0,0,0.0,0.0,0,0.063,desktop_chrome,apple_pay
ACC_000223,RING_00019,2027-03-29T14:50:12.299386+00:00,1,6,332.4,55.4,0,0,0.0,0.0,1,0.0637,desktop_safari,apple_pay
ACC_000224,RING_00019,2027-03-28T05:35:01.697613+00:00,1,5,394.55,78.91,0,0,0.0,0.0,0,0.0659,desktop_safari,debit_card
ACC_000225,RING_00019,2026-07-09T06:50:12.164765+00:00,22,21,1149.96,54.76,0,0,0.0,0.0,0,0.0716,mobile_ios,credit_card
ACC_000226,RING_00019,2026-11-21T09:18:07.179030+00:00,1,16,794.24,49.64,1,0,0.0625,0.0,0,0.0496,desktop_chrome,debit_card
ACC_000227,RING_00019,2027-06-07T08:00:13.480625+00:00,1,19,701.1,36.9,0,0,0.0,0.0,1,0.0673,mobile_ios,debit_card
ACC_000228,RING_00019,2027-03-10T13:47:25.412354+00:00,1,11,327.03,29.73,0,0,0.0,0.0,0,0.0459,mobile_ios,credit_card
ACC_000229,RING_00019,2026-08-29T22:49:08.355814+00:00,1,11,615.89,55.99,0,0,0.0,0.0,0,0.0209,desktop_safari,credit_card
ACC_000230,RING_00019,2027-05-22T01:10:11.989335+00:00,1,28,2556.96,91.32,0,0,0.0,0.0,0,0.032,mobile_ios,debit_card
ACC_000231,RING_00019,2026-09-23T04:34:39.612348+00:00,1,16,1132.16,70.76,0,0,0.0,0.0,1,0.0337,desktop_chrome,debit_card
ACC_000232,RING_00019,2026-08-12T03:06:20.113000+00:00,1,26,1190.28,45.78,1,0,0.0385,0.0,0,0.0142,desktop_chrome,debit_card
ACC_000233,RING_00019,2027-02-04T16:52:05.596805+00:00,1,13,1027.39,79.03,0,0,0.0,0.0,0,0.0365,mobile_ios,debit_card
ACC_000234,RING_00019,2026-07-15T03:19:45.874046+00:00,16,22,1255.98,57.09,1,0,0.0455,0.0,0,0.0165,desktop_chrome,debit_card
ACC_000235,RING_00019,2027-05-02T23:17:10.263230+00:00,1,19,1595.43,83.97,1,0,0.0526,0.0,1,0.0708,mobile_ios,credit_card
ACC_000236,RING_00019,2026-11-22T06:43:19.987825+00:00,1,5,196.55,39.31,0,0,0.0,0.0,0,0.0166,desktop_chrome,apple_pay
ACC_000237,RING_00019,2027-03-05T22:42:50.276156+00:00,1,19,527.63,27.77,0,0,0.0,0.0,1,0.061,desktop_chrome,credit_card
ACC_000238,RING_00019,2026-12-10T18:58:16.489181+00:00,1,11,676.72,61.52,0,0,0.0,0.0,0,0.0402,mobile_ios,debit_card
ACC_000239,RING_00019,2026-08-28T01:18:05.513131+00:00,1,24,1883.76,78.49,1,0,0.0417,0.0,0,0.0447,desktop_chrome,apple_pay
ACC_000240,RING_00019,2026-09-26T13:59:01.366887+00:00,1,14,912.1,65.15,0,0,0.0,0.0,1,0.0449,desktop_safari,debit_card
ACC_000241,RING_00019,2027-02-27T07:32:32.534005+00:00,1,10,298.4,29.84,0,0,0.0,0.0,1,0.0219,desktop_safari,credit_card
ACC_000242,RING_00019,2027-04-30T12:24:46.783901+00:00,1,22,636.68,28.94,0,0,0.0,0.0,1,0.0698,desktop_safari,credit_card
ACC_000243,RING_00019,2026-12-21T05:42:34.787928+00:00,1,27,772.74,28.62,0,0,0.0,0.0,1,0.0434,mobile_ios,apple_pay
ACC_000244,RING_00019,2026-11-02T23:15:37.399074+00:00,1,13,602.94,46.38,0,0,0.0,0.0,1,0.0276,desktop_safari,debit_card
ACC_000245,RING_00019,2027-02-28T18:56:40.731237+00:00,1,29,742.4,25.6,1,0,0.0345,0.0,1,0.0133,mobile_ios,apple_pay
ACC_000246,RING_00019,2027-01-23T04:01:39.385804+00:00,1,13,866.58,66.66,0,0,0.0,0.0,1,0.0794,desktop_safari,credit_card
ACC_000247,RING_00019,2027-04-05T05:13:12.119348+00:00,1,22,930.82,42.31,2,1,0.0909,0.0455,1,0.0489,desktop_safari,credit_card
ACC_000248,RING_00019,2026-11-21T02:07:27.542100+00:00,1,9,374.13,41.57,0,0,0.0,0.0,1,0.0469,mobile_ios,credit_card
ACC_000249,RING_00019,2026-07-28T21:30:51.987815+00:00,3,8,587.44,73.43,0,0,0.0,0.0,1,0.0542,mobile_ios,apple_pay
ACC_000250,RING_00019,2027-03-02T00:26:39.977558+00:00,1,9,500.4,55.6,0,0,0.0,0.0,1,0.0629,desktop_chrome,apple_pay
ACC_000251,RING_00019,2027-01-15T18:21:46.577297+00:00,1,6,395.76,65.96,0,0,0.0,0.0,0,0.056,desktop_chrome,apple_pay
ACC_000252,RING_00019,2027-01-28T05:32:13.724126+00:00,1,24,2066.64,86.11,1,0,0.0417,0.0,0,0.0575,mobile_ios,credit_card
ACC_000253,RING_00019,2027-01-23T15:27:43.902639+00:00,1,29,2479.21,85.49,1,0,0.0345,0.0,1,0.0606,desktop_chrome,debit_card
ACC_000254,RING_00019,2026-11-05T10:02:01.729518+00:00,1,27,874.8,32.4,1,0,0.037,0.0,1,0.0337,mobile_ios,apple_pay
ACC_000255,RING_00019,2027-01-29T02:49:12.945703+00:00,1,27,2420.01,89.63,1,0,0.037,0.0,1,0.0719,desktop_chrome,debit_card
ACC_000256,RING_00019,2026-07-06T04:42:14.940114+00:00,25,20,888.0,44.4,2,1,0.1,0.05,1,0.0137,desktop_chrome,apple_pay
ACC_000257,RING_00019,2026-11-22T02:46:21.978240+00:00,1,26,2172.56,83.56,0,0,0.0,0.0,0,0.0202,mobile_ios,credit_card
ACC_000258,RING_00019,2026-11-03T12:19:33.101079+00:00,1,24,2134.56,88.94,2,1,0.0833,0.0417,1,0.0732,desktop_safari,apple_pay
ACC_000259,RING_00019,2026-06-29T22:24:22.367343+00:00,32,5,257.05,51.41,0,0,0.0,0.0,1,0.0109,desktop_safari,debit_card
ACC_000260,RING_00019,2026-12-30T21:59:15.776360+00:00,1,27,1279.26,47.38,3,1,0.1111,0.037,0,0.0306,desktop_chrome,debit_card
ACC_000261,RING_00019,2027-02-28T09:32:46.890107+00:00,1,29,787.93,27.17,1,0,0.0345,0.0,0,0.0532,desktop_chrome,apple_pay
ACC_000262,RING_00019,2026-07-08T20:25:34.323084+00:00,23,23,600.53,26.11,1,0,0.0435,0.0,0,0.049,desktop_chrome,apple_pay
ACC_000263,RING_00019,2027-04-29T05:28:06.230464+00:00,1,28,2338.84,83.53,3,1,0.1071,0.0357,0,0.0154,desktop_safari,credit_card
ACC_000264,RING_00019,2026-12-03T09:25:08.361645+00:00,1,7,494.76,70.68,0,0,0.0,0.0,0,0.0187,desktop_safari,credit_card
ACC_000265,RING_00019,2027-06-01T05:44:39.229067+00:00,1,15,1166.1,77.74,1,0,0.0667,0.0,0,0.0122,mobile_ios,credit_card
ACC_000266,RING_00019,2027-05-09T04:37:03.440008+00:00,1,28,1231.44,43.98,1,0,0.0357,0.0,1,0.0446,mobile_ios,credit_card
ACC_000267,RING_00019,2027-06-04T10:54:42.135099+00:00,1,13,709.41,54.57,1,0,0.0769,0.0,0,0.0492,desktop_chrome,debit_card
ACC_000268,RING_00019,2027-05-09T14:15:39.161405+00:00,1,18,1035.18,57.51,1,0,0.0556,0.0,1,0.0246,mobile_ios,apple_pay
ACC_000269,RING_00019,2027-04-30T15:41:01.966595+00:00,1,11,890.01,80.91,1,0,0.0909,0.0,0,0.0565,mobile_ios,apple_pay
ACC_000270,RING_00020,2026-12-30T05:06:40.157536+00:00,1,27,3392.82,125.66,1,0,0.037,0.0,2,0.0298,mobile_android,credit_card
ACC_000271,RING_00020,2026-07-21T01:22:23.464309+00:00,10,46,4843.34,105.29,4,3,0.087,0.0652,2,0.0299,mobile_ios,credit_card
ACC_000272,RING_00020,2027-07-29T22:01:25.390189+00:00,1,38,4819.54,126.83,2,1,0.0526,0.0263,2,0.0177,mobile_ios,credit_card
ACC_000273,RING_00020,2026-10-21T13:29:45.141690+00:00,1,37,3119.84,84.32,3,2,0.0811,0.0541,1,0.0593,mobile_android,credit_card
ACC_000274,RING_00021,2026-12-29T15:00:57.354737+00:00,1,29,4040.86,139.34,1,0,0.0345,0.0,2,0.0475,desktop_safari,paypal
ACC_000275,RING_00021,2026-08-19T04:14:50.380111+00:00,1,17,1218.9,71.7,0,0,0.0,0.0,1,0.0503,desktop_safari,paypal
ACC_000276,RING_00021,2026-09-20T14:01:37.505208+00:00,1,29,4345.94,149.86,0,0,0.0,0.0,2,0.0209,desktop_chrome,credit_card
ACC_000277,RING_00021,2026-09-14T05:28:32.842386+00:00,1,25,2853.75,114.15,1,0,0.04,0.0,1,0.0665,desktop_chrome,paypal
ACC_000278,RING_00021,2026-09-22T04:04:07.671310+00:00,1,23,2520.34,109.58,0,0,0.0,0.0,3,0.0126,mobile_ios,credit_card
ACC_000279,RING_00021,2027-01-31T06:07:25.929058+00:00,1,36,4086.36,113.51,2,1,0.0556,0.0278,3,0.0622,mobile_ios,paypal
ACC_000280,RING_00021,2026-10-17T13:54:40.878704+00:00,1,10,626.5,62.65,0,0,0.0,0.0,3,0.074,desktop_chrome,paypal
ACC_000281,RING_00021,2026-11-07T05:08:49.241327+00:00,1,11,599.17,54.47,0,0,0.0,0.0,1,0.061,desktop_chrome,credit_card
ACC_000282,RING_00021,2027-03-13T11:41:46.613163+00:00,1,22,3158.76,143.58,1,0,0.0455,0.0,2,0.0891,mobile_ios,paypal
ACC_000283,RING_00021,2027-01-23T02:50:48.332060+00:00,1,18,2221.56,123.42,0,0,0.0,0.0,3,0.0195,desktop_chrome,credit_card
ACC_000284,RING_00021,2026-06-19T11:44:33.165570+00:00,42,14,615.44,43.96,0,0,0.0,0.0,3,0.0547,desktop_safari,credit_card
ACC_000285,RING_00021,2026-12-26T17:50:47.949936+00:00,1,27,3873.69,143.47,2,1,0.0741,0.037,1,0.0472,desktop_chrome,credit_card
ACC_000286,RING_00021,2026-10-22T20:09:08.468211+00:00,1,14,1833.72,130.98,0,0,0.0,0.0,3,0.0316,desktop_safari,credit_card
ACC_000287,RING_00021,2026-08-18T14:33:54.387080+00:00,1,32,1567.68,48.99,1,0,0.0312,0.0,1,0.0714,mobile_ios,credit_card
ACC_000288,RING_00021,2027-01-19T09:51:38.595803+00:00,1,16,2315.04,144.69,0,0,0.0,0.0,3,0.0466,mobile_ios,credit_card
ACC_000289,RING_00021,2026-07-13T03:46:10.358872+00:00,18,34,1532.38,45.07,1,0,0.0294,0.0,2,0.0597,mobile_ios,credit_card
ACC_000290,RING_00021,2026-08-27T08:54:20.710507+00:00,1,12,751.92,62.66,0,0,0.0,0.0,2,0.0175,desktop_chrome,paypal
ACC_000291,RING_00021,2027-03-15T09:50:30.080925+00:00,1,20,3547.6,177.38,0,0,0.0,0.0,1,0.0594,desktop_safari,paypal
ACC_000292,RING_00021,2026-12-09T22:06:53.372328+00:00,1,26,1583.14,60.89,0,0,0.0,0.0,2,0.0898,desktop_safari,credit_card
ACC_000293,RING_00021,2026-11-23T08:14:31.108385+00:00,1,27,3625.83,134.29,0,0,0.0,0.0,3,0.0465,desktop_chrome,credit_card
ACC_000294,RING_00021,2027-04-01T19:36:29.746457+00:00,1,25,1210.0,48.4,0,0,0.0,0.0,1,0.0572,desktop_chrome,paypal
ACC_000295,RING_00021,2026-08-07T06:59:15.500674+00:00,1,37,3923.85,106.05,2,1,0.0541,0.027,2,0.0357,mobile_ios,credit_card
ACC_000296,RING_00021,2027-02-05T11:06:24.434405+00:00,1,39,3331.38,85.42,1,0,0.0256,0.0,1,0.0739,desktop_chrome,paypal
ACC_000297,RING_00021,2027-03-07T00:20:38.282090+00:00,1,33,1374.45,41.65,1,0,0.0303,0.0,2,0.0298,mobile_ios,paypal
ACC_000298,RING_00021,2026-08-22T03:29:00.286878+00:00,1,37,4452.58,120.34,1,0,0.027,0.0,2,0.0247,desktop_chrome,credit_card
ACC_000299,RING_00021,2027-02-06T20:36:05.031242+00:00,1,14,2275.14,162.51,0,0,0.0,0.0,2,0.0591,mobile_ios,credit_card
ACC_000300,RING_00021,2026-06-24T05:05:30.224882+00:00,37,38,5727.36,150.72,0,0,0.0,0.0,2,0.0758,desktop_chrome,credit_card
ACC_000301,RING_00021,2026-08-08T00:37:38.249506+00:00,1,35,4310.95,123.17,0,0,0.0,0.0,3,0.0296,desktop_chrome,paypal
ACC_000302,RING_00021,2026-06-29T20:26:24.195354+00:00,32,32,4694.08,146.69,0,0,0.0,0.0,3,0.0659,desktop_safari,credit_card
ACC_000303,RING_00021,2026-08-15T09:38:25.120765+00:00,1,20,2398.0,119.9,1,0,0.05,0.0,2,0.0351,desktop_safari,credit_card
ACC_000304,RING_00021,2027-01-28T23:19:23.046586+00:00,1,20,3559.0,177.95,0,0,0.0,0.0,1,0.0665,mobile_ios,paypal
ACC_000305,RING_00021,2027-03-10T06:49:07.544961+00:00,1,29,5120.24,176.56,1,0,0.0345,0.0,3,0.0469,desktop_chrome,paypal
ACC_000306,RING_00021,2026-12-17T12:49:36.581632+00:00,1,8,1011.44,126.43,0,0,0.0,0.0,3,0.0221,mobile_ios,credit_card
ACC_000307,RING_00021,2027-02-25T20:13:37.889188+00:00,1,18,1178.46,65.47,0,0,0.0,0.0,2,0.0685,desktop_chrome,credit_card
ACC_000308,RING_00021,2027-02-21T17:27:41.283840+00:00,1,8,1001.84,125.23,0,0,0.0,0.0,3,0.0314,desktop_chrome,credit_card
ACC_000309,RING_00021,2026-09-08T21:10:57.776635+00:00,1,37,6240.79,168.67,1,0,0.027,0.0,1,0.08,desktop_chrome,paypal
ACC_000310,RING_00021,2026-07-01T01:38:47.873289+00:00,30,18,3122.1,173.45,0,0,0.0,0.0,2,0.0256,desktop_chrome,paypal
ACC_000311,RING_00021,2026-12-16T22:16:28.826471+00:00,1,22,1666.06,75.73,1,0,0.0455,0.0,1,0.0669,desktop_safari,paypal
ACC_000312,RING_00021,2026-08-26T04:23:49.219459+00:00,1,39,3368.82,86.38,0,0,0.0,0.0,1,0.0463,desktop_chrome,credit_card
ACC_000313,RING_00021,2027-03-16T04:25:09.502359+00:00,1,11,506.11,46.01,0,0,0.0,0.0,2,0.0677,desktop_safari,paypal
ACC_000314,RING_00021,2026-09-05T00:01:51.439123+00:00,1,27,4206.06,155.78,2,1,0.0741,0.037,1,0.0612,desktop_chrome,paypal
ACC_000315,RING_00021,2026-12-02T13:24:18.436001+00:00,1,17,1469.48,86.44,0,0,0.0,0.0,2,0.0156,mobile_ios,credit_card
ACC_000316,RING_00021,2026-07-18T18:30:47.637919+00:00,13,9,481.23,53.47,0,0,0.0,0.0,3,0.0251,desktop_safari,credit_card
ACC_000317,RING_00022,2026-04-17T02:10:43.937550+00:00,105,32,1133.12,35.41,4,2,0.125,0.0625,0,0.085,desktop_chrome,paypal
ACC_000318,RING_00023,2026-03-20T07:17:52.194667+00:00,133,31,1331.45,42.95,1,0,0.0323,0.0,0,0.059,mobile_ios,credit_card
ACC_000319,RING_00023,2026-03-24T07:42:02.073639+00:00,129,22,3098.26,140.83,2,1,0.0909,0.0455,2,0.0555,mobile_ios,credit_card
ACC_000320,RING_00023,2026-03-02T19:17:46.499575+00:00,151,9,1142.73,126.97,0,0,0.0,0.0,2,0.0203,mobile_ios,credit_card
ACC_000321,RING_00023,2026-05-27T16:03:39.075390+00:00,65,30,3495.3,116.51,3,2,0.1,0.0667,0,0.0197,mobile_ios,credit_card
ACC_000322,RING_00024,2026-07-17T11:47:26.829907+00:00,14,11,644.16,58.56,0,0,0.0,0.0,2,0.0328,mobile_ios,credit_card
ACC_000323,RING_00024,2026-05-12T23:27:33.559059+00:00,80,37,3270.06,88.38,0,0,0.0,0.0,1,0.0804,mobile_ios,credit_card
ACC_000324,RING_00024,2026-02-23T04:38:02.779084+00:00,158,23,1914.06,83.22,1,0,0.0435,0.0,1,0.0134,desktop_safari,credit_card
ACC_000325,RING_00024,2026-04-21T10:10:18.254230+00:00,101,18,3117.96,173.22,0,0,0.0,0.0,1,0.0868,desktop_chrome,credit_card
ACC_000326,RING_00024,2026-07-07T00:58:27.442932+00:00,24,34,1861.16,54.74,1,0,0.0294,0.0,2,0.0127,desktop_safari,credit_card
ACC_000327,RING_00024,2026-06-18T07:35:43.344849+00:00,43,28,2502.64,89.38,0,0,0.0,0.0,2,0.0563,mobile_ios,paypal
ACC_000328,RING_00024,2026-07-05T18:24:10.126082+00:00,26,23,1947.64,84.68,0,0,0.0,0.0,2,0.09,desktop_chrome,credit_card
ACC_000329,RING_00024,2026-03-05T11:15:51.841606+00:00,148,27,3144.15,116.45,2,1,0.0741,0.037,3,0.0334,desktop_safari,credit_card
ACC_000330,RING_00024,2026-02-15T17:45:09.902998+00:00,166,17,2587.23,152.19,0,0,0.0,0.0,2,0.0777,desktop_safari,paypal
ACC_000331,RING_00024,2026-05-05T11:47:25.049858+00:00,87,38,3470.92,91.34,0,0,0.0,0.0,1,0.052,desktop_safari,paypal
ACC_000332,RING_00024,2026-03-31T06:43:51.224437+00:00,122,34,4558.04,134.06,0,0,0.0,0.0,3,0.0572,mobile_ios,paypal
ACC_000333,RING_00024,2026-05-21T16:23:39.420351+00:00,71,9,1066.32,118.48,0,0,0.0,0.0,3,0.0642,desktop_safari,credit_card
ACC_000334,RING_00024,2026-05-17T09:50:21.761474+00:00,75,27,3527.28,130.64,0,0,0.0,0.0,2,0.0453,desktop_chrome,credit_card
ACC_000335,RING_00024,2026-06-19T07:13:20.237684+00:00,42,24,2488.56,103.69,0,0,0.0,0.0,1,0.0329,mobile_ios,credit_card
ACC_000336,RING_00024,2026-07-26T16:38:31.484444+00:00,5,29,2250.11,77.59,2,1,0.069,0.0345,3,0.0659,desktop_chrome,credit_card
ACC_000337,RING_00024,2026-03-17T01:13:27.569151+00:00,136,10,496.4,49.64,0,0,0.0,0.0,2,0.0519,mobile_ios,credit_card
ACC_000338,RING_00024,2026-07-13T19:01:25.061377+00:00,18,16,940.16,58.76,0,0,0.0,0.0,2,0.0144,desktop_safari,credit_card
ACC_000339,RING_00024,2026-10-25T02:02:33.119228+00:00,1,9,1190.34,132.26,0,0,0.0,0.0,1,0.0223,desktop_safari,credit_card
ACC_000340,RING_00024,2026-07-30T18:12:08.889995+00:00,1,34,2540.14,74.71,1,0,0.0294,0.0,3,0.055,desktop_chrome,paypal
ACC_000341,RING_00024,2026-04-09T08:34:53.569154+00:00,113,16,2608.96,163.06,0,0,0.0,0.0,1,0.0643,desktop_safari,paypal
ACC_000342,RING_00024,2026-02-12T07:08:44.668192+00:00,169,25,3738.0,149.52,0,0,0.0,0.0,1,0.0822,mobile_ios,credit_card
ACC_000343,RING_00024,2026-05-09T11:02:05.887119+00:00,83,8,1014.08,126.76,0,0,0.0,0.0,2,0.0348,desktop_chrome,paypal
ACC_000344,RING_00024,2026-07-27T19:14:06.954365+00:00,4,21,3512.67,167.27,0,0,0.0,0.0,1,0.0551,mobile_ios,credit_card
ACC_000345,RING_00024,2026-09-24T22:03:04.770695+00:00,1,30,2076.3,69.21,1,0,0.0333,0.0,2,0.0571,desktop_safari,paypal
ACC_000346,RING_00024,2026-09-15T02:48:36.570139+00:00,1,34,5426.06,159.59,2,1,0.0588,0.0294,3,0.0556,desktop_safari,credit_card
ACC_000347,RING_00024,2026-10-12T23:32:33.398607+00:00,1,23,4008.21,174.27,1,0,0.0435,0.0,2,0.089,mobile_ios,credit_card
ACC_000348,RING_00024,2026-07-25T00:07:48.739624+00:00,6,13,2100.15,161.55,0,0,0.0,0.0,3,0.0405,desktop_chrome,paypal
ACC_000349,RING_00024,2026-07-07T07:33:59.998502+00:00,24,34,3613.86,106.29,0,0,0.0,0.0,1,0.0664,desktop_chrome,credit_card
ACC_000350,RING_00024,2026-11-05T15:19:39.209183+00:00,1,17,1216.01,71.53,0,0,0.0,0.0,1,0.0477,desktop_chrome,credit_card
ACC_000351,RING_00024,2026-07-27T23:01:48.529459+00:00,4,35,2833.25,80.95,1,0,0.0286,0.0,1,0.0499,mobile_ios,paypal
ACC_000352,RING_00024,2026-11-10T08:26:44.602872+00:00,1,24,3689.04,153.71,0,0,0.0,0.0,3,0.0486,mobile_ios,paypal
ACC_000353,RING_00024,2026-06-25T17:16:30.634284+00:00,36,17,2631.77,154.81,0,0,0.0,0.0,2,0.0696,desktop_chrome,credit_card
ACC_000354,RING_00025,2027-06-15T08:33:20.457556+00:00,1,44,2763.2,62.8,3,2,0.0682,0.0455,1,0.0743,mobile_ios,credit_card
ACC_000355,RING_00026,2027-09-01T15:21:33.736606+00:00,1,40,1894.0,47.35,2,1,0.05,0.025,0,0.0276,desktop_chrome,debit_card
ACC_000356,RING_00027,2026-03-12T13:12:20.871325+00:00,141,29,9779.96,337.24,26,24,0.8966,0.8276,11,0.8137,desktop_chrome,credit_card
ACC_000357,RING_00027,2026-03-18T07:12:42.131929+00:00,135,28,13186.32,470.94,24,21,0.8571,0.75,16,0.7631,desktop_chrome,credit_card
ACC_000358,RING_00027,2026-03-23T19:19:25.709341+00:00,130,21,6130.11,291.91,19,18,0.9048,0.8571,18,0.8432,desktop_chrome,credit_card
ACC_000359,RING_00027,2026-03-18T01:13:38.090828+00:00,135,23,10197.97,443.39,20,18,0.8696,0.7826,19,0.722,desktop_chrome,credit_card
ACC_000360,RING_00027,2026-03-19T21:22:32.663343+00:00,134,19,8524.54,448.66,16,15,0.8421,0.7895,16,0.7225,desktop_chrome,credit_card
ACC_000361,RING_00027,2026-03-13T07:26:29.699327+00:00,140,22,5575.46,253.43,19,17,0.8636,0.7727,21,0.7952,desktop_chrome,credit_card
ACC_000362,RING_00027,2026-03-09T04:40:28.072052+00:00,144,23,6985.79,303.73,21,20,0.913,0.8696,21,0.7356,desktop_chrome,credit_card
ACC_000363,RING_00027,2026-03-12T09:52:49.259913+00:00,141,25,6114.5,244.58,22,20,0.88,0.8,17,0.8705,desktop_chrome,credit_card
ACC_000364,RING_00027,2026-03-25T06:51:20.416961+00:00,128,28,11634.28,415.51,24,22,0.8571,0.7857,21,0.7399,desktop_chrome,credit_card
ACC_000365,RING_00028,2026-07-18T04:12:04.107660+00:00,13,19,2841.83,149.57,7,5,0.3684,0.2632,2,0.8139,mobile_android,credit_card
ACC_000366,RING_00028,2026-03-27T22:47:06.099381+00:00,126,21,3223.08,153.48,7,7,0.3333,0.3333,3,0.7658,mobile_android,credit_card
ACC_000367,RING_00028,2026-04-13T13:23:37.044494+00:00,109,21,2200.38,104.78,8,5,0.381,0.2381,3,0.8213,mobile_android,credit_card
ACC_000368,RING_00028,2026-05-15T15:06:56.691261+00:00,77,23,2392.46,104.02,8,4,0.3478,0.1739,5,0.7523,mobile_android,credit_card
ACC_000369,RING_00028,2026-07-15T14:48:09.044359+00:00,16,13,2014.35,154.95,5,4,0.3846,0.3077,2,0.8476,mobile_android,credit_card
ACC_000370,RING_00028,2026-06-04T00:37:54.065371+00:00,57,21,2385.39,113.59,9,5,0.4286,0.2381,2,0.7761,mobile_android,credit_card
ACC_000371,RING_00028,2026-07-27T03:43:21.700930+00:00,4,21,2925.51,139.31,6,5,0.2857,0.2381,4,0.8016,mobile_android,credit_card
ACC_000372,RING_00028,2026-08-20T04:01:22.005394+00:00,1,13,2014.35,154.95,6,5,0.4615,0.3846,2,0.6756,mobile_android,credit_card
ACC_000373,RING_00028,2026-07-31T12:10:05.645661+00:00,1,10,1293.6,129.36,8,3,0.8,0.3,2,0.7798,mobile_android,credit_card
ACC_000374,RING_00028,2026-09-11T14:30:28.568136+00:00,1,13,1332.11,102.47,4,4,0.3077,0.3077,3,0.6815,mobile_android,credit_card
ACC_000375,RING_00028,2026-07-30T18:50:23.340915+00:00,1,18,2330.82,129.49,9,3,0.5,0.1667,2,0.7362,mobile_android,credit_card
ACC_000376,RING_00028,2026-08-17T09:24:50.840756+00:00,1,22,2946.68,133.94,7,6,0.3182,0.2727,2,0.6562,mobile_android,credit_card
ACC_000377,RING_00028,2026-08-13T19:49:21.606848+00:00,1,24,2959.44,123.31,7,6,0.2917,0.25,3,0.7327,mobile_android,credit_card
ACC_000378,RING_00028,2026-07-26T10:44:53.134979+00:00,5,10,1098.1,109.81,8,6,0.8,0.6,3,0.7785,mobile_android,credit_card
ACC_000379,RING_00028,2026-08-08T07:47:01.852632+00:00,1,20,2130.8,106.54,7,6,0.35,0.3,2,0.7348,mobile_android,credit_card
ACC_000380,RING_00028,2026-09-01T05:49:53.559794+00:00,1,13,1568.19,120.63,6,7,0.4615,0.5385,4,0.6663,mobile_android,credit_card
ACC_000381,RING_00028,2026-06-10T12:53:45.150841+00:00,51,24,3107.28,129.47,7,4,0.2917,0.1667,2,0.774,mobile_android,credit_card
ACC_000382,RING_00029,2026-04-15T00:18:33.238963+00:00,107,44,367.4,8.35,0,0,0.0,0.0,0,0.872,emulator_bot,credit_card
ACC_000383,RING_00029,2026-04-15T00:00:05.210211+00:00,107,37,422.54,11.42,0,0,0.0,0.0,0,0.8674,emulator_bot,credit_card
ACC_000384,RING_00029,2026-04-15T00:42:52.907735+00:00,107,31,479.88,15.48,0,0,0.0,0.0,0,0.892,emulator_bot,credit_card
ACC_000385,RING_00029,2026-04-15T00:00:53.945795+00:00,107,20,225.2,11.26,0,0,0.0,0.0,0,0.8981,emulator_bot,credit_card
ACC_000386,RING_00029,2026-04-15T00:18:50.182539+00:00,107,41,362.44,8.84,0,0,0.0,0.0,0,0.9661,emulator_bot,credit_card
ACC_000387,RING_00029,2026-04-15T00:32:17.189482+00:00,107,17,284.58,16.74,0,0,0.0,0.0,0,0.8957,emulator_bot,credit_card
ACC_000388,RING_00029,2026-04-15T00:41:09.417960+00:00,107,29,223.01,7.69,0,0,0.0,0.0,0,0.8617,emulator_bot,credit_card
ACC_000389,RING_00029,2026-04-15T00:32:04.792987+00:00,107,42,280.14,6.67,0,0,0.0,0.0,0,0.9095,emulator_bot,credit_card
ACC_000390,RING_00029,2026-04-15T00:20:51.789538+00:00,107,17,276.42,16.26,0,0,0.0,0.0,0,0.8532,emulator_bot,credit_card
ACC_000391,RING_00029,2026-04-15T00:43:50.993505+00:00,107,18,221.58,12.31,0,0,0.0,0.0,0,0.978,emulator_bot,credit_card
ACC_000392,RING_00029,2026-04-15T00:01:46.162334+00:00,107,24,139.68,5.82,0,0,0.0,0.0,0,0.9251,emulator_bot,credit_card
ACC_000393,RING_00029,2026-04-15T00:44:24.608947+00:00,107,34,341.7,10.05,0,0,0.0,0.0,0,0.8258,emulator_bot,credit_card
ACC_000394,RING_00029,2026-04-15T00:38:13.357190+00:00,107,20,101.4,5.07,0,0,0.0,0.0,0,0.8364,emulator_bot,credit_card
ACC_000395,RING_00029,2026-04-15T00:41:48.111046+00:00,107,26,264.42,10.17,0,0,0.0,0.0,0,0.9046,emulator_bot,credit_card
ACC_000396,RING_00029,2026-04-15T00:11:27.885545+00:00,107,21,221.13,10.53,0,0,0.0,0.0,0,0.9783,emulator_bot,credit_card
ACC_000397,RING_00029,2026-04-15T00:06:24.636795+00:00,107,40,293.2,7.33,0,0,0.0,0.0,0,0.8025,emulator_bot,credit_card
ACC_000398,RING_00029,2026-04-15T00:29:50.951254+00:00,107,20,280.6,14.03,0,0,0.0,0.0,0,0.8643,emulator_bot,credit_card
ACC_000399,RING_00029,2026-04-15T00:23:12.820483+00:00,107,16,98.08,6.13,0,0,0.0,0.0,0,0.8291,emulator_bot,credit_card
ACC_000400,RING_00029,2026-04-15T00:23:32.553494+00:00,107,42,193.2,4.6,0,0,0.0,0.0,0,0.9017,emulator_bot,credit_card
ACC_000401,RING_00029,2026-04-15T00:41:36.471782+00:00,107,24,170.4,7.1,0,0,0.0,0.0,0,0.8348,emulator_bot,credit_card
ACC_000402,RING_00029,2026-04-15T00:27:54.218448+00:00,107,43,564.59,13.13,0,0,0.0,0.0,0,0.9193,emulator_bot,credit_card
ACC_000403,RING_00030,2026-05-16T04:56:33.612832+00:00,76,4,253.64,63.41,0,0,0.0,0.0,0,0.0675,mobile_ios,credit_card
ACC_000404,RING_00030,2026-08-31T04:01:52.369508+00:00,1,12,750.0,62.5,0,0,0.0,0.0,0,0.0602,mobile_ios,credit_card
ACC_000405,RING_00030,2026-12-13T11:00:00.585615+00:00,1,9,581.67,64.63,0,0,0.0,0.0,1,0.066,mobile_ios,credit_card
ACC_000406,RING_00030,2026-05-14T15:11:43.030637+00:00,78,6,619.56,103.26,0,0,0.0,0.0,1,0.0227,mobile_ios,credit_card
ACC_000407,RING_00030,2026-04-17T17:18:56.239255+00:00,105,17,794.24,46.72,1,0,0.0588,0.0,0,0.0415,mobile_ios,credit_card
ACC_000408,RING_00030,2026-09-18T01:01:19.404472+00:00,1,18,728.82,40.49,1,0,0.0556,0.0,1,0.0225,mobile_ios,credit_card
ACC_000409,RING_00030,2026-06-13T18:45:23.783927+00:00,48,7,605.57,86.51,0,0,0.0,0.0,0,0.0734,mobile_ios,credit_card
ACC_000410,RING_00030,2027-01-06T05:23:21.636508+00:00,1,14,1451.1,103.65,1,0,0.0714,0.0,0,0.0463,mobile_ios,credit_card
ACC_000411,RING_00030,2026-11-25T08:34:23.176428+00:00,1,9,529.65,58.85,0,0,0.0,0.0,0,0.0438,mobile_ios,credit_card
ACC_000412,RING_00030,2027-02-01T22:50:16.329728+00:00,1,13,1233.44,94.88,0,0,0.0,0.0,0,0.0736,mobile_ios,credit_card
ACC_000413,RING_00030,2026-09-08T18:57:44.118787+00:00,1,9,793.8,88.2,0,0,0.0,0.0,0,0.0657,mobile_ios,credit_card
ACC_000414,RING_00030,2026-08-29T07:47:43.883617+00:00,1,10,676.3,67.63,0,0,0.0,0.0,0,0.0391,mobile_ios,credit_card
ACC_000415,RING_00031,2026-12-31T01:52:50.426288+00:00,1,11,1157.53,105.23,0,0,0.0,0.0,1,0.0268,desktop_chrome,debit_card
ACC_000416,RING_00031,2026-06-12T15:53:00.750795+00:00,49,21,2652.09,126.29,1,0,0.0476,0.0,2,0.0697,mobile_ios,credit_card
ACC_000417,RING_00031,2026-09-20T14:16:37.623399+00:00,1,30,3762.9,125.43,2,1,0.0667,0.0333,3,0.0391,desktop_chrome,debit_card
ACC_000418,RING_00031,2026-07-18T07:09:02.871174+00:00,13,17,2399.21,141.13,1,0,0.0588,0.0,1,0.0268,mobile_android,debit_card
ACC_000419,RING_00031,2026-03-25T00:29:08.684961+00:00,128,12,1569.72,130.81,0,0,0.0,0.0,3,0.0551,mobile_ios,credit_card
ACC_000420,RING_00031,2026-05-24T16:15:03.156091+00:00,68,11,729.74,66.34,0,0,0.0,0.0,2,0.0507,desktop_chrome,credit_card
ACC_000421,RING_00031,2026-05-15T18:50:37.554612+00:00,77,24,2744.88,114.37,0,0,0.0,0.0,1,0.0206,mobile_android,debit_card
ACC_000422,RING_00031,2026-11-07T04:46:17.225176+00:00,1,31,4490.04,144.84,1,0,0.0323,0.0,1,0.0422,desktop_chrome,debit_card
ACC_000423,RING_00031,2026-10-16T04:51:22.420954+00:00,1,22,1485.22,67.51,1,0,0.0455,0.0,1,0.058,mobile_ios,credit_card
ACC_000424,RING_00031,2026-01-30T06:14:48.737050+00:00,182,35,2698.15,77.09,2,1,0.0571,0.0286,1,0.0676,mobile_android,debit_card
ACC_000425,RING_00031,2026-06-20T03:59:41.903562+00:00,41,24,3835.2,159.8,2,1,0.0833,0.0417,3,0.0387,mobile_ios,debit_card
ACC_000426,RING_00031,2026-12-10T16:40:19.814135+00:00,1,36,3091.32,85.87,2,1,0.0556,0.0278,1,0.0469,mobile_android,credit_card
ACC_000427,RING_00031,2027-02-03T17:04:30.970531+00:00,1,37,1983.94,53.62,0,0,0.0,0.0,2,0.0454,desktop_chrome,debit_card
ACC_000428,RING_00031,2026-10-04T05:23:33.495980+00:00,1,34,2899.52,85.28,2,1,0.0588,0.0294,2,0.0107,mobile_ios,credit_card
ACC_000429,RING_00031,2026-07-29T03:24:35.226967+00:00,2,36,1632.6,45.35,1,0,0.0278,0.0,3,0.0472,desktop_chrome,debit_card
ACC_000430,RING_00032,2026-05-15T13:35:14.127445+00:00,77,34,4429.18,130.27,2,1,0.0588,0.0294,1,0.0604,mobile_ios,debit_card
ACC_000431,RING_00032,2027-03-24T02:24:35.272897+00:00,1,30,3114.0,103.8,0,0,0.0,0.0,1,0.0587,mobile_android,credit_card
ACC_000432,RING_00032,2027-05-06T20:29:59.015388+00:00,1,39,5488.08,140.72,3,2,0.0769,0.0513,3,0.021,mobile_android,credit_card
ACC_000433,RING_00032,2027-05-07T21:07:37.070132+00:00,1,25,1823.0,72.92,1,0,0.04,0.0,1,0.0425,mobile_android,debit_card
ACC_000434,RING_00032,2026-12-13T12:11:58.260120+00:00,1,23,1349.41,58.67,1,0,0.0435,0.0,1,0.0407,mobile_ios,credit_card
ACC_000435,RING_00032,2027-04-15T12:20:13.082824+00:00,1,16,1134.08,70.88,0,0,0.0,0.0,1,0.0383,mobile_ios,debit_card
ACC_000436,RING_00032,2026-12-10T19:11:15.951759+00:00,1,26,3123.64,120.14,2,1,0.0769,0.0385,1,0.0316,desktop_chrome,credit_card
ACC_000437,RING_00032,2027-03-07T04:52:31.464811+00:00,1,33,3262.38,98.86,0,0,0.0,0.0,3,0.0457,desktop_chrome,debit_card
ACC_000438,RING_00032,2026-05-12T21:54:26.293985+00:00,80,31,4158.65,134.15,0,0,0.0,0.0,3,0.0421,mobile_android,credit_card
ACC_000439,RING_00032,2026-12-23T10:30:06.487469+00:00,1,17,1130.16,66.48,1,0,0.0588,0.0,1,0.0183,mobile_ios,credit_card
ACC_000440,RING_00032,2026-09-17T19:14:09.832231+00:00,1,32,2309.44,72.17,2,1,0.0625,0.0312,2,0.0278,desktop_chrome,credit_card
ACC_000441,RING_00032,2026-06-04T20:29:57.549761+00:00,57,37,4025.23,108.79,1,0,0.027,0.0,2,0.0112,mobile_ios,debit_card
ACC_000442,RING_00032,2026-09-02T17:01:29.108849+00:00,1,30,4194.6,139.82,2,1,0.0667,0.0333,1,0.0353,desktop_chrome,credit_card
ACC_000443,RING_00032,2026-06-27T05:06:08.693396+00:00,34,20,2983.0,149.15,1,0,0.05,0.0,2,0.0267,mobile_ios,debit_card
ACC_000444,RING_00032,2026-07-26T03:13:10.901515+00:00,5,29,3425.77,118.13,2,1,0.069,0.0345,3,0.0574,mobile_android,credit_card
ACC_000445,RING_00033,2026-10-12T23:19:36.864787+00:00,1,26,1144.0,44.0,3,1,0.1154,0.0385,1,0.035,desktop_safari,debit_card
ACC_000446,RING_00033,2026-09-17T19:23:16.841179+00:00,1,24,1267.68,52.82,1,0,0.0417,0.0,1,0.0388,desktop_safari,credit_card
ACC_000447,RING_00033,2027-02-16T20:58:11.871947+00:00,1,29,1600.51,55.19,0,0,0.0,0.0,0,0.0309,desktop_chrome,apple_pay
ACC_000448,RING_00033,2027-02-07T04:51:18.693322+00:00,1,15,1090.5,72.7,1,0,0.0667,0.0,1,0.0264,desktop_safari,debit_card
ACC_000449,RING_00033,2026-10-05T03:17:32.899794+00:00,1,7,244.3,34.9,0,0,0.0,0.0,0,0.0356,desktop_safari,credit_card
ACC_000450,RING_00033,2026-07-14T22:56:16.591345+00:00,17,22,986.92,44.86,0,0,0.0,0.0,1,0.0149,desktop_chrome,apple_pay
ACC_000451,RING_00033,2027-01-09T02:38:29.205275+00:00,1,17,1603.27,94.31,0,0,0.0,0.0,1,0.027,mobile_ios,credit_card
ACC_000452,RING_00033,2026-04-20T09:04:05.225229+00:00,102,20,1726.8,86.34,1,0,0.05,0.0,1,0.0214,desktop_safari,debit_card
ACC_000453,RING_00033,2026-09-30T02:56:20.905877+00:00,1,19,1605.31,84.49,1,0,0.0526,0.0,0,0.0787,desktop_safari,apple_pay
ACC_000454,RING_00033,2027-02-19T01:53:02.940042+00:00,1,26,1018.94,39.19,1,0,0.0385,0.0,0,0.0248,mobile_ios,apple_pay
ACC_000455,RING_00033,2026-11-17T07:27:23.848354+00:00,1,13,961.87,73.99,1,0,0.0769,0.0,1,0.0325,desktop_safari,apple_pay
ACC_000456,RING_00033,2026-07-25T07:29:38.264674+00:00,6,6,270.42,45.07,0,0,0.0,0.0,1,0.0195,desktop_chrome,debit_card
ACC_000457,RING_00033,2026-11-22T21:25:40.570665+00:00,1,28,2364.88,84.46,0,0,0.0,0.0,1,0.0332,desktop_chrome,credit_card
ACC_000458,RING_00033,2026-07-13T15:48:28.757509+00:00,18,22,1612.16,73.28,0,0,0.0,0.0,1,0.0223,desktop_safari,credit_card
ACC_000459,RING_00033,2026-07-14T06:11:59.905446+00:00,17,19,887.3,46.7,2,1,0.1053,0.0526,1,0.0425,mobile_ios,apple_pay
ACC_000460,RING_00033,2027-02-14T05:37:26.998547+00:00,1,15,538.5,35.9,0,0,0.0,0.0,1,0.058,desktop_safari,apple_pay
ACC_000461,RING_00033,2027-01-23T22:09:54.792595+00:00,1,28,1008.84,36.03,3,1,0.1071,0.0357,0,0.0315,desktop_safari,credit_card
ACC_000462,RING_00033,2026-05-24T15:48:32.099175+00:00,68,22,621.72,28.26,2,1,0.0909,0.0455,0,0.0632,desktop_chrome,apple_pay
ACC_000463,RING_00033,2027-02-09T08:48:34.310048+00:00,1,24,1821.36,75.89,1,0,0.0417,0.0,1,0.0698,desktop_chrome,debit_card
ACC_000464,RING_00033,2027-01-11T06:16:15.719349+00:00,1,16,818.4,51.15,1,0,0.0625,0.0,1,0.0194,desktop_safari,credit_card
ACC_000465,RING_00033,2027-01-17T16:30:42.317077+00:00,1,16,1035.04,64.69,1,0,0.0625,0.0,0,0.0236,desktop_safari,debit_card
ACC_000466,RING_00033,2026-10-19T12:05:46.478488+00:00,1,23,1116.88,48.56,1,0,0.0435,0.0,0,0.0663,mobile_ios,credit_card
ACC_000467,RING_00033,2026-08-08T13:46:52.479172+00:00,1,20,1454.6,72.73,2,1,0.1,0.05,0,0.0135,desktop_chrome,credit_card
ACC_000468,RING_00033,2026-07-18T22:23:29.608624+00:00,13,18,1227.6,68.2,0,0,0.0,0.0,0,0.0708,desktop_safari,credit_card
ACC_000469,RING_00033,2027-03-05T16:26:13.082005+00:00,1,10,295.7,29.57,0,0,0.0,0.0,1,0.0752,mobile_ios,debit_card
ACC_000470,RING_00033,2026-07-14T02:18:05.169213+00:00,17,18,1343.88,74.66,1,0,0.0556,0.0,1,0.0551,mobile_ios,debit_card
ACC_000471,RING_00033,2026-09-09T00:28:10.406764+00:00,1,16,745.6,46.6,0,0,0.0,0.0,0,0.0798,desktop_safari,apple_pay
ACC_000472,RING_00033,2027-01-01T20:30:41.635127+00:00,1,13,340.34,26.18,1,0,0.0769,0.0,0,0.0292,desktop_safari,apple_pay
ACC_000473,RING_00033,2027-02-04T08:29:21.981816+00:00,1,18,507.96,28.22,1,0,0.0556,0.0,1,0.0424,desktop_chrome,apple_pay
ACC_000474,RING_00033,2026-11-01T10:41:57.078914+00:00,1,9,817.56,90.84,0,0,0.0,0.0,1,0.04,mobile_ios,credit_card
ACC_000475,RING_00033,2026-12-20T05:43:48.464593+00:00,1,16,860.64,53.79,1,0,0.0625,0.0,0,0.0382,desktop_safari,credit_card
ACC_000476,RING_00033,2026-07-23T18:33:35.159692+00:00,8,6,497.16,82.86,0,0,0.0,0.0,1,0.0152,desktop_chrome,credit_card
ACC_000477,RING_00033,2026-07-14T23:24:35.347047+00:00,17,22,762.3,34.65,1,0,0.0455,0.0,0,0.0559,desktop_chrome,credit_card
ACC_000478,RING_00033,2026-05-22T02:49:00.208025+00:00,70,26,1797.12,69.12,2,1,0.0769,0.0385,0,0.0116,desktop_chrome,credit_card
ACC_000479,RING_00033,2026-12-01T09:31:10.920559+00:00,1,27,1511.46,55.98,1,0,0.037,0.0,0,0.0545,desktop_chrome,debit_card
ACC_000480,RING_00033,2026-10-23T14:11:07.158960+00:00,1,24,1210.56,50.44,2,1,0.0833,0.0417,0,0.0205,desktop_safari,debit_card
ACC_000481,RING_00033,2026-05-16T06:13:45.148830+00:00,76,7,285.25,40.75,0,0,0.0,0.0,1,0.0296,desktop_chrome,debit_card
ACC_000482,RING_00033,2026-10-06T07:04:19.057310+00:00,1,20,903.8,45.19,1,0,0.05,0.0,1,0.0226,desktop_safari,apple_pay
ACC_000483,RING_00033,2026-12-08T16:42:26.751808+00:00,1,16,833.92,52.12,0,0,0.0,0.0,0,0.0759,desktop_safari,credit_card
ACC_000484,RING_00033,2026-08-31T20:28:06.583637+00:00,1,29,2510.82,86.58,1,0,0.0345,0.0,0,0.0432,mobile_ios,debit_card
ACC_000485,RING_00033,2027-01-04T18:40:14.663357+00:00,1,26,1798.42,69.17,2,1,0.0769,0.0385,1,0.0208,desktop_safari,debit_card
ACC_000486,RING_00033,2026-04-26T04:57:08.954865+00:00,96,11,891.55,81.05,1,0,0.0909,0.0,1,0.0517,desktop_chrome,apple_pay
ACC_000487,RING_00033,2026-07-01T15:32:29.114807+00:00,30,26,2212.86,85.11,1,0,0.0385,0.0,1,0.027,mobile_ios,debit_card
ACC_000488,RING_00033,2026-07-03T17:32:23.843655+00:00,28,10,472.8,47.28,0,0,0.0,0.0,0,0.0122,desktop_chrome,debit_card
ACC_000489,RING_00033,2026-11-02T13:55:24.490679+00:00,1,15,1227.45,81.83,0,0,0.0,0.0,0,0.074,mobile_ios,apple_pay
ACC_000490,RING_00033,2026-08-04T19:26:18.294501+00:00,1,20,644.4,32.22,0,0,0.0,0.0,1,0.0105,desktop_chrome,apple_pay
ACC_000491,RING_00033,2026-06-06T14:53:11.631466+00:00,55,28,1127.56,40.27,1,0,0.0357,0.0,0,0.0564,mobile_ios,apple_pay
ACC_000492,RING_00033,2026-11-27T06:44:16.005698+00:00,1,26,1617.72,62.22,1,0,0.0385,0.0,1,0.0243,desktop_safari,apple_pay
ACC_000493,RING_00033,2026-11-09T07:20:19.003764+00:00,1,28,2423.12,86.54,3,2,0.1071,0.0714,0,0.0541,mobile_ios,debit_card
ACC_000494,RING_00033,2026-04-16T04:35:42.262354+00:00,106,7,432.18,61.74,0,0,0.0,0.0,0,0.053,mobile_ios,credit_card
ACC_000495,RING_00033,2026-07-02T16:01:08.826417+00:00,29,10,422.0,42.2,0,0,0.0,0.0,0,0.0799,desktop_chrome,credit_card
ACC_000496,RING_00033,2026-09-05T19:23:20.807989+00:00,1,17,751.91,44.23,0,0,0.0,0.0,1,0.0484,desktop_safari,debit_card
ACC_000497,RING_00033,2026-07-24T17:43:22.372871+00:00,7,15,1029.75,68.65,1,0,0.0667,0.0,0,0.035,desktop_chrome,credit_card
ACC_000498,RING_00033,2026-10-06T01:32:20.606182+00:00,1,19,673.93,35.47,0,0,0.0,0.0,1,0.0345,desktop_safari,apple_pay
ACC_000499,RING_00033,2027-03-08T21:46:12.310946+00:00,1,7,634.34,90.62,0,0,0.0,0.0,0,0.0303,desktop_safari,debit_card
ACC_000500,RING_00033,2026-10-24T00:30:34.207073+00:00,1,5,426.65,85.33,0,0,0.0,0.0,1,0.0494,desktop_safari,credit_card
ACC_000501,RING_00034,2026-02-21T00:12:44.983394+00:00,160,1,49.64,49.64,0,0,0.0,0.0,0,0.9058,desktop_chrome,virtual_card
ACC_000502,RING_00034,2026-02-21T00:20:55.021828+00:00,160,1,51.93,51.93,0,0,0.0,0.0,0,0.8009,desktop_chrome,virtual_card
ACC_000503,RING_00034,2026-02-21T00:04:17.629719+00:00,160,1,49.53,49.53,0,0,0.0,0.0,0,0.7873,desktop_chrome,virtual_card
ACC_000504,RING_00034,2026-02-21T00:15:18.224814+00:00,160,1,50.43,50.43,0,0,0.0,0.0,0,0.8987,desktop_chrome,virtual_card
ACC_000505,RING_00034,2026-02-21T00:18:50.052921+00:00,160,1,50.5,50.5,0,0,0.0,0.0,0,0.7594,desktop_chrome,virtual_card
ACC_000506,RING_00034,2026-02-21T00:23:24.071281+00:00,160,1,49.12,49.12,0,0,0.0,0.0,0,0.7887,desktop_chrome,virtual_card
ACC_000507,RING_00034,2026-02-21T00:02:55.055538+00:00,160,1,51.53,51.53,0,0,0.0,0.0,0,0.8557,desktop_chrome,virtual_card
ACC_000508,RING_00034,2026-02-21T00:23:09.587451+00:00,160,1,50.69,50.69,0,0,0.0,0.0,0,0.8042,desktop_chrome,virtual_card
ACC_000509,RING_00034,2026-02-21T00:15:02.201303+00:00,160,1,51.79,51.79,0,0,0.0,0.0,0,0.8063,desktop_chrome,virtual_card
ACC_000510,RING_00034,2026-02-21T00:19:10.052381+00:00,160,1,51.5,51.5,0,0,0.0,0.0,0,0.9023,desktop_chrome,virtual_card
ACC_000511,RING_00034,2026-02-21T00:01:20.662064+00:00,160,1,50.45,50.45,0,0,0.0,0.0,0,0.902,desktop_chrome,virtual_card
ACC_000512,RING_00034,2026-02-21T00:12:39.222233+00:00,160,1,49.83,49.83,0,0,0.0,0.0,0,0.8619,desktop_chrome,virtual_card
ACC_000513,RING_00034,2026-02-21T00:15:33.944511+00:00,160,1,49.26,49.26,0,0,0.0,0.0,0,0.8306,desktop_chrome,virtual_card
ACC_000514,RING_00034,2026-02-21T00:07:40.250760+00:00,160,1,49.65,49.65,0,0,0.0,0.0,0,0.7607,desktop_chrome,virtual_card
ACC_000515,RING_00034,2026-02-21T00:10:47.475312+00:00,160,1,49.01,49.01,0,0,0.0,0.0,0,0.8052,desktop_chrome,virtual_card
ACC_000516,RING_00034,2026-02-21T00:13:51.447203+00:00,160,1,50.77,50.77,0,0,0.0,0.0,0,0.8274,desktop_chrome,virtual_card
ACC_000517,RING_00034,2026-02-21T00:13:48.821910+00:00,160,1,49.91,49.91,0,0,0.0,0.0,0,0.9185,desktop_chrome,virtual_card
ACC_000518,RING_00034,2026-02-21T00:01:02.792288+00:00,160,1,51.82,51.82,0,0,0.0,0.0,0,0.7714,desktop_chrome,virtual_card
ACC_000519,RING_00034,2026-02-21T00:10:59.222650+00:00,160,1,50.25,50.25,0,0,0.0,0.0,0,0.8603,desktop_chrome,virtual_card
ACC_000520,RING_00035,2026-12-04T09:25:43.246422+00:00,1,13,1414.79,108.83,0,0,0.0,0.0,0,0.0686,mobile_ios,credit_card
ACC_000521,RING_00035,2026-09-07T00:52:56.073745+00:00,1,6,494.04,82.34,0,0,0.0,0.0,1,0.0572,desktop_chrome,credit_card
ACC_000522,RING_00035,2027-01-27T15:28:50.338910+00:00,1,15,801.9,53.46,1,0,0.0667,0.0,1,0.0572,desktop_chrome,credit_card
ACC_000523,RING_00035,2026-09-21T03:34:43.549374+00:00,1,27,1585.71,58.73,1,0,0.037,0.0,0,0.0219,desktop_chrome,credit_card
ACC_000524,RING_00035,2026-04-02T17:03:46.258161+00:00,120,32,4486.72,140.21,1,0,0.0312,0.0,1,0.0383,mobile_ios,credit_card
ACC_000525,RING_00035,2026-04-13T08:45:50.727357+00:00,109,9,461.88,51.32,0,0,0.0,0.0,1,0.041,desktop_chrome,credit_card
ACC_000526,RING_00035,2026-12-24T02:10:34.917649+00:00,1,6,710.22,118.37,0,0,0.0,0.0,2,0.0539,mobile_ios,credit_card
ACC_000527,RING_00035,2026-06-22T01:04:32.888129+00:00,39,10,906.8,90.68,0,0,0.0,0.0,2,0.0457,mobile_ios,credit_card
ACC_000528,RING_00035,2026-03-29T16:20:21.310846+00:00,124,17,2317.78,136.34,1,0,0.0588,0.0,0,0.0521,desktop_chrome,credit_card
ACC_000529,RING_00035,2026-05-02T12:36:44.078820+00:00,90,22,1000.34,45.47,2,1,0.0909,0.0455,2,0.0709,desktop_chrome,credit_card
ACC_000530,RING_00035,2027-01-02T05:01:15.894441+00:00,1,30,3105.3,103.51,1,0,0.0333,0.0,2,0.0604,mobile_ios,credit_card
ACC_000531,RING_00035,2026-07-23T02:34:26.002902+00:00,8,34,4295.9,126.35,1,0,0.0294,0.0,1,0.0315,mobile_ios,credit_card
ACC_000532,RING_00035,2026-11-05T21:08:18.014231+00:00,1,33,2196.48,66.56,2,1,0.0606,0.0303,2,0.0284,mobile_ios,credit_card
ACC_000533,RING_00035,2026-03-11T11:22:10.503615+00:00,142,15,1086.0,72.4,1,0,0.0667,0.0,2,0.0297,desktop_chrome,credit_card
ACC_000534,RING_00035,2026-07-10T22:26:42.593069+00:00,21,9,762.84,84.76,0,0,0.0,0.0,1,0.033,desktop_chrome,credit_card
ACC_000535,RING_00035,2026-04-29T10:22:29.643755+00:00,93,10,881.5,88.15,0,0,0.0,0.0,0,0.0636,desktop_chrome,credit_card
ACC_000536,RING_00035,2026-12-15T02:17:08.577259+00:00,1,15,1057.2,70.48,1,0,0.0667,0.0,2,0.0338,mobile_ios,credit_card
ACC_000537,RING_00035,2026-11-26T01:04:02.091731+00:00,1,8,499.36,62.42,0,0,0.0,0.0,1,0.0627,mobile_ios,credit_card
ACC_000538,RING_00036,2026-08-09T11:50:46.333573+00:00,1,18,1104.3,61.35,1,0,0.0556,0.0,3,0.064,desktop_chrome,debit_card
ACC_000539,RING_00036,2026-07-21T06:41:25.065768+00:00,10,27,3069.63,113.69,2,1,0.0741,0.037,1,0.049,desktop_chrome,debit_card
ACC_000540,RING_00036,2026-06-12T15:31:12.256365+00:00,49,34,2460.58,72.37,2,1,0.0588,0.0294,3,0.0567,desktop_chrome,credit_card
ACC_000541,RING_00036,2026-08-19T01:42:26.434076+00:00,1,34,3139.56,92.34,1,0,0.0294,0.0,3,0.0287,mobile_ios,credit_card
ACC_000542,RING_00036,2026-08-17T16:23:48.590747+00:00,1,32,2745.28,85.79,2,1,0.0625,0.0312,1,0.0198,mobile_android,credit_card
ACC_000543,RING_00036,2026-05-31T11:49:57.078093+00:00,61,31,4817.09,155.39,1,0,0.0323,0.0,3,0.0189,mobile_ios,credit_card
ACC_000544,RING_00036,2027-03-24T23:43:54.094175+00:00,1,13,1972.1,151.7,1,0,0.0769,0.0,2,0.0461,mobile_ios,credit_card
ACC_000545,RING_00036,2026-04-22T17:44:27.435726+00:00,100,25,1572.25,62.89,0,0,0.0,0.0,3,0.0177,desktop_chrome,debit_card
ACC_000546,RING_00036,2027-02-10T15:49:40.419504+00:00,1,22,1004.74,45.67,1,0,0.0455,0.0,2,0.0445,desktop_chrome,debit_card
ACC_000547,RING_00036,2026-11-30T09:05:48.050888+00:00,1,22,1270.06,57.73,0,0,0.0,0.0,1,0.0164,mobile_android,debit_card
ACC_000548,RING_00036,2026-10-10T08:27:15.169892+00:00,1,30,4608.6,153.62,2,1,0.0667,0.0333,1,0.0225,mobile_android,debit_card
ACC_000549,RING_00036,2027-04-20T13:05:13.587937+00:00,1,32,2787.52,87.11,0,0,0.0,0.0,1,0.063,mobile_ios,debit_card
ACC_000550,RING_00036,2026-07-20T01:03:58.502623+00:00,11,37,5326.15,143.95,1,0,0.027,0.0,2,0.025,mobile_android,debit_card
ACC_000551,RING_00036,2026-10-05T17:32:19.952479+00:00,1,28,2427.32,86.69,1,0,0.0357,0.0,1,0.0201,desktop_chrome,credit_card
ACC_000552,RING_00036,2026-09-20T05:37:10.783105+00:00,1,31,2022.44,65.24,0,0,0.0,0.0,1,0.0216,desktop_chrome,credit_card
ACC_000553,RING_00036,2026-12-11T09:48:35.172693+00:00,1,11,745.69,67.79,1,0,0.0909,0.0,1,0.0673,mobile_android,debit_card
ACC_000554,RING_00036,2027-02-15T20:16:16.534475+00:00,1,21,1837.08,87.48,0,0,0.0,0.0,3,0.0101,mobile_ios,debit_card
ACC_000555,RING_00036,2026-07-11T00:27:33.515375+00:00,20,11,1070.3,97.3,0,0,0.0,0.0,3,0.0273,mobile_android,credit_card
ACC_000556,RING_00036,2026-07-16T02:26:47.900970+00:00,15,26,3949.14,151.89,1,0,0.0385,0.0,1,0.0318,desktop_chrome,credit_card
ACC_000557,RING_00037,2026-02-04T00:21:58.857328+00:00,177,1,49.88,49.88,0,0,0.0,0.0,0,0.8332,desktop_chrome,virtual_card
ACC_000558,RING_00037,2026-02-04T00:03:42.049830+00:00,177,1,50.84,50.84,0,0,0.0,0.0,0,0.8225,desktop_chrome,virtual_card
ACC_000559,RING_00037,2026-02-04T00:00:28.125880+00:00,177,1,51.37,51.37,0,0,0.0,0.0,0,0.8494,desktop_chrome,virtual_card
ACC_000560,RING_00037,2026-02-04T00:12:31.849784+00:00,177,1,49.03,49.03,0,0,0.0,0.0,0,0.8469,desktop_chrome,virtual_card
ACC_000561,RING_00037,2026-02-04T00:21:34.090220+00:00,177,1,50.9,50.9,0,0,0.0,0.0,0,0.9056,desktop_chrome,virtual_card
ACC_000562,RING_00037,2026-02-04T00:08:08.986568+00:00,177,1,50.24,50.24,0,0,0.0,0.0,0,0.8477,desktop_chrome,virtual_card
ACC_000563,RING_00037,2026-02-04T00:03:12.243406+00:00,177,1,50.42,50.42,0,0,0.0,0.0,0,0.8404,desktop_chrome,virtual_card
ACC_000564,RING_00037,2026-02-04T00:24:33.346244+00:00,177,1,49.2,49.2,0,0,0.0,0.0,0,0.9025,desktop_chrome,virtual_card
ACC_000565,RING_00037,2026-02-04T00:16:55.107944+00:00,177,1,51.73,51.73,0,0,0.0,0.0,0,0.8432,desktop_chrome,virtual_card
ACC_000566,RING_00037,2026-02-04T00:21:16.035948+00:00,177,1,50.67,50.67,0,0,0.0,0.0,0,0.7598,desktop_chrome,virtual_card
ACC_000567,RING_00037,2026-02-04T00:18:48.207408+00:00,177,1,50.79,50.79,0,0,0.0,0.0,0,0.823,desktop_chrome,virtual_card
ACC_000568,RING_00037,2026-02-04T00:17:27.363411+00:00,177,1,51.13,51.13,0,0,0.0,0.0,0,0.758,desktop_chrome,virtual_card
ACC_000569,RING_00037,2026-02-04T00:09:36.846101+00:00,177,1,51.13,51.13,0,0,0.0,0.0,0,0.7988,desktop_chrome,virtual_card
ACC_000570,RING_00037,2026-02-04T00:08:06.509990+00:00,177,1,50.96,50.96,0,0,0.0,0.0,0,0.8566,desktop_chrome,virtual_card
ACC_000571,RING_00037,2026-02-04T00:17:55.437894+00:00,177,1,49.68,49.68,0,0,0.0,0.0,0,0.8249,desktop_chrome,virtual_card
ACC_000572,RING_00037,2026-02-04T00:17:55.069512+00:00,177,1,51.51,51.51,0,0,0.0,0.0,0,0.853,desktop_chrome,virtual_card
ACC_000573,RING_00037,2026-02-04T00:23:45.882576+00:00,177,1,49.21,49.21,0,0,0.0,0.0,0,0.8253,desktop_chrome,virtual_card
ACC_000574,RING_00037,2026-02-04T00:14:12.989727+00:00,177,1,49.94,49.94,0,0,0.0,0.0,0,0.8591,desktop_chrome,virtual_card
ACC_000575,RING_00038,2026-09-02T01:52:36.805502+00:00,1,20,1598.4,79.92,1,0,0.05,0.0,3,0.0353,mobile_android,credit_card
ACC_000576,RING_00038,2026-04-17T00:41:44.257695+00:00,105,13,1170.26,90.02,0,0,0.0,0.0,3,0.0578,desktop_chrome,debit_card
ACC_000577,RING_00038,2026-02-03T12:08:27.822826+00:00,178,39,3750.24,96.16,1,0,0.0256,0.0,2,0.0454,mobile_ios,credit_card
ACC_000578,RING_00038,2026-02-24T07:18:25.151536+00:00,157,33,3490.08,105.76,1,0,0.0303,0.0,3,0.0178,mobile_ios,credit_card
ACC_000579,RING_00038,2026-11-30T21:55:17.238518+00:00,1,39,4217.85,108.15,3,2,0.0769,0.0513,2,0.041,desktop_chrome,debit_card
ACC_000580,RING_00038,2026-12-15T00:46:57.490728+00:00,1,25,2334.25,93.37,0,0,0.0,0.0,2,0.0109,mobile_android,credit_card
ACC_000581,RING_00038,2026-02-13T05:25:42.384488+00:00,168,17,1334.16,78.48,1,0,0.0588,0.0,2,0.0174,desktop_chrome,debit_card
ACC_000582,RING_00038,2026-01-27T07:31:22.370374+00:00,185,38,5659.72,148.94,2,1,0.0526,0.0263,3,0.0604,mobile_android,credit_card
ACC_000583,RING_00038,2026-10-03T10:03:21.760619+00:00,1,29,4629.27,159.63,1,0,0.0345,0.0,1,0.0159,mobile_android,credit_card
ACC_000584,RING_00038,2026-11-18T04:19:05.513726+00:00,1,33,4924.59,149.23,2,1,0.0606,0.0303,3,0.0279,mobile_ios,credit_card
ACC_000585,RING_00038,2027-01-17T22:02:57.330780+00:00,1,37,3285.23,88.79,2,1,0.0541,0.027,2,0.0532,mobile_ios,debit_card
ACC_000586,RING_00038,2026-03-16T06:08:50.352568+00:00,137,38,1870.74,49.23,3,2,0.0789,0.0526,3,0.0329,mobile_ios,debit_card
ACC_000587,RING_00038,2026-07-18T06:48:34.543911+00:00,13,22,3294.5,149.75,0,0,0.0,0.0,1,0.0547,desktop_chrome,debit_card
ACC_000588,RING_00038,2026-05-22T14:58:12.413729+00:00,70,34,2479.28,72.92,2,1,0.0588,0.0294,3,0.0416,mobile_ios,credit_card
ACC_000589,RING_00038,2026-02-06T01:10:47.818210+00:00,175,21,3036.6,144.6,2,1,0.0952,0.0476,3,0.0246,mobile_ios,debit_card
ACC_000590,RING_00038,2026-11-25T23:54:12.595234+00:00,1,13,1739.01,133.77,0,0,0.0,0.0,3,0.0475,desktop_chrome,debit_card
ACC_000591,RING_00038,2026-09-01T02:20:45.109856+00:00,1,30,3857.7,128.59,1,0,0.0333,0.0,3,0.0523,mobile_android,debit_card
ACC_000592,RING_00038,2026-09-30T14:29:46.573539+00:00,1,25,1988.25,79.53,1,0,0.04,0.0,3,0.0221,desktop_chrome,credit_card
ACC_000593,RING_00038,2026-03-12T14:16:50.041445+00:00,141,23,1691.42,73.54,0,0,0.0,0.0,2,0.0415,desktop_chrome,debit_card
ACC_000594,RING_00038,2026-08-09T18:53:25.417188+00:00,1,16,1591.04,99.44,1,0,0.0625,0.0,1,0.0219,mobile_ios,credit_card
ACC_000595,RING_00038,2026-12-23T16:17:52.004475+00:00,1,31,4194.61,135.31,1,0,0.0323,0.0,3,0.0697,mobile_android,debit_card
ACC_000596,RING_00038,2026-08-22T13:30:25.100662+00:00,1,29,3311.51,114.19,1,0,0.0345,0.0,2,0.0118,mobile_ios,debit_card
ACC_000597,RING_00038,2026-10-15T05:13:20.540380+00:00,1,13,1017.64,78.28,0,0,0.0,0.0,1,0.0172,desktop_chrome,credit_card
ACC_000598,RING_00038,2026-10-13T23:58:02.854153+00:00,1,39,5276.7,135.3,1,0,0.0256,0.0,1,0.0676,desktop_chrome,credit_card
ACC_000599,RING_00038,2026-02-04T22:35:53.805692+00:00,177,13,1851.85,142.45,0,0,0.0,0.0,3,0.0117,mobile_android,debit_card
ACC_000600,RING_00038,2026-12-01T07:09:08.540974+00:00,1,26,2559.96,98.46,0,0,0.0,0.0,1,0.0629,desktop_chrome,debit_card
ACC_000601,RING_00038,2026-02-12T22:03:28.136796+00:00,169,26,2947.88,113.38,1,0,0.0385,0.0,2,0.0579,mobile_android,debit_card
ACC_000602,RING_00038,2026-10-27T17:49:59.455593+00:00,1,34,4733.82,139.23,2,1,0.0588,0.0294,1,0.059,desktop_chrome,debit_card
ACC_000603,RING_00039,2026-05-28T11:29:49.410124+00:00,64,12,1389.48,115.79,4,5,0.3333,0.4167,4,0.7804,mobile_android,credit_card
ACC_000604,RING_00039,2026-04-02T03:58:53.585012+00:00,120,13,1238.51,95.27,7,7,0.5385,0.5385,4,0.7836,mobile_android,credit_card
ACC_000605,RING_00039,2026-04-29T21:05:31.434899+00:00,93,24,3458.4,144.1,8,4,0.3333,0.1667,2,0.7073,mobile_android,credit_card
ACC_000606,RING_00039,2026-06-16T00:13:13.570157+00:00,45,17,1792.99,105.47,9,3,0.5294,0.1765,5,0.8011,mobile_android,credit_card
ACC_000607,RING_00039,2026-07-18T11:37:59.518041+00:00,13,13,1777.1,136.7,8,6,0.6154,0.4615,3,0.7232,mobile_android,credit_card
ACC_000608,RING_00039,2026-06-22T16:38:35.812151+00:00,39,17,2610.52,153.56,8,6,0.4706,0.3529,5,0.7644,mobile_android,credit_card
ACC_000609,RING_00039,2026-06-04T23:28:28.882132+00:00,57,17,2207.28,129.84,6,3,0.3529,0.1765,2,0.6813,mobile_android,credit_card
ACC_000610,RING_00039,2026-03-16T14:11:14.604639+00:00,137,11,1531.53,139.23,9,4,0.8182,0.3636,5,0.652,mobile_android,credit_card
ACC_000611,RING_00039,2026-07-14T21:37:09.835170+00:00,17,17,2695.01,158.53,8,6,0.4706,0.3529,5,0.8287,mobile_android,credit_card
ACC_000612,RING_00039,2026-02-24T17:01:39.058068+00:00,157,20,2043.4,102.17,4,5,0.2,0.25,5,0.7237,mobile_android,credit_card
ACC_000613,RING_00040,2026-08-14T06:45:24.592556+00:00,1,41,3200.87,78.07,1,0,0.0244,0.0,2,0.0723,mobile_ios,paypal
ACC_000614,RING_00041,2026-08-22T11:10:00.227294+00:00,1,17,693.09,40.77,1,0,0.0588,0.0,0,0.0127,mobile_ios,apple_pay
ACC_000615,RING_00041,2026-08-12T03:09:27.724233+00:00,1,20,965.4,48.27,0,0,0.0,0.0,1,0.0441,desktop_safari,apple_pay
ACC_000616,RING_00041,2026-03-24T14:59:29.715083+00:00,129,6,369.84,61.64,0,0,0.0,0.0,1,0.035,desktop_chrome,apple_pay
ACC_000617,RING_00041,2026-04-18T23:37:07.910843+00:00,104,19,1128.79,59.41,0,0,0.0,0.0,0,0.0344,mobile_ios,credit_card
ACC_000618,RING_00041,2027-03-05T02:04:23.787788+00:00,1,20,1252.6,62.63,1,0,0.05,0.0,0,0.0198,desktop_chrome,debit_card
ACC_000619,RING_00041,2027-03-03T00:39:40.197710+00:00,1,15,761.1,50.74,1,0,0.0667,0.0,1,0.0159,desktop_chrome,debit_card
ACC_000620,RING_00041,2026-08-06T05:08:03.626683+00:00,1,24,600.72,25.03,0,0,0.0,0.0,0,0.0355,mobile_ios,credit_card
ACC_000621,RING_00041,2026-03-21T22:49:37.453545+00:00,132,11,496.32,45.12,0,0,0.0,0.0,0,0.0608,desktop_chrome,credit_card
ACC_000622,RING_00041,2026-05-24T22:40:49.495422+00:00,68,9,323.73,35.97,0,0,0.0,0.0,1,0.0548,mobile_ios,credit_card
ACC_000623,RING_00041,2026-12-08T22:53:16.222683+00:00,1,27,1352.43,50.09,2,1,0.0741,0.037,1,0.0396,mobile_ios,credit_card
ACC_000624,RING_00041,2026-11-23T03:52:13.711726+00:00,1,28,1818.32,64.94,2,1,0.0714,0.0357,0,0.0557,desktop_safari,debit_card
ACC_000625,RING_00041,2026-08-19T21:54:23.299264+00:00,1,29,1588.91,54.79,1,0,0.0345,0.0,0,0.0595,desktop_safari,debit_card
ACC_000626,RING_00041,2027-01-06T02:19:53.116164+00:00,1,18,1367.28,75.96,1,0,0.0556,0.0,0,0.0284,desktop_safari,apple_pay
ACC_000627,RING_00041,2026-09-10T22:46:35.445194+00:00,1,9,721.62,80.18,0,0,0.0,0.0,1,0.0422,mobile_ios,apple_pay
ACC_000628,RING_00041,2026-05-11T23:29:45.407064+00:00,81,9,407.61,45.29,0,0,0.0,0.0,1,0.0692,mobile_ios,debit_card
ACC_000629,RING_00041,2026-05-14T22:39:11.218482+00:00,78,11,425.48,38.68,0,0,0.0,0.0,1,0.0411,desktop_chrome,apple_pay
ACC_000630,RING_00041,2026-09-10T19:05:11.085030+00:00,1,7,387.52,55.36,0,0,0.0,0.0,0,0.0443,desktop_safari,apple_pay
ACC_000631,RING_00041,2026-11-15T17:34:01.287579+00:00,1,15,1047.15,69.81,1,0,0.0667,0.0,0,0.0126,mobile_ios,credit_card
ACC_000632,RING_00041,2026-10-27T20:27:46.798004+00:00,1,29,1140.57,39.33,1,0,0.0345,0.0,0,0.035,desktop_chrome,credit_card
ACC_000633,RING_00041,2026-06-16T07:38:13.503033+00:00,45,17,489.6,28.8,1,0,0.0588,0.0,0,0.0417,desktop_safari,debit_card
ACC_000634,RING_00041,2026-09-02T01:46:05.141842+00:00,1,5,134.05,26.81,0,0,0.0,0.0,0,0.0609,mobile_ios,debit_card
ACC_000635,RING_00041,2026-06-24T15:09:33.563468+00:00,37,24,2008.8,83.7,1,0,0.0417,0.0,0,0.0453,desktop_chrome,credit_card
ACC_000636,RING_00041,2027-02-09T19:24:35.049124+00:00,1,28,2260.16,80.72,3,1,0.1071,0.0357,0,0.0551,desktop_safari,apple_pay
ACC_000637,RING_00041,2026-05-17T06:12:19.941780+00:00,75,18,1323.36,73.52,1,0,0.0556,0.0,0,0.0345,desktop_safari,credit_card
ACC_000638,RING_00041,2026-11-24T01:39:57.078435+00:00,1,8,595.6,74.45,0,0,0.0,0.0,1,0.052,desktop_chrome,apple_pay
ACC_000639,RING_00041,2026-05-25T08:14:24.783754+00:00,67,19,1010.99,53.21,1,0,0.0526,0.0,0,0.0406,mobile_ios,credit_card
ACC_000640,RING_00041,2026-08-20T20:56:34.537092+00:00,1,14,1049.58,74.97,0,0,0.0,0.0,1,0.0734,desktop_safari,credit_card
ACC_000641,RING_00041,2026-12-06T17:43:03.360636+00:00,1,28,2214.24,79.08,1,0,0.0357,0.0,1,0.0634,desktop_safari,debit_card
ACC_000642,RING_00041,2026-09-18T20:49:29.594668+00:00,1,28,1953.28,69.76,1,0,0.0357,0.0,1,0.019,desktop_chrome,apple_pay
ACC_000643,RING_00041,2026-11-27T17:45:20.661779+00:00,1,18,1676.34,93.13,1,0,0.0556,0.0,0,0.0299,desktop_safari,debit_card
ACC_000644,RING_00041,2026-11-29T01:34:36.439150+00:00,1,16,1243.52,77.72,1,0,0.0625,0.0,1,0.0714,mobile_ios,debit_card
ACC_000645,RING_00041,2026-10-31T08:49:14.076766+00:00,1,8,536.64,67.08,0,0,0.0,0.0,0,0.0655,desktop_safari,debit_card
ACC_000646,RING_00041,2026-03-20T20:50:04.105715+00:00,133,10,757.0,75.7,0,0,0.0,0.0,1,0.0246,desktop_safari,debit_card
ACC_000647,RING_00042,2026-12-12T03:25:50.108595+00:00,1,42,4973.22,118.41,3,1,0.0714,0.0238,0,0.0653,mobile_ios,debit_card
ACC_000648,RING_00043,2026-01-21T00:56:00.287593+00:00,191,21,2122.68,101.08,5,2,0.2381,0.0952,3,0.8278,emulator_bot,virtual_card
ACC_000649,RING_00043,2026-01-21T00:16:22.523738+00:00,191,23,3566.61,155.07,3,3,0.1304,0.1304,3,0.8917,emulator_bot,virtual_card
ACC_000650,RING_00043,2026-01-21T00:49:20.302593+00:00,191,11,1760.99,160.09,2,4,0.1818,0.3636,5,0.8479,emulator_bot,virtual_card
ACC_000651,RING_00043,2026-01-21T00:52:59.684062+00:00,191,21,3123.96,148.76,5,4,0.2381,0.1905,4,0.9481,emulator_bot,virtual_card
ACC_000652,RING_00043,2026-01-21T00:13:05.447738+00:00,191,15,1822.65,121.51,3,2,0.2,0.1333,5,0.827,emulator_bot,virtual_card
ACC_000653,RING_00043,2026-01-21T01:49:59.951713+00:00,191,23,2004.68,87.16,3,2,0.1304,0.087,5,0.948,emulator_bot,virtual_card
ACC_000654,RING_00043,2026-01-21T01:11:53.850679+00:00,191,22,2891.02,131.41,2,2,0.0909,0.0909,3,0.806,emulator_bot,virtual_card
ACC_000655,RING_00043,2026-01-21T00:46:37.455819+00:00,191,17,1517.76,89.28,5,4,0.2941,0.2353,5,0.9368,emulator_bot,virtual_card
ACC_000656,RING_00043,2026-01-21T01:00:49.731721+00:00,191,10,1639.7,163.97,5,2,0.5,0.2,3,0.828,emulator_bot,virtual_card
ACC_000657,RING_00043,2026-01-21T00:37:42.221903+00:00,191,9,807.03,89.67,5,2,0.5556,0.2222,4,0.7705,emulator_bot,virtual_card
ACC_000658,RING_00043,2026-01-21T01:42:31.183428+00:00,191,16,1820.48,113.78,2,2,0.125,0.125,4,0.8821,emulator_bot,virtual_card
ACC_000659,RING_00043,2026-01-21T01:09:00.108299+00:00,191,24,3912.0,163.0,4,2,0.1667,0.0833,4,0.9252,emulator_bot,virtual_card
ACC_000660,RING_00043,2026-01-21T00:59:23.249864+00:00,191,22,3162.5,143.75,5,2,0.2273,0.0909,2,0.7844,emulator_bot,virtual_card
ACC_000661,RING_00043,2026-01-21T01:49:18.374902+00:00,191,21,3668.28,174.68,2,2,0.0952,0.0952,3,0.7533,emulator_bot,virtual_card
ACC_000662,RING_00043,2026-01-21T01:40:33.453827+00:00,191,10,1310.1,131.01,4,4,0.4,0.4,6,0.8523,emulator_bot,virtual_card
ACC_000663,RING_00044,2027-04-10T04:43:52.917990+00:00,1,36,3237.12,89.92,2,1,0.0556,0.0278,2,0.0584,mobile_android,credit_card
ACC_000664,RING_00044,2026-09-08T00:34:46.355126+00:00,1,25,3425.25,137.01,1,0,0.04,0.0,1,0.0532,mobile_ios,credit_card
ACC_000665,RING_00044,2027-10-23T18:13:02.359817+00:00,1,42,3110.52,74.06,3,2,0.0714,0.0476,1,0.0297,mobile_ios,credit_card
ACC_000666,RING_00044,2027-06-12T01:54:33.098431+00:00,1,14,836.78,59.77,1,0,0.0714,0.0,1,0.0105,mobile_ios,credit_card
ACC_000667,RING_00045,2026-02-24T00:38:19.453656+00:00,157,27,360.99,13.37,0,0,0.0,0.0,0,0.8945,emulator_bot,credit_card
ACC_000668,RING_00045,2026-02-24T00:11:01.194761+00:00,157,31,308.14,9.94,0,0,0.0,0.0,0,0.8598,emulator_bot,credit_card
ACC_000669,RING_00045,2026-02-24T00:12:00.823820+00:00,157,22,308.44,14.02,0,0,0.0,0.0,0,0.9451,emulator_bot,credit_card
ACC_000670,RING_00045,2026-02-24T00:36:22.948693+00:00,157,22,245.08,11.14,0,0,0.0,0.0,0,0.8783,emulator_bot,credit_card
ACC_000671,RING_00045,2026-02-24T00:12:18.017074+00:00,157,41,184.5,4.5,0,0,0.0,0.0,0,0.8823,emulator_bot,credit_card
ACC_000672,RING_00045,2026-02-24T00:00:07.752540+00:00,157,31,277.14,8.94,0,0,0.0,0.0,0,0.9696,emulator_bot,credit_card
ACC_000673,RING_00045,2026-02-24T00:19:15.367045+00:00,157,28,134.96,4.82,0,0,0.0,0.0,0,0.9606,emulator_bot,credit_card
ACC_000674,RING_00045,2026-02-24T00:00:33.845066+00:00,157,29,409.19,14.11,0,0,0.0,0.0,0,0.9002,emulator_bot,credit_card
ACC_000675,RING_00045,2026-02-24T00:40:56.439166+00:00,157,18,187.56,10.42,0,0,0.0,0.0,0,0.8889,emulator_bot,credit_card
ACC_000676,RING_00045,2026-02-24T00:28:52.895705+00:00,157,19,303.81,15.99,0,0,0.0,0.0,0,0.856,emulator_bot,credit_card
ACC_000677,RING_00045,2026-02-24T00:26:14.138519+00:00,157,37,583.49,15.77,0,0,0.0,0.0,0,0.9125,emulator_bot,credit_card
ACC_000678,RING_00045,2026-02-24T00:09:04.291679+00:00,157,17,168.98,9.94,0,0,0.0,0.0,0,0.8701,emulator_bot,credit_card
ACC_000679,RING_00045,2026-02-24T00:31:29.854701+00:00,157,32,489.28,15.29,0,0,0.0,0.0,0,0.8977,emulator_bot,credit_card
ACC_000680,RING_00045,2026-02-24T00:30:28.587538+00:00,157,19,234.84,12.36,0,0,0.0,0.0,0,0.9427,emulator_bot,credit_card
ACC_000681,RING_00045,2026-02-24T00:02:43.251650+00:00,157,16,65.92,4.12,0,0,0.0,0.0,0,0.8171,emulator_bot,credit_card
ACC_000682,RING_00045,2026-02-24T00:39:38.285633+00:00,157,18,76.32,4.24,0,0,0.0,0.0,0,0.8488,emulator_bot,credit_card
ACC_000683,RING_00045,2026-02-24T00:26:04.416080+00:00,157,17,258.06,15.18,0,0,0.0,0.0,0,0.9593,emulator_bot,credit_card
ACC_000684,RING_00045,2026-02-24T00:35:39.660579+00:00,157,32,431.68,13.49,0,0,0.0,0.0,0,0.8571,emulator_bot,credit_card
ACC_000685,RING_00045,2026-02-24T00:11:49.867995+00:00,157,39,370.11,9.49,0,0,0.0,0.0,0,0.8627,emulator_bot,credit_card
ACC_000686,RING_00045,2026-02-24T00:05:29.529059+00:00,157,30,285.9,9.53,0,0,0.0,0.0,0,0.8986,emulator_bot,credit_card
ACC_000687,RING_00045,2026-02-24T00:31:36.613848+00:00,157,26,328.64,12.64,0,0,0.0,0.0,0,0.811,emulator_bot,credit_card
ACC_000688,RING_00045,2026-02-24T00:35:43.483253+00:00,157,36,570.6,15.85,0,0,0.0,0.0,0,0.8675,emulator_bot,credit_card
ACC_000689,RING_00045,2026-02-24T00:17:22.290541+00:00,157,33,388.74,11.78,0,0,0.0,0.0,0,0.9391,emulator_bot,credit_card
ACC_000690,RING_00045,2026-02-24T00:01:03.969143+00:00,157,24,261.6,10.9,0,0,0.0,0.0,0,0.8683,emulator_bot,credit_card
ACC_000691,RING_00045,2026-02-24T00:36:49.285867+00:00,157,43,427.42,9.94,0,0,0.0,0.0,0,0.9419,emulator_bot,credit_card
ACC_000692,RING_00045,2026-02-24T00:09:16.453547+00:00,157,36,240.84,6.69,0,0,0.0,0.0,0,0.9142,emulator_bot,credit_card
ACC_000693,RING_00045,2026-02-24T00:15:15.386243+00:00,157,34,581.74,17.11,0,0,0.0,0.0,0,0.8882,emulator_bot,credit_card
ACC_000694,RING_00045,2026-02-24T00:28:16.223721+00:00,157,34,431.12,12.68,0,0,0.0,0.0,0,0.934,emulator_bot,credit_card
ACC_000695,RING_00045,2026-02-24T00:04:29.877742+00:00,157,44,422.84,9.61,0,0,0.0,0.0,0,0.8292,emulator_bot,credit_card
ACC_000696,RING_00045,2026-02-24T00:03:14.388569+00:00,157,36,643.32,17.87,0,0,0.0,0.0,0,0.9301,emulator_bot,credit_card
ACC_000697,RING_00045,2026-02-24T00:01:09.400183+00:00,157,21,206.85,9.85,0,0,0.0,0.0,0,0.8363,emulator_bot,credit_card
ACC_000698,RING_00045,2026-02-24T00:41:14.927623+00:00,157,28,166.6,5.95,0,0,0.0,0.0,0,0.8606,emulator_bot,credit_card
ACC_000699,RING_00045,2026-02-24T00:14:00.733410+00:00,157,18,126.72,7.04,0,0,0.0,0.0,0,0.963,emulator_bot,credit_card
ACC_000700,RING_00045,2026-02-24T00:29:43.778801+00:00,157,23,106.03,4.61,0,0,0.0,0.0,0,0.9167,emulator_bot,credit_card
ACC_000701,RING_00045,2026-02-24T00:44:30.935172+00:00,157,28,249.2,8.9,0,0,0.0,0.0,0,0.8408,emulator_bot,credit_card
ACC_000702,RING_00046,2026-01-12T00:29:20.882234+00:00,200,42,552.3,13.15,0,0,0.0,0.0,0,0.8505,emulator_bot,credit_card
ACC_000703,RING_00046,2026-01-12T00:17:53.991747+00:00,200,27,300.24,11.12,0,0,0.0,0.0,0,0.8601,emulator_bot,credit_card
ACC_000704,RING_00046,2026-01-12T00:36:04.927599+00:00,200,16,118.08,7.38,0,0,0.0,0.0,0,0.9302,emulator_bot,credit_card
ACC_000705,RING_00046,2026-01-12T00:42:10.740521+00:00,200,36,600.48,16.68,0,0,0.0,0.0,0,0.9014,emulator_bot,credit_card
ACC_000706,RING_00046,2026-01-12T00:43:04.009225+00:00,200,30,370.5,12.35,0,0,0.0,0.0,0,0.8689,emulator_bot,credit_card
ACC_000707,RING_00046,2026-01-12T00:19:09.100706+00:00,200,36,592.92,16.47,0,0,0.0,0.0,0,0.9072,emulator_bot,credit_card
ACC_000708,RING_00046,2026-01-12T00:11:53.683506+00:00,200,15,120.45,8.03,0,0,0.0,0.0,0,0.899,emulator_bot,credit_card
ACC_000709,RING_00046,2026-01-12T00:27:23.257095+00:00,200,20,241.4,12.07,0,0,0.0,0.0,0,0.8713,emulator_bot,credit_card
ACC_000710,RING_00046,2026-01-12T00:28:16.120900+00:00,200,30,358.2,11.94,0,0,0.0,0.0,0,0.9393,emulator_bot,credit_card
ACC_000711,RING_00046,2026-01-12T00:28:00.331327+00:00,200,31,135.78,4.38,0,0,0.0,0.0,0,0.9477,emulator_bot,credit_card
ACC_000712,RING_00046,2026-01-12T00:14:28.802257+00:00,200,16,125.44,7.84,0,0,0.0,0.0,0,0.938,emulator_bot,credit_card
ACC_000713,RING_00046,2026-01-12T00:02:52.129688+00:00,200,16,65.12,4.07,0,0,0.0,0.0,0,0.8104,emulator_bot,credit_card
ACC_000714,RING_00046,2026-01-12T00:09:27.013065+00:00,200,38,598.12,15.74,0,0,0.0,0.0,0,0.9323,emulator_bot,credit_card
ACC_000715,RING_00046,2026-01-12T00:06:56.932456+00:00,200,37,614.94,16.62,0,0,0.0,0.0,0,0.9078,emulator_bot,credit_card
ACC_000716,RING_00046,2026-01-12T00:05:34.530934+00:00,200,18,72.36,4.02,0,0,0.0,0.0,0,0.8951,emulator_bot,credit_card
ACC_000717,RING_00046,2026-01-12T00:41:40.964967+00:00,200,36,266.76,7.41,0,0,0.0,0.0,0,0.9742,emulator_bot,credit_card
ACC_000718,RING_00046,2026-01-12T00:00:37.388644+00:00,200,30,531.6,17.72,0,0,0.0,0.0,0,0.8607,emulator_bot,credit_card
ACC_000719,RING_00046,2026-01-12T00:27:05.015896+00:00,200,32,240.32,7.51,0,0,0.0,0.0,0,0.9102,emulator_bot,credit_card
ACC_000720,RING_00046,2026-01-12T00:42:38.179248+00:00,200,28,177.24,6.33,0,0,0.0,0.0,0,0.9127,emulator_bot,credit_card
ACC_000721,RING_00046,2026-01-12T00:16:12.143444+00:00,200,42,556.08,13.24,0,0,0.0,0.0,0,0.8355,emulator_bot,credit_card
ACC_000722,RING_00046,2026-01-12T00:23:43.164841+00:00,200,19,162.64,8.56,0,0,0.0,0.0,0,0.8918,emulator_bot,credit_card
ACC_000723,RING_00046,2026-01-12T00:31:18.615891+00:00,200,26,260.26,10.01,0,0,0.0,0.0,0,0.8225,emulator_bot,credit_card
ACC_000724,RING_00046,2026-01-12T00:14:16.358176+00:00,200,24,153.36,6.39,0,0,0.0,0.0,0,0.8022,emulator_bot,credit_card
ACC_000725,RING_00046,2026-01-12T00:21:29.660367+00:00,200,39,549.12,14.08,0,0,0.0,0.0,0,0.9705,emulator_bot,credit_card
ACC_000726,RING_00046,2026-01-12T00:36:46.177696+00:00,200,33,376.86,11.42,0,0,0.0,0.0,0,0.9434,emulator_bot,credit_card
ACC_000727,RING_00046,2026-01-12T00:33:32.460296+00:00,200,18,312.84,17.38,0,0,0.0,0.0,0,0.9456,emulator_bot,credit_card
ACC_000728,RING_00046,2026-01-12T00:36:22.813411+00:00,200,36,519.84,14.44,0,0,0.0,0.0,0,0.8489,emulator_bot,credit_card
ACC_000729,RING_00046,2026-01-12T00:44:25.818442+00:00,200,32,503.04,15.72,0,0,0.0,0.0,0,0.9384,emulator_bot,credit_card
ACC_000730,RING_00046,2026-01-12T00:16:39.884182+00:00,200,17,70.38,4.14,0,0,0.0,0.0,0,0.8611,emulator_bot,credit_card
ACC_000731,RING_00046,2026-01-12T00:33:37.146410+00:00,200,23,106.49,4.63,0,0,0.0,0.0,0,0.9155,emulator_bot,credit_card
ACC_000732,RING_00046,2026-01-12T00:27:07.518331+00:00,200,31,418.81,13.51,0,0,0.0,0.0,0,0.8956,emulator_bot,credit_card
ACC_000733,RING_00046,2026-01-12T00:29:59.832871+00:00,200,35,252.7,7.22,0,0,0.0,0.0,0,0.9173,emulator_bot,credit_card
ACC_000734,RING_00046,2026-01-12T00:33:17.659543+00:00,200,21,377.37,17.97,0,0,0.0,0.0,0,0.8571,emulator_bot,credit_card
ACC_000735,RING_00046,2026-01-12T00:33:44.274556+00:00,200,28,372.96,13.32,0,0,0.0,0.0,0,0.8235,emulator_bot,credit_card
ACC_000736,RING_00046,2026-01-12T00:39:51.511903+00:00,200,29,404.84,13.96,0,0,0.0,0.0,0,0.8281,emulator_bot,credit_card
ACC_000737,RING_00047,2027-01-14T23:40:03.408815+00:00,1,10,920.8,92.08,1,0,0.1,0.0,1,0.0547,mobile_ios,paypal
ACC_000738,RING_00048,2026-09-09T12:59:54.562307+00:00,1,43,3340.24,77.68,1,0,0.0233,0.0,0,0.0738,desktop_chrome,credit_card
ACC_000739,RING_00049,2026-02-02T01:28:15.206418+00:00,179,12,1640.76,136.73,4,3,0.3333,0.25,3,0.9399,emulator_bot,virtual_card
ACC_000740,RING_00049,2026-02-02T01:17:56.290489+00:00,179,14,1198.26,85.59,3,3,0.2143,0.2143,4,0.8595,emulator_bot,virtual_card
ACC_000741,RING_00049,2026-02-02T00:43:00.456487+00:00,179,18,3017.52,167.64,4,3,0.2222,0.1667,6,0.8583,emulator_bot,virtual_card
ACC_000742,RING_00049,2026-02-02T00:00:41.262485+00:00,179,12,1289.4,107.45,2,2,0.1667,0.1667,4,0.8405,emulator_bot,virtual_card
ACC_000743,RING_00049,2026-02-02T00:13:51.498290+00:00,179,13,2454.53,188.81,5,2,0.3846,0.1538,6,0.7711,emulator_bot,virtual_card
ACC_000744,RING_00049,2026-02-02T01:56:46.036705+00:00,179,14,1898.68,135.62,4,3,0.2857,0.2143,3,0.8509,emulator_bot,virtual_card
ACC_000745,RING_00049,2026-02-02T01:50:40.798740+00:00,179,24,2536.32,105.68,2,4,0.0833,0.1667,6,0.8582,emulator_bot,virtual_card
ACC_000746,RING_00049,2026-02-02T00:39:00.670774+00:00,179,17,2245.19,132.07,4,2,0.2353,0.1176,3,0.8837,emulator_bot,virtual_card
ACC_000747,RING_00049,2026-02-02T00:31:03.741167+00:00,179,8,725.84,90.73,5,3,0.625,0.375,6,0.8646,emulator_bot,virtual_card
ACC_000748,RING_00049,2026-02-02T00:52:22.197315+00:00,179,8,1276.32,159.54,5,2,0.625,0.25,3,0.8103,emulator_bot,virtual_card
ACC_000749,RING_00049,2026-02-02T01:22:47.568213+00:00,179,9,890.46,98.94,4,2,0.4444,0.2222,2,0.9301,emulator_bot,virtual_card
ACC_000750,RING_00049,2026-02-02T00:42:49.159243+00:00,179,14,2408.56,172.04,2,2,0.1429,0.1429,5,0.8686,emulator_bot,virtual_card
ACC_000751,RING_00049,2026-02-02T00:08:04.515704+00:00,179,18,2776.86,154.27,2,3,0.1111,0.1667,2,0.8297,emulator_bot,virtual_card
ACC_000752,RING_00049,2026-02-02T00:48:20.124666+00:00,179,10,1256.2,125.62,2,3,0.2,0.3,4,0.8126,emulator_bot,virtual_card
ACC_000753,RING_00049,2026-02-02T00:31:16.240760+00:00,179,24,2864.16,119.34,2,3,0.0833,0.125,3,0.7285,emulator_bot,virtual_card
ACC_000754,RING_00049,2026-02-02T00:38:59.496081+00:00,179,24,2737.44,114.06,3,3,0.125,0.125,5,0.7687,emulator_bot,virtual_card
ACC_000755,RING_00049,2026-02-02T00:19:33.292170+00:00,179,23,3134.21,136.27,2,3,0.087,0.1304,2,0.9274,emulator_bot,virtual_card
ACC_000756,RING_00049,2026-02-02T01:19:03.648500+00:00,179,13,1568.84,120.68,4,3,0.3077,0.2308,5,0.7808,emulator_bot,virtual_card
ACC_000757,RING_00049,2026-02-02T01:03:11.742719+00:00,179,17,2130.95,125.35,2,3,0.1176,0.1765,6,0.7525,emulator_bot,virtual_card
ACC_000758,RING_00050,2027-07-04T16:28:15.947212+00:00,1,21,2298.24,109.44,0,0,0.0,0.0,0,0.0831,mobile_android,paypal
ACC_000759,RING_00051,2026-02-27T16:30:27.685086+00:00,154,38,3266.86,85.97,2,1,0.0526,0.0263,3,0.0327,desktop_chrome,debit_card
ACC_000760,RING_00051,2026-03-19T09:57:10.355131+00:00,134,24,1119.12,46.63,0,0,0.0,0.0,1,0.023,mobile_ios,debit_card
ACC_000761,RING_00051,2027-03-02T22:39:50.914065+00:00,1,15,1229.25,81.95,0,0,0.0,0.0,3,0.0409,mobile_ios,debit_card
ACC_000762,RING_00051,2026-04-21T14:07:22.382532+00:00,101,34,3856.28,113.42,2,1,0.0588,0.0294,3,0.0495,desktop_chrome,debit_card
ACC_000763,RING_00051,2026-03-10T05:57:49.415416+00:00,143,25,3277.75,131.11,1,0,0.04,0.0,1,0.0212,mobile_android,debit_card
ACC_000764,RING_00051,2026-10-13T03:44:10.809479+00:00,1,32,3037.76,94.93,0,0,0.0,0.0,3,0.0154,desktop_chrome,credit_card
ACC_000765,RING_00051,2026-11-08T13:51:54.953187+00:00,1,32,3803.52,118.86,0,0,0.0,0.0,1,0.0322,desktop_chrome,credit_card
ACC_000766,RING_00051,2026-09-25T06:31:07.273745+00:00,1,32,4409.92,137.81,2,1,0.0625,0.0312,3,0.0168,desktop_chrome,debit_card
ACC_000767,RING_00051,2027-02-12T02:43:40.209328+00:00,1,20,2697.0,134.85,0,0,0.0,0.0,1,0.0459,desktop_chrome,credit_card
ACC_000768,RING_00051,2026-08-23T13:14:59.934609+00:00,1,11,1644.06,149.46,0,0,0.0,0.0,2,0.0402,mobile_ios,debit_card
ACC_000769,RING_00051,2026-05-12T17:29:14.944761+00:00,80,35,5386.85,153.91,1,0,0.0286,0.0,1,0.07,mobile_ios,debit_card
ACC_000770,RING_00051,2026-08-15T21:52:04.632117+00:00,1,26,3359.98,129.23,0,0,0.0,0.0,2,0.0213,desktop_chrome,credit_card
ACC_000771,RING_00051,2026-10-02T14:34:36.603147+00:00,1,10,518.3,51.83,0,0,0.0,0.0,2,0.0519,desktop_chrome,debit_card
ACC_000772,RING_00051,2026-02-03T21:03:56.860369+00:00,178,36,2310.84,64.19,1,0,0.0278,0.0,1,0.0214,mobile_ios,credit_card
ACC_000773,RING_00051,2026-03-12T08:43:13.787793+00:00,141,32,2667.84,83.37,1,0,0.0312,0.0,1,0.0677,desktop_chrome,debit_card
ACC_000774,RING_00051,2026-06-29T10:05:53.558040+00:00,32,16,1281.76,80.11,1,0,0.0625,0.0,2,0.0419,mobile_ios,credit_card
ACC_000775,RING_00051,2026-05-26T07:57:56.682988+00:00,66,28,2223.2,79.4,2,1,0.0714,0.0357,1,0.0293,desktop_chrome,debit_card
ACC_000776,RING_00051,2026-07-21T23:58:36.088270+00:00,10,12,1414.8,117.9,1,0,0.0833,0.0,1,0.0644,desktop_chrome,debit_card
ACC_000777,RING_00051,2026-01-30T11:39:39.939612+00:00,182,37,1742.33,47.09,3,1,0.0811,0.027,3,0.032,mobile_ios,credit_card
ACC_000778,RING_00051,2026-06-26T22:57:39.619756+00:00,35,10,955.3,95.53,0,0,0.0,0.0,1,0.0323,desktop_chrome,debit_card
ACC_000779,RING_00051,2026-05-26T17:04:20.540539+00:00,66,25,3994.75,159.79,1,0,0.04,0.0,3,0.0691,mobile_ios,debit_card
ACC_000780,RING_00051,2026-02-22T01:46:14.867050+00:00,159,21,2737.56,130.36,1,0,0.0476,0.0,1,0.0501,desktop_chrome,credit_card
ACC_000781,RING_00051,2026-11-13T11:36:06.569532+00:00,1,38,2175.5,57.25,1,0,0.0263,0.0,3,0.0183,mobile_android,credit_card
ACC_000782,RING_00051,2026-12-28T07:47:33.108597+00:00,1,24,2672.4,111.35,1,0,0.0417,0.0,2,0.017,mobile_android,credit_card
ACC_000783,RING_00052,2026-06-14T01:24:34.397289+00:00,47,15,1854.45,123.63,5,4,0.3333,0.2667,4,0.8377,emulator_bot,virtual_card
ACC_000784,RING_00052,2026-06-14T01:23:18.507855+00:00,47,13,1467.18,112.86,3,2,0.2308,0.1538,4,0.9416,emulator_bot,virtual_card
ACC_000785,RING_00052,2026-06-14T00:30:27.958762+00:00,47,15,1312.5,87.5,4,4,0.2667,0.2667,5,0.8344,emulator_bot,virtual_card
ACC_000786,RING_00052,2026-06-14T00:07:39.198047+00:00,47,9,977.4,108.6,3,3,0.3333,0.3333,4,0.7769,emulator_bot,virtual_card
ACC_000787,RING_00052,2026-06-14T00:46:12.002726+00:00,47,17,2387.99,140.47,5,2,0.2941,0.1176,6,0.8677,emulator_bot,virtual_card
ACC_000788,RING_00052,2026-06-14T00:38:03.343300+00:00,47,17,2221.22,130.66,3,3,0.1765,0.1765,5,0.8992,emulator_bot,virtual_card
ACC_000789,RING_00052,2026-06-14T01:24:01.846072+00:00,47,17,2817.92,165.76,2,4,0.1176,0.2353,4,0.7651,emulator_bot,virtual_card
ACC_000790,RING_00052,2026-06-14T01:38:22.433969+00:00,47,24,2710.08,112.92,3,4,0.125,0.1667,2,0.858,emulator_bot,virtual_card
ACC_000791,RING_00052,2026-06-14T00:26:41.607005+00:00,47,12,1519.8,126.65,2,4,0.1667,0.3333,4,0.8213,emulator_bot,virtual_card
ACC_000792,RING_00052,2026-06-14T01:03:23.263702+00:00,47,18,3016.98,167.61,5,3,0.2778,0.1667,6,0.854,emulator_bot,virtual_card
ACC_000793,RING_00052,2026-06-14T00:04:52.380101+00:00,47,22,3955.6,179.8,5,2,0.2273,0.0909,4,0.8176,emulator_bot,virtual_card
ACC_000794,RING_00052,2026-06-14T00:25:42.641925+00:00,47,15,2758.8,183.92,4,4,0.2667,0.2667,3,0.7786,emulator_bot,virtual_card
ACC_000795,RING_00052,2026-06-14T01:31:24.683558+00:00,47,14,2206.4,157.6,3,4,0.2143,0.2857,4,0.7413,emulator_bot,virtual_card
ACC_000796,RING_00052,2026-06-14T01:35:12.467908+00:00,47,15,1592.4,106.16,2,3,0.1333,0.2,6,0.8825,emulator_bot,virtual_card
ACC_000797,RING_00052,2026-06-14T01:33:10.112137+00:00,47,14,2208.92,157.78,5,4,0.3571,0.2857,6,0.8443,emulator_bot,virtual_card
ACC_000798,RING_00052,2026-06-14T00:17:05.193060+00:00,47,21,3406.41,162.21,3,4,0.1429,0.1905,5,0.7759,emulator_bot,virtual_card
ACC_000799,RING_00052,2026-06-14T01:06:07.450038+00:00,47,21,2850.96,135.76,5,3,0.2381,0.1429,2,0.8778,emulator_bot,virtual_card
ACC_000800,RING_00052,2026-06-14T00:50:43.500584+00:00,47,21,3331.65,158.65,2,4,0.0952,0.1905,4,0.7777,emulator_bot,virtual_card
ACC_000801,RING_00052,2026-06-14T01:58:58.701337+00:00,47,24,3673.44,153.06,4,3,0.1667,0.125,5,0.793,emulator_bot,virtual_card
ACC_000802,RING_00052,2026-06-14T01:18:29.303057+00:00,47,15,1567.5,104.5,2,3,0.1333,0.2,6,0.9424,emulator_bot,virtual_card
ACC_000803,RING_00052,2026-06-14T01:52:13.455058+00:00,47,13,2086.11,160.47,3,2,0.2308,0.1538,3,0.7953,emulator_bot,virtual_card
ACC_000804,RING_00052,2026-06-14T00:17:26.522196+00:00,47,19,2626.75,138.25,2,2,0.1053,0.1053,3,0.7859,emulator_bot,virtual_card
ACC_000805,RING_00053,2026-07-11T12:03:39.511669+00:00,20,33,4678.74,141.78,1,0,0.0303,0.0,3,0.0545,mobile_android,debit_card
ACC_000806,RING_00053,2026-09-30T15:22:05.866469+00:00,1,19,2371.77,124.83,0,0,0.0,0.0,1,0.012,mobile_android,credit_card
ACC_000807,RING_00053,2026-12-13T06:54:20.214193+00:00,1,11,840.84,76.44,1,0,0.0909,0.0,3,0.0118,mobile_ios,credit_card
ACC_000808,RING_00053,2026-06-24T17:43:05.173904+00:00,37,17,2545.58,149.74,1,0,0.0588,0.0,3,0.0162,mobile_android,credit_card
ACC_000809,RING_00053,2027-04-16T08:52:41.217478+00:00,1,35,5379.15,153.69,1,0,0.0286,0.0,1,0.0498,desktop_chrome,debit_card
ACC_000810,RING_00053,2026-08-20T20:52:02.236662+00:00,1,38,5526.72,145.44,1,0,0.0263,0.0,3,0.064,mobile_android,debit_card
ACC_000811,RING_00053,2026-12-14T15:32:39.118499+00:00,1,30,4267.2,142.24,2,1,0.0667,0.0333,2,0.0216,mobile_ios,credit_card
ACC_000812,RING_00053,2026-11-06T22:04:25.405171+00:00,1,33,2644.95,80.15,1,0,0.0303,0.0,1,0.0229,mobile_android,credit_card
ACC_000813,RING_00053,2026-12-29T03:42:50.074910+00:00,1,16,2436.16,152.26,1,0,0.0625,0.0,2,0.0348,mobile_android,credit_card
ACC_000814,RING_00053,2026-04-21T09:59:12.293539+00:00,101,28,2085.44,74.48,2,1,0.0714,0.0357,3,0.0163,mobile_ios,debit_card
ACC_000815,RING_00053,2026-06-01T07:22:46.431066+00:00,60,14,770.56,55.04,0,0,0.0,0.0,3,0.0126,desktop_chrome,debit_card
ACC_000816,RING_00053,2027-03-23T19:29:22.681369+00:00,1,34,3266.04,96.06,3,2,0.0882,0.0588,3,0.0339,mobile_ios,debit_card
ACC_000817,RING_00053,2027-04-10T23:33:34.943987+00:00,1,29,3176.66,109.54,2,1,0.069,0.0345,3,0.0666,mobile_ios,credit_card
ACC_000818,RING_00053,2026-10-06T15:41:48.795518+00:00,1,15,2223.6,148.24,1,0,0.0667,0.0,1,0.0267,desktop_chrome,credit_card
ACC_000819,RING_00053,2027-02-28T00:48:35.918719+00:00,1,14,1719.76,122.84,1,0,0.0714,0.0,2,0.0317,mobile_ios,credit_card
ACC_000820,RING_00053,2026-12-04T05:35:47.600048+00:00,1,29,2683.08,92.52,1,0,0.0345,0.0,1,0.0247,mobile_android,credit_card
ACC_000821,RING_00053,2026-11-20T11:00:46.780540+00:00,1,30,1353.9,45.13,1,0,0.0333,0.0,2,0.062,mobile_android,credit_card
ACC_000822,RING_00053,2026-09-09T05:57:47.247586+00:00,1,27,1864.89,69.07,1,0,0.037,0.0,3,0.0529,mobile_ios,debit_card
ACC_000823,RING_00053,2027-03-27T13:11:27.393460+00:00,1,32,3563.84,111.37,3,2,0.0938,0.0625,3,0.0283,mobile_android,debit_card
ACC_000824,RING_00053,2027-01-25T08:59:57.129841+00:00,1,23,2127.27,92.49,0,0,0.0,0.0,3,0.0175,mobile_ios,debit_card
ACC_000825,RING_00053,2027-04-26T21:03:42.388804+00:00,1,12,1890.24,157.52,0,0,0.0,0.0,2,0.0693,desktop_chrome,credit_card
ACC_000826,RING_00053,2027-02-19T11:09:02.257090+00:00,1,36,2042.28,56.73,1,0,0.0278,0.0,3,0.0303,mobile_android,credit_card
ACC_000827,RING_00053,2026-04-28T23:32:41.087182+00:00,94,35,2376.15,67.89,1,0,0.0286,0.0,2,0.0208,desktop_chrome,debit_card
ACC_000828,RING_00053,2027-02-27T22:59:37.346645+00:00,1,15,1123.8,74.92,1,0,0.0667,0.0,2,0.0668,mobile_ios,debit_card
ACC_000829,RING_00053,2026-09-03T20:32:19.267570+00:00,1,20,2534.2,126.71,1,0,0.05,0.0,3,0.0217,mobile_android,debit_card
ACC_000830,RING_00053,2026-09-21T01:09:01.564618+00:00,1,37,5172.23,139.79,3,2,0.0811,0.0541,2,0.0255,mobile_ios,credit_card
ACC_000831,RING_00053,2026-07-20T00:55:20.457097+00:00,11,18,2061.9,114.55,0,0,0.0,0.0,1,0.045,mobile_android,credit_card
ACC_000832,RING_00053,2026-10-23T05:23:03.811981+00:00,1,30,4709.1,156.97,2,1,0.0667,0.0333,2,0.0623,desktop_chrome,credit_card
ACC_000833,RING_00054,2026-04-19T15:36:16.616988+00:00,103,13,1526.59,117.43,7,6,0.5385,0.4615,4,0.7009,mobile_android,credit_card
ACC_000834,RING_00054,2026-06-10T23:08:23.456685+00:00,51,24,3208.32,133.68,6,6,0.25,0.25,3,0.8103,mobile_android,credit_card
ACC_000835,RING_00054,2026-06-13T20:42:09.534872+00:00,48,12,1258.8,104.9,7,6,0.5833,0.5,4,0.7396,mobile_android,credit_card
ACC_000836,RING_00054,2026-08-04T16:49:27.541107+00:00,1,23,2710.32,117.84,5,7,0.2174,0.3043,3,0.717,mobile_android,credit_card
ACC_000837,RING_00054,2026-03-18T10:26:04.828352+00:00,135,22,2076.8,94.4,7,4,0.3182,0.1818,2,0.8204,mobile_android,credit_card
ACC_000838,RING_00054,2026-04-21T17:09:05.529680+00:00,101,15,1631.4,108.76,5,3,0.3333,0.2,5,0.6775,mobile_android,credit_card
ACC_000839,RING_00054,2026-08-02T15:24:24.447948+00:00,1,18,2385.9,132.55,5,6,0.2778,0.3333,5,0.8287,mobile_android,credit_card
ACC_000840,RING_00054,2026-06-14T04:50:15.965935+00:00,47,23,3671.26,159.62,4,3,0.1739,0.1304,5,0.7229,mobile_android,credit_card
ACC_000841,RING_00054,2026-05-27T14:38:35.618032+00:00,65,10,996.9,99.69,4,5,0.4,0.5,3,0.7961,mobile_android,credit_card
ACC_000842,RING_00054,2026-05-18T03:16:15.391394+00:00,74,19,2197.73,115.67,8,3,0.4211,0.1579,4,0.6667,mobile_android,credit_card
ACC_000843,RING_00054,2026-02-23T14:12:17.431879+00:00,158,24,2746.8,114.45,5,6,0.2083,0.25,4,0.7475,mobile_android,credit_card
ACC_000844,RING_00054,2026-07-20T19:22:29.474705+00:00,11,22,3405.6,154.8,6,7,0.2727,0.3182,4,0.7143,mobile_android,credit_card
ACC_000845,RING_00055,2026-01-31T00:18:02.973394+00:00,181,25,404.5,16.18,0,0,0.0,0.0,0,0.855,emulator_bot,credit_card
ACC_000846,RING_00055,2026-01-31T00:41:10.335332+00:00,181,16,274.24,17.14,0,0,0.0,0.0,0,0.956,emulator_bot,credit_card
ACC_000847,RING_00055,2026-01-31T00:15:43.266724+00:00,181,38,253.84,6.68,0,0,0.0,0.0,0,0.9152,emulator_bot,credit_card
ACC_000848,RING_00055,2026-01-31T00:11:14.440583+00:00,181,35,545.65,15.59,0,0,0.0,0.0,0,0.8197,emulator_bot,credit_card
ACC_000849,RING_00055,2026-01-31T00:33:25.727996+00:00,181,25,224.25,8.97,0,0,0.0,0.0,0,0.9498,emulator_bot,credit_card
ACC_000850,RING_00055,2026-01-31T00:42:42.651448+00:00,181,15,70.65,4.71,0,0,0.0,0.0,0,0.9627,emulator_bot,credit_card
ACC_000851,RING_00055,2026-01-31T00:20:39.633766+00:00,181,34,457.3,13.45,0,0,0.0,0.0,0,0.8208,emulator_bot,credit_card
ACC_000852,RING_00055,2026-01-31T00:00:23.233380+00:00,181,42,452.76,10.78,0,0,0.0,0.0,0,0.8671,emulator_bot,credit_card
ACC_000853,RING_00055,2026-01-31T00:30:58.003195+00:00,181,31,174.84,5.64,0,0,0.0,0.0,0,0.8759,emulator_bot,credit_card
ACC_000854,RING_00055,2026-01-31T00:18:40.664164+00:00,181,34,410.38,12.07,0,0,0.0,0.0,0,0.9302,emulator_bot,credit_card
ACC_000855,RING_00055,2026-01-31T00:30:18.842949+00:00,181,18,99.36,5.52,0,0,0.0,0.0,0,0.8563,emulator_bot,credit_card
ACC_000856,RING_00055,2026-01-31T00:12:29.834593+00:00,181,32,320.32,10.01,0,0,0.0,0.0,0,0.9019,emulator_bot,credit_card
ACC_000857,RING_00055,2026-01-31T00:00:06.501988+00:00,181,27,312.12,11.56,0,0,0.0,0.0,0,0.8985,emulator_bot,credit_card
ACC_000858,RING_00055,2026-01-31T00:15:30.139791+00:00,181,30,191.1,6.37,0,0,0.0,0.0,0,0.9059,emulator_bot,credit_card
ACC_000859,RING_00055,2026-01-31T00:31:42.939325+00:00,181,23,375.36,16.32,0,0,0.0,0.0,0,0.9226,emulator_bot,credit_card
ACC_000860,RING_00055,2026-01-31T00:17:41.405864+00:00,181,23,120.52,5.24,0,0,0.0,0.0,0,0.949,emulator_bot,credit_card
ACC_000861,RING_00055,2026-01-31T00:09:51.770177+00:00,181,21,331.8,15.8,0,0,0.0,0.0,0,0.918,emulator_bot,credit_card
ACC_000862,RING_00055,2026-01-31T00:20:52.818533+00:00,181,38,276.64,7.28,0,0,0.0,0.0,0,0.9735,emulator_bot,credit_card
ACC_000863,RING_00055,2026-01-31T00:33:51.341013+00:00,181,28,411.04,14.68,0,0,0.0,0.0,0,0.9411,emulator_bot,credit_card
ACC_000864,RING_00055,2026-01-31T00:05:22.469334+00:00,181,20,294.0,14.7,0,0,0.0,0.0,0,0.8554,emulator_bot,credit_card
ACC_000865,RING_00055,2026-01-31T00:31:07.730491+00:00,181,18,243.36,13.52,0,0,0.0,0.0,0,0.8199,emulator_bot,credit_card
ACC_000866,RING_00055,2026-01-31T00:30:01.828864+00:00,181,19,335.16,17.64,0,0,0.0,0.0,0,0.8356,emulator_bot,credit_card
ACC_000867,RING_00055,2026-01-31T00:16:40.992275+00:00,181,36,607.32,16.87,0,0,0.0,0.0,0,0.918,emulator_bot,credit_card
ACC_000868,RING_00055,2026-01-31T00:43:39.907717+00:00,181,30,283.8,9.46,0,0,0.0,0.0,0,0.8906,emulator_bot,credit_card
ACC_000869,RING_00055,2026-01-31T00:40:15.704309+00:00,181,39,170.04,4.36,0,0,0.0,0.0,0,0.8509,emulator_bot,credit_card
ACC_000870,RING_00055,2026-01-31T00:14:13.635998+00:00,181,23,353.05,15.35,0,0,0.0,0.0,0,0.8035,emulator_bot,credit_card
ACC_000871,RING_00055,2026-01-31T00:01:23.945952+00:00,181,35,601.65,17.19,0,0,0.0,0.0,0,0.8114,emulator_bot,credit_card
ACC_000872,RING_00055,2026-01-31T00:13:52.422978+00:00,181,42,405.72,9.66,0,0,0.0,0.0,0,0.9598,emulator_bot,credit_card
ACC_000873,RING_00055,2026-01-31T00:09:12.749245+00:00,181,16,65.44,4.09,0,0,0.0,0.0,0,0.8033,emulator_bot,credit_card
ACC_000874,RING_00055,2026-01-31T00:24:37.580168+00:00,181,35,276.85,7.91,0,0,0.0,0.0,0,0.9025,emulator_bot,credit_card
ACC_000875,RING_00056,2027-07-25T00:16:44.743443+00:00,1,33,2133.45,64.65,3,2,0.0909,0.0606,1,0.0375,mobile_ios,credit_card
ACC_000876,RING_00056,2026-06-08T02:15:05.941802+00:00,53,27,3038.58,112.54,3,2,0.1111,0.0741,2,0.0232,mobile_android,credit_card
ACC_000877,RING_00056,2027-04-05T14:49:24.833971+00:00,1,36,2163.6,60.1,1,0,0.0278,0.0,1,0.0229,mobile_ios,credit_card
ACC_000878,RING_00056,2026-12-09T03:39:30.793008+00:00,1,24,2806.08,116.92,2,1,0.0833,0.0417,2,0.0404,mobile_android,credit_card
ACC_000879,RING_00057,2026-05-02T00:18:25.532868+00:00,90,1,51.83,51.83,0,0,0.0,0.0,0,0.8864,desktop_chrome,virtual_card
ACC_000880,RING_00057,2026-05-02T00:07:29.949649+00:00,90,1,50.2,50.2,0,0,0.0,0.0,0,0.9116,desktop_chrome,virtual_card
ACC_000881,RING_00057,2026-05-02T00:21:51.865992+00:00,90,1,50.57,50.57,0,0,0.0,0.0,0,0.7538,desktop_chrome,virtual_card
ACC_000882,RING_00057,2026-05-02T00:07:37.067405+00:00,90,1,49.78,49.78,0,0,0.0,0.0,0,0.8557,desktop_chrome,virtual_card
ACC_000883,RING_00057,2026-05-02T00:06:05.748179+00:00,90,1,49.47,49.47,0,0,0.0,0.0,0,0.8493,desktop_chrome,virtual_card
ACC_000884,RING_00057,2026-05-02T00:21:40.645223+00:00,90,1,50.08,50.08,0,0,0.0,0.0,0,0.8408,desktop_chrome,virtual_card
ACC_000885,RING_00057,2026-05-02T00:06:10.529757+00:00,90,1,49.01,49.01,0,0,0.0,0.0,0,0.8942,desktop_chrome,virtual_card
ACC_000886,RING_00057,2026-05-02T00:10:23.253694+00:00,90,1,50.09,50.09,0,0,0.0,0.0,0,0.7738,desktop_chrome,virtual_card
ACC_000887,RING_00057,2026-05-02T00:09:11.884245+00:00,90,1,50.31,50.31,0,0,0.0,0.0,0,0.8327,desktop_chrome,virtual_card
ACC_000888,RING_00057,2026-05-02T00:22:27.092734+00:00,90,1,50.91,50.91,0,0,0.0,0.0,0,0.8392,desktop_chrome,virtual_card
ACC_000889,RING_00057,2026-05-02T00:11:22.853607+00:00,90,1,49.13,49.13,0,0,0.0,0.0,0,0.8982,desktop_chrome,virtual_card
ACC_000890,RING_00057,2026-05-02T00:17:21.463400+00:00,90,1,50.37,50.37,0,0,0.0,0.0,0,0.7631,desktop_chrome,virtual_card
ACC_000891,RING_00057,2026-05-02T00:19:51.058357+00:00,90,1,51.32,51.32,0,0,0.0,0.0,0,0.8622,desktop_chrome,virtual_card
ACC_000892,RING_00057,2026-05-02T00:15:41.855371+00:00,90,1,50.95,50.95,0,0,0.0,0.0,0,0.8226,desktop_chrome,virtual_card
ACC_000893,RING_00058,2026-04-22T04:16:47.182345+00:00,100,14,1381.1,98.65,1,0,0.0714,0.0,1,0.0278,desktop_chrome,paypal
ACC_000894,RING_00058,2026-10-16T20:14:01.791164+00:00,1,35,4198.6,119.96,0,0,0.0,0.0,1,0.0649,mobile_ios,credit_card
ACC_000895,RING_00058,2026-10-27T20:42:56.728964+00:00,1,29,4836.62,166.78,0,0,0.0,0.0,2,0.0429,mobile_ios,paypal
ACC_000896,RING_00058,2026-05-09T08:15:34.863188+00:00,83,10,1151.9,115.19,0,0,0.0,0.0,2,0.0112,desktop_chrome,credit_card
ACC_000897,RING_00058,2026-07-29T19:34:43.070577+00:00,2,28,3647.84,130.28,0,0,0.0,0.0,3,0.0358,desktop_safari,paypal
ACC_000898,RING_00058,2026-06-02T00:53:06.316840+00:00,59,29,2266.64,78.16,1,0,0.0345,0.0,2,0.0323,mobile_ios,paypal
ACC_000899,RING_00058,2026-10-30T15:27:41.399402+00:00,1,17,1511.98,88.94,1,0,0.0588,0.0,2,0.0888,desktop_safari,credit_card
ACC_000900,RING_00058,2026-11-25T20:36:35.881457+00:00,1,29,4314.04,148.76,0,0,0.0,0.0,3,0.0792,desktop_safari,credit_card
ACC_000901,RING_00058,2026-12-10T13:32:15.569790+00:00,1,33,1483.35,44.95,1,0,0.0303,0.0,2,0.0734,desktop_safari,credit_card
ACC_000902,RING_00058,2026-06-28T21:24:58.711874+00:00,33,15,1603.65,106.91,0,0,0.0,0.0,2,0.0436,desktop_safari,credit_card
ACC_000903,RING_00058,2026-05-16T09:02:17.343063+00:00,76,20,874.8,43.74,1,0,0.05,0.0,3,0.0256,desktop_safari,credit_card
ACC_000904,RING_00058,2026-11-11T09:16:17.184151+00:00,1,17,3036.71,178.63,0,0,0.0,0.0,3,0.0387,desktop_chrome,credit_card
ACC_000905,RING_00058,2026-08-29T03:14:08.818314+00:00,1,38,3302.96,86.92,1,0,0.0263,0.0,3,0.0728,mobile_ios,paypal
ACC_000906,RING_00058,2026-09-24T04:50:18.244634+00:00,1,31,4619.62,149.02,1,0,0.0323,0.0,2,0.0536,desktop_safari,paypal
ACC_000907,RING_00058,2026-06-17T09:49:32.840675+00:00,44,14,938.28,67.02,0,0,0.0,0.0,1,0.0576,desktop_chrome,credit_card
ACC_000908,RING_00058,2026-12-02T09:03:42.556681+00:00,1,37,2013.17,54.41,1,0,0.027,0.0,3,0.0875,desktop_safari,paypal
ACC_000909,RING_00058,2026-12-02T10:10:44.943094+00:00,1,17,1053.83,61.99,0,0,0.0,0.0,3,0.0867,desktop_chrome,credit_card
ACC_000910,RING_00058,2026-07-14T12:40:56.441547+00:00,17,35,3020.85,86.31,2,1,0.0571,0.0286,3,0.0695,desktop_safari,paypal
ACC_000911,RING_00058,2026-08-07T15:42:00.282404+00:00,1,13,906.75,69.75,0,0,0.0,0.0,1,0.0726,desktop_chrome,paypal
ACC_000912,RING_00058,2026-12-09T21:43:17.604076+00:00,1,20,3456.8,172.84,1,0,0.05,0.0,3,0.0351,desktop_safari,paypal
ACC_000913,RING_00058,2026-08-05T00:23:44.715801+00:00,1,32,5203.84,162.62,1,0,0.0312,0.0,2,0.0677,desktop_safari,paypal
ACC_000914,RING_00058,2026-05-04T01:25:05.125651+00:00,88,26,3399.24,130.74,0,0,0.0,0.0,2,0.0685,mobile_ios,credit_card
ACC_000915,RING_00058,2026-10-03T17:21:53.915296+00:00,1,18,2210.58,122.81,0,0,0.0,0.0,3,0.0738,desktop_chrome,paypal
ACC_000916,RING_00058,2026-09-18T03:08:31.466970+00:00,1,27,2037.15,75.45,1,0,0.037,0.0,1,0.0266,desktop_safari,credit_card
ACC_000917,RING_00058,2026-08-26T21:26:57.887660+00:00,1,20,2615.4,130.77,0,0,0.0,0.0,1,0.054,desktop_chrome,paypal
ACC_000918,RING_00058,2026-12-26T21:34:28.541614+00:00,1,9,1269.63,141.07,0,0,0.0,0.0,3,0.085,mobile_ios,paypal
ACC_000919,RING_00058,2026-10-03T13:16:35.650947+00:00,1,34,4722.26,138.89,0,0,0.0,0.0,3,0.0702,desktop_chrome,credit_card
ACC_000920,RING_00058,2026-07-11T19:56:37.696793+00:00,20,35,5241.25,149.75,0,0,0.0,0.0,1,0.0376,desktop_safari,paypal
ACC_000921,RING_00058,2026-06-16T09:18:08.369779+00:00,45,35,3387.3,96.78,1,0,0.0286,0.0,2,0.0445,mobile_ios,credit_card
ACC_000922,RING_00058,2026-08-08T02:00:31.379696+00:00,1,29,2947.56,101.64,0,0,0.0,0.0,3,0.0476,desktop_chrome,paypal
ACC_000923,RING_00058,2026-06-30T09:01:33.679846+00:00,31,8,1393.52,174.19,0,0,0.0,0.0,1,0.0274,mobile_ios,credit_card
ACC_000924,RING_00058,2026-04-27T16:27:36.167652+00:00,95,16,759.36,47.46,1,0,0.0625,0.0,3,0.0679,desktop_safari,credit_card
ACC_000925,RING_00058,2027-01-22T22:11:39.957142+00:00,1,29,3801.32,131.08,1,0,0.0345,0.0,2,0.0102,desktop_safari,paypal
ACC_000926,RING_00058,2026-07-26T14:19:01.336500+00:00,5,12,2013.72,167.81,0,0,0.0,0.0,1,0.0527,desktop_safari,paypal
ACC_000927,RING_00058,2026-04-30T10:52:00.184519+00:00,92,10,1275.2,127.52,0,0,0.0,0.0,1,0.0526,mobile_ios,paypal
ACC_000928,RING_00058,2026-06-30T07:02:31.103427+00:00,31,36,5885.64,163.49,0,0,0.0,0.0,3,0.0244,mobile_ios,credit_card
ACC_000929,RING_00058,2026-08-24T05:26:43.408938+00:00,1,11,818.95,74.45,0,0,0.0,0.0,3,0.0491,desktop_safari,credit_card
ACC_000930,RING_00058,2026-11-01T19:15:13.938884+00:00,1,29,4772.24,164.56,1,0,0.0345,0.0,1,0.0339,desktop_chrome,paypal
ACC_000931,RING_00058,2026-12-07T20:35:29.534304+00:00,1,24,2591.28,107.97,1,0,0.0417,0.0,1,0.0678,desktop_chrome,paypal
ACC_000932,RING_00058,2026-07-16T22:33:55.419525+00:00,15,24,2513.76,104.74,0,0,0.0,0.0,3,0.0331,desktop_safari,paypal
ACC_000933,RING_00058,2026-05-18T19:02:03.692468+00:00,74,30,1475.1,49.17,1,0,0.0333,0.0,2,0.0312,desktop_chrome,credit_card
ACC_000934,RING_00059,2027-05-26T02:37:10.956889+00:00,1,36,4662.72,129.52,5,4,0.1389,0.1111,0,0.0768,mobile_ios,paypal
ACC_000935,RING_00060,2026-10-14T11:16:01.366878+00:00,1,20,1397.4,69.87,1,0,0.05,0.0,1,0.0498,mobile_ios,credit_card
ACC_000936,RING_00060,2026-03-02T04:50:55.450428+00:00,151,30,2594.1,86.47,1,0,0.0333,0.0,3,0.0224,mobile_ios,debit_card
ACC_000937,RING_00060,2026-08-06T19:10:47.102285+00:00,1,25,1503.0,60.12,1,0,0.04,0.0,3,0.0234,mobile_ios,debit_card
ACC_000938,RING_00060,2026-06-23T16:15:25.841291+00:00,38,39,4968.99,127.41,2,1,0.0513,0.0256,2,0.0537,mobile_android,credit_card
ACC_000939,RING_00060,2026-07-13T21:57:09.796338+00:00,18,39,3699.93,94.87,2,1,0.0513,0.0256,2,0.0193,mobile_android,credit_card
ACC_000940,RING_00060,2027-02-01T20:48:36.135738+00:00,1,38,5898.36,155.22,1,0,0.0263,0.0,3,0.0466,mobile_ios,credit_card
ACC_000941,RING_00060,2026-10-10T22:08:56.095058+00:00,1,22,2244.88,102.04,0,0,0.0,0.0,3,0.0289,desktop_chrome,debit_card
ACC_000942,RING_00060,2026-03-09T22:29:52.881834+00:00,144,30,2907.6,96.92,2,1,0.0667,0.0333,1,0.0168,desktop_chrome,credit_card
ACC_000943,RING_00060,2027-02-18T18:29:27.938664+00:00,1,24,1715.28,71.47,1,0,0.0417,0.0,1,0.0295,desktop_chrome,debit_card
ACC_000944,RING_00060,2026-10-20T21:02:50.720594+00:00,1,21,1677.06,79.86,0,0,0.0,0.0,1,0.0506,mobile_ios,credit_card
ACC_000945,RING_00060,2026-09-04T03:33:09.723632+00:00,1,24,2258.64,94.11,1,0,0.0417,0.0,2,0.0341,mobile_ios,debit_card
ACC_000946,RING_00060,2026-12-16T16:31:11.985966+00:00,1,28,2201.92,78.64,2,1,0.0714,0.0357,3,0.0255,desktop_chrome,debit_card
ACC_000947,RING_00060,2026-09-05T14:40:12.579999+00:00,1,18,1735.2,96.4,0,0,0.0,0.0,1,0.0118,desktop_chrome,debit_card
ACC_000948,RING_00060,2027-03-03T04:33:21.337632+00:00,1,32,1841.92,57.56,1,0,0.0312,0.0,1,0.0546,mobile_ios,debit_card
ACC_000949,RING_00060,2026-06-29T03:00:32.590147+00:00,32,39,1974.96,50.64,1,0,0.0256,0.0,3,0.0698,mobile_android,credit_card
ACC_000950,RING_00060,2026-10-14T20:43:03.483430+00:00,1,33,2642.97,80.09,3,1,0.0909,0.0303,2,0.051,desktop_chrome,credit_card
ACC_000951,RING_00060,2026-05-30T04:41:01.067443+00:00,62,10,991.5,99.15,0,0,0.0,0.0,3,0.0474,desktop_chrome,credit_card
ACC_000952,RING_00061,2026-09-02T15:58:28.656352+00:00,1,19,1440.96,75.84,2,1,0.1053,0.0526,1,0.0888,desktop_chrome,credit_card
ACC_000953,RING_00062,2027-08-30T17:25:40.087311+00:00,1,23,3057.62,132.94,0,0,0.0,0.0,2,0.0411,mobile_android,credit_card
ACC_000954,RING_00062,2027-09-08T22:21:24.420408+00:00,1,23,2136.24,92.88,3,2,0.1304,0.087,1,0.0344,mobile_ios,credit_card
ACC_000955,RING_00062,2026-07-12T18:22:06.347171+00:00,19,47,2698.74,57.42,6,5,0.1277,0.1064,1,0.018,mobile_android,credit_card
ACC_000956,RING_00062,2027-07-02T00:41:22.374836+00:00,1,15,1519.5,101.3,1,0,0.0667,0.0,1,0.0333,mobile_ios,credit_card
ACC_000957,RING_00063,2026-04-16T01:55:59.910793+00:00,106,30,7000.8,233.36,27,24,0.9,0.8,16,0.8002,desktop_chrome,credit_card
ACC_000958,RING_00063,2026-04-22T10:15:04.046908+00:00,100,24,8701.2,362.55,22,20,0.9167,0.8333,17,0.7957,desktop_chrome,credit_card
ACC_000959,RING_00063,2026-04-14T10:25:35.818683+00:00,108,23,7449.7,323.9,20,19,0.8696,0.8261,12,0.8467,desktop_chrome,credit_card
ACC_000960,RING_00063,2026-04-29T19:47:29.858083+00:00,93,29,8721.75,300.75,26,25,0.8966,0.8621,14,0.8766,desktop_chrome,credit_card
ACC_000961,RING_00063,2026-04-28T17:43:13.399232+00:00,94,20,8367.8,418.39,18,17,0.9,0.85,15,0.7325,desktop_chrome,credit_card
ACC_000962,RING_00063,2026-04-17T17:43:14.735048+00:00,105,21,9909.06,471.86,18,17,0.8571,0.8095,20,0.7947,desktop_chrome,credit_card
ACC_000963,RING_00063,2026-04-26T12:47:53.472062+00:00,96,20,6954.4,347.72,17,16,0.85,0.8,12,0.8656,desktop_chrome,credit_card
ACC_000964,RING_00063,2026-04-12T21:50:31.137905+00:00,110,22,9672.52,439.66,18,17,0.8182,0.7727,12,0.7906,desktop_chrome,credit_card
ACC_000965,RING_00063,2026-04-25T19:22:23.650243+00:00,97,32,12570.88,392.84,29,28,0.9062,0.875,20,0.8124,desktop_chrome,credit_card
ACC_000966,RING_00063,2026-04-16T15:34:49.375971+00:00,106,30,11638.8,387.96,25,24,0.8333,0.8,15,0.7484,desktop_chrome,credit_card
ACC_000967,RING_00063,2026-04-13T17:06:28.976272+00:00,109,31,11073.51,357.21,27,26,0.871,0.8387,16,0.8752,desktop_chrome,credit_card
ACC_000968,RING_00063,2026-04-24T13:31:54.424537+00:00,98,22,7360.32,334.56,20,18,0.9091,0.8182,17,0.8177,desktop_chrome,credit_card
ACC_000969,RING_00063,2026-04-20T09:30:26.181192+00:00,102,29,8486.85,292.65,26,24,0.8966,0.8276,15,0.8309,desktop_chrome,credit_card
ACC_000970,RING_00064,2026-11-09T11:14:56.456036+00:00,1,17,1142.57,67.21,1,0,0.0588,0.0,0,0.0344,desktop_chrome,credit_card
ACC_000971,RING_00064,2026-04-14T04:37:48.923453+00:00,108,21,2195.55,104.55,0,0,0.0,0.0,1,0.0714,mobile_ios,credit_card
ACC_000972,RING_00064,2026-05-19T23:56:44.358277+00:00,73,34,2204.56,64.84,2,1,0.0588,0.0294,0,0.0569,mobile_ios,credit_card
ACC_000973,RING_00064,2026-09-10T17:53:01.354452+00:00,1,34,4050.42,119.13,3,1,0.0882,0.0294,2,0.035,mobile_ios,credit_card
ACC_000974,RING_00064,2026-10-15T17:28:30.496773+00:00,1,8,669.04,83.63,0,0,0.0,0.0,1,0.0763,desktop_chrome,credit_card
ACC_000975,RING_00064,2026-04-03T10:01:10.863573+00:00,119,8,927.92,115.99,0,0,0.0,0.0,2,0.0542,mobile_ios,credit_card
ACC_000976,RING_00065,2026-05-11T00:01:49.864743+00:00,81,1,49.26,49.26,0,0,0.0,0.0,0,0.8475,desktop_chrome,virtual_card
ACC_000977,RING_00065,2026-05-11T00:14:46.800018+00:00,81,1,50.53,50.53,0,0,0.0,0.0,0,0.7641,desktop_chrome,virtual_card
ACC_000978,RING_00065,2026-05-11T00:10:54.388999+00:00,81,1,51.45,51.45,0,0,0.0,0.0,0,0.7946,desktop_chrome,virtual_card
ACC_000979,RING_00065,2026-05-11T00:06:15.429890+00:00,81,1,50.62,50.62,0,0,0.0,0.0,0,0.8586,desktop_chrome,virtual_card
ACC_000980,RING_00065,2026-05-11T00:20:11.083484+00:00,81,1,51.89,51.89,0,0,0.0,0.0,0,0.8339,desktop_chrome,virtual_card
ACC_000981,RING_00065,2026-05-11T00:04:23.838850+00:00,81,1,51.75,51.75,0,0,0.0,0.0,0,0.8103,desktop_chrome,virtual_card
ACC_000982,RING_00065,2026-05-11T00:23:19.472640+00:00,81,1,51.57,51.57,0,0,0.0,0.0,0,0.7901,desktop_chrome,virtual_card
ACC_000983,RING_00065,2026-05-11T00:22:06.847542+00:00,81,1,51.12,51.12,0,0,0.0,0.0,0,0.7651,desktop_chrome,virtual_card
ACC_000984,RING_00065,2026-05-11T00:09:00.881321+00:00,81,1,51.96,51.96,0,0,0.0,0.0,0,0.9122,desktop_chrome,virtual_card
ACC_000985,RING_00065,2026-05-11T00:07:37.729396+00:00,81,1,50.33,50.33,0,0,0.0,0.0,0,0.8391,desktop_chrome,virtual_card
ACC_000986,RING_00065,2026-05-11T00:03:26.230025+00:00,81,1,50.79,50.79,0,0,0.0,0.0,0,0.7968,desktop_chrome,virtual_card
ACC_000987,RING_00065,2026-05-11T00:22:54.491724+00:00,81,1,51.02,51.02,0,0,0.0,0.0,0,0.8688,desktop_chrome,virtual_card
ACC_000988,RING_00065,2026-05-11T00:15:41.297788+00:00,81,1,50.58,50.58,0,0,0.0,0.0,0,0.7751,desktop_chrome,virtual_card
ACC_000989,RING_00065,2026-05-11T00:00:47.675373+00:00,81,1,51.76,51.76,0,0,0.0,0.0,0,0.7696,desktop_chrome,virtual_card
ACC_000990,RING_00065,2026-05-11T00:12:46.499122+00:00,81,1,50.89,50.89,0,0,0.0,0.0,0,0.7675,desktop_chrome,virtual_card
ACC_000991,RING_00066,2026-01-04T00:09:05.046126+00:00,208,1,49.74,49.74,0,0,0.0,0.0,0,0.8878,desktop_chrome,virtual_card
ACC_000992,RING_00066,2026-01-04T00:15:59.373847+00:00,208,1,49.23,49.23,0,0,0.0,0.0,0,0.8575,desktop_chrome,virtual_card
ACC_000993,RING_00066,2026-01-04T00:13:02.316330+00:00,208,1,49.36,49.36,0,0,0.0,0.0,0,0.8613,desktop_chrome,virtual_card
ACC_000994,RING_00066,2026-01-04T00:16:51.808727+00:00,208,1,50.25,50.25,0,0,0.0,0.0,0,0.8721,desktop_chrome,virtual_card
ACC_000995,RING_00066,2026-01-04T00:16:52.528291+00:00,208,1,49.16,49.16,0,0,0.0,0.0,0,0.8444,desktop_chrome,virtual_card
ACC_000996,RING_00066,2026-01-04T00:03:30.260616+00:00,208,1,49.43,49.43,0,0,0.0,0.0,0,0.866,desktop_chrome,virtual_card
ACC_000997,RING_00066,2026-01-04T00:01:26.006105+00:00,208,1,49.36,49.36,0,0,0.0,0.0,0,0.7625,desktop_chrome,virtual_card
ACC_000998,RING_00066,2026-01-04T00:15:38.037211+00:00,208,1,51.14,51.14,0,0,0.0,0.0,0,0.7608,desktop_chrome,virtual_card
ACC_000999,RING_00066,2026-01-04T00:16:19.836457+00:00,208,1,49.67,49.67,0,0,0.0,0.0,0,0.8902,desktop_chrome,virtual_card
ACC_001000,RING_00066,2026-01-04T00:13:55.055603+00:00,208,1,51.43,51.43,0,0,0.0,0.0,0,0.8952,desktop_chrome,virtual_card
ACC_001001,RING_00067,2027-01-09T09:43:16.055462+00:00,1,29,2578.97,88.93,2,1,0.069,0.0345,0,0.0546,desktop_safari,debit_card
ACC_001002,RING_00067,2026-10-17T17:45:10.383055+00:00,1,9,471.96,52.44,0,0,0.0,0.0,1,0.0228,desktop_chrome,apple_pay
ACC_001003,RING_00067,2027-03-11T11:41:55.372630+00:00,1,10,286.2,28.62,0,0,0.0,0.0,1,0.0406,mobile_ios,credit_card
ACC_001004,RING_00067,2026-12-25T16:48:12.835805+00:00,1,14,1036.7,74.05,1,0,0.0714,0.0,1,0.0257,mobile_ios,debit_card
ACC_001005,RING_00067,2026-06-28T07:36:53.975626+00:00,33,23,1494.77,64.99,1,0,0.0435,0.0,0,0.0666,desktop_chrome,debit_card
ACC_001006,RING_00067,2026-05-12T07:54:21.125482+00:00,80,27,1621.35,60.05,1,0,0.037,0.0,1,0.024,mobile_ios,debit_card
ACC_001007,RING_00067,2027-02-08T11:04:26.289485+00:00,1,15,1352.7,90.18,0,0,0.0,0.0,1,0.0377,desktop_chrome,debit_card
ACC_001008,RING_00067,2026-12-28T15:44:41.187077+00:00,1,11,945.45,85.95,1,0,0.0909,0.0,1,0.0295,mobile_ios,apple_pay
ACC_001009,RING_00067,2026-11-04T15:04:42.356673+00:00,1,11,716.43,65.13,0,0,0.0,0.0,1,0.0119,desktop_safari,apple_pay
ACC_001010,RING_00067,2027-02-10T18:06:42.216873+00:00,1,17,646.0,38.0,0,0,0.0,0.0,0,0.0615,desktop_safari,credit_card
ACC_001011,RING_00067,2026-05-31T03:17:43.213558+00:00,61,12,1121.4,93.45,0,0,0.0,0.0,0,0.0296,desktop_chrome,credit_card
ACC_001012,RING_00067,2026-11-12T13:00:02.758720+00:00,1,19,1537.1,80.9,1,0,0.0526,0.0,1,0.0101,desktop_chrome,debit_card
ACC_001013,RING_00067,2026-12-24T20:36:45.567930+00:00,1,26,1752.66,67.41,1,0,0.0385,0.0,1,0.0663,mobile_ios,credit_card
ACC_001014,RING_00067,2026-08-19T15:09:37.045075+00:00,1,24,1590.72,66.28,0,0,0.0,0.0,1,0.0117,desktop_chrome,credit_card
ACC_001015,RING_00067,2026-10-30T10:20:49.665857+00:00,1,29,2074.66,71.54,2,1,0.069,0.0345,1,0.0726,desktop_chrome,apple_pay
ACC_001016,RING_00067,2026-04-13T06:23:36.156353+00:00,109,27,1666.44,61.72,1,0,0.037,0.0,1,0.0154,desktop_safari,credit_card
ACC_001017,RING_00067,2026-09-15T22:48:28.433834+00:00,1,6,441.24,73.54,0,0,0.0,0.0,1,0.016,desktop_safari,debit_card
ACC_001018,RING_00067,2026-05-14T18:03:06.753111+00:00,78,15,1230.3,82.02,1,0,0.0667,0.0,0,0.0227,desktop_safari,debit_card
ACC_001019,RING_00067,2026-06-22T04:50:37.605002+00:00,39,19,790.02,41.58,0,0,0.0,0.0,0,0.0185,mobile_ios,credit_card
ACC_001020,RING_00067,2026-07-18T05:28:03.035646+00:00,13,28,1890.84,67.53,1,0,0.0357,0.0,0,0.0582,mobile_ios,apple_pay
ACC_001021,RING_00067,2026-09-11T16:13:27.707449+00:00,1,13,897.91,69.07,0,0,0.0,0.0,1,0.0139,desktop_chrome,apple_pay
ACC_001022,RING_00067,2027-02-18T07:56:56.679746+00:00,1,23,1297.43,56.41,2,1,0.087,0.0435,1,0.037,desktop_chrome,credit_card
ACC_001023,RING_00067,2027-01-16T21:29:42.131424+00:00,1,9,760.23,84.47,0,0,0.0,0.0,0,0.0106,desktop_chrome,credit_card
ACC_001024,RING_00067,2026-06-21T08:50:15.171558+00:00,40,27,1720.44,63.72,2,1,0.0741,0.037,0,0.0684,desktop_chrome,debit_card
ACC_001025,RING_00067,2026-08-13T17:46:49.288592+00:00,1,23,1636.22,71.14,0,0,0.0,0.0,0,0.0529,desktop_chrome,debit_card
ACC_001026,RING_00067,2027-03-05T07:25:01.496378+00:00,1,22,1760.66,80.03,1,0,0.0455,0.0,0,0.0216,mobile_ios,apple_pay
ACC_001027,RING_00067,2026-06-17T20:54:19.525508+00:00,44,13,484.51,37.27,1,0,0.0769,0.0,0,0.0347,desktop_safari,credit_card
ACC_001028,RING_00067,2027-02-11T18:13:14.747005+00:00,1,11,979.66,89.06,1,0,0.0909,0.0,1,0.0502,desktop_safari,debit_card
ACC_001029,RING_00067,2026-11-27T23:36:52.922804+00:00,1,29,1182.62,40.78,2,1,0.069,0.0345,1,0.0241,desktop_chrome,apple_pay
ACC_001030,RING_00067,2027-01-14T13:40:16.996209+00:00,1,17,1179.46,69.38,1,0,0.0588,0.0,0,0.0723,mobile_ios,credit_card
ACC_001031,RING_00067,2026-05-14T20:46:05.600481+00:00,78,24,1599.36,66.64,0,0,0.0,0.0,1,0.0129,mobile_ios,credit_card
ACC_001032,RING_00067,2026-10-06T01:48:35.539767+00:00,1,23,904.82,39.34,2,1,0.087,0.0435,0,0.0714,mobile_ios,credit_card
ACC_001033,RING_00067,2027-02-25T03:10:43.400870+00:00,1,25,1165.25,46.61,2,1,0.08,0.04,0,0.0125,desktop_safari,apple_pay
ACC_001034,RING_00067,2027-03-29T23:07:44.265646+00:00,1,13,758.68,58.36,0,0,0.0,0.0,1,0.0621,mobile_ios,credit_card
ACC_001035,RING_00067,2026-05-27T12:19:54.213932+00:00,65,7,357.98,51.14,0,0,0.0,0.0,1,0.0534,desktop_safari,credit_card
ACC_001036,RING_00067,2026-08-05T05:05:36.947283+00:00,1,21,1760.43,83.83,0,0,0.0,0.0,1,0.0174,desktop_safari,credit_card
ACC_001037,RING_00068,2027-05-20T19:28:51.029279+00:00,1,25,1963.75,78.55,1,0,0.04,0.0,3,0.0308,desktop_chrome,credit_card
ACC_001038,RING_00068,2026-08-27T03:19:51.219525+00:00,1,14,1775.06,126.79,0,0,0.0,0.0,2,0.0222,desktop_chrome,credit_card
ACC_001039,RING_00068,2026-09-02T10:17:06.578484+00:00,1,26,1301.3,50.05,2,1,0.0769,0.0385,1,0.0197,desktop_chrome,debit_card
ACC_001040,RING_00068,2027-04-08T00:44:55.788473+00:00,1,30,4787.7,159.59,1,0,0.0333,0.0,1,0.0229,mobile_ios,credit_card
ACC_001041,RING_00068,2027-02-07T17:52:13.373317+00:00,1,19,3038.86,159.94,1,0,0.0526,0.0,3,0.0665,desktop_chrome,debit_card
ACC_001042,RING_00068,2027-01-07T18:54:25.987235+00:00,1,20,1984.0,99.2,1,0,0.05,0.0,2,0.0482,mobile_ios,credit_card
ACC_001043,RING_00068,2027-03-25T02:52:55.031867+00:00,1,34,1584.06,46.59,2,1,0.0588,0.0294,2,0.0333,mobile_android,debit_card
ACC_001044,RING_00068,2026-07-20T03:10:20.623905+00:00,11,18,2797.38,155.41,1,0,0.0556,0.0,2,0.0232,mobile_ios,credit_card
ACC_001045,RING_00068,2026-08-28T16:17:37.508823+00:00,1,30,3827.4,127.58,1,0,0.0333,0.0,3,0.0528,desktop_chrome,debit_card
ACC_001046,RING_00068,2027-05-11T16:43:05.672296+00:00,1,26,2655.9,102.15,2,1,0.0769,0.0385,3,0.05,mobile_android,credit_card
ACC_001047,RING_00068,2026-07-06T11:33:58.353042+00:00,25,35,5499.2,157.12,1,0,0.0286,0.0,3,0.0563,desktop_chrome,debit_card
ACC_001048,RING_00068,2027-07-05T21:48:08.284413+00:00,1,24,1901.52,79.23,1,0,0.0417,0.0,3,0.0296,desktop_chrome,debit_card
ACC_001049,RING_00068,2026-12-19T04:16:46.507373+00:00,1,23,1274.2,55.4,0,0,0.0,0.0,1,0.0176,desktop_chrome,credit_card
ACC_001050,RING_00068,2026-11-22T06:13:45.028747+00:00,1,37,5259.55,142.15,1,0,0.027,0.0,3,0.0434,mobile_ios,credit_card
ACC_001051,RING_00068,2026-06-25T03:30:03.682809+00:00,36,21,2197.23,104.63,0,0,0.0,0.0,3,0.0652,mobile_android,credit_card
ACC_001052,RING_00068,2027-06-16T00:27:54.033364+00:00,1,18,1513.98,84.11,0,0,0.0,0.0,1,0.0393,mobile_ios,debit_card
ACC_001053,RING_00068,2026-11-19T00:50:42.167001+00:00,1,25,3730.25,149.21,0,0,0.0,0.0,2,0.0596,mobile_android,debit_card
ACC_001054,RING_00068,2026-09-05T18:36:06.307182+00:00,1,17,2196.74,129.22,1,0,0.0588,0.0,1,0.0261,desktop_chrome,debit_card
ACC_001055,RING_00068,2026-07-09T20:17:38.861781+00:00,22,32,2334.72,72.96,2,1,0.0625,0.0312,1,0.0232,mobile_ios,debit_card
ACC_001056,RING_00068,2027-06-25T09:09:02.159161+00:00,1,21,2898.84,138.04,1,0,0.0476,0.0,1,0.0491,mobile_android,debit_card
ACC_001057,RING_00068,2027-01-12T14:46:12.297218+00:00,1,22,1013.54,46.07,0,0,0.0,0.0,1,0.035,mobile_android,credit_card
ACC_001058,RING_00068,2026-06-22T00:07:35.105303+00:00,39,17,2168.18,127.54,1,0,0.0588,0.0,1,0.0498,mobile_android,debit_card
ACC_001059,RING_00068,2026-07-17T07:24:24.819654+00:00,14,13,1085.37,83.49,0,0,0.0,0.0,2,0.0265,mobile_android,debit_card
ACC_001060,RING_00068,2026-11-29T10:19:33.061776+00:00,1,39,3269.37,83.83,0,0,0.0,0.0,1,0.0288,desktop_chrome,debit_card
ACC_001061,RING_00068,2027-05-04T02:00:38.143795+00:00,1,13,1618.89,124.53,1,0,0.0769,0.0,3,0.0284,mobile_ios,debit_card
ACC_001062,RING_00068,2027-07-13T13:34:12.404270+00:00,1,13,1219.4,93.8,0,0,0.0,0.0,1,0.0384,mobile_ios,credit_card
ACC_001063,RING_00069,2026-05-19T03:45:21.330316+00:00,73,19,956.27,50.33,1,0,0.0526,0.0,1,0.069,desktop_chrome,debit_card
ACC_001064,RING_00069,2026-05-18T01:18:24.408765+00:00,74,19,1129.93,59.47,1,0,0.0526,0.0,3,0.0283,mobile_ios,debit_card
ACC_001065,RING_00069,2026-12-25T19:10:17.752107+00:00,1,35,2560.95,73.17,2,1,0.0571,0.0286,2,0.0444,desktop_chrome,debit_card
ACC_001066,RING_00069,2026-04-23T04:56:39.321410+00:00,99,16,1618.88,101.18,0,0,0.0,0.0,3,0.0443,desktop_chrome,debit_card
ACC_001067,RING_00069,2027-03-29T16:58:56.317274+00:00,1,15,1061.4,70.76,1,0,0.0667,0.0,2,0.0448,desktop_chrome,credit_card
ACC_001068,RING_00069,2027-02-23T10:31:48.995649+00:00,1,32,1468.16,45.88,2,1,0.0625,0.0312,2,0.0213,desktop_chrome,debit_card
ACC_001069,RING_00069,2027-01-07T19:26:29.526049+00:00,1,24,2160.72,90.03,0,0,0.0,0.0,3,0.0603,desktop_chrome,debit_card
ACC_001070,RING_00069,2026-09-17T21:31:02.306333+00:00,1,17,2094.91,123.23,1,0,0.0588,0.0,2,0.0391,mobile_ios,debit_card
ACC_001071,RING_00069,2026-05-21T07:28:13.343344+00:00,71,33,4491.3,136.1,0,0,0.0,0.0,3,0.0361,mobile_ios,credit_card
ACC_001072,RING_00069,2026-06-10T19:13:04.269878+00:00,51,18,1337.94,74.33,1,0,0.0556,0.0,3,0.0413,desktop_chrome,credit_card
ACC_001073,RING_00069,2027-01-04T08:53:41.055203+00:00,1,11,676.17,61.47,0,0,0.0,0.0,1,0.0216,desktop_chrome,debit_card
ACC_001074,RING_00069,2026-08-28T05:33:06.054156+00:00,1,15,2063.55,137.57,0,0,0.0,0.0,1,0.0656,mobile_android,credit_card
ACC_001075,RING_00069,2027-01-11T19:30:58.152135+00:00,1,24,2478.72,103.28,1,0,0.0417,0.0,3,0.0114,mobile_ios,credit_card
ACC_001076,RING_00069,2026-04-07T10:12:57.243693+00:00,115,38,2530.8,66.6,2,1,0.0526,0.0263,1,0.0354,desktop_chrome,credit_card
ACC_001077,RING_00069,2026-08-22T08:14:42.008556+00:00,1,37,2868.61,77.53,0,0,0.0,0.0,2,0.0397,mobile_android,credit_card
ACC_001078,RING_00069,2026-08-20T09:36:22.565412+00:00,1,11,1277.76,116.16,0,0,0.0,0.0,1,0.0427,mobile_android,credit_card
ACC_001079,RING_00069,2026-09-11T07:34:14.190788+00:00,1,30,2633.7,87.79,2,1,0.0667,0.0333,3,0.0568,mobile_android,debit_card
ACC_001080,RING_00069,2026-11-24T17:23:44.615837+00:00,1,14,2018.1,144.15,1,0,0.0714,0.0,1,0.033,mobile_android,credit_card
ACC_001081,RING_00069,2027-01-05T22:31:27.120606+00:00,1,30,3019.8,100.66,1,0,0.0333,0.0,3,0.036,mobile_android,credit_card
ACC_001082,RING_00070,2026-08-26T13:07:26.585891+00:00,1,6,496.38,82.73,0,0,0.0,0.0,0,0.0277,mobile_ios,credit_card
ACC_001083,RING_00070,2026-11-04T15:25:34.411602+00:00,1,9,835.56,92.84,0,0,0.0,0.0,0,0.0356,mobile_ios,credit_card
ACC_001084,RING_00070,2026-10-01T19:33:00.607163+00:00,1,9,842.94,93.66,0,0,0.0,0.0,1,0.0485,mobile_ios,credit_card
ACC_001085,RING_00070,2026-04-09T11:30:19.933127+00:00,113,15,1596.0,106.4,1,0,0.0667,0.0,0,0.0735,mobile_ios,credit_card
ACC_001086,RING_00070,2026-06-27T02:17:16.203927+00:00,34,15,1098.0,73.2,1,0,0.0667,0.0,1,0.0587,mobile_ios,credit_card
ACC_001087,RING_00070,2026-06-01T12:02:50.163172+00:00,60,6,640.56,106.76,0,0,0.0,0.0,1,0.0748,mobile_ios,credit_card
ACC_001088,RING_00070,2026-10-27T20:18:48.355177+00:00,1,8,599.68,74.96,0,0,0.0,0.0,1,0.0747,mobile_ios,credit_card
ACC_001089,RING_00070,2026-11-19T21:36:37.948044+00:00,1,7,687.47,98.21,0,0,0.0,0.0,0,0.0335,mobile_ios,credit_card
ACC_001090,RING_00070,2026-06-26T04:32:26.694650+00:00,35,17,1786.36,105.08,1,0,0.0588,0.0,0,0.0498,mobile_ios,credit_card
ACC_001091,RING_00070,2026-09-08T06:00:22.018680+00:00,1,10,415.1,41.51,0,0,0.0,0.0,1,0.0644,mobile_ios,credit_card
ACC_001092,RING_00070,2026-09-10T04:04:37.037599+00:00,1,6,468.06,78.01,0,0,0.0,0.0,1,0.0144,mobile_ios,credit_card
ACC_001093,RING_00070,2026-07-03T12:01:07.612102+00:00,28,17,1739.78,102.34,0,0,0.0,0.0,0,0.0612,mobile_ios,credit_card
ACC_001094,RING_00070,2026-03-24T14:10:55.527540+00:00,129,11,1018.49,92.59,1,0,0.0909,0.0,0,0.0243,mobile_ios,credit_card
ACC_001095,RING_00070,2026-06-10T11:24:43.604673+00:00,51,7,653.24,93.32,0,0,0.0,0.0,0,0.044,mobile_ios,credit_card
ACC_001096,RING_00070,2026-09-09T20:25:05.738254+00:00,1,15,1208.1,80.54,0,0,0.0,0.0,0,0.0215,mobile_ios,credit_card
ACC_001097,RING_00070,2026-03-10T15:34:42.150370+00:00,143,14,814.8,58.2,1,0,0.0714,0.0,1,0.0589,mobile_ios,credit_card
ACC_001098,RING_00070,2026-05-24T08:49:23.186006+00:00,68,18,942.48,52.36,1,0,0.0556,0.0,0,0.0607,mobile_ios,credit_card
ACC_001099,RING_00070,2026-05-08T10:19:09.578815+00:00,84,17,1204.45,70.85,1,0,0.0588,0.0,1,0.0192,mobile_ios,credit_card
ACC_001100,RING_00071,2026-03-04T01:16:16.251590+00:00,149,5,473.35,94.67,0,0,0.0,0.0,0,0.0305,mobile_ios,credit_card
ACC_001101,RING_00071,2026-10-06T00:54:56.391300+00:00,1,13,1265.29,97.33,0,0,0.0,0.0,0,0.067,mobile_ios,credit_card
ACC_001102,RING_00071,2026-11-11T23:38:00.203417+00:00,1,15,1099.35,73.29,1,0,0.0667,0.0,0,0.0149,mobile_ios,credit_card
ACC_001103,RING_00071,2026-08-23T10:56:08.819355+00:00,1,10,655.8,65.58,0,0,0.0,0.0,1,0.02,mobile_ios,credit_card
ACC_001104,RING_00071,2026-08-07T02:13:49.388925+00:00,1,13,879.06,67.62,0,0,0.0,0.0,1,0.0448,mobile_ios,credit_card
ACC_001105,RING_00071,2026-10-10T23:12:42.455777+00:00,1,4,223.8,55.95,0,0,0.0,0.0,0,0.0124,mobile_ios,credit_card
ACC_001106,RING_00071,2026-08-25T13:22:09.675669+00:00,1,9,338.85,37.65,0,0,0.0,0.0,1,0.0597,mobile_ios,credit_card
ACC_001107,RING_00071,2026-06-20T03:21:57.450438+00:00,41,4,376.88,94.22,0,0,0.0,0.0,1,0.0119,mobile_ios,credit_card
ACC_001108,RING_00071,2026-10-31T15:47:37.337863+00:00,1,16,878.24,54.89,0,0,0.0,0.0,0,0.0577,mobile_ios,credit_card
ACC_001109,RING_00071,2026-07-18T11:59:27.424197+00:00,13,14,1210.44,86.46,1,0,0.0714,0.0,1,0.025,mobile_ios,credit_card
ACC_001110,RING_00071,2026-07-01T20:57:32.818778+00:00,30,13,749.71,57.67,1,0,0.0769,0.0,1,0.0396,mobile_ios,credit_card
ACC_001111,RING_00071,2026-07-15T23:08:31.547682+00:00,16,10,816.4,81.64,0,0,0.0,0.0,1,0.0282,mobile_ios,credit_card
ACC_001112,RING_00071,2026-04-05T03:26:26.452319+00:00,117,5,481.1,96.22,0,0,0.0,0.0,0,0.0466,mobile_ios,credit_card
ACC_001113,RING_00071,2026-05-25T22:17:09.436528+00:00,67,8,429.76,53.72,0,0,0.0,0.0,1,0.0516,mobile_ios,credit_card
ACC_001114,RING_00071,2026-05-21T22:29:07.644843+00:00,71,12,946.8,78.9,1,0,0.0833,0.0,0,0.0311,mobile_ios,credit_card
ACC_001115,RING_00072,2026-06-26T14:12:33.132486+00:00,35,34,2968.2,87.3,1,0,0.0294,0.0,2,0.0297,desktop_chrome,credit_card
ACC_001116,RING_00072,2026-11-21T12:59:32.433477+00:00,1,18,2075.22,115.29,0,0,0.0,0.0,1,0.0155,desktop_chrome,credit_card
ACC_001117,RING_00072,2026-11-27T00:59:31.471053+00:00,1,18,1144.62,63.59,0,0,0.0,0.0,1,0.0734,mobile_ios,credit_card
ACC_001118,RING_00072,2026-07-20T11:40:40.972939+00:00,11,19,2632.64,138.56,1,0,0.0526,0.0,0,0.0542,desktop_chrome,credit_card
ACC_001119,RING_00073,2026-05-10T22:32:44.529391+00:00,82,17,776.39,45.67,0,0,0.0,0.0,1,0.0587,mobile_ios,credit_card
ACC_001120,RING_00073,2027-02-22T09:41:16.093140+00:00,1,13,1229.28,94.56,0,0,0.0,0.0,0,0.0646,desktop_chrome,credit_card
ACC_001121,RING_00073,2027-01-16T16:08:42.775170+00:00,1,31,2526.81,81.51,2,1,0.0645,0.0323,0,0.0142,mobile_ios,credit_card
ACC_001122,RING_00073,2027-02-10T04:09:49.504674+00:00,1,25,1062.5,42.5,1,0,0.04,0.0,2,0.0213,desktop_chrome,credit_card
ACC_001123,RING_00073,2026-03-20T04:02:46.319225+00:00,133,27,3839.67,142.21,0,0,0.0,0.0,2,0.0597,desktop_chrome,credit_card
ACC_001124,RING_00073,2026-07-29T17:59:38.339218+00:00,2,33,1323.63,40.11,2,1,0.0606,0.0303,0,0.0557,mobile_ios,credit_card
ACC_001125,RING_00073,2026-09-15T14:27:51.154925+00:00,1,24,1640.64,68.36,2,1,0.0833,0.0417,2,0.0652,mobile_ios,credit_card
ACC_001126,RING_00073,2026-10-07T08:59:18.692792+00:00,1,28,3151.68,112.56,1,0,0.0357,0.0,0,0.0432,mobile_ios,credit_card
ACC_001127,RING_00073,2026-12-19T21:32:28.214265+00:00,1,20,2864.2,143.21,0,0,0.0,0.0,1,0.0354,mobile_ios,credit_card
ACC_001128,RING_00073,2026-08-22T12:52:10.034190+00:00,1,22,1333.86,60.63,2,1,0.0909,0.0455,2,0.0582,mobile_ios,credit_card
ACC_001129,RING_00073,2026-10-02T01:19:40.773124+00:00,1,17,2386.97,140.41,1,0,0.0588,0.0,1,0.038,desktop_chrome,credit_card
ACC_001130,RING_00073,2026-09-23T01:23:00.896246+00:00,1,21,1188.81,56.61,1,0,0.0476,0.0,2,0.0598,desktop_chrome,credit_card
ACC_001131,RING_00073,2027-01-17T01:22:59.675342+00:00,1,21,1257.69,59.89,1,0,0.0476,0.0,1,0.0693,desktop_chrome,credit_card
ACC_001132,RING_00073,2026-12-14T00:44:29.373442+00:00,1,32,4689.28,146.54,0,0,0.0,0.0,2,0.0184,mobile_ios,credit_card
ACC_001133,RING_00073,2026-09-18T10:21:51.087059+00:00,1,22,3239.5,147.25,1,0,0.0455,0.0,2,0.05,mobile_ios,credit_card
ACC_001134,RING_00073,2027-01-31T03:12:20.126576+00:00,1,18,1200.06,66.67,2,1,0.1111,0.0556,1,0.0114,mobile_ios,credit_card
ACC_001135,RING_00073,2026-05-31T01:24:02.791003+00:00,61,24,3365.28,140.22,1,0,0.0417,0.0,2,0.0463,desktop_chrome,credit_card
ACC_001136,RING_00073,2026-11-20T14:24:07.730531+00:00,1,15,1927.95,128.53,0,0,0.0,0.0,2,0.0414,mobile_ios,credit_card
ACC_001137,RING_00073,2027-01-08T06:31:32.050528+00:00,1,16,1019.36,63.71,0,0,0.0,0.0,1,0.0279,mobile_ios,credit_card
ACC_001138,RING_00073,2026-06-06T13:40:09.702826+00:00,55,12,1666.08,138.84,0,0,0.0,0.0,2,0.0392,desktop_chrome,credit_card
ACC_001139,RING_00073,2026-06-23T09:55:51.431869+00:00,38,23,2235.6,97.2,1,0,0.0435,0.0,2,0.026,mobile_ios,credit_card
ACC_001140,RING_00073,2026-06-17T15:15:35.266852+00:00,44,26,2728.7,104.95,3,2,0.1154,0.0769,1,0.0513,mobile_ios,credit_card
ACC_001141,RING_00074,2026-05-27T01:20:40.560884+00:00,65,17,1582.7,93.1,3,4,0.1765,0.2353,2,0.7925,emulator_bot,virtual_card
ACC_001142,RING_00074,2026-05-27T00:18:48.390419+00:00,65,23,2394.07,104.09,2,2,0.087,0.087,3,0.9442,emulator_bot,virtual_card
ACC_001143,RING_00074,2026-05-27T00:51:54.500519+00:00,65,16,1909.12,119.32,2,2,0.125,0.125,2,0.8849,emulator_bot,virtual_card
ACC_001144,RING_00074,2026-05-27T01:43:05.459942+00:00,65,20,3150.4,157.52,2,2,0.1,0.1,2,0.752,emulator_bot,virtual_card
ACC_001145,RING_00074,2026-05-27T00:11:19.820754+00:00,65,8,1416.08,177.01,5,4,0.625,0.5,4,0.781,emulator_bot,virtual_card
ACC_001146,RING_00074,2026-05-27T01:20:03.484886+00:00,65,17,1460.98,85.94,5,4,0.2941,0.2353,4,0.9232,emulator_bot,virtual_card
ACC_001147,RING_00074,2026-05-27T01:13:30.854946+00:00,65,21,3064.95,145.95,5,4,0.2381,0.1905,3,0.8178,emulator_bot,virtual_card
ACC_001148,RING_00074,2026-05-27T01:44:06.214174+00:00,65,22,3867.16,175.78,2,3,0.0909,0.1364,5,0.7352,emulator_bot,virtual_card
ACC_001149,RING_00074,2026-05-27T00:20:43.691074+00:00,65,14,1362.48,97.32,2,3,0.1429,0.2143,5,0.8562,emulator_bot,virtual_card
ACC_001150,RING_00074,2026-05-27T01:35:58.470033+00:00,65,16,2595.52,162.22,2,2,0.125,0.125,2,0.7476,emulator_bot,virtual_card
ACC_001151,RING_00074,2026-05-27T00:54:00.872617+00:00,65,16,2724.0,170.25,5,3,0.3125,0.1875,6,0.8617,emulator_bot,virtual_card
ACC_001152,RING_00074,2026-05-27T00:51:26.236170+00:00,65,23,2864.65,124.55,2,3,0.087,0.1304,6,0.8404,emulator_bot,virtual_card
ACC_001153,RING_00074,2026-05-27T00:43:24.847326+00:00,65,16,1777.12,111.07,2,2,0.125,0.125,2,0.885,emulator_bot,virtual_card
ACC_001154,RING_00074,2026-05-27T00:46:16.133853+00:00,65,17,2766.41,162.73,2,4,0.1176,0.2353,6,0.8561,emulator_bot,virtual_card
ACC_001155,RING_00074,2026-05-27T01:02:23.709310+00:00,65,21,2888.76,137.56,5,2,0.2381,0.0952,3,0.909,emulator_bot,virtual_card
ACC_001156,RING_00074,2026-05-27T00:12:48.958725+00:00,65,23,3839.85,166.95,4,3,0.1739,0.1304,4,0.7752,emulator_bot,virtual_card
ACC_001157,RING_00074,2026-05-27T00:51:00.474263+00:00,65,14,1586.06,113.29,2,3,0.1429,0.2143,5,0.922,emulator_bot,virtual_card
ACC_001158,RING_00074,2026-05-27T01:18:14.264748+00:00,65,22,1984.84,90.22,4,3,0.1818,0.1364,5,0.7627,emulator_bot,virtual_card
ACC_001159,RING_00074,2026-05-27T00:59:46.984945+00:00,65,9,892.08,99.12,5,3,0.5556,0.3333,4,0.8137,emulator_bot,virtual_card
ACC_001160,RING_00074,2026-05-27T00:19:53.972176+00:00,65,19,2182.91,114.89,2,4,0.1053,0.2105,6,0.9411,emulator_bot,virtual_card
ACC_001161,RING_00074,2026-05-27T00:43:33.972253+00:00,65,14,2000.88,142.92,5,2,0.3571,0.1429,6,0.9155,emulator_bot,virtual_card
ACC_001162,RING_00074,2026-05-27T00:53:09.324056+00:00,65,12,2228.52,185.71,4,3,0.3333,0.25,6,0.9152,emulator_bot,virtual_card
ACC_001163,RING_00074,2026-05-27T01:20:15.898665+00:00,65,8,1019.12,127.39,2,2,0.25,0.25,2,0.849,emulator_bot,virtual_card
ACC_001164,RING_00074,2026-05-27T01:48:05.517522+00:00,65,8,888.08,111.01,2,2,0.25,0.25,5,0.8008,emulator_bot,virtual_card
ACC_001165,RING_00075,2026-05-20T22:09:33.878675+00:00,72,15,1379.4,91.96,1,0,0.0667,0.0,1,0.0389,desktop_safari,debit_card
ACC_001166,RING_00075,2026-11-03T18:22:33.085399+00:00,1,29,1387.07,47.83,2,1,0.069,0.0345,0,0.0237,mobile_ios,apple_pay
ACC_001167,RING_00075,2027-04-18T02:31:19.640638+00:00,1,7,246.89,35.27,0,0,0.0,0.0,0,0.0424,desktop_safari,credit_card
ACC_001168,RING_00075,2027-02-26T02:23:22.183918+00:00,1,29,1998.97,68.93,3,1,0.1034,0.0345,0,0.0746,desktop_chrome,credit_card
ACC_001169,RING_00075,2026-10-08T06:30:25.573362+00:00,1,25,739.5,29.58,2,1,0.08,0.04,0,0.0729,mobile_ios,credit_card
ACC_001170,RING_00075,2026-10-17T04:37:55.623233+00:00,1,13,452.53,34.81,0,0,0.0,0.0,1,0.0594,desktop_safari,credit_card
ACC_001171,RING_00075,2026-10-06T01:26:45.468269+00:00,1,25,1878.5,75.14,2,1,0.08,0.04,1,0.0204,desktop_chrome,apple_pay
ACC_001172,RING_00075,2026-12-12T03:49:16.862850+00:00,1,28,1705.2,60.9,2,1,0.0714,0.0357,0,0.0232,mobile_ios,credit_card
ACC_001173,RING_00075,2027-01-29T19:33:41.295401+00:00,1,21,1909.74,90.94,1,0,0.0476,0.0,1,0.0605,desktop_safari,credit_card
ACC_001174,RING_00075,2027-03-01T12:32:46.074565+00:00,1,28,959.0,34.25,0,0,0.0,0.0,0,0.0125,desktop_chrome,apple_pay
ACC_001175,RING_00075,2026-07-29T20:19:19.337535+00:00,2,12,530.04,44.17,1,0,0.0833,0.0,1,0.0287,desktop_safari,credit_card
ACC_001176,RING_00075,2027-01-08T10:56:27.009585+00:00,1,16,811.36,50.71,1,0,0.0625,0.0,1,0.0162,desktop_chrome,apple_pay
ACC_001177,RING_00075,2026-05-06T21:46:00.429246+00:00,86,7,316.96,45.28,0,0,0.0,0.0,0,0.0712,mobile_ios,apple_pay
ACC_001178,RING_00075,2026-09-25T15:21:37.804780+00:00,1,22,632.94,28.77,0,0,0.0,0.0,0,0.0117,desktop_safari,credit_card
ACC_001179,RING_00075,2026-12-15T15:54:18.700990+00:00,1,14,858.9,61.35,1,0,0.0714,0.0,0,0.0768,desktop_safari,apple_pay
ACC_001180,RING_00075,2026-05-15T03:25:32.642815+00:00,77,29,757.48,26.12,2,1,0.069,0.0345,0,0.0792,mobile_ios,debit_card
ACC_001181,RING_00075,2026-12-11T15:52:42.724478+00:00,1,25,631.5,25.26,1,0,0.04,0.0,1,0.0702,desktop_chrome,credit_card
ACC_001182,RING_00075,2026-08-08T14:08:08.663570+00:00,1,22,904.42,41.11,2,1,0.0909,0.0455,0,0.0499,mobile_ios,debit_card
ACC_001183,RING_00075,2027-02-14T01:39:33.116830+00:00,1,25,1679.0,67.16,2,1,0.08,0.04,0,0.0504,desktop_safari,credit_card
ACC_001184,RING_00075,2026-10-31T13:56:53.414282+00:00,1,13,1091.35,83.95,1,0,0.0769,0.0,0,0.0135,desktop_chrome,debit_card
ACC_001185,RING_00075,2026-09-06T23:52:56.814060+00:00,1,14,1192.94,85.21,1,0,0.0714,0.0,0,0.0504,desktop_safari,credit_card
ACC_001186,RING_00075,2027-01-19T01:45:24.705089+00:00,1,28,1565.2,55.9,2,1,0.0714,0.0357,1,0.0233,desktop_chrome,credit_card
ACC_001187,RING_00075,2026-12-04T12:53:43.774387+00:00,1,10,881.4,88.14,1,0,0.1,0.0,1,0.0664,desktop_safari,credit_card
ACC_001188,RING_00075,2026-10-30T03:30:47.139745+00:00,1,29,2482.11,85.59,1,0,0.0345,0.0,1,0.0781,desktop_chrome,apple_pay
ACC_001189,RING_00075,2026-07-29T05:03:44.351063+00:00,2,12,530.04,44.17,1,0,0.0833,0.0,1,0.0366,desktop_chrome,debit_card
ACC_001190,RING_00075,2026-08-07T11:34:07.349671+00:00,1,29,2021.01,69.69,1,0,0.0345,0.0,1,0.0375,desktop_safari,credit_card
ACC_001191,RING_00075,2027-02-08T22:03:01.585857+00:00,1,7,246.82,35.26,0,0,0.0,0.0,1,0.0301,desktop_chrome,credit_card
ACC_001192,RING_00075,2027-02-25T00:17:50.815230+00:00,1,9,426.69,47.41,0,0,0.0,0.0,0,0.057,desktop_chrome,apple_pay
ACC_001193,RING_00075,2026-11-04T22:25:52.309871+00:00,1,9,836.64,92.96,0,0,0.0,0.0,1,0.0609,desktop_chrome,credit_card
ACC_001194,RING_00075,2026-11-30T20:38:32.864840+00:00,1,14,763.56,54.54,0,0,0.0,0.0,0,0.0469,desktop_safari,debit_card
ACC_001195,RING_00075,2026-12-26T19:22:31.243119+00:00,1,21,1138.41,54.21,2,1,0.0952,0.0476,0,0.0311,desktop_safari,debit_card
ACC_001196,RING_00075,2026-10-16T06:23:26.719159+00:00,1,19,1106.56,58.24,1,0,0.0526,0.0,1,0.0644,desktop_chrome,credit_card
ACC_001197,RING_00075,2026-09-13T04:00:00.875462+00:00,1,28,2586.08,92.36,1,0,0.0357,0.0,0,0.0691,desktop_chrome,apple_pay
ACC_001198,RING_00076,2026-05-18T23:58:57.019445+00:00,74,34,11928.56,350.84,31,28,0.9118,0.8235,14,0.7036,desktop_chrome,credit_card
ACC_001199,RING_00076,2026-05-20T06:14:42.397307+00:00,72,31,7588.49,244.79,28,25,0.9032,0.8065,17,0.7503,desktop_chrome,credit_card
ACC_001200,RING_00076,2026-05-21T03:15:42.689632+00:00,71,20,7249.0,362.45,18,16,0.9,0.8,16,0.7985,desktop_chrome,credit_card
ACC_001201,RING_00076,2026-05-31T22:04:33.167695+00:00,61,34,15064.38,443.07,31,28,0.9118,0.8235,18,0.7554,desktop_chrome,credit_card
ACC_001202,RING_00076,2026-05-29T15:24:00.973793+00:00,63,18,7298.46,405.47,16,14,0.8889,0.7778,19,0.7959,desktop_chrome,credit_card
ACC_001203,RING_00076,2026-05-25T14:43:44.432931+00:00,67,21,6312.6,300.6,18,16,0.8571,0.7619,20,0.8319,desktop_chrome,credit_card
ACC_001204,RING_00076,2026-05-31T09:28:46.787177+00:00,61,25,7752.5,310.1,22,21,0.88,0.84,18,0.74,desktop_chrome,credit_card
ACC_001205,RING_00076,2026-05-31T06:12:20.011396+00:00,61,33,12323.52,373.44,31,28,0.9394,0.8485,11,0.8309,desktop_chrome,credit_card
ACC_001206,RING_00077,2026-07-17T12:04:28.376566+00:00,14,19,956.08,50.32,0,0,0.0,0.0,0,0.0764,desktop_safari,credit_card
ACC_001207,RING_00077,2026-04-29T22:19:30.812790+00:00,93,5,190.95,38.19,0,0,0.0,0.0,1,0.0601,desktop_safari,debit_card
ACC_001208,RING_00077,2026-10-20T04:30:16.765541+00:00,1,7,549.29,78.47,0,0,0.0,0.0,0,0.0387,desktop_safari,apple_pay
ACC_001209,RING_00077,2026-10-30T15:09:57.225911+00:00,1,22,1268.3,57.65,2,1,0.0909,0.0455,0,0.0753,mobile_ios,apple_pay
ACC_001210,RING_00077,2026-05-13T22:51:10.058534+00:00,79,29,2317.39,79.91,2,1,0.069,0.0345,0,0.0558,mobile_ios,apple_pay
ACC_001211,RING_00077,2026-05-29T08:18:15.740346+00:00,63,6,335.28,55.88,0,0,0.0,0.0,0,0.0287,desktop_chrome,apple_pay
ACC_001212,RING_00077,2027-03-21T20:25:47.893352+00:00,1,11,623.7,56.7,0,0,0.0,0.0,1,0.0438,desktop_safari,apple_pay
ACC_001213,RING_00077,2026-07-26T12:27:04.249278+00:00,5,10,473.7,47.37,1,0,0.1,0.0,0,0.0256,desktop_chrome,debit_card
ACC_001214,RING_00077,2027-02-22T11:06:04.866912+00:00,1,27,1339.2,49.6,1,0,0.037,0.0,1,0.0649,desktop_safari,credit_card
ACC_001215,RING_00077,2026-04-28T05:03:00.550941+00:00,94,20,554.4,27.72,1,0,0.05,0.0,1,0.0134,desktop_safari,debit_card
ACC_001216,RING_00077,2026-08-18T04:16:59.912059+00:00,1,27,2179.17,80.71,3,1,0.1111,0.037,0,0.0108,mobile_ios,debit_card
ACC_001217,RING_00077,2026-06-24T22:59:46.887910+00:00,37,14,1282.82,91.63,0,0,0.0,0.0,0,0.0171,desktop_safari,debit_card
ACC_001218,RING_00077,2026-12-05T10:10:14.881816+00:00,1,27,2363.85,87.55,1,0,0.037,0.0,1,0.0696,desktop_chrome,apple_pay
ACC_001219,RING_00077,2026-12-23T07:52:44.804218+00:00,1,25,1848.0,73.92,1,0,0.04,0.0,1,0.0612,desktop_safari,apple_pay
ACC_001220,RING_00077,2027-01-09T20:22:57.036773+00:00,1,6,208.8,34.8,0,0,0.0,0.0,1,0.0545,desktop_safari,apple_pay
ACC_001221,RING_00077,2027-01-12T09:13:22.652996+00:00,1,10,422.1,42.21,0,0,0.0,0.0,1,0.0229,desktop_chrome,debit_card
ACC_001222,RING_00077,2027-02-28T18:35:27.587093+00:00,1,27,2272.05,84.15,0,0,0.0,0.0,0,0.0562,desktop_chrome,apple_pay
ACC_001223,RING_00077,2026-06-30T01:46:16.679143+00:00,31,5,163.25,32.65,0,0,0.0,0.0,1,0.0604,desktop_safari,credit_card
ACC_001224,RING_00077,2027-03-31T16:48:36.289443+00:00,1,6,181.08,30.18,0,0,0.0,0.0,0,0.0428,desktop_safari,credit_card
ACC_001225,RING_00077,2026-07-06T13:23:25.840656+00:00,25,15,573.15,38.21,0,0,0.0,0.0,0,0.0757,desktop_safari,apple_pay
ACC_001226,RING_00077,2026-06-17T21:50:40.692834+00:00,44,14,1152.9,82.35,0,0,0.0,0.0,1,0.0532,desktop_safari,debit_card
ACC_001227,RING_00077,2026-07-27T21:51:54.805655+00:00,4,18,1026.18,57.01,1,0,0.0556,0.0,0,0.0769,mobile_ios,credit_card
ACC_001228,RING_00077,2027-04-21T15:05:31.519631+00:00,1,6,266.22,44.37,0,0,0.0,0.0,1,0.0415,desktop_chrome,credit_card
ACC_001229,RING_00077,2026-10-15T16:01:08.063440+00:00,1,19,1307.01,68.79,1,0,0.0526,0.0,0,0.0639,mobile_ios,credit_card
ACC_001230,RING_00077,2027-01-12T01:36:24.561147+00:00,1,29,2598.4,89.6,0,0,0.0,0.0,1,0.0137,desktop_chrome,credit_card
ACC_001231,RING_00077,2027-01-05T04:50:42.819105+00:00,1,14,780.08,55.72,0,0,0.0,0.0,1,0.0746,desktop_safari,debit_card
ACC_001232,RING_00077,2026-06-07T22:33:15.179876+00:00,54,6,286.56,47.76,0,0,0.0,0.0,1,0.0405,desktop_chrome,credit_card
ACC_001233,RING_00077,2026-06-22T18:50:35.276440+00:00,39,17,1609.05,94.65,0,0,0.0,0.0,0,0.0401,mobile_ios,apple_pay
ACC_001234,RING_00077,2026-08-21T11:49:52.438062+00:00,1,5,344.95,68.99,0,0,0.0,0.0,1,0.0207,mobile_ios,credit_card
ACC_001235,RING_00077,2026-09-15T03:37:59.559673+00:00,1,13,430.3,33.1,0,0,0.0,0.0,0,0.0706,desktop_chrome,debit_card
ACC_001236,RING_00077,2026-12-02T04:38:00.593586+00:00,1,29,1343.86,46.34,2,1,0.069,0.0345,1,0.0112,desktop_safari,debit_card
ACC_001237,RING_00077,2026-08-15T09:50:16.332419+00:00,1,7,342.93,48.99,0,0,0.0,0.0,0,0.0374,desktop_chrome,apple_pay
ACC_001238,RING_00077,2026-08-12T21:30:57.645522+00:00,1,8,488.96,61.12,0,0,0.0,0.0,1,0.0224,desktop_chrome,credit_card
ACC_001239,RING_00077,2027-01-22T06:20:53.556793+00:00,1,5,349.65,69.93,0,0,0.0,0.0,1,0.07,mobile_ios,credit_card
ACC_001240,RING_00077,2026-07-06T22:19:32.704309+00:00,25,10,824.0,82.4,0,0,0.0,0.0,1,0.0467,desktop_chrome,apple_pay
ACC_001241,RING_00077,2027-04-15T01:09:19.524334+00:00,1,5,376.75,75.35,0,0,0.0,0.0,0,0.0149,desktop_chrome,credit_card
ACC_001242,RING_00077,2026-10-30T16:41:45.609336+00:00,1,24,2196.96,91.54,1,0,0.0417,0.0,1,0.0333,desktop_chrome,debit_card
ACC_001243,RING_00077,2027-02-12T10:21:03.898111+00:00,1,21,1098.3,52.3,1,0,0.0476,0.0,1,0.0109,desktop_chrome,credit_card
ACC_001244,RING_00077,2026-05-27T19:52:38.459702+00:00,65,23,810.29,35.23,1,0,0.0435,0.0,0,0.0279,desktop_chrome,debit_card
ACC_001245,RING_00077,2027-03-19T17:52:34.859166+00:00,1,11,527.12,47.92,0,0,0.0,0.0,1,0.0332,desktop_chrome,credit_card
ACC_001246,RING_00077,2026-10-23T01:46:51.304633+00:00,1,9,845.91,93.99,0,0,0.0,0.0,0,0.0584,desktop_chrome,apple_pay
ACC_001247,RING_00077,2026-07-16T03:19:13.337341+00:00,15,16,1082.72,67.67,1,0,0.0625,0.0,0,0.045,desktop_safari,apple_pay
ACC_001248,RING_00077,2026-12-28T20:52:56.211168+00:00,1,22,1587.74,72.17,2,1,0.0909,0.0455,0,0.0256,mobile_ios,debit_card
ACC_001249,RING_00077,2027-01-03T03:59:17.795681+00:00,1,16,541.12,33.82,0,0,0.0,0.0,1,0.0632,desktop_safari,credit_card
ACC_001250,RING_00077,2026-08-17T08:03:17.115934+00:00,1,22,1256.64,57.12,1,0,0.0455,0.0,1,0.0241,desktop_chrome,apple_pay
ACC_001251,RING_00077,2026-06-17T13:37:37.781845+00:00,44,23,797.41,34.67,0,0,0.0,0.0,1,0.0615,desktop_chrome,debit_card
ACC_001252,RING_00077,2026-05-11T13:16:31.119353+00:00,81,26,1793.48,68.98,3,1,0.1154,0.0385,1,0.0241,mobile_ios,debit_card
ACC_001253,RING_00077,2027-01-09T21:55:48.964655+00:00,1,18,1412.82,78.49,1,0,0.0556,0.0,0,0.08,desktop_safari,credit_card
ACC_001254,RING_00077,2027-03-09T06:33:21.056889+00:00,1,20,947.6,47.38,1,0,0.05,0.0,0,0.0684,desktop_safari,debit_card
ACC_001255,RING_00077,2026-10-17T23:02:12.810195+00:00,1,18,1121.76,62.32,1,0,0.0556,0.0,1,0.0427,desktop_chrome,apple_pay
ACC_001256,RING_00077,2026-09-16T22:29:50.340714+00:00,1,29,1179.14,40.66,2,1,0.069,0.0345,0,0.0493,desktop_chrome,credit_card
ACC_001257,RING_00077,2026-10-20T04:51:49.839415+00:00,1,8,547.36,68.42,0,0,0.0,0.0,0,0.0414,desktop_safari,apple_pay
ACC_001258,RING_00077,2026-06-21T00:46:20.514800+00:00,40,16,1379.04,86.19,1,0,0.0625,0.0,0,0.0452,mobile_ios,debit_card
ACC_001259,RING_00077,2026-07-21T18:32:23.518955+00:00,10,27,1679.4,62.2,3,1,0.1111,0.037,1,0.022,desktop_safari,debit_card
ACC_001260,RING_00077,2026-11-08T05:38:28.803853+00:00,1,17,608.26,35.78,1,0,0.0588,0.0,0,0.0109,desktop_chrome,credit_card
ACC_001261,RING_00077,2026-07-27T14:43:12.493489+00:00,4,6,285.66,47.61,0,0,0.0,0.0,1,0.0495,desktop_chrome,debit_card
ACC_001262,RING_00077,2026-09-02T06:20:26.067402+00:00,1,13,390.39,30.03,1,0,0.0769,0.0,1,0.0363,mobile_ios,credit_card
ACC_001263,RING_00077,2027-02-06T01:30:07.157532+00:00,1,13,985.92,75.84,0,0,0.0,0.0,1,0.0469,desktop_safari,credit_card
ACC_001264,RING_00077,2027-03-22T10:01:43.348699+00:00,1,28,2486.4,88.8,2,1,0.0714,0.0357,1,0.0102,desktop_safari,debit_card
ACC_001265,RING_00077,2026-04-30T21:53:01.600306+00:00,92,29,2530.25,87.25,0,0,0.0,0.0,0,0.0798,desktop_chrome,debit_card
ACC_001266,RING_00078,2026-05-06T06:39:31.345057+00:00,86,29,3848.01,132.69,2,1,0.069,0.0345,0,0.055,desktop_chrome,credit_card
ACC_001267,RING_00078,2026-11-08T02:11:12.029280+00:00,1,25,1766.25,70.65,2,1,0.08,0.04,1,0.0584,mobile_ios,credit_card
ACC_001268,RING_00078,2026-08-25T14:49:19.711530+00:00,1,15,1181.85,78.79,0,0,0.0,0.0,2,0.0188,mobile_ios,credit_card
ACC_001269,RING_00078,2026-06-30T05:46:24.859525+00:00,31,9,573.39,63.71,0,0,0.0,0.0,2,0.0123,desktop_chrome,credit_card
ACC_001270,RING_00079,2027-05-10T01:38:17.150837+00:00,1,23,2575.08,111.96,2,1,0.087,0.0435,2,0.0623,desktop_chrome,paypal
ACC_001271,RING_00080,2027-02-12T15:50:32.258863+00:00,1,17,967.13,56.89,1,0,0.0588,0.0,0,0.0262,desktop_chrome,debit_card
ACC_001272,RING_00080,2026-11-16T16:35:45.126172+00:00,1,27,1632.69,60.47,0,0,0.0,0.0,0,0.0578,desktop_safari,apple_pay
ACC_001273,RING_00080,2027-01-17T01:56:46.949524+00:00,1,17,548.42,32.26,1,0,0.0588,0.0,0,0.0381,mobile_ios,apple_pay
ACC_001274,RING_00080,2027-01-04T22:49:37.104272+00:00,1,8,291.44,36.43,0,0,0.0,0.0,1,0.0491,mobile_ios,credit_card
ACC_001275,RING_00080,2026-11-04T03:17:23.098973+00:00,1,12,571.08,47.59,1,0,0.0833,0.0,0,0.0158,desktop_chrome,debit_card
ACC_001276,RING_00080,2026-05-22T08:28:12.803452+00:00,70,9,462.42,51.38,0,0,0.0,0.0,1,0.0454,desktop_chrome,debit_card
ACC_001277,RING_00080,2026-07-24T04:03:24.667075+00:00,7,20,1544.6,77.23,0,0,0.0,0.0,0,0.0345,desktop_safari,debit_card
ACC_001278,RING_00080,2026-12-23T13:00:29.405860+00:00,1,16,679.36,42.46,1,0,0.0625,0.0,1,0.0381,desktop_chrome,apple_pay
ACC_001279,RING_00080,2026-06-26T06:37:18.755913+00:00,35,8,556.4,69.55,0,0,0.0,0.0,0,0.0142,mobile_ios,debit_card
ACC_001280,RING_00080,2027-01-29T20:58:19.458932+00:00,1,26,2010.06,77.31,1,0,0.0385,0.0,1,0.0396,desktop_safari,debit_card
ACC_001281,RING_00080,2026-06-18T13:14:10.140821+00:00,43,27,1867.59,69.17,1,0,0.037,0.0,0,0.032,desktop_safari,credit_card
ACC_001282,RING_00080,2026-06-19T01:06:26.891776+00:00,42,22,1284.36,58.38,2,1,0.0909,0.0455,0,0.0789,mobile_ios,debit_card
ACC_001283,RING_00080,2026-11-19T04:13:04.041215+00:00,1,28,1252.16,44.72,2,1,0.0714,0.0357,0,0.0334,desktop_safari,debit_card
ACC_001284,RING_00080,2026-04-26T10:16:44.377856+00:00,96,21,1244.88,59.28,2,1,0.0952,0.0476,1,0.0461,desktop_chrome,debit_card
ACC_001285,RING_00080,2026-08-17T21:57:58.015339+00:00,1,8,274.72,34.34,0,0,0.0,0.0,1,0.0172,desktop_safari,debit_card
ACC_001286,RING_00080,2027-03-30T09:06:16.370202+00:00,1,23,1098.71,47.77,0,0,0.0,0.0,1,0.0591,desktop_chrome,credit_card
ACC_001287,RING_00080,2027-03-09T23:48:31.543222+00:00,1,15,523.05,34.87,0,0,0.0,0.0,0,0.0315,desktop_chrome,credit_card
ACC_001288,RING_00080,2027-04-10T14:10:39.955068+00:00,1,19,665.0,35.0,0,0,0.0,0.0,0,0.0424,mobile_ios,debit_card
ACC_001289,RING_00080,2026-11-16T01:28:18.545008+00:00,1,12,730.44,60.87,1,0,0.0833,0.0,0,0.0584,desktop_safari,debit_card
ACC_001290,RING_00080,2026-12-30T03:40:51.793612+00:00,1,22,1826.0,83.0,1,0,0.0455,0.0,0,0.0209,mobile_ios,apple_pay
ACC_001291,RING_00080,2026-10-24T18:14:41.810728+00:00,1,21,1291.92,61.52,0,0,0.0,0.0,1,0.0379,desktop_safari,debit_card
ACC_001292,RING_00080,2026-05-27T16:58:54.598517+00:00,65,29,2072.05,71.45,0,0,0.0,0.0,0,0.0554,desktop_chrome,credit_card
ACC_001293,RING_00080,2027-04-15T22:22:41.067315+00:00,1,24,1177.44,49.06,1,0,0.0417,0.0,1,0.0718,desktop_safari,apple_pay
ACC_001294,RING_00080,2027-02-23T07:36:36.706648+00:00,1,6,292.74,48.79,0,0,0.0,0.0,0,0.0192,desktop_safari,debit_card
ACC_001295,RING_00080,2026-08-08T04:48:15.250614+00:00,1,10,822.1,82.21,0,0,0.0,0.0,1,0.04,desktop_chrome,apple_pay
ACC_001296,RING_00080,2026-11-26T00:47:55.870782+00:00,1,13,570.31,43.87,0,0,0.0,0.0,0,0.012,desktop_safari,credit_card
ACC_001297,RING_00080,2027-01-24T03:01:01.573140+00:00,1,16,1054.24,65.89,0,0,0.0,0.0,1,0.052,desktop_chrome,debit_card
ACC_001298,RING_00080,2026-12-14T09:45:23.629393+00:00,1,11,276.98,25.18,0,0,0.0,0.0,1,0.0542,mobile_ios,apple_pay
ACC_001299,RING_00080,2026-12-14T20:26:32.588637+00:00,1,28,1946.0,69.5,0,0,0.0,0.0,0,0.075,mobile_ios,credit_card
ACC_001300,RING_00080,2026-05-05T19:37:00.014730+00:00,87,21,1070.16,50.96,0,0,0.0,0.0,1,0.0692,desktop_safari,apple_pay
ACC_001301,RING_00081,2026-12-12T13:12:42.011225+00:00,1,14,1270.22,90.73,1,0,0.0714,0.0,1,0.0362,mobile_ios,credit_card
ACC_001302,RING_00081,2026-05-13T06:18:17.184118+00:00,79,8,580.72,72.59,0,0,0.0,0.0,0,0.0497,mobile_ios,credit_card
ACC_001303,RING_00081,2026-09-12T14:37:24.445537+00:00,1,6,228.9,38.15,0,0,0.0,0.0,1,0.0597,mobile_ios,credit_card
ACC_001304,RING_00081,2026-10-11T04:31:39.674927+00:00,1,18,1690.38,93.91,0,0,0.0,0.0,0,0.0496,mobile_ios,credit_card
ACC_001305,RING_00081,2026-12-25T17:26:46.691189+00:00,1,13,603.59,46.43,0,0,0.0,0.0,0,0.0731,mobile_ios,credit_card
ACC_001306,RING_00081,2026-08-01T23:56:29.673079+00:00,1,9,753.93,83.77,0,0,0.0,0.0,1,0.0173,mobile_ios,credit_card
ACC_001307,RING_00081,2026-12-15T17:10:21.668991+00:00,1,18,1835.28,101.96,0,0,0.0,0.0,1,0.0595,mobile_ios,credit_card
ACC_001308,RING_00081,2026-09-29T01:23:03.269383+00:00,1,13,1225.64,94.28,0,0,0.0,0.0,0,0.027,mobile_ios,credit_card
ACC_001309,RING_00081,2026-12-27T18:42:05.520942+00:00,1,6,350.88,58.48,0,0,0.0,0.0,1,0.0455,mobile_ios,credit_card
ACC_001310,RING_00081,2027-01-10T06:28:23.278987+00:00,1,6,337.62,56.27,0,0,0.0,0.0,1,0.049,mobile_ios,credit_card
ACC_001311,RING_00082,2026-06-09T00:02:43.523106+00:00,52,34,513.06,15.09,0,0,0.0,0.0,0,0.9382,emulator_bot,credit_card
ACC_001312,RING_00082,2026-06-09T00:03:27.875182+00:00,52,25,229.25,9.17,0,0,0.0,0.0,0,0.8111,emulator_bot,credit_card
ACC_001313,RING_00082,2026-06-09T00:26:52.301606+00:00,52,16,79.52,4.97,0,0,0.0,0.0,0,0.9206,emulator_bot,credit_card
ACC_001314,RING_00082,2026-06-09T00:24:48.693498+00:00,52,18,260.82,14.49,0,0,0.0,0.0,0,0.9095,emulator_bot,credit_card
ACC_001315,RING_00082,2026-06-09T00:25:47.170737+00:00,52,16,204.64,12.79,0,0,0.0,0.0,0,0.8393,emulator_bot,credit_card
ACC_001316,RING_00082,2026-06-09T00:21:18.860661+00:00,52,20,186.2,9.31,0,0,0.0,0.0,0,0.9597,emulator_bot,credit_card
ACC_001317,RING_00082,2026-06-09T00:33:24.370220+00:00,52,26,360.36,13.86,0,0,0.0,0.0,0,0.9416,emulator_bot,credit_card
ACC_001318,RING_00082,2026-06-09T00:44:38.909048+00:00,52,21,306.81,14.61,0,0,0.0,0.0,0,0.8719,emulator_bot,credit_card
ACC_001319,RING_00082,2026-06-09T00:12:24.609365+00:00,52,22,159.5,7.25,0,0,0.0,0.0,0,0.8318,emulator_bot,credit_card
ACC_001320,RING_00082,2026-06-09T00:14:33.287102+00:00,52,19,193.8,10.2,0,0,0.0,0.0,0,0.9094,emulator_bot,credit_card
ACC_001321,RING_00082,2026-06-09T00:14:32.233764+00:00,52,26,276.12,10.62,0,0,0.0,0.0,0,0.844,emulator_bot,credit_card
ACC_001322,RING_00082,2026-06-09T00:34:20.826155+00:00,52,42,170.52,4.06,0,0,0.0,0.0,0,0.9253,emulator_bot,credit_card
ACC_001323,RING_00082,2026-06-09T00:15:39.641853+00:00,52,44,777.04,17.66,0,0,0.0,0.0,0,0.8843,emulator_bot,credit_card
ACC_001324,RING_00082,2026-06-09T00:30:27.190082+00:00,52,28,351.4,12.55,0,0,0.0,0.0,0,0.976,emulator_bot,credit_card
ACC_001325,RING_00082,2026-06-09T00:20:03.896404+00:00,52,19,178.03,9.37,0,0,0.0,0.0,0,0.8507,emulator_bot,credit_card
ACC_001326,RING_00082,2026-06-09T00:27:21.072601+00:00,52,17,140.42,8.26,0,0,0.0,0.0,0,0.9695,emulator_bot,credit_card
ACC_001327,RING_00082,2026-06-09T00:37:18.341507+00:00,52,15,224.1,14.94,0,0,0.0,0.0,0,0.9489,emulator_bot,credit_card
ACC_001328,RING_00082,2026-06-09T00:23:07.958456+00:00,52,37,273.8,7.4,0,0,0.0,0.0,0,0.803,emulator_bot,credit_card
ACC_001329,RING_00082,2026-06-09T00:21:22.967642+00:00,52,36,644.76,17.91,0,0,0.0,0.0,0,0.8788,emulator_bot,credit_card
ACC_001330,RING_00082,2026-06-09T00:12:00.831376+00:00,52,20,179.8,8.99,0,0,0.0,0.0,0,0.8236,emulator_bot,credit_card
ACC_001331,RING_00082,2026-06-09T00:23:12.942371+00:00,52,35,381.15,10.89,0,0,0.0,0.0,0,0.937,emulator_bot,credit_card
ACC_001332,RING_00082,2026-06-09T00:11:48.513137+00:00,52,30,280.2,9.34,0,0,0.0,0.0,0,0.8063,emulator_bot,credit_card
ACC_001333,RING_00082,2026-06-09T00:37:57.639555+00:00,52,25,360.75,14.43,0,0,0.0,0.0,0,0.9545,emulator_bot,credit_card
ACC_001334,RING_00082,2026-06-09T00:17:29.932873+00:00,52,25,118.5,4.74,0,0,0.0,0.0,0,0.8116,emulator_bot,credit_card
ACC_001335,RING_00082,2026-06-09T00:05:48.590606+00:00,52,43,495.79,11.53,0,0,0.0,0.0,0,0.9132,emulator_bot,credit_card
ACC_001336,RING_00082,2026-06-09T00:10:47.912325+00:00,52,39,264.42,6.78,0,0,0.0,0.0,0,0.9116,emulator_bot,credit_card
ACC_001337,RING_00082,2026-06-09T00:24:03.369962+00:00,52,34,516.46,15.19,0,0,0.0,0.0,0,0.8621,emulator_bot,credit_card
ACC_001338,RING_00082,2026-06-09T00:41:13.976293+00:00,52,26,212.68,8.18,0,0,0.0,0.0,0,0.9486,emulator_bot,credit_card
ACC_001339,RING_00082,2026-06-09T00:13:31.516046+00:00,52,37,357.05,9.65,0,0,0.0,0.0,0,0.8047,emulator_bot,credit_card
ACC_001340,RING_00082,2026-06-09T00:11:53.842751+00:00,52,20,297.4,14.87,0,0,0.0,0.0,0,0.8715,emulator_bot,credit_card
ACC_001341,RING_00082,2026-06-09T00:18:17.711554+00:00,52,27,274.86,10.18,0,0,0.0,0.0,0,0.9596,emulator_bot,credit_card
ACC_001342,RING_00082,2026-06-09T00:43:32.937091+00:00,52,18,143.82,7.99,0,0,0.0,0.0,0,0.9132,emulator_bot,credit_card
ACC_001343,RING_00082,2026-06-09T00:38:02.093121+00:00,52,21,375.69,17.89,0,0,0.0,0.0,0,0.8294,emulator_bot,credit_card
ACC_001344,RING_00082,2026-06-09T00:06:44.103468+00:00,52,16,143.2,8.95,0,0,0.0,0.0,0,0.8422,emulator_bot,credit_card
ACC_001345,RING_00082,2026-06-09T00:27:37.133875+00:00,52,19,124.83,6.57,0,0,0.0,0.0,0,0.9073,emulator_bot,credit_card
ACC_001346,RING_00083,2027-02-12T02:57:06.418710+00:00,1,27,2565.54,95.02,1,0,0.037,0.0,0,0.0709,desktop_chrome,credit_card
ACC_001347,RING_00083,2026-09-02T18:40:57.549475+00:00,1,6,517.38,86.23,0,0,0.0,0.0,2,0.0724,desktop_chrome,credit_card
ACC_001348,RING_00083,2026-08-19T03:37:04.261328+00:00,1,25,3575.25,143.01,2,1,0.08,0.04,1,0.0506,desktop_chrome,credit_card
ACC_001349,RING_00083,2026-05-09T03:55:42.594603+00:00,83,24,2641.68,110.07,1,0,0.0417,0.0,2,0.0226,mobile_ios,credit_card
ACC_001350,RING_00083,2026-10-16T07:09:24.262251+00:00,1,15,1704.15,113.61,0,0,0.0,0.0,2,0.0265,desktop_chrome,credit_card
ACC_001351,RING_00083,2026-06-08T23:10:49.028644+00:00,53,10,651.7,65.17,1,0,0.1,0.0,1,0.0197,mobile_ios,credit_card
ACC_001352,RING_00083,2026-11-03T23:06:36.734522+00:00,1,8,361.12,45.14,0,0,0.0,0.0,0,0.0728,desktop_chrome,credit_card
ACC_001353,RING_00083,2026-08-25T08:40:11.583470+00:00,1,11,956.67,86.97,0,0,0.0,0.0,2,0.0311,mobile_ios,credit_card
ACC_001354,RING_00083,2027-02-01T00:13:58.055808+00:00,1,23,2347.61,102.07,2,1,0.087,0.0435,1,0.0318,desktop_chrome,credit_card
ACC_001355,RING_00083,2027-01-15T22:27:30.291802+00:00,1,24,3599.28,149.97,2,1,0.0833,0.0417,1,0.0467,mobile_ios,credit_card
ACC_001356,RING_00083,2026-07-28T18:20:41.095199+00:00,3,15,1682.1,112.14,1,0,0.0667,0.0,0,0.0726,mobile_ios,credit_card
ACC_001357,RING_00083,2026-04-24T19:46:37.409382+00:00,98,33,3402.3,103.1,1,0,0.0303,0.0,1,0.0109,mobile_ios,credit_card
ACC_001358,RING_00083,2026-06-21T08:13:37.021271+00:00,40,18,764.28,42.46,0,0,0.0,0.0,2,0.0645,mobile_ios,credit_card
ACC_001359,RING_00083,2026-03-16T06:12:35.254832+00:00,137,13,1165.06,89.62,0,0,0.0,0.0,1,0.0323,desktop_chrome,credit_card
ACC_001360,RING_00083,2026-11-02T23:09:27.858272+00:00,1,12,561.48,46.79,0,0,0.0,0.0,0,0.0141,mobile_ios,credit_card
ACC_001361,RING_00083,2026-11-11T01:48:12.694145+00:00,1,23,2772.88,120.56,2,1,0.087,0.0435,2,0.0663,mobile_ios,credit_card
ACC_001362,RING_00083,2026-03-25T11:09:59.342292+00:00,128,23,3374.1,146.7,0,0,0.0,0.0,0,0.0365,mobile_ios,credit_card
ACC_001363,RING_00083,2026-03-01T23:31:25.939450+00:00,152,24,2748.24,114.51,1,0,0.0417,0.0,1,0.0735,mobile_ios,credit_card
ACC_001364,RING_00083,2026-05-25T18:05:03.682365+00:00,67,16,1799.84,112.49,0,0,0.0,0.0,1,0.0402,mobile_ios,credit_card
ACC_001365,RING_00083,2027-01-03T06:17:24.394872+00:00,1,29,1367.35,47.15,2,1,0.069,0.0345,1,0.0197,mobile_ios,credit_card
ACC_001366,RING_00083,2026-08-09T04:16:26.970501+00:00,1,9,843.84,93.76,0,0,0.0,0.0,1,0.0222,desktop_chrome,credit_card
ACC_001367,RING_00083,2026-11-16T00:41:32.524202+00:00,1,12,874.92,72.91,0,0,0.0,0.0,0,0.0378,mobile_ios,credit_card
ACC_001368,RING_00084,2026-09-11T20:59:12.378603+00:00,1,26,2103.66,80.91,1,0,0.0385,0.0,0,0.0875,mobile_ios,debit_card
ACC_001369,RING_00085,2026-09-27T16:43:41.269282+00:00,1,24,2881.92,120.08,1,0,0.0417,0.0,1,0.0299,mobile_ios,credit_card
ACC_001370,RING_00085,2026-07-02T06:31:30.152626+00:00,29,19,2030.15,106.85,0,0,0.0,0.0,2,0.0285,mobile_ios,credit_card
ACC_001371,RING_00085,2027-02-15T21:28:44.260700+00:00,1,42,3989.16,94.98,3,1,0.0714,0.0238,1,0.0233,mobile_android,credit_card
ACC_001372,RING_00085,2026-07-12T14:39:59.857604+00:00,19,44,2403.72,54.63,4,3,0.0909,0.0682,1,0.0163,mobile_ios,credit_card
ACC_001373,RING_00086,2026-11-07T22:34:06.807192+00:00,1,26,1883.7,72.45,1,0,0.0385,0.0,0,0.0798,mobile_ios,debit_card
ACC_001374,RING_00087,2026-10-21T16:03:36.439243+00:00,1,37,2217.04,59.92,3,2,0.0811,0.0541,1,0.0176,desktop_chrome,paypal
ACC_001375,RING_00088,2026-02-01T00:06:02.090511+00:00,180,34,420.24,12.36,0,0,0.0,0.0,0,0.9414,emulator_bot,credit_card
ACC_001376,RING_00088,2026-02-01T00:35:11.343487+00:00,180,15,217.05,14.47,0,0,0.0,0.0,0,0.9625,emulator_bot,credit_card
ACC_001377,RING_00088,2026-02-01T00:12:13.737282+00:00,180,44,277.64,6.31,0,0,0.0,0.0,0,0.8479,emulator_bot,credit_card
ACC_001378,RING_00088,2026-02-01T00:36:49.986161+00:00,180,18,142.38,7.91,0,0,0.0,0.0,0,0.8279,emulator_bot,credit_card
ACC_001379,RING_00088,2026-02-01T00:16:34.962351+00:00,180,42,237.72,5.66,0,0,0.0,0.0,0,0.8953,emulator_bot,credit_card
ACC_001380,RING_00088,2026-02-01T00:16:35.875000+00:00,180,34,514.08,15.12,0,0,0.0,0.0,0,0.8678,emulator_bot,credit_card
ACC_001381,RING_00088,2026-02-01T00:33:46.546454+00:00,180,19,178.79,9.41,0,0,0.0,0.0,0,0.9568,emulator_bot,credit_card
ACC_001382,RING_00088,2026-02-01T00:22:57.717592+00:00,180,26,405.86,15.61,0,0,0.0,0.0,0,0.874,emulator_bot,credit_card
ACC_001383,RING_00088,2026-02-01T00:09:02.639051+00:00,180,26,204.36,7.86,0,0,0.0,0.0,0,0.9187,emulator_bot,credit_card
ACC_001384,RING_00088,2026-02-01T00:38:16.103080+00:00,180,21,277.41,13.21,0,0,0.0,0.0,0,0.8933,emulator_bot,credit_card
ACC_001385,RING_00088,2026-02-01T00:15:18.413665+00:00,180,18,272.52,15.14,0,0,0.0,0.0,0,0.8841,emulator_bot,credit_card
ACC_001386,RING_00088,2026-02-01T00:04:37.497254+00:00,180,44,208.56,4.74,0,0,0.0,0.0,0,0.8761,emulator_bot,credit_card
ACC_001387,RING_00088,2026-02-01T00:18:43.202821+00:00,180,15,263.55,17.57,0,0,0.0,0.0,0,0.8712,emulator_bot,credit_card
ACC_001388,RING_00088,2026-02-01T00:25:49.696761+00:00,180,23,372.6,16.2,0,0,0.0,0.0,0,0.8234,emulator_bot,credit_card
ACC_001389,RING_00088,2026-02-01T00:27:26.690402+00:00,180,36,451.8,12.55,0,0,0.0,0.0,0,0.8995,emulator_bot,credit_card
ACC_001390,RING_00088,2026-02-01T00:37:36.141182+00:00,180,41,339.48,8.28,0,0,0.0,0.0,0,0.9607,emulator_bot,credit_card
ACC_001391,RING_00088,2026-02-01T00:24:21.798424+00:00,180,43,231.77,5.39,0,0,0.0,0.0,0,0.9353,emulator_bot,credit_card
ACC_001392,RING_00088,2026-02-01T00:10:04.018304+00:00,180,30,174.9,5.83,0,0,0.0,0.0,0,0.933,emulator_bot,credit_card
ACC_001393,RING_00088,2026-02-01T00:11:46.499093+00:00,180,38,483.74,12.73,0,0,0.0,0.0,0,0.937,emulator_bot,credit_card
ACC_001394,RING_00088,2026-02-01T00:04:32.269588+00:00,180,15,140.1,9.34,0,0,0.0,0.0,0,0.86,emulator_bot,credit_card
ACC_001395,RING_00088,2026-02-01T00:33:06.995581+00:00,180,33,188.1,5.7,0,0,0.0,0.0,0,0.9098,emulator_bot,credit_card
ACC_001396,RING_00088,2026-02-01T00:04:46.042176+00:00,180,31,375.41,12.11,0,0,0.0,0.0,0,0.9669,emulator_bot,credit_card
ACC_001397,RING_00088,2026-02-01T00:27:15.694107+00:00,180,42,290.64,6.92,0,0,0.0,0.0,0,0.8353,emulator_bot,credit_card
ACC_001398,RING_00089,2026-04-10T14:28:52.477388+00:00,112,19,1506.51,79.29,0,0,0.0,0.0,1,0.0184,mobile_android,credit_card
ACC_001399,RING_00089,2026-12-22T03:56:46.942898+00:00,1,12,805.56,67.13,0,0,0.0,0.0,1,0.018,mobile_ios,credit_card
ACC_001400,RING_00089,2026-06-13T18:58:23.826664+00:00,48,34,4065.72,119.58,3,1,0.0882,0.0294,1,0.0131,mobile_android,credit_card
ACC_001401,RING_00089,2027-05-16T22:14:55.892919+00:00,1,34,2166.14,63.71,2,1,0.0588,0.0294,1,0.0226,mobile_android,credit_card
ACC_001402,RING_00090,2027-03-20T13:43:42.843721+00:00,1,12,504.36,42.03,0,0,0.0,0.0,2,0.0734,mobile_ios,credit_card
ACC_001403,RING_00090,2027-03-05T21:14:10.336265+00:00,1,30,4320.3,144.01,2,1,0.0667,0.0333,0,0.0481,mobile_ios,credit_card
ACC_001404,RING_00090,2027-03-30T12:06:46.458171+00:00,1,12,1241.16,103.43,0,0,0.0,0.0,2,0.0535,mobile_ios,credit_card
ACC_001405,RING_00090,2027-04-22T21:15:38.239468+00:00,1,31,2673.44,86.24,1,0,0.0323,0.0,1,0.0464,desktop_chrome,credit_card
ACC_001406,RING_00090,2027-01-11T16:01:04.916677+00:00,1,9,1301.67,144.63,0,0,0.0,0.0,1,0.0377,desktop_chrome,credit_card
ACC_001407,RING_00090,2027-03-18T14:52:40.691036+00:00,1,18,1511.82,83.99,0,0,0.0,0.0,0,0.0605,mobile_ios,credit_card
ACC_001408,RING_00090,2026-08-09T04:29:07.615488+00:00,1,13,1752.14,134.78,1,0,0.0769,0.0,0,0.0284,desktop_chrome,credit_card
ACC_001409,RING_00091,2026-02-26T00:07:55.092080+00:00,155,1,50.55,50.55,0,0,0.0,0.0,0,0.9144,desktop_chrome,virtual_card
ACC_001410,RING_00091,2026-02-26T00:19:17.298927+00:00,155,1,50.51,50.51,0,0,0.0,0.0,0,0.8925,desktop_chrome,virtual_card
ACC_001411,RING_00091,2026-02-26T00:02:51.891541+00:00,155,1,49.79,49.79,0,0,0.0,0.0,0,0.8871,desktop_chrome,virtual_card
ACC_001412,RING_00091,2026-02-26T00:13:54.319600+00:00,155,1,51.99,51.99,0,0,0.0,0.0,0,0.9047,desktop_chrome,virtual_card
ACC_001413,RING_00091,2026-02-26T00:14:50.516794+00:00,155,1,49.91,49.91,0,0,0.0,0.0,0,0.8938,desktop_chrome,virtual_card
ACC_001414,RING_00091,2026-02-26T00:00:33.156150+00:00,155,1,49.29,49.29,0,0,0.0,0.0,0,0.8652,desktop_chrome,virtual_card
ACC_001415,RING_00091,2026-02-26T00:00:53.978566+00:00,155,1,50.03,50.03,0,0,0.0,0.0,0,0.862,desktop_chrome,virtual_card
ACC_001416,RING_00091,2026-02-26T00:07:42.360258+00:00,155,1,50.24,50.24,0,0,0.0,0.0,0,0.7515,desktop_chrome,virtual_card
ACC_001417,RING_00091,2026-02-26T00:15:13.613159+00:00,155,1,49.69,49.69,0,0,0.0,0.0,0,0.7572,desktop_chrome,virtual_card
ACC_001418,RING_00091,2026-02-26T00:24:03.944993+00:00,155,1,50.28,50.28,0,0,0.0,0.0,0,0.8928,desktop_chrome,virtual_card
ACC_001419,RING_00091,2026-02-26T00:02:16.175265+00:00,155,1,51.21,51.21,0,0,0.0,0.0,0,0.8841,desktop_chrome,virtual_card
ACC_001420,RING_00091,2026-02-26T00:17:34.744160+00:00,155,1,51.42,51.42,0,0,0.0,0.0,0,0.8132,desktop_chrome,virtual_card
ACC_001421,RING_00091,2026-02-26T00:17:19.074183+00:00,155,1,50.52,50.52,0,0,0.0,0.0,0,0.8364,desktop_chrome,virtual_card
ACC_001422,RING_00091,2026-02-26T00:16:44.211365+00:00,155,1,49.34,49.34,0,0,0.0,0.0,0,0.8517,desktop_chrome,virtual_card
ACC_001423,RING_00092,2026-09-30T06:39:41.717000+00:00,1,23,1446.7,62.9,0,0,0.0,0.0,1,0.0271,mobile_ios,credit_card
ACC_001424,RING_00092,2026-03-09T17:49:39.078848+00:00,144,6,575.34,95.89,0,0,0.0,0.0,1,0.0703,desktop_chrome,credit_card
ACC_001425,RING_00092,2026-02-15T14:48:52.207118+00:00,166,10,548.9,54.89,0,0,0.0,0.0,2,0.0351,mobile_ios,credit_card
ACC_001426,RING_00092,2026-04-12T00:27:39.288281+00:00,110,22,1665.4,75.7,1,0,0.0455,0.0,0,0.0586,mobile_ios,credit_card
ACC_001427,RING_00092,2026-12-28T16:35:25.044712+00:00,1,22,1252.02,56.91,2,1,0.0909,0.0455,1,0.0725,mobile_ios,credit_card
ACC_001428,RING_00092,2026-05-22T19:23:30.269602+00:00,70,19,1457.11,76.69,1,0,0.0526,0.0,1,0.0583,mobile_ios,credit_card
ACC_001429,RING_00092,2026-06-14T01:12:35.935000+00:00,47,17,1941.4,114.2,1,0,0.0588,0.0,1,0.0711,desktop_chrome,credit_card
ACC_001430,RING_00093,2027-03-17T05:12:53.791243+00:00,1,28,4466.56,159.52,1,0,0.0357,0.0,3,0.05,mobile_ios,debit_card
ACC_001431,RING_00093,2027-02-03T06:34:27.908104+00:00,1,38,5042.6,132.7,2,1,0.0526,0.0263,2,0.0349,desktop_chrome,debit_card
ACC_001432,RING_00093,2026-07-16T01:02:17.405351+00:00,15,26,3536.26,136.01,0,0,0.0,0.0,3,0.0585,mobile_android,credit_card
ACC_001433,RING_00093,2027-02-24T06:16:25.921069+00:00,1,25,1778.25,71.13,2,1,0.08,0.04,3,0.0334,desktop_chrome,debit_card
ACC_001434,RING_00093,2026-09-10T11:44:59.533622+00:00,1,28,3503.08,125.11,2,1,0.0714,0.0357,3,0.0236,mobile_ios,debit_card
ACC_001435,RING_00093,2026-05-08T00:00:18.463515+00:00,84,35,5486.6,156.76,1,0,0.0286,0.0,3,0.0645,mobile_android,debit_card
ACC_001436,RING_00093,2026-07-29T21:37:09.372849+00:00,2,24,1691.28,70.47,2,1,0.0833,0.0417,1,0.0535,mobile_ios,credit_card
ACC_001437,RING_00093,2026-06-18T22:30:50.652288+00:00,43,33,3675.87,111.39,1,0,0.0303,0.0,2,0.0527,mobile_ios,debit_card
ACC_001438,RING_00093,2027-03-27T13:20:21.801982+00:00,1,37,3571.24,96.52,2,1,0.0541,0.027,3,0.0572,mobile_android,debit_card
ACC_001439,RING_00093,2026-07-25T19:48:35.400286+00:00,6,17,2156.11,126.83,1,0,0.0588,0.0,3,0.0328,mobile_ios,debit_card
ACC_001440,RING_00093,2026-12-27T06:33:09.940646+00:00,1,12,1198.8,99.9,0,0,0.0,0.0,2,0.045,desktop_chrome,debit_card
ACC_001441,RING_00093,2026-10-07T18:19:49.521861+00:00,1,25,3467.75,138.71,1,0,0.04,0.0,3,0.0266,mobile_ios,debit_card
ACC_001442,RING_00093,2027-01-29T11:03:51.457413+00:00,1,24,1236.0,51.5,2,1,0.0833,0.0417,3,0.0411,desktop_chrome,credit_card
ACC_001443,RING_00093,2026-12-27T12:20:58.307671+00:00,1,27,4196.34,155.42,1,0,0.037,0.0,2,0.0554,mobile_ios,debit_card
ACC_001444,RING_00093,2026-10-13T17:43:55.089638+00:00,1,33,2833.05,85.85,1,0,0.0303,0.0,2,0.0357,desktop_chrome,debit_card
ACC_001445,RING_00093,2026-12-08T18:29:21.354308+00:00,1,22,2247.3,102.15,0,0,0.0,0.0,1,0.0213,mobile_ios,credit_card
ACC_001446,RING_00093,2026-07-31T07:00:46.711924+00:00,1,18,1905.12,105.84,0,0,0.0,0.0,3,0.0155,desktop_chrome,credit_card
ACC_001447,RING_00093,2027-01-02T12:39:45.072349+00:00,1,25,3910.5,156.42,1,0,0.04,0.0,1,0.0364,desktop_chrome,credit_card
ACC_001448,RING_00093,2026-03-10T08:00:43.403243+00:00,143,35,2708.3,77.38,1,0,0.0286,0.0,3,0.034,desktop_chrome,debit_card
ACC_001449,RING_00093,2027-02-24T16:31:57.407517+00:00,1,22,3134.12,142.46,1,0,0.0455,0.0,1,0.0442,mobile_ios,debit_card
ACC_001450,RING_00093,2027-01-12T00:27:08.555005+00:00,1,20,2722.6,136.13,0,0,0.0,0.0,2,0.0441,mobile_android,debit_card
ACC_001451,RING_00093,2026-06-18T04:39:25.915103+00:00,43,23,2103.58,91.46,2,1,0.087,0.0435,2,0.0568,desktop_chrome,debit_card
ACC_001452,RING_00093,2026-11-05T17:10:56.761650+00:00,1,29,2528.8,87.2,2,1,0.069,0.0345,3,0.0432,desktop_chrome,debit_card
ACC_001453,RING_00094,2026-07-10T22:14:44.251752+00:00,21,18,1764.18,98.01,1,0,0.0556,0.0,2,0.0149,mobile_ios,credit_card
ACC_001454,RING_00094,2026-06-12T06:15:11.852677+00:00,49,17,2398.87,141.11,0,0,0.0,0.0,1,0.0135,mobile_ios,debit_card
ACC_001455,RING_00094,2026-06-26T01:56:44.768153+00:00,35,17,1818.32,106.96,1,0,0.0588,0.0,1,0.0649,mobile_android,debit_card
ACC_001456,RING_00094,2027-05-02T06:08:45.387924+00:00,1,13,1362.53,104.81,0,0,0.0,0.0,1,0.0152,mobile_android,credit_card
ACC_001457,RING_00094,2027-01-29T23:12:21.140433+00:00,1,39,5575.83,142.97,2,1,0.0513,0.0256,1,0.0672,mobile_ios,credit_card
ACC_001458,RING_00094,2026-09-02T00:57:23.229217+00:00,1,34,2318.8,68.2,1,0,0.0294,0.0,3,0.0218,desktop_chrome,credit_card
ACC_001459,RING_00094,2026-05-03T15:30:21.472074+00:00,89,16,1325.12,82.82,1,0,0.0625,0.0,1,0.0466,mobile_android,debit_card
ACC_001460,RING_00094,2026-07-14T02:17:50.737648+00:00,17,39,6015.75,154.25,0,0,0.0,0.0,3,0.0101,mobile_android,credit_card
ACC_001461,RING_00094,2026-07-01T00:03:27.466667+00:00,30,31,4362.32,140.72,2,1,0.0645,0.0323,1,0.0607,desktop_chrome,debit_card
ACC_001462,RING_00094,2027-05-14T08:04:21.444349+00:00,1,16,1040.48,65.03,1,0,0.0625,0.0,2,0.0482,mobile_android,credit_card
ACC_001463,RING_00094,2026-11-09T21:59:07.203915+00:00,1,39,3277.17,84.03,2,1,0.0513,0.0256,1,0.0323,desktop_chrome,debit_card
ACC_001464,RING_00094,2027-03-30T11:33:13.653645+00:00,1,24,2628.24,109.51,1,0,0.0417,0.0,1,0.0674,mobile_android,debit_card
ACC_001465,RING_00094,2026-07-26T19:13:10.953264+00:00,5,16,784.32,49.02,0,0,0.0,0.0,3,0.0207,mobile_ios,debit_card
ACC_001466,RING_00094,2027-01-23T23:50:52.139097+00:00,1,39,4847.7,124.3,2,1,0.0513,0.0256,2,0.0618,desktop_chrome,credit_card
ACC_001467,RING_00094,2027-05-02T11:13:12.234252+00:00,1,38,2048.2,53.9,1,0,0.0263,0.0,1,0.012,mobile_android,credit_card
ACC_001468,RING_00094,2026-09-29T00:18:05.690215+00:00,1,13,1162.59,89.43,0,0,0.0,0.0,2,0.0305,mobile_android,credit_card
ACC_001469,RING_00094,2026-04-13T07:07:32.991315+00:00,109,12,1827.36,152.28,0,0,0.0,0.0,3,0.0566,desktop_chrome,credit_card
ACC_001470,RING_00094,2026-06-10T01:49:53.877201+00:00,51,16,2148.64,134.29,1,0,0.0625,0.0,3,0.0625,mobile_ios,debit_card
ACC_001471,RING_00094,2027-04-16T05:26:58.932288+00:00,1,29,2250.98,77.62,0,0,0.0,0.0,1,0.0469,mobile_ios,debit_card
ACC_001472,RING_00094,2026-05-21T06:36:44.231485+00:00,71,39,3582.15,91.85,2,1,0.0513,0.0256,1,0.03,mobile_android,credit_card
ACC_001473,RING_00094,2027-01-31T00:27:34.820011+00:00,1,39,2625.48,67.32,2,1,0.0513,0.0256,1,0.0528,mobile_ios,credit_card
ACC_001474,RING_00094,2027-03-29T17:36:00.298179+00:00,1,33,4130.61,125.17,2,1,0.0606,0.0303,1,0.0309,mobile_ios,credit_card
ACC_001475,RING_00094,2027-03-20T02:40:25.387134+00:00,1,17,2568.53,151.09,0,0,0.0,0.0,3,0.044,mobile_android,credit_card
ACC_001476,RING_00095,2026-03-13T00:31:29.082961+00:00,140,44,331.32,7.53,0,0,0.0,0.0,0,0.9381,emulator_bot,credit_card
ACC_001477,RING_00095,2026-03-13T00:15:15.013649+00:00,140,24,410.4,17.1,0,0,0.0,0.0,0,0.8587,emulator_bot,credit_card
ACC_001478,RING_00095,2026-03-13T00:31:01.914526+00:00,140,16,164.96,10.31,0,0,0.0,0.0,0,0.951,emulator_bot,credit_card
ACC_001479,RING_00095,2026-03-13T00:36:14.014267+00:00,140,35,557.9,15.94,0,0,0.0,0.0,0,0.8493,emulator_bot,credit_card
ACC_001480,RING_00095,2026-03-13T00:39:29.460370+00:00,140,39,207.09,5.31,0,0,0.0,0.0,0,0.9378,emulator_bot,credit_card
ACC_001481,RING_00095,2026-03-13T00:02:00.742661+00:00,140,23,298.54,12.98,0,0,0.0,0.0,0,0.9798,emulator_bot,credit_card
ACC_001482,RING_00095,2026-03-13T00:34:49.075468+00:00,140,30,324.9,10.83,0,0,0.0,0.0,0,0.9607,emulator_bot,credit_card
ACC_001483,RING_00095,2026-03-13T00:06:37.283730+00:00,140,17,217.43,12.79,0,0,0.0,0.0,0,0.9663,emulator_bot,credit_card
ACC_001484,RING_00095,2026-03-13T00:31:25.308192+00:00,140,44,550.44,12.51,0,0,0.0,0.0,0,0.9102,emulator_bot,credit_card
ACC_001485,RING_00095,2026-03-13T00:16:43.488657+00:00,140,24,197.28,8.22,0,0,0.0,0.0,0,0.8348,emulator_bot,credit_card
ACC_001486,RING_00095,2026-03-13T00:31:51.041904+00:00,140,34,239.7,7.05,0,0,0.0,0.0,0,0.8276,emulator_bot,credit_card
ACC_001487,RING_00095,2026-03-13T00:09:37.325460+00:00,140,23,385.94,16.78,0,0,0.0,0.0,0,0.9104,emulator_bot,credit_card
ACC_001488,RING_00095,2026-03-13T00:29:01.474941+00:00,140,38,671.84,17.68,0,0,0.0,0.0,0,0.9081,emulator_bot,credit_card
ACC_001489,RING_00095,2026-03-13T00:05:38.888035+00:00,140,30,135.9,4.53,0,0,0.0,0.0,0,0.8157,emulator_bot,credit_card
ACC_001490,RING_00095,2026-03-13T00:07:38.312979+00:00,140,38,478.42,12.59,0,0,0.0,0.0,0,0.9213,emulator_bot,credit_card
ACC_001491,RING_00095,2026-03-13T00:27:39.047198+00:00,140,24,269.76,11.24,0,0,0.0,0.0,0,0.9674,emulator_bot,credit_card
ACC_001492,RING_00095,2026-03-13T00:15:09.283027+00:00,140,15,90.3,6.02,0,0,0.0,0.0,0,0.8485,emulator_bot,credit_card
ACC_001493,RING_00095,2026-03-13T00:31:40.200797+00:00,140,22,158.62,7.21,0,0,0.0,0.0,0,0.8873,emulator_bot,credit_card
ACC_001494,RING_00095,2026-03-13T00:30:49.930476+00:00,140,44,654.72,14.88,0,0,0.0,0.0,0,0.8582,emulator_bot,credit_card
ACC_001495,RING_00095,2026-03-13T00:27:58.411774+00:00,140,24,341.52,14.23,0,0,0.0,0.0,0,0.8515,emulator_bot,credit_card
ACC_001496,RING_00095,2026-03-13T00:32:52.459461+00:00,140,33,555.06,16.82,0,0,0.0,0.0,0,0.8246,emulator_bot,credit_card
ACC_001497,RING_00095,2026-03-13T00:35:43.625150+00:00,140,30,431.7,14.39,0,0,0.0,0.0,0,0.9299,emulator_bot,credit_card
ACC_001498,RING_00095,2026-03-13T00:41:00.842863+00:00,140,37,266.77,7.21,0,0,0.0,0.0,0,0.8957,emulator_bot,credit_card
ACC_001499,RING_00095,2026-03-13T00:03:37.392740+00:00,140,24,210.96,8.79,0,0,0.0,0.0,0,0.8519,emulator_bot,credit_card
ACC_001500,RING_00095,2026-03-13T00:25:43.182340+00:00,140,31,186.62,6.02,0,0,0.0,0.0,0,0.91,emulator_bot,credit_card
ACC_001501,RING_00095,2026-03-13T00:33:41.697451+00:00,140,44,290.84,6.61,0,0,0.0,0.0,0,0.9371,emulator_bot,credit_card
ACC_001502,RING_00095,2026-03-13T00:09:45.741933+00:00,140,39,613.86,15.74,0,0,0.0,0.0,0,0.9467,emulator_bot,credit_card
ACC_001503,RING_00095,2026-03-13T00:11:51.777086+00:00,140,31,261.64,8.44,0,0,0.0,0.0,0,0.9586,emulator_bot,credit_card
ACC_001504,RING_00095,2026-03-13T00:12:00.803730+00:00,140,21,355.32,16.92,0,0,0.0,0.0,0,0.8514,emulator_bot,credit_card
ACC_001505,RING_00095,2026-03-13T00:25:45.299023+00:00,140,32,176.96,5.53,0,0,0.0,0.0,0,0.8785,emulator_bot,credit_card
ACC_001506,RING_00095,2026-03-13T00:16:28.660535+00:00,140,44,391.6,8.9,0,0,0.0,0.0,0,0.8453,emulator_bot,credit_card
ACC_001507,RING_00095,2026-03-13T00:29:58.455798+00:00,140,30,126.6,4.22,0,0,0.0,0.0,0,0.8869,emulator_bot,credit_card
ACC_001508,RING_00095,2026-03-13T00:27:27.647141+00:00,140,18,121.14,6.73,0,0,0.0,0.0,0,0.8971,emulator_bot,credit_card
ACC_001509,RING_00096,2027-02-13T07:24:29.660957+00:00,1,9,1285.83,142.87,0,0,0.0,0.0,1,0.0376,mobile_ios,credit_card
ACC_001510,RING_00096,2027-05-10T09:10:58.882369+00:00,1,19,1186.55,62.45,0,0,0.0,0.0,2,0.0645,desktop_chrome,credit_card
ACC_001511,RING_00096,2027-06-15T13:29:48.771747+00:00,1,21,878.64,41.84,1,0,0.0476,0.0,1,0.0119,desktop_chrome,credit_card
ACC_001512,RING_00096,2026-08-30T11:03:49.340922+00:00,1,31,3487.5,112.5,3,1,0.0968,0.0323,1,0.0132,mobile_ios,credit_card
ACC_001513,RING_00096,2026-09-16T07:12:10.840350+00:00,1,31,1798.31,58.01,2,1,0.0645,0.0323,2,0.0472,mobile_ios,credit_card
ACC_001514,RING_00096,2026-09-13T11:03:15.573620+00:00,1,33,2314.95,70.15,3,2,0.0909,0.0606,0,0.0622,mobile_ios,credit_card
ACC_001515,RING_00096,2027-04-04T04:25:05.403138+00:00,1,20,2599.8,129.99,1,0,0.05,0.0,2,0.0425,desktop_chrome,credit_card
ACC_001516,RING_00097,2027-03-13T05:24:16.724325+00:00,1,24,1070.4,44.6,0,0,0.0,0.0,3,0.0438,mobile_ios,credit_card
ACC_001517,RING_00097,2027-02-04T01:40:46.059253+00:00,1,33,2796.42,84.74,1,0,0.0303,0.0,1,0.0322,mobile_ios,paypal
ACC_001518,RING_00097,2027-01-23T21:47:47.930677+00:00,1,19,2240.67,117.93,1,0,0.0526,0.0,1,0.0598,mobile_ios,paypal
ACC_001519,RING_00097,2027-03-01T14:53:38.678671+00:00,1,9,1342.35,149.15,0,0,0.0,0.0,2,0.081,mobile_ios,paypal
ACC_001520,RING_00097,2027-02-09T12:06:09.446531+00:00,1,39,3105.57,79.63,0,0,0.0,0.0,2,0.0155,mobile_ios,paypal
ACC_001521,RING_00097,2026-06-09T23:35:07.232242+00:00,52,34,1417.8,41.7,0,0,0.0,0.0,3,0.0178,desktop_safari,credit_card
ACC_001522,RING_00097,2026-06-21T08:47:33.674653+00:00,40,23,2465.83,107.21,0,0,0.0,0.0,2,0.0712,mobile_ios,paypal
ACC_001523,RING_00097,2026-11-24T13:06:38.858995+00:00,1,29,2771.82,95.58,0,0,0.0,0.0,3,0.0574,desktop_chrome,credit_card
ACC_001524,RING_00097,2026-09-16T11:39:13.855398+00:00,1,16,1109.44,69.34,0,0,0.0,0.0,2,0.0452,mobile_ios,credit_card
ACC_001525,RING_00097,2026-08-29T20:29:48.068297+00:00,1,21,1465.8,69.8,1,0,0.0476,0.0,3,0.0294,desktop_safari,credit_card
ACC_001526,RING_00097,2026-07-23T11:37:11.089808+00:00,8,30,3477.9,115.93,1,0,0.0333,0.0,1,0.0339,mobile_ios,paypal
ACC_001527,RING_00097,2027-01-03T12:12:40.434459+00:00,1,16,2356.0,147.25,0,0,0.0,0.0,3,0.0108,desktop_chrome,paypal
ACC_001528,RING_00097,2026-11-23T13:42:09.112406+00:00,1,16,2871.68,179.48,1,0,0.0625,0.0,3,0.0386,desktop_safari,credit_card
ACC_001529,RING_00097,2026-07-11T07:34:30.730252+00:00,20,36,3469.32,96.37,1,0,0.0278,0.0,1,0.0173,mobile_ios,credit_card
ACC_001530,RING_00097,2026-10-12T01:16:22.073462+00:00,1,36,4533.12,125.92,1,0,0.0278,0.0,2,0.0422,desktop_safari,credit_card
ACC_001531,RING_00097,2026-10-26T01:44:10.842191+00:00,1,35,2568.65,73.39,2,1,0.0571,0.0286,2,0.0184,desktop_chrome,paypal
ACC_001532,RING_00097,2026-09-05T15:44:06.019217+00:00,1,14,2328.2,166.3,0,0,0.0,0.0,1,0.0122,desktop_chrome,paypal
ACC_001533,RING_00097,2027-03-09T22:24:42.979157+00:00,1,10,1018.1,101.81,0,0,0.0,0.0,2,0.0111,desktop_safari,credit_card
ACC_001534,RING_00097,2026-10-23T01:46:07.265408+00:00,1,9,574.29,63.81,0,0,0.0,0.0,1,0.0357,desktop_safari,paypal
ACC_001535,RING_00097,2027-03-28T00:11:05.820854+00:00,1,18,1607.76,89.32,1,0,0.0556,0.0,2,0.0739,desktop_safari,paypal
ACC_001536,RING_00097,2026-07-04T15:37:44.763197+00:00,27,21,3465.21,165.01,0,0,0.0,0.0,3,0.0584,desktop_chrome,credit_card
ACC_001537,RING_00097,2027-02-10T14:07:45.978463+00:00,1,30,4761.6,158.72,1,0,0.0333,0.0,3,0.0828,desktop_chrome,credit_card
ACC_001538,RING_00097,2026-11-29T01:43:44.465175+00:00,1,39,3457.74,88.66,1,0,0.0256,0.0,1,0.0182,desktop_chrome,credit_card
ACC_001539,RING_00097,2027-03-21T01:47:06.769140+00:00,1,28,2313.92,82.64,1,0,0.0357,0.0,2,0.0752,desktop_chrome,paypal
ACC_001540,RING_00097,2026-06-17T11:16:19.071155+00:00,44,30,4377.0,145.9,2,1,0.0667,0.0333,2,0.0636,mobile_ios,paypal
ACC_001541,RING_00097,2026-12-01T08:10:47.464506+00:00,1,19,1330.76,70.04,0,0,0.0,0.0,3,0.0777,desktop_chrome,credit_card
ACC_001542,RING_00097,2026-10-08T06:49:50.567237+00:00,1,18,2187.9,121.55,0,0,0.0,0.0,3,0.0813,desktop_safari,credit_card
ACC_001543,RING_00097,2027-02-16T22:45:51.999157+00:00,1,38,6146.5,161.75,1,0,0.0263,0.0,2,0.0742,desktop_safari,paypal
ACC_001544,RING_00097,2026-11-18T10:23:18.066267+00:00,1,33,5146.35,155.95,1,0,0.0303,0.0,1,0.075,desktop_safari,credit_card
ACC_001545,RING_00097,2026-12-12T11:05:52.098745+00:00,1,12,1682.16,140.18,0,0,0.0,0.0,2,0.0601,mobile_ios,credit_card
ACC_001546,RING_00097,2026-09-11T08:51:48.774225+00:00,1,19,1248.11,65.69,0,0,0.0,0.0,3,0.0522,desktop_safari,credit_card
ACC_001547,RING_00097,2027-03-22T04:22:00.154082+00:00,1,38,2688.88,70.76,1,0,0.0263,0.0,3,0.0606,desktop_chrome,credit_card
ACC_001548,RING_00097,2026-10-24T04:36:11.600581+00:00,1,38,2620.48,68.96,1,0,0.0263,0.0,1,0.0394,mobile_ios,paypal
ACC_001549,RING_00097,2027-03-12T04:06:55.621208+00:00,1,30,3588.9,119.63,1,0,0.0333,0.0,2,0.0216,desktop_chrome,paypal
ACC_001550,RING_00097,2026-07-30T13:19:05.261028+00:00,1,10,1513.2,151.32,0,0,0.0,0.0,2,0.0501,desktop_safari,paypal
ACC_001551,RING_00097,2026-10-09T16:19:49.657162+00:00,1,27,2779.92,102.96,2,1,0.0741,0.037,2,0.0389,desktop_chrome,credit_card
ACC_001552,RING_00098,2026-06-26T00:25:43.177590+00:00,35,9,1143.63,127.07,3,4,0.3333,0.4444,5,0.8078,emulator_bot,virtual_card
ACC_001553,RING_00098,2026-06-26T01:11:56.739508+00:00,35,16,1736.96,108.56,2,2,0.125,0.125,4,0.8256,emulator_bot,virtual_card
ACC_001554,RING_00098,2026-06-26T01:35:47.755409+00:00,35,15,2565.6,171.04,3,2,0.2,0.1333,5,0.7605,emulator_bot,virtual_card
ACC_001555,RING_00098,2026-06-26T00:38:18.952541+00:00,35,16,2935.52,183.47,4,4,0.25,0.25,5,0.7416,emulator_bot,virtual_card
ACC_001556,RING_00098,2026-06-26T00:42:27.012903+00:00,35,18,1941.3,107.85,4,4,0.2222,0.2222,6,0.8686,emulator_bot,virtual_card
ACC_001557,RING_00098,2026-06-26T01:15:28.603984+00:00,35,11,1714.79,155.89,2,4,0.1818,0.3636,5,0.7831,emulator_bot,virtual_card
ACC_001558,RING_00098,2026-06-26T00:17:39.077167+00:00,35,16,2446.72,152.92,4,2,0.25,0.125,5,0.8353,emulator_bot,virtual_card
ACC_001559,RING_00098,2026-06-26T00:14:11.116390+00:00,35,24,3690.72,153.78,2,3,0.0833,0.125,5,0.9234,emulator_bot,virtual_card
ACC_001560,RING_00098,2026-06-26T00:29:58.598002+00:00,35,19,3076.67,161.93,2,3,0.1053,0.1579,2,0.8589,emulator_bot,virtual_card
ACC_001561,RING_00098,2026-06-26T01:28:57.070166+00:00,35,9,1043.1,115.9,5,2,0.5556,0.2222,6,0.8538,emulator_bot,virtual_card
ACC_001562,RING_00098,2026-06-26T00:43:59.514430+00:00,35,12,1109.28,92.44,4,2,0.3333,0.1667,4,0.7628,emulator_bot,virtual_card
ACC_001563,RING_00098,2026-06-26T01:00:52.979196+00:00,35,11,1131.79,102.89,3,3,0.2727,0.2727,3,0.7243,emulator_bot,virtual_card
ACC_001564,RING_00098,2026-06-26T00:23:27.244009+00:00,35,13,1196.39,92.03,3,4,0.2308,0.3077,2,0.8627,emulator_bot,virtual_card
ACC_001565,RING_00098,2026-06-26T00:23:17.560805+00:00,35,16,1568.0,98.0,5,4,0.3125,0.25,6,0.9378,emulator_bot,virtual_card
ACC_001566,RING_00098,2026-06-26T01:18:03.249066+00:00,35,10,1275.5,127.55,5,4,0.5,0.4,6,0.7411,emulator_bot,virtual_card
ACC_001567,RING_00099,2026-05-25T00:03:32.153492+00:00,67,20,250.2,12.51,0,0,0.0,0.0,0,0.8588,emulator_bot,credit_card
ACC_001568,RING_00099,2026-05-25T00:44:06.406460+00:00,67,39,471.12,12.08,0,0,0.0,0.0,0,0.8478,emulator_bot,credit_card
ACC_001569,RING_00099,2026-05-25T00:05:31.712890+00:00,67,31,224.75,7.25,0,0,0.0,0.0,0,0.8028,emulator_bot,credit_card
ACC_001570,RING_00099,2026-05-25T00:09:02.297553+00:00,67,16,283.36,17.71,0,0,0.0,0.0,0,0.8984,emulator_bot,credit_card
ACC_001571,RING_00099,2026-05-25T00:36:26.151518+00:00,67,27,268.65,9.95,0,0,0.0,0.0,0,0.883,emulator_bot,credit_card
ACC_001572,RING_00099,2026-05-25T00:11:06.236868+00:00,67,19,101.65,5.35,0,0,0.0,0.0,0,0.8722,emulator_bot,credit_card
ACC_001573,RING_00099,2026-05-25T00:10:00.192019+00:00,67,23,362.71,15.77,0,0,0.0,0.0,0,0.8859,emulator_bot,credit_card
ACC_001574,RING_00099,2026-05-25T00:30:15.236407+00:00,67,36,429.84,11.94,0,0,0.0,0.0,0,0.8535,emulator_bot,credit_card
ACC_001575,RING_00099,2026-05-25T00:17:56.666122+00:00,67,43,368.94,8.58,0,0,0.0,0.0,0,0.933,emulator_bot,credit_card
ACC_001576,RING_00099,2026-05-25T00:37:35.793715+00:00,67,31,243.04,7.84,0,0,0.0,0.0,0,0.8496,emulator_bot,credit_card
ACC_001577,RING_00099,2026-05-25T00:28:43.327233+00:00,67,32,228.16,7.13,0,0,0.0,0.0,0,0.8387,emulator_bot,credit_card
ACC_001578,RING_00099,2026-05-25T00:12:58.179736+00:00,67,16,188.16,11.76,0,0,0.0,0.0,0,0.8387,emulator_bot,credit_card
ACC_001579,RING_00099,2026-05-25T00:26:54.392844+00:00,67,43,333.25,7.75,0,0,0.0,0.0,0,0.8527,emulator_bot,credit_card
ACC_001580,RING_00099,2026-05-25T00:38:59.446378+00:00,67,37,272.69,7.37,0,0,0.0,0.0,0,0.8306,emulator_bot,credit_card
ACC_001581,RING_00099,2026-05-25T00:16:24.103993+00:00,67,36,545.4,15.15,0,0,0.0,0.0,0,0.9346,emulator_bot,credit_card
ACC_001582,RING_00099,2026-05-25T00:33:08.470948+00:00,67,20,82.6,4.13,0,0,0.0,0.0,0,0.9188,emulator_bot,credit_card
ACC_001583,RING_00099,2026-05-25T00:18:42.749047+00:00,67,30,285.3,9.51,0,0,0.0,0.0,0,0.9585,emulator_bot,credit_card
ACC_001584,RING_00099,2026-05-25T00:24:26.298174+00:00,67,43,731.43,17.01,0,0,0.0,0.0,0,0.9446,emulator_bot,credit_card
ACC_001585,RING_00099,2026-05-25T00:33:00.990075+00:00,67,30,520.5,17.35,0,0,0.0,0.0,0,0.9108,emulator_bot,credit_card
ACC_001586,RING_00099,2026-05-25T00:02:43.423903+00:00,67,27,238.14,8.82,0,0,0.0,0.0,0,0.8929,emulator_bot,credit_card
ACC_001587,RING_00099,2026-05-25T00:20:28.363710+00:00,67,24,317.76,13.24,0,0,0.0,0.0,0,0.9596,emulator_bot,credit_card
ACC_001588,RING_00099,2026-05-25T00:04:17.076493+00:00,67,29,261.29,9.01,0,0,0.0,0.0,0,0.8845,emulator_bot,credit_card
ACC_001589,RING_00099,2026-05-25T00:32:37.514970+00:00,67,16,247.52,15.47,0,0,0.0,0.0,0,0.8104,emulator_bot,credit_card
ACC_001590,RING_00100,2026-03-27T02:37:52.907884+00:00,126,18,6805.62,378.09,16,14,0.8889,0.7778,11,0.7504,desktop_chrome,credit_card
ACC_001591,RING_00100,2026-03-31T20:26:58.643937+00:00,122,33,13420.11,406.67,29,28,0.8788,0.8485,14,0.7407,desktop_chrome,credit_card
ACC_001592,RING_00100,2026-03-24T11:45:40.855916+00:00,129,26,11101.74,426.99,24,22,0.9231,0.8462,14,0.8656,desktop_chrome,credit_card
ACC_001593,RING_00100,2026-03-24T15:35:42.272184+00:00,129,30,7871.1,262.37,28,26,0.9333,0.8667,17,0.7337,desktop_chrome,credit_card
ACC_001594,RING_00100,2026-03-20T09:15:59.209257+00:00,133,28,7085.96,253.07,25,23,0.8929,0.8214,11,0.8069,desktop_chrome,credit_card
ACC_001595,RING_00100,2026-03-30T00:19:35.773201+00:00,123,25,6121.5,244.86,23,22,0.92,0.88,13,0.8692,desktop_chrome,credit_card
ACC_001596,RING_00100,2026-03-16T05:02:00.202188+00:00,137,19,6692.56,352.24,17,15,0.8947,0.7895,17,0.7255,desktop_chrome,credit_card
ACC_001597,RING_00100,2026-03-20T00:31:46.296177+00:00,133,34,13657.46,401.69,31,30,0.9118,0.8824,14,0.7556,desktop_chrome,credit_card
ACC_001598,RING_00100,2026-03-15T22:33:03.882941+00:00,138,28,13167.0,470.25,24,21,0.8571,0.75,20,0.6921,desktop_chrome,credit_card
ACC_001599,RING_00100,2026-03-18T06:48:24.454932+00:00,135,30,9433.8,314.46,27,25,0.9,0.8333,19,0.6806,desktop_chrome,credit_card
ACC_001600,RING_00100,2026-03-25T17:34:01.191168+00:00,128,26,6037.46,232.21,22,21,0.8462,0.8077,16,0.7964,desktop_chrome,credit_card
ACC_001601,RING_00100,2026-03-16T12:27:39.550431+00:00,137,21,5170.62,246.22,19,18,0.9048,0.8571,11,0.7374,desktop_chrome,credit_card
ACC_001602,RING_00101,2026-12-10T05:32:00.487421+00:00,1,33,4097.94,124.18,0,0,0.0,0.0,1,0.05,desktop_chrome,credit_card
ACC_001603,RING_00101,2026-09-13T15:20:49.069045+00:00,1,38,4176.2,109.9,2,1,0.0526,0.0263,1,0.0189,desktop_chrome,credit_card
ACC_001604,RING_00101,2027-04-14T10:18:22.330750+00:00,1,33,4865.52,147.44,1,0,0.0303,0.0,1,0.0344,mobile_ios,credit_card
ACC_001605,RING_00101,2026-12-02T22:38:19.763266+00:00,1,32,3369.6,105.3,1,0,0.0312,0.0,3,0.018,desktop_chrome,debit_card
ACC_001606,RING_00101,2026-09-16T05:03:06.340700+00:00,1,14,1186.36,84.74,0,0,0.0,0.0,2,0.0102,desktop_chrome,debit_card
ACC_001607,RING_00101,2026-06-03T17:46:18.349224+00:00,58,32,2612.8,81.65,2,1,0.0625,0.0312,2,0.012,desktop_chrome,debit_card
ACC_001608,RING_00101,2027-04-19T00:17:58.283108+00:00,1,13,856.7,65.9,1,0,0.0769,0.0,2,0.058,mobile_ios,debit_card
ACC_001609,RING_00101,2026-04-22T03:44:24.508041+00:00,100,35,2239.65,63.99,2,1,0.0571,0.0286,2,0.0586,desktop_chrome,credit_card
ACC_001610,RING_00101,2026-04-08T07:52:42.822597+00:00,114,10,1538.8,153.88,0,0,0.0,0.0,3,0.0281,mobile_android,credit_card
ACC_001611,RING_00101,2027-02-06T01:39:43.298204+00:00,1,30,1408.2,46.94,2,1,0.0667,0.0333,3,0.0472,mobile_ios,credit_card
ACC_001612,RING_00101,2026-12-05T02:38:43.885385+00:00,1,39,3136.77,80.43,2,1,0.0513,0.0256,1,0.0101,desktop_chrome,debit_card
ACC_001613,RING_00101,2026-07-26T19:04:17.321502+00:00,5,14,1712.62,122.33,1,0,0.0714,0.0,1,0.0616,desktop_chrome,credit_card
ACC_001614,RING_00101,2026-08-03T23:15:15.973560+00:00,1,25,2323.0,92.92,2,1,0.08,0.04,2,0.0424,mobile_ios,credit_card
ACC_001615,RING_00101,2027-04-17T07:20:04.383074+00:00,1,25,2667.5,106.7,1,0,0.04,0.0,1,0.0555,mobile_android,debit_card
ACC_001616,RING_00101,2026-10-19T16:04:31.833198+00:00,1,20,2043.6,102.18,0,0,0.0,0.0,2,0.0423,desktop_chrome,credit_card
ACC_001617,RING_00101,2026-07-14T17:58:46.495495+00:00,17,17,1763.41,103.73,1,0,0.0588,0.0,1,0.0332,mobile_android,credit_card
ACC_001618,RING_00101,2027-04-15T11:06:15.262718+00:00,1,25,2441.75,97.67,1,0,0.04,0.0,1,0.0608,mobile_ios,credit_card
ACC_001619,RING_00101,2026-11-17T17:30:05.581257+00:00,1,10,464.7,46.47,0,0,0.0,0.0,2,0.07,desktop_chrome,credit_card
ACC_001620,RING_00101,2027-04-08T12:43:37.466108+00:00,1,13,652.34,50.18,0,0,0.0,0.0,1,0.053,mobile_ios,credit_card
ACC_001621,RING_00102,2027-07-19T15:30:55.764600+00:00,1,34,1366.8,40.2,4,2,0.1176,0.0588,1,0.0624,mobile_ios,credit_card
ACC_001622,RING_00103,2026-03-13T18:46:47.706020+00:00,140,27,2125.17,78.71,3,2,0.1111,0.0741,1,0.0403,mobile_android,credit_card
ACC_001623,RING_00103,2027-02-23T06:09:31.393035+00:00,1,42,5636.4,134.2,5,3,0.119,0.0714,1,0.0402,mobile_ios,credit_card
ACC_001624,RING_00103,2027-02-11T15:04:12.850868+00:00,1,48,4252.8,88.6,4,3,0.0833,0.0625,1,0.0564,mobile_ios,credit_card
ACC_001625,RING_00103,2027-06-15T06:46:23.690509+00:00,1,38,3345.14,88.03,2,1,0.0526,0.0263,1,0.0584,mobile_ios,credit_card
ACC_001626,RING_00104,2026-06-19T10:37:16.475853+00:00,42,36,1926.36,53.51,2,1,0.0556,0.0278,2,0.014,desktop_safari,paypal
ACC_001627,RING_00104,2026-09-04T10:38:35.300163+00:00,1,11,1824.46,165.86,0,0,0.0,0.0,3,0.0613,mobile_ios,paypal
ACC_001628,RING_00104,2026-09-08T06:33:42.086107+00:00,1,34,1782.96,52.44,1,0,0.0294,0.0,3,0.0181,mobile_ios,paypal
ACC_001629,RING_00104,2026-10-23T13:14:31.112080+00:00,1,32,1514.24,47.32,0,0,0.0,0.0,1,0.021,desktop_safari,paypal
ACC_001630,RING_00104,2026-08-06T09:46:28.335501+00:00,1,8,799.28,99.91,0,0,0.0,0.0,3,0.0607,mobile_ios,paypal
ACC_001631,RING_00104,2026-04-23T01:39:44.644110+00:00,99,34,1368.84,40.26,0,0,0.0,0.0,2,0.017,mobile_ios,credit_card
ACC_001632,RING_00104,2026-06-11T03:56:33.543711+00:00,50,29,3177.82,109.58,0,0,0.0,0.0,2,0.0864,desktop_chrome,credit_card
ACC_001633,RING_00104,2026-04-03T19:11:48.948456+00:00,119,31,2329.34,75.14,1,0,0.0323,0.0,3,0.0287,mobile_ios,credit_card
ACC_001634,RING_00104,2026-08-06T21:54:40.767873+00:00,1,32,2289.92,71.56,0,0,0.0,0.0,1,0.0811,desktop_safari,credit_card
ACC_001635,RING_00104,2026-08-06T08:48:38.767479+00:00,1,32,2840.32,88.76,1,0,0.0312,0.0,1,0.0547,mobile_ios,paypal
ACC_001636,RING_00104,2026-09-15T05:14:08.032259+00:00,1,30,3831.6,127.72,1,0,0.0333,0.0,2,0.0802,desktop_safari,credit_card
ACC_001637,RING_00104,2026-03-14T11:42:49.922135+00:00,139,30,4239.0,141.3,0,0,0.0,0.0,1,0.0152,desktop_safari,paypal
ACC_001638,RING_00104,2026-07-11T13:18:00.353150+00:00,20,27,2370.06,87.78,1,0,0.037,0.0,1,0.0458,mobile_ios,paypal
ACC_001639,RING_00104,2026-12-01T19:53:53.862350+00:00,1,11,1254.88,114.08,0,0,0.0,0.0,3,0.0382,mobile_ios,credit_card
ACC_001640,RING_00104,2026-02-17T22:09:31.418322+00:00,164,14,2511.6,179.4,0,0,0.0,0.0,3,0.0692,desktop_chrome,credit_card
ACC_001641,RING_00104,2026-12-13T18:51:30.753656+00:00,1,33,5559.51,168.47,1,0,0.0303,0.0,2,0.0188,mobile_ios,paypal
ACC_001642,RING_00104,2026-07-22T15:16:41.919346+00:00,9,17,1848.75,108.75,0,0,0.0,0.0,3,0.0317,desktop_chrome,credit_card
ACC_001643,RING_00104,2026-10-06T18:27:52.884373+00:00,1,36,6384.96,177.36,2,1,0.0556,0.0278,2,0.0439,mobile_ios,paypal
ACC_001644,RING_00104,2026-07-19T04:55:25.054094+00:00,12,21,1927.59,91.79,0,0,0.0,0.0,3,0.0859,desktop_safari,credit_card
ACC_001645,RING_00104,2026-06-25T18:04:40.607826+00:00,36,9,1202.67,133.63,0,0,0.0,0.0,3,0.0159,desktop_safari,paypal
ACC_001646,RING_00104,2026-09-13T19:12:42.657211+00:00,1,30,3449.1,114.97,2,1,0.0667,0.0333,2,0.0105,desktop_chrome,credit_card
ACC_001647,RING_00104,2026-02-26T17:31:48.456896+00:00,155,13,1236.04,95.08,0,0,0.0,0.0,2,0.0423,desktop_chrome,credit_card
ACC_001648,RING_00104,2026-08-19T08:50:33.646968+00:00,1,19,2611.93,137.47,0,0,0.0,0.0,2,0.0821,mobile_ios,paypal
ACC_001649,RING_00104,2026-06-20T15:06:25.802996+00:00,41,8,1361.12,170.14,0,0,0.0,0.0,1,0.0337,mobile_ios,paypal
ACC_001650,RING_00104,2026-11-09T02:08:31.712756+00:00,1,33,3421.44,103.68,1,0,0.0303,0.0,2,0.0791,desktop_chrome,paypal
ACC_001651,RING_00104,2026-04-22T14:42:38.004309+00:00,100,35,4099.55,117.13,0,0,0.0,0.0,2,0.0259,desktop_safari,paypal
ACC_001652,RING_00104,2026-05-02T07:44:48.293284+00:00,90,14,788.9,56.35,0,0,0.0,0.0,3,0.0489,desktop_safari,paypal
ACC_001653,RING_00104,2026-12-01T22:33:28.535134+00:00,1,37,4711.58,127.34,0,0,0.0,0.0,3,0.0168,desktop_chrome,credit_card
ACC_001654,RING_00104,2026-10-12T13:56:08.364743+00:00,1,37,1832.24,49.52,0,0,0.0,0.0,1,0.0694,mobile_ios,credit_card
ACC_001655,RING_00104,2026-09-26T20:19:09.938980+00:00,1,37,1626.52,43.96,1,0,0.027,0.0,2,0.0577,desktop_chrome,paypal
ACC_001656,RING_00104,2026-12-10T17:08:22.565552+00:00,1,9,1085.22,120.58,0,0,0.0,0.0,1,0.0303,desktop_safari,paypal
ACC_001657,RING_00104,2026-09-23T16:24:08.998678+00:00,1,17,2944.06,173.18,0,0,0.0,0.0,2,0.0608,desktop_chrome,credit_card
ACC_001658,RING_00104,2026-09-17T01:59:47.546977+00:00,1,8,809.92,101.24,0,0,0.0,0.0,2,0.0557,desktop_safari,paypal
ACC_001659,RING_00104,2026-06-27T19:48:54.495062+00:00,34,21,1552.32,73.92,1,0,0.0476,0.0,2,0.021,mobile_ios,paypal
ACC_001660,RING_00104,2026-10-26T22:28:20.293571+00:00,1,11,1906.85,173.35,0,0,0.0,0.0,1,0.0805,desktop_safari,paypal
ACC_001661,RING_00104,2026-03-10T13:26:06.975081+00:00,143,25,1606.25,64.25,0,0,0.0,0.0,3,0.0468,mobile_ios,credit_card
ACC_001662,RING_00104,2026-10-21T21:56:12.557753+00:00,1,10,1643.5,164.35,0,0,0.0,0.0,3,0.0135,mobile_ios,paypal
ACC_001663,RING_00104,2026-10-27T13:46:33.813246+00:00,1,34,1721.08,50.62,2,1,0.0588,0.0294,2,0.0318,desktop_safari,credit_card
ACC_001664,RING_00104,2026-12-09T06:27:23.625547+00:00,1,9,953.28,105.92,0,0,0.0,0.0,3,0.0641,mobile_ios,paypal
ACC_001665,RING_00104,2026-05-13T12:22:07.116311+00:00,79,18,1801.8,100.1,0,0,0.0,0.0,3,0.0227,desktop_safari,paypal
ACC_001666,RING_00104,2026-06-27T20:07:37.108265+00:00,34,30,4389.9,146.33,1,0,0.0333,0.0,1,0.0475,desktop_safari,paypal
ACC_001667,RING_00104,2026-12-03T07:01:22.952170+00:00,1,36,4983.12,138.42,0,0,0.0,0.0,2,0.0431,desktop_safari,credit_card
ACC_001668,RING_00104,2026-03-31T08:23:45.356620+00:00,122,27,3483.0,129.0,1,0,0.037,0.0,1,0.0176,desktop_chrome,credit_card
ACC_001669,RING_00104,2026-05-27T01:40:22.370936+00:00,65,31,3413.72,110.12,0,0,0.0,0.0,2,0.0528,desktop_chrome,paypal
ACC_001670,RING_00105,2026-12-30T15:42:10.630317+00:00,1,34,3706.34,109.01,1,0,0.0294,0.0,2,0.0814,desktop_chrome,paypal
ACC_001671,RING_00105,2026-12-07T20:03:14.452394+00:00,1,24,3935.52,163.98,0,0,0.0,0.0,1,0.0354,desktop_safari,paypal
ACC_001672,RING_00105,2026-06-24T17:44:14.098516+00:00,37,16,2095.2,130.95,0,0,0.0,0.0,2,0.0753,desktop_safari,paypal
ACC_001673,RING_00105,2026-06-12T19:02:57.287876+00:00,49,39,4070.04,104.36,2,1,0.0513,0.0256,2,0.0261,desktop_safari,paypal
ACC_001674,RING_00105,2026-07-28T13:37:42.183912+00:00,3,36,2832.84,78.69,2,1,0.0556,0.0278,1,0.0566,desktop_safari,paypal
ACC_001675,RING_00105,2026-08-20T09:36:14.362989+00:00,1,34,2807.38,82.57,1,0,0.0294,0.0,1,0.0711,desktop_safari,credit_card
ACC_001676,RING_00105,2026-08-11T19:46:53.513979+00:00,1,38,5141.78,135.31,2,1,0.0526,0.0263,3,0.021,desktop_safari,credit_card
ACC_001677,RING_00105,2026-04-13T00:46:45.981744+00:00,109,30,1729.2,57.64,0,0,0.0,0.0,1,0.0705,desktop_chrome,paypal
ACC_001678,RING_00105,2026-07-22T02:12:04.482462+00:00,9,30,2791.2,93.04,2,1,0.0667,0.0333,3,0.0823,desktop_chrome,credit_card
ACC_001679,RING_00105,2026-04-06T09:10:56.856432+00:00,116,22,3241.26,147.33,0,0,0.0,0.0,2,0.0264,mobile_ios,paypal
ACC_001680,RING_00105,2026-11-26T17:22:15.448833+00:00,1,36,5958.72,165.52,1,0,0.0278,0.0,3,0.0147,desktop_chrome,paypal
ACC_001681,RING_00105,2026-05-27T18:06:02.401090+00:00,65,19,1330.0,70.0,0,0,0.0,0.0,1,0.051,mobile_ios,paypal
ACC_001682,RING_00105,2026-11-04T06:40:54.129961+00:00,1,19,1340.26,70.54,1,0,0.0526,0.0,1,0.0858,mobile_ios,credit_card
ACC_001683,RING_00105,2026-03-19T18:31:49.911368+00:00,134,22,1217.26,55.33,1,0,0.0455,0.0,2,0.0677,desktop_chrome,credit_card
ACC_001684,RING_00105,2026-04-14T06:19:28.008733+00:00,108,13,1964.95,151.15,0,0,0.0,0.0,3,0.0271,desktop_chrome,paypal
ACC_001685,RING_00105,2026-10-21T15:35:26.455672+00:00,1,18,2193.66,121.87,0,0,0.0,0.0,1,0.0487,desktop_safari,credit_card
ACC_001686,RING_00105,2026-07-28T15:17:45.739923+00:00,3,9,472.95,52.55,0,0,0.0,0.0,3,0.013,desktop_chrome,paypal
ACC_001687,RING_00105,2026-04-24T08:09:29.865048+00:00,98,17,1631.49,95.97,0,0,0.0,0.0,2,0.0888,desktop_chrome,paypal
ACC_001688,RING_00105,2026-06-06T00:21:28.927125+00:00,55,23,2459.85,106.95,1,0,0.0435,0.0,2,0.0598,desktop_chrome,credit_card
ACC_001689,RING_00105,2026-08-12T12:10:52.956216+00:00,1,14,2039.38,145.67,0,0,0.0,0.0,1,0.0153,desktop_safari,paypal
ACC_001690,RING_00105,2026-12-01T12:24:06.030839+00:00,1,24,3383.52,140.98,0,0,0.0,0.0,2,0.022,mobile_ios,credit_card
ACC_001691,RING_00106,2026-03-01T00:01:36.286860+00:00,152,13,1279.85,98.45,4,2,0.3077,0.1538,5,0.8639,emulator_bot,virtual_card
ACC_001692,RING_00106,2026-03-01T01:37:12.097224+00:00,152,22,2662.22,121.01,4,3,0.1818,0.1364,3,0.8719,emulator_bot,virtual_card
ACC_001693,RING_00106,2026-03-01T01:57:44.686578+00:00,152,18,2846.52,158.14,2,4,0.1111,0.2222,3,0.8784,emulator_bot,virtual_card
ACC_001694,RING_00106,2026-03-01T00:03:38.650760+00:00,152,17,1486.14,87.42,2,2,0.1176,0.1176,5,0.7564,emulator_bot,virtual_card
ACC_001695,RING_00106,2026-03-01T01:26:59.764161+00:00,152,24,2409.84,100.41,4,4,0.1667,0.1667,3,0.8191,emulator_bot,virtual_card
ACC_001696,RING_00106,2026-03-01T01:59:53.477367+00:00,152,14,1615.6,115.4,4,4,0.2857,0.2857,6,0.9418,emulator_bot,virtual_card
ACC_001697,RING_00106,2026-03-01T01:35:39.253821+00:00,152,9,1150.11,127.79,4,4,0.4444,0.4444,4,0.8641,emulator_bot,virtual_card
ACC_001698,RING_00106,2026-03-01T01:00:38.570422+00:00,152,16,1553.28,97.08,2,4,0.125,0.25,4,0.8691,emulator_bot,virtual_card
ACC_001699,RING_00106,2026-03-01T01:46:10.725399+00:00,152,9,1253.34,139.26,3,3,0.3333,0.3333,3,0.9078,emulator_bot,virtual_card
ACC_001700,RING_00106,2026-03-01T01:24:57.113459+00:00,152,18,2706.3,150.35,4,3,0.2222,0.1667,2,0.903,emulator_bot,virtual_card
ACC_001701,RING_00106,2026-03-01T00:35:05.651883+00:00,152,10,1462.1,146.21,4,4,0.4,0.4,2,0.9197,emulator_bot,virtual_card
ACC_001702,RING_00106,2026-03-01T00:26:55.102431+00:00,152,23,2145.44,93.28,5,3,0.2174,0.1304,6,0.8705,emulator_bot,virtual_card
ACC_001703,RING_00106,2026-03-01T01:01:30.319627+00:00,152,18,1840.5,102.25,4,3,0.2222,0.1667,6,0.8259,emulator_bot,virtual_card
ACC_001704,RING_00106,2026-03-01T00:44:45.531773+00:00,152,12,1489.68,124.14,2,3,0.1667,0.25,3,0.871,emulator_bot,virtual_card
ACC_001705,RING_00106,2026-03-01T00:39:32.169534+00:00,152,23,4071.46,177.02,5,2,0.2174,0.087,5,0.7439,emulator_bot,virtual_card
ACC_001706,RING_00106,2026-03-01T00:21:21.058680+00:00,152,24,4474.08,186.42,5,4,0.2083,0.1667,6,0.9079,emulator_bot,virtual_card
ACC_001707,RING_00106,2026-03-01T01:41:26.059223+00:00,152,9,862.2,95.8,5,3,0.5556,0.3333,3,0.8687,emulator_bot,virtual_card
ACC_001708,RING_00106,2026-03-01T01:24:36.104405+00:00,152,19,2611.17,137.43,3,3,0.1579,0.1579,4,0.8409,emulator_bot,virtual_card
ACC_001709,RING_00107,2027-03-11T02:54:09.676322+00:00,1,5,364.95,72.99,0,0,0.0,0.0,1,0.0204,desktop_chrome,apple_pay
ACC_001710,RING_00107,2027-02-28T11:29:19.575948+00:00,1,17,1039.89,61.17,1,0,0.0588,0.0,1,0.0528,mobile_ios,credit_card
ACC_001711,RING_00107,2026-08-13T14:33:51.344057+00:00,1,19,798.0,42.0,0,0,0.0,0.0,0,0.0491,desktop_chrome,credit_card
ACC_001712,RING_00107,2026-09-15T23:42:42.238243+00:00,1,18,1019.7,56.65,1,0,0.0556,0.0,1,0.0247,desktop_chrome,apple_pay
ACC_001713,RING_00107,2026-12-05T05:44:55.556970+00:00,1,6,543.18,90.53,0,0,0.0,0.0,1,0.0497,desktop_safari,debit_card
ACC_001714,RING_00107,2026-12-06T04:08:36.963764+00:00,1,27,1973.16,73.08,1,0,0.037,0.0,0,0.0104,desktop_safari,debit_card
ACC_001715,RING_00107,2026-07-19T21:55:24.265347+00:00,12,21,1736.28,82.68,1,0,0.0476,0.0,1,0.044,desktop_safari,apple_pay
ACC_001716,RING_00107,2026-09-04T00:37:26.768719+00:00,1,12,984.0,82.0,0,0,0.0,0.0,0,0.0278,mobile_ios,debit_card
ACC_001717,RING_00107,2026-05-01T04:18:25.347402+00:00,91,18,945.72,52.54,1,0,0.0556,0.0,0,0.0635,mobile_ios,debit_card
ACC_001718,RING_00107,2026-05-20T19:01:59.821161+00:00,72,7,367.22,52.46,0,0,0.0,0.0,0,0.0141,desktop_chrome,debit_card
ACC_001719,RING_00107,2026-12-15T20:46:54.538052+00:00,1,29,846.22,29.18,0,0,0.0,0.0,1,0.0531,mobile_ios,credit_card
ACC_001720,RING_00107,2026-07-15T00:17:52.086249+00:00,16,18,559.08,31.06,1,0,0.0556,0.0,0,0.0209,desktop_safari,apple_pay
ACC_001721,RING_00107,2027-01-22T16:56:30.981556+00:00,1,24,1330.08,55.42,2,1,0.0833,0.0417,0,0.0107,mobile_ios,credit_card
ACC_001722,RING_00107,2027-02-27T16:07:24.240818+00:00,1,15,860.7,57.38,0,0,0.0,0.0,1,0.0409,desktop_chrome,credit_card
ACC_001723,RING_00107,2026-04-12T11:50:02.973847+00:00,110,8,586.4,73.3,0,0,0.0,0.0,0,0.0616,desktop_safari,debit_card
ACC_001724,RING_00107,2026-06-06T04:29:48.392752+00:00,55,8,390.48,48.81,0,0,0.0,0.0,0,0.0529,desktop_chrome,debit_card
ACC_001725,RING_00107,2027-02-15T05:27:41.467535+00:00,1,7,654.08,93.44,0,0,0.0,0.0,1,0.0692,desktop_safari,debit_card
ACC_001726,RING_00107,2027-02-03T14:05:41.476219+00:00,1,26,1801.02,69.27,3,2,0.1154,0.0769,1,0.0215,mobile_ios,apple_pay
ACC_001727,RING_00107,2026-08-02T10:21:01.949245+00:00,1,22,1679.04,76.32,2,1,0.0909,0.0455,0,0.0375,desktop_chrome,debit_card
ACC_001728,RING_00107,2026-05-13T07:36:10.905436+00:00,79,27,752.76,27.88,3,1,0.1111,0.037,0,0.0734,desktop_safari,apple_pay
ACC_001729,RING_00107,2026-11-07T12:12:46.261027+00:00,1,6,345.24,57.54,0,0,0.0,0.0,1,0.0606,desktop_chrome,debit_card
ACC_001730,RING_00107,2026-04-19T03:16:17.149904+00:00,103,11,429.88,39.08,1,0,0.0909,0.0,0,0.0516,desktop_chrome,credit_card
ACC_001731,RING_00107,2027-01-24T03:02:45.151340+00:00,1,9,412.47,45.83,0,0,0.0,0.0,0,0.0215,mobile_ios,apple_pay
ACC_001732,RING_00107,2026-10-03T13:59:09.077718+00:00,1,24,1643.04,68.46,2,1,0.0833,0.0417,1,0.0132,mobile_ios,debit_card
ACC_001733,RING_00107,2026-11-07T15:46:54.807172+00:00,1,11,310.86,28.26,1,0,0.0909,0.0,1,0.0479,desktop_chrome,debit_card
ACC_001734,RING_00107,2027-01-01T12:07:09.149311+00:00,1,8,279.04,34.88,0,0,0.0,0.0,1,0.0589,mobile_ios,debit_card
ACC_001735,RING_00107,2026-10-12T14:35:17.848577+00:00,1,5,225.75,45.15,0,0,0.0,0.0,1,0.024,desktop_chrome,debit_card
ACC_001736,RING_00107,2026-06-02T03:52:39.788044+00:00,59,29,2512.85,86.65,2,1,0.069,0.0345,0,0.0307,mobile_ios,credit_card
ACC_001737,RING_00107,2026-04-19T04:05:01.408747+00:00,103,11,696.85,63.35,0,0,0.0,0.0,1,0.0653,mobile_ios,apple_pay
ACC_001738,RING_00107,2027-03-15T02:23:40.262183+00:00,1,15,887.55,59.17,1,0,0.0667,0.0,0,0.0461,mobile_ios,debit_card
ACC_001739,RING_00107,2027-02-18T20:03:53.606510+00:00,1,7,430.5,61.5,0,0,0.0,0.0,1,0.0778,desktop_safari,credit_card
ACC_001740,RING_00107,2026-10-10T07:17:37.624891+00:00,1,6,333.66,55.61,0,0,0.0,0.0,0,0.0469,desktop_chrome,credit_card
ACC_001741,RING_00107,2026-09-10T00:22:32.474542+00:00,1,25,1991.0,79.64,0,0,0.0,0.0,1,0.0289,desktop_chrome,credit_card
ACC_001742,RING_00107,2026-12-21T11:24:16.890579+00:00,1,13,1176.89,90.53,0,0,0.0,0.0,0,0.0761,mobile_ios,apple_pay
ACC_001743,RING_00107,2026-11-11T03:41:10.359505+00:00,1,9,256.41,28.49,0,0,0.0,0.0,0,0.0144,desktop_chrome,apple_pay
ACC_001744,RING_00107,2026-05-25T13:40:39.123202+00:00,67,10,690.2,69.02,1,0,0.1,0.0,0,0.0797,desktop_chrome,credit_card
ACC_001745,RING_00107,2027-01-23T15:00:47.252786+00:00,1,19,551.19,29.01,1,0,0.0526,0.0,1,0.059,desktop_safari,debit_card
ACC_001746,RING_00107,2026-12-26T11:19:22.555237+00:00,1,22,1124.42,51.11,1,0,0.0455,0.0,1,0.0525,desktop_chrome,debit_card
ACC_001747,RING_00107,2027-02-07T21:52:01.101139+00:00,1,12,760.92,63.41,0,0,0.0,0.0,1,0.0779,mobile_ios,debit_card
ACC_001748,RING_00107,2026-07-30T12:54:29.957012+00:00,1,11,713.57,64.87,0,0,0.0,0.0,1,0.0375,mobile_ios,credit_card
ACC_001749,RING_00107,2026-06-26T22:01:56.202013+00:00,35,8,246.32,30.79,0,0,0.0,0.0,0,0.061,desktop_safari,debit_card
ACC_001750,RING_00107,2026-10-10T18:53:54.704226+00:00,1,10,307.9,30.79,0,0,0.0,0.0,0,0.0641,desktop_chrome,debit_card
ACC_001751,RING_00107,2026-09-03T23:11:08.998081+00:00,1,12,967.2,80.6,0,0,0.0,0.0,0,0.0718,mobile_ios,credit_card
ACC_001752,RING_00107,2026-10-15T14:28:34.868832+00:00,1,22,905.74,41.17,1,0,0.0455,0.0,0,0.0179,desktop_chrome,credit_card
ACC_001753,RING_00107,2026-08-18T20:19:59.437566+00:00,1,8,686.0,85.75,0,0,0.0,0.0,0,0.0242,desktop_safari,credit_card
ACC_001754,RING_00107,2026-12-11T11:04:33.722964+00:00,1,13,432.9,33.3,1,0,0.0769,0.0,0,0.0618,desktop_chrome,apple_pay
ACC_001755,RING_00107,2026-04-15T17:56:40.495051+00:00,107,23,1625.18,70.66,1,0,0.0435,0.0,1,0.0535,mobile_ios,debit_card
ACC_001756,RING_00107,2027-03-13T08:47:09.389302+00:00,1,6,528.3,88.05,0,0,0.0,0.0,1,0.0493,mobile_ios,debit_card
ACC_001757,RING_00107,2027-04-04T22:22:37.957801+00:00,1,9,819.9,91.1,0,0,0.0,0.0,0,0.0379,desktop_chrome,credit_card
ACC_001758,RING_00107,2026-09-23T18:02:45.822674+00:00,1,18,849.6,47.2,1,0,0.0556,0.0,0,0.0705,desktop_safari,debit_card
ACC_001759,RING_00107,2026-10-11T12:52:21.985801+00:00,1,27,1076.76,39.88,2,1,0.0741,0.037,1,0.0777,desktop_chrome,apple_pay
ACC_001760,RING_00107,2026-10-25T22:11:36.105668+00:00,1,11,320.87,29.17,1,0,0.0909,0.0,0,0.0363,mobile_ios,debit_card
ACC_001761,RING_00107,2027-03-09T19:19:00.121078+00:00,1,25,885.75,35.43,2,1,0.08,0.04,0,0.0363,desktop_chrome,apple_pay
ACC_001762,RING_00107,2026-09-22T19:33:03.149220+00:00,1,21,922.53,43.93,0,0,0.0,0.0,1,0.0474,desktop_chrome,credit_card
ACC_001763,RING_00107,2026-11-22T03:33:00.676234+00:00,1,18,501.66,27.87,1,0,0.0556,0.0,0,0.0181,mobile_ios,debit_card
ACC_001764,RING_00107,2026-07-20T04:58:41.937562+00:00,11,20,1548.4,77.42,1,0,0.05,0.0,1,0.0395,desktop_chrome,debit_card
ACC_001765,RING_00108,2026-11-27T03:45:41.360617+00:00,1,39,1538.94,39.46,4,2,0.1026,0.0513,2,0.0693,desktop_chrome,paypal
ACC_001766,RING_00109,2026-08-25T16:56:11.946750+00:00,1,27,3704.94,137.22,0,0,0.0,0.0,3,0.0164,mobile_ios,debit_card
ACC_001767,RING_00109,2026-09-07T21:50:21.424312+00:00,1,15,1933.05,128.87,0,0,0.0,0.0,1,0.0542,mobile_ios,debit_card
ACC_001768,RING_00109,2026-02-20T02:55:39.007455+00:00,161,16,1754.88,109.68,0,0,0.0,0.0,3,0.0482,mobile_android,credit_card
ACC_001769,RING_00109,2026-01-14T06:08:50.616322+00:00,198,20,1288.6,64.43,0,0,0.0,0.0,2,0.0208,desktop_chrome,credit_card
ACC_001770,RING_00109,2026-03-05T08:00:07.733876+00:00,148,19,2212.93,116.47,0,0,0.0,0.0,3,0.0521,mobile_android,debit_card
ACC_001771,RING_00109,2026-05-25T10:54:06.859424+00:00,67,31,1611.07,51.97,0,0,0.0,0.0,1,0.0263,mobile_ios,debit_card
ACC_001772,RING_00109,2026-11-25T11:00:52.196724+00:00,1,20,2338.4,116.92,1,0,0.05,0.0,1,0.0427,desktop_chrome,credit_card
ACC_001773,RING_00109,2026-05-04T04:38:34.551661+00:00,88,14,1685.18,120.37,0,0,0.0,0.0,2,0.0546,mobile_ios,debit_card
ACC_001774,RING_00109,2026-03-10T21:06:15.984557+00:00,143,16,1720.96,107.56,1,0,0.0625,0.0,2,0.0251,mobile_android,debit_card
ACC_001775,RING_00109,2026-02-04T01:03:45.336532+00:00,177,23,3105.69,135.03,0,0,0.0,0.0,2,0.0165,mobile_ios,credit_card
ACC_001776,RING_00109,2026-05-22T12:21:36.455313+00:00,70,34,4602.58,135.37,2,1,0.0588,0.0294,2,0.0155,mobile_android,debit_card
ACC_001777,RING_00109,2026-04-22T23:12:40.836362+00:00,100,29,4060.87,140.03,0,0,0.0,0.0,2,0.0378,mobile_ios,credit_card
ACC_001778,RING_00109,2027-01-18T00:30:12.127447+00:00,1,33,4052.73,122.81,1,0,0.0303,0.0,3,0.0553,mobile_ios,credit_card
ACC_001779,RING_00109,2026-03-22T14:54:59.822843+00:00,131,27,1769.31,65.53,2,1,0.0741,0.037,2,0.0283,desktop_chrome,credit_card
ACC_001780,RING_00109,2026-08-10T19:42:54.691986+00:00,1,14,1213.94,86.71,0,0,0.0,0.0,1,0.034,desktop_chrome,credit_card
ACC_001781,RING_00109,2026-09-19T11:33:33.572418+00:00,1,31,3593.21,115.91,2,1,0.0645,0.0323,1,0.0468,desktop_chrome,credit_card
ACC_001782,RING_00109,2026-07-13T00:50:03.104323+00:00,18,13,1465.23,112.71,0,0,0.0,0.0,1,0.0418,mobile_android,debit_card
ACC_001783,RING_00109,2027-02-01T19:56:50.498976+00:00,1,35,5590.9,159.74,1,0,0.0286,0.0,2,0.0614,mobile_android,credit_card
ACC_001784,RING_00109,2026-02-19T03:44:02.602727+00:00,162,27,1372.68,50.84,2,1,0.0741,0.037,2,0.0667,mobile_ios,credit_card
ACC_001785,RING_00109,2026-02-20T06:07:59.714050+00:00,161,36,2144.88,59.58,2,1,0.0556,0.0278,1,0.052,desktop_chrome,credit_card
ACC_001786,RING_00109,2026-05-25T17:30:03.254591+00:00,67,18,2755.44,153.08,1,0,0.0556,0.0,2,0.0223,mobile_ios,credit_card
ACC_001787,RING_00109,2026-10-16T22:20:31.848286+00:00,1,29,3945.16,136.04,2,1,0.069,0.0345,2,0.0434,mobile_android,debit_card
ACC_001788,RING_00109,2026-03-25T08:32:05.207885+00:00,128,24,3146.4,131.1,2,1,0.0833,0.0417,1,0.0669,mobile_ios,debit_card
ACC_001789,RING_00109,2026-05-19T00:05:33.878787+00:00,73,10,1279.0,127.9,0,0,0.0,0.0,2,0.0153,mobile_ios,debit_card
ACC_001790,RING_00109,2026-04-23T00:20:52.814478+00:00,99,16,970.08,60.63,0,0,0.0,0.0,1,0.0543,mobile_ios,credit_card
ACC_001791,RING_00109,2026-09-28T19:38:39.051125+00:00,1,23,1738.11,75.57,1,0,0.0435,0.0,2,0.0526,desktop_chrome,credit_card
ACC_001792,RING_00109,2027-01-12T10:08:17.594375+00:00,1,20,2291.2,114.56,1,0,0.05,0.0,2,0.0369,desktop_chrome,credit_card
ACC_001793,RING_00110,2026-06-26T00:58:40.977349+00:00,35,13,2406.3,185.1,5,3,0.3846,0.2308,5,0.8293,emulator_bot,virtual_card
ACC_001794,RING_00110,2026-06-26T01:50:08.707698+00:00,35,8,984.4,123.05,4,4,0.5,0.5,3,0.8815,emulator_bot,virtual_card
ACC_001795,RING_00110,2026-06-26T00:42:12.149273+00:00,35,13,2457.26,189.02,2,2,0.1538,0.1538,6,0.8254,emulator_bot,virtual_card
ACC_001796,RING_00110,2026-06-26T01:35:23.982430+00:00,35,15,2350.8,156.72,5,2,0.3333,0.1333,2,0.8272,emulator_bot,virtual_card
ACC_001797,RING_00110,2026-06-26T01:26:37.030652+00:00,35,21,3817.59,181.79,3,2,0.1429,0.0952,5,0.8897,emulator_bot,virtual_card
ACC_001798,RING_00110,2026-06-26T00:57:15.094673+00:00,35,10,1667.1,166.71,3,3,0.3,0.3,4,0.8038,emulator_bot,virtual_card
ACC_001799,RING_00110,2026-06-26T01:32:57.349662+00:00,35,14,1389.36,99.24,5,3,0.3571,0.2143,4,0.7958,emulator_bot,virtual_card
ACC_001800,RING_00110,2026-06-26T01:55:53.604391+00:00,35,20,2180.6,109.03,3,3,0.15,0.15,5,0.9043,emulator_bot,virtual_card
ACC_001801,RING_00110,2026-06-26T00:24:04.373106+00:00,35,16,1807.2,112.95,2,2,0.125,0.125,6,0.9441,emulator_bot,virtual_card
ACC_001802,RING_00110,2026-06-26T00:02:06.067784+00:00,35,11,988.02,89.82,2,4,0.1818,0.3636,6,0.7889,emulator_bot,virtual_card
ACC_001803,RING_00110,2026-06-26T01:38:34.471725+00:00,35,23,3354.55,145.85,2,2,0.087,0.087,5,0.9103,emulator_bot,virtual_card
ACC_001804,RING_00110,2026-06-26T00:48:25.826924+00:00,35,24,4011.84,167.16,5,2,0.2083,0.0833,3,0.9181,emulator_bot,virtual_card
ACC_001805,RING_00110,2026-06-26T01:05:19.697953+00:00,35,8,1054.8,131.85,4,2,0.5,0.25,3,0.805,emulator_bot,virtual_card
ACC_001806,RING_00111,2026-09-12T00:15:48.463143+00:00,1,12,1484.64,123.72,0,0,0.0,0.0,2,0.0189,mobile_ios,debit_card
ACC_001807,RING_00111,2026-12-10T18:35:15.822088+00:00,1,23,2108.87,91.69,1,0,0.0435,0.0,2,0.0571,desktop_chrome,debit_card
ACC_001808,RING_00111,2026-07-17T11:10:41.864545+00:00,14,39,2782.26,71.34,2,1,0.0513,0.0256,2,0.0236,mobile_android,debit_card
ACC_001809,RING_00111,2027-03-22T10:50:40.349279+00:00,1,17,1820.19,107.07,1,0,0.0588,0.0,3,0.0648,mobile_android,debit_card
ACC_001810,RING_00111,2027-06-11T00:48:49.475545+00:00,1,31,1756.77,56.67,1,0,0.0323,0.0,3,0.0157,mobile_ios,credit_card
ACC_001811,RING_00111,2026-10-18T21:48:09.548697+00:00,1,37,3704.44,100.12,0,0,0.0,0.0,2,0.0582,desktop_chrome,debit_card
ACC_001812,RING_00111,2027-07-01T05:22:20.948448+00:00,1,13,2005.12,154.24,0,0,0.0,0.0,1,0.019,mobile_ios,debit_card
ACC_001813,RING_00111,2026-08-23T20:44:48.108483+00:00,1,29,3481.74,120.06,0,0,0.0,0.0,3,0.0552,desktop_chrome,debit_card
ACC_001814,RING_00111,2026-12-15T08:43:28.505531+00:00,1,10,1132.7,113.27,0,0,0.0,0.0,2,0.031,mobile_ios,credit_card
ACC_001815,RING_00111,2026-11-24T06:53:05.044221+00:00,1,16,2123.04,132.69,1,0,0.0625,0.0,2,0.0348,desktop_chrome,credit_card
ACC_001816,RING_00111,2026-07-26T20:15:30.995000+00:00,5,21,2220.96,105.76,1,0,0.0476,0.0,2,0.0178,mobile_ios,credit_card
ACC_001817,RING_00111,2027-01-11T08:52:50.461807+00:00,1,13,1710.67,131.59,1,0,0.0769,0.0,1,0.0153,mobile_ios,credit_card
ACC_001818,RING_00111,2027-04-16T06:45:09.098383+00:00,1,22,1988.58,90.39,1,0,0.0455,0.0,2,0.0641,mobile_android,credit_card
ACC_001819,RING_00111,2026-07-01T09:28:21.031404+00:00,30,16,2334.4,145.9,1,0,0.0625,0.0,3,0.0652,desktop_chrome,debit_card
ACC_001820,RING_00111,2027-07-08T10:37:02.529155+00:00,1,23,2747.81,119.47,2,1,0.087,0.0435,2,0.0296,mobile_ios,credit_card
ACC_001821,RING_00111,2026-09-02T04:32:53.622073+00:00,1,29,1578.18,54.42,1,0,0.0345,0.0,3,0.0483,mobile_android,debit_card
ACC_001822,RING_00111,2027-07-11T06:35:05.562897+00:00,1,33,4944.39,149.83,2,1,0.0606,0.0303,2,0.0355,mobile_ios,credit_card
ACC_001823,RING_00111,2026-07-04T19:52:49.932036+00:00,27,33,3001.35,90.95,2,1,0.0606,0.0303,1,0.049,mobile_android,debit_card
ACC_001824,RING_00111,2027-05-16T00:01:50.101578+00:00,1,10,1092.0,109.2,0,0,0.0,0.0,3,0.0499,mobile_android,credit_card
ACC_001825,RING_00111,2026-06-11T05:19:11.936625+00:00,50,19,2036.04,107.16,1,0,0.0526,0.0,2,0.0156,mobile_android,debit_card
ACC_001826,RING_00112,2026-04-07T00:28:07.187415+00:00,115,37,503.94,13.62,0,0,0.0,0.0,0,0.9726,emulator_bot,credit_card
ACC_001827,RING_00112,2026-04-07T00:22:59.589752+00:00,115,27,248.4,9.2,0,0,0.0,0.0,0,0.9358,emulator_bot,credit_card
ACC_001828,RING_00112,2026-04-07T00:41:48.278527+00:00,115,30,216.3,7.21,0,0,0.0,0.0,0,0.8968,emulator_bot,credit_card
ACC_001829,RING_00112,2026-04-07T00:11:49.616254+00:00,115,34,210.8,6.2,0,0,0.0,0.0,0,0.8685,emulator_bot,credit_card
ACC_001830,RING_00112,2026-04-07T00:44:33.634705+00:00,115,35,548.45,15.67,0,0,0.0,0.0,0,0.9304,emulator_bot,credit_card
ACC_001831,RING_00112,2026-04-07T00:00:52.243203+00:00,115,21,100.59,4.79,0,0,0.0,0.0,0,0.85,emulator_bot,credit_card
ACC_001832,RING_00112,2026-04-07T00:05:20.041786+00:00,115,39,433.68,11.12,0,0,0.0,0.0,0,0.839,emulator_bot,credit_card
ACC_001833,RING_00112,2026-04-07T00:08:21.326026+00:00,115,22,389.62,17.71,0,0,0.0,0.0,0,0.8967,emulator_bot,credit_card
ACC_001834,RING_00112,2026-04-07T00:03:34.854463+00:00,115,35,225.75,6.45,0,0,0.0,0.0,0,0.8546,emulator_bot,credit_card
ACC_001835,RING_00112,2026-04-07T00:19:43.188239+00:00,115,34,372.3,10.95,0,0,0.0,0.0,0,0.9723,emulator_bot,credit_card
ACC_001836,RING_00112,2026-04-07T00:38:56.504874+00:00,115,43,683.27,15.89,0,0,0.0,0.0,0,0.956,emulator_bot,credit_card
ACC_001837,RING_00112,2026-04-07T00:36:56.050183+00:00,115,25,273.25,10.93,0,0,0.0,0.0,0,0.8545,emulator_bot,credit_card
ACC_001838,RING_00112,2026-04-07T00:33:30.843511+00:00,115,37,532.06,14.38,0,0,0.0,0.0,0,0.978,emulator_bot,credit_card
ACC_001839,RING_00112,2026-04-07T00:00:20.005385+00:00,115,44,616.88,14.02,0,0,0.0,0.0,0,0.9463,emulator_bot,credit_card
ACC_001840,RING_00112,2026-04-07T00:38:57.406272+00:00,115,38,353.78,9.31,0,0,0.0,0.0,0,0.8056,emulator_bot,credit_card
ACC_001841,RING_00112,2026-04-07T00:17:50.547548+00:00,115,40,386.4,9.66,0,0,0.0,0.0,0,0.8543,emulator_bot,credit_card
ACC_001842,RING_00112,2026-04-07T00:32:55.421937+00:00,115,30,353.4,11.78,0,0,0.0,0.0,0,0.8969,emulator_bot,credit_card
ACC_001843,RING_00112,2026-04-07T00:32:42.680448+00:00,115,21,199.29,9.49,0,0,0.0,0.0,0,0.8534,emulator_bot,credit_card
ACC_001844,RING_00112,2026-04-07T00:07:59.306773+00:00,115,42,652.68,15.54,0,0,0.0,0.0,0,0.8552,emulator_bot,credit_card
ACC_001845,RING_00112,2026-04-07T00:23:11.566088+00:00,115,25,392.25,15.69,0,0,0.0,0.0,0,0.9656,emulator_bot,credit_card
ACC_001846,RING_00112,2026-04-07T00:41:40.688589+00:00,115,32,231.36,7.23,0,0,0.0,0.0,0,0.96,emulator_bot,credit_card
ACC_001847,RING_00112,2026-04-07T00:11:50.231301+00:00,115,26,190.06,7.31,0,0,0.0,0.0,0,0.9209,emulator_bot,credit_card
ACC_001848,RING_00112,2026-04-07T00:32:10.575190+00:00,115,20,94.4,4.72,0,0,0.0,0.0,0,0.8649,emulator_bot,credit_card
ACC_001849,RING_00112,2026-04-07T00:43:06.737806+00:00,115,25,373.5,14.94,0,0,0.0,0.0,0,0.9348,emulator_bot,credit_card
ACC_001850,RING_00112,2026-04-07T00:16:13.704174+00:00,115,41,179.99,4.39,0,0,0.0,0.0,0,0.8795,emulator_bot,credit_card
ACC_001851,RING_00112,2026-04-07T00:17:26.610916+00:00,115,20,299.6,14.98,0,0,0.0,0.0,0,0.9268,emulator_bot,credit_card
ACC_001852,RING_00112,2026-04-07T00:20:21.918775+00:00,115,36,418.32,11.62,0,0,0.0,0.0,0,0.837,emulator_bot,credit_card
ACC_001853,RING_00112,2026-04-07T00:36:24.405953+00:00,115,30,249.3,8.31,0,0,0.0,0.0,0,0.9329,emulator_bot,credit_card
ACC_001854,RING_00112,2026-04-07T00:19:46.068749+00:00,115,22,308.66,14.03,0,0,0.0,0.0,0,0.8679,emulator_bot,credit_card
ACC_001855,RING_00112,2026-04-07T00:21:52.864081+00:00,115,17,303.79,17.87,0,0,0.0,0.0,0,0.8259,emulator_bot,credit_card
ACC_001856,RING_00112,2026-04-07T00:10:00.257222+00:00,115,22,142.34,6.47,0,0,0.0,0.0,0,0.8475,emulator_bot,credit_card
ACC_001857,RING_00112,2026-04-07T00:44:28.531676+00:00,115,26,386.88,14.88,0,0,0.0,0.0,0,0.8831,emulator_bot,credit_card
ACC_001858,RING_00112,2026-04-07T00:40:09.356216+00:00,115,25,223.0,8.92,0,0,0.0,0.0,0,0.9632,emulator_bot,credit_card
ACC_001859,RING_00112,2026-04-07T00:27:00.686645+00:00,115,23,201.71,8.77,0,0,0.0,0.0,0,0.9462,emulator_bot,credit_card
ACC_001860,RING_00113,2027-05-19T17:08:37.401411+00:00,1,16,1154.56,72.16,1,0,0.0625,0.0,2,0.0239,mobile_ios,credit_card
ACC_001861,RING_00113,2026-05-25T21:40:36.506171+00:00,67,38,1922.42,50.59,5,3,0.1316,0.0789,1,0.04,mobile_android,credit_card
ACC_001862,RING_00113,2026-12-04T00:00:37.795297+00:00,1,21,1205.4,57.4,1,0,0.0476,0.0,2,0.0491,mobile_ios,credit_card
ACC_001863,RING_00114,2026-12-18T18:12:50.397612+00:00,1,29,1770.74,61.06,1,0,0.0345,0.0,2,0.0614,mobile_ios,credit_card
ACC_001864,RING_00114,2026-10-20T05:25:46.426120+00:00,1,7,626.15,89.45,0,0,0.0,0.0,1,0.0323,desktop_chrome,credit_card
ACC_001865,RING_00114,2027-01-29T23:59:56.784559+00:00,1,9,947.97,105.33,0,0,0.0,0.0,1,0.0364,desktop_chrome,credit_card
ACC_001866,RING_00114,2027-02-23T21:04:04.337076+00:00,1,13,550.16,42.32,1,0,0.0769,0.0,0,0.0478,desktop_chrome,credit_card
ACC_001867,RING_00114,2026-07-23T04:20:45.405375+00:00,8,10,1061.8,106.18,0,0,0.0,0.0,1,0.0766,desktop_chrome,credit_card
ACC_001868,RING_00115,2026-07-23T12:53:37.278482+00:00,8,22,2555.52,116.16,5,5,0.2273,0.2273,4,0.7408,mobile_android,credit_card
ACC_001869,RING_00115,2026-04-12T04:46:23.777098+00:00,110,11,1375.0,125.0,4,5,0.3636,0.4545,2,0.7033,mobile_android,credit_card
ACC_001870,RING_00115,2026-07-08T13:33:22.176905+00:00,23,14,1914.08,136.72,8,4,0.5714,0.2857,3,0.6695,mobile_android,credit_card
ACC_001871,RING_00115,2026-05-05T01:02:15.969861+00:00,87,10,1312.4,131.24,7,4,0.7,0.4,4,0.8217,mobile_android,credit_card
ACC_001872,RING_00115,2026-05-01T07:11:10.575305+00:00,91,10,970.1,97.01,9,3,0.9,0.3,2,0.7624,mobile_android,credit_card
ACC_001873,RING_00115,2026-07-20T14:46:48.953290+00:00,11,12,1862.04,155.17,6,4,0.5,0.3333,2,0.777,mobile_android,credit_card
ACC_001874,RING_00115,2026-04-28T08:41:38.684688+00:00,94,18,1962.36,109.02,8,6,0.4444,0.3333,4,0.7272,mobile_android,credit_card
ACC_001875,RING_00115,2026-06-22T01:45:37.016775+00:00,39,14,1669.08,119.22,4,5,0.2857,0.3571,5,0.7384,mobile_android,credit_card
ACC_001876,RING_00115,2026-04-25T09:18:38.907844+00:00,97,21,2947.77,140.37,9,3,0.4286,0.1429,4,0.6728,mobile_android,credit_card
ACC_001877,RING_00115,2026-02-26T08:04:38.143235+00:00,155,10,1053.3,105.33,6,3,0.6,0.3,5,0.7626,mobile_android,credit_card
ACC_001878,RING_00116,2027-03-31T21:32:42.138690+00:00,1,18,2185.2,121.4,0,0,0.0,0.0,0,0.039,desktop_chrome,credit_card
ACC_001879,RING_00117,2026-07-15T11:11:42.429024+00:00,16,15,1439.1,95.94,1,0,0.0667,0.0,0,0.0261,mobile_ios,credit_card
ACC_001880,RING_00117,2026-10-15T19:40:15.547566+00:00,1,24,3398.64,141.61,1,0,0.0417,0.0,0,0.019,desktop_chrome,credit_card
ACC_001881,RING_00117,2026-03-02T09:45:47.023672+00:00,151,24,1183.44,49.31,2,1,0.0833,0.0417,1,0.033,mobile_ios,credit_card
ACC_001882,RING_00117,2026-05-17T01:46:55.566741+00:00,75,32,3183.04,99.47,2,1,0.0625,0.0312,2,0.0673,desktop_chrome,credit_card
ACC_001883,RING_00117,2026-10-23T10:09:13.483311+00:00,1,26,3027.7,116.45,1,0,0.0385,0.0,0,0.0687,mobile_ios,credit_card
ACC_001884,RING_00117,2026-07-18T23:04:49.527238+00:00,13,27,2872.26,106.38,1,0,0.037,0.0,2,0.0521,mobile_ios,credit_card
ACC_001885,RING_00117,2026-09-30T01:10:43.492570+00:00,1,28,2891.0,103.25,1,0,0.0357,0.0,1,0.0554,mobile_ios,credit_card
ACC_001886,RING_00117,2026-11-27T16:56:09.935676+00:00,1,11,798.93,72.63,1,0,0.0909,0.0,0,0.0143,mobile_ios,credit_card
ACC_001887,RING_00117,2026-07-25T23:36:13.284151+00:00,6,15,717.45,47.83,0,0,0.0,0.0,0,0.0322,desktop_chrome,credit_card
ACC_001888,RING_00117,2026-04-21T11:10:40.861311+00:00,101,29,3673.14,126.66,2,1,0.069,0.0345,1,0.0601,desktop_chrome,credit_card
ACC_001889,RING_00117,2027-01-09T06:58:21.194380+00:00,1,17,697.68,41.04,1,0,0.0588,0.0,0,0.0468,mobile_ios,credit_card
ACC_001890,RING_00117,2026-09-21T08:51:54.679139+00:00,1,25,1615.0,64.6,1,0,0.04,0.0,1,0.0228,mobile_ios,credit_card
ACC_001891,RING_00117,2027-01-06T14:11:39.843034+00:00,1,6,774.06,129.01,0,0,0.0,0.0,0,0.0795,mobile_ios,credit_card
ACC_001892,RING_00117,2026-09-29T00:07:22.949858+00:00,1,16,889.92,55.62,0,0,0.0,0.0,1,0.0232,desktop_chrome,credit_card
ACC_001893,RING_00117,2026-09-29T11:39:49.501005+00:00,1,31,2457.06,79.26,3,1,0.0968,0.0323,0,0.0504,mobile_ios,credit_card
ACC_001894,RING_00117,2026-08-20T18:28:32.807634+00:00,1,31,3119.84,100.64,3,2,0.0968,0.0645,0,0.0761,desktop_chrome,credit_card
ACC_001895,RING_00117,2026-10-05T16:56:13.997099+00:00,1,6,662.88,110.48,0,0,0.0,0.0,2,0.0569,mobile_ios,credit_card
ACC_001896,RING_00117,2026-03-21T06:10:21.002217+00:00,132,8,566.32,70.79,0,0,0.0,0.0,2,0.0329,desktop_chrome,credit_card
ACC_001897,RING_00117,2026-10-22T11:44:13.978319+00:00,1,14,1416.1,101.15,0,0,0.0,0.0,0,0.0762,mobile_ios,credit_card
ACC_001898,RING_00117,2026-05-13T05:18:41.656981+00:00,79,17,1521.67,89.51,1,0,0.0588,0.0,2,0.0129,mobile_ios,credit_card
ACC_001899,RING_00118,2026-02-15T00:23:27.802311+00:00,166,1,49.33,49.33,0,0,0.0,0.0,0,0.9017,desktop_chrome,virtual_card
ACC_001900,RING_00118,2026-02-15T00:19:50.083886+00:00,166,1,51.77,51.77,0,0,0.0,0.0,0,0.907,desktop_chrome,virtual_card
ACC_001901,RING_00118,2026-02-15T00:20:37.149189+00:00,166,1,49.01,49.01,0,0,0.0,0.0,0,0.7876,desktop_chrome,virtual_card
ACC_001902,RING_00118,2026-02-15T00:21:00.650278+00:00,166,1,51.07,51.07,0,0,0.0,0.0,0,0.8047,desktop_chrome,virtual_card
ACC_001903,RING_00118,2026-02-15T00:02:23.451964+00:00,166,1,49.18,49.18,0,0,0.0,0.0,0,0.8797,desktop_chrome,virtual_card
ACC_001904,RING_00118,2026-02-15T00:17:33.265284+00:00,166,1,49.09,49.09,0,0,0.0,0.0,0,0.8258,desktop_chrome,virtual_card
ACC_001905,RING_00118,2026-02-15T00:17:36.505069+00:00,166,1,51.84,51.84,0,0,0.0,0.0,0,0.8248,desktop_chrome,virtual_card
ACC_001906,RING_00118,2026-02-15T00:05:37.232562+00:00,166,1,51.74,51.74,0,0,0.0,0.0,0,0.8195,desktop_chrome,virtual_card
ACC_001907,RING_00118,2026-02-15T00:12:15.998655+00:00,166,1,50.04,50.04,0,0,0.0,0.0,0,0.7683,desktop_chrome,virtual_card
ACC_001908,RING_00118,2026-02-15T00:16:33.646326+00:00,166,1,50.07,50.07,0,0,0.0,0.0,0,0.8073,desktop_chrome,virtual_card
ACC_001909,RING_00118,2026-02-15T00:22:26.004655+00:00,166,1,51.54,51.54,0,0,0.0,0.0,0,0.9064,desktop_chrome,virtual_card
ACC_001910,RING_00119,2026-06-15T00:58:10.148794+00:00,46,16,1758.4,109.9,3,4,0.1875,0.25,4,0.8453,emulator_bot,virtual_card
ACC_001911,RING_00119,2026-06-15T00:35:37.526172+00:00,46,8,1167.84,145.98,4,2,0.5,0.25,5,0.7609,emulator_bot,virtual_card
ACC_001912,RING_00119,2026-06-15T00:31:11.330830+00:00,46,18,3147.3,174.85,2,2,0.1111,0.1111,6,0.8329,emulator_bot,virtual_card
ACC_001913,RING_00119,2026-06-15T00:26:57.657045+00:00,46,24,2930.64,122.11,5,2,0.2083,0.0833,3,0.8052,emulator_bot,virtual_card
ACC_001914,RING_00119,2026-06-15T01:03:03.246259+00:00,46,14,2386.02,170.43,3,2,0.2143,0.1429,4,0.7231,emulator_bot,virtual_card
ACC_001915,RING_00119,2026-06-15T00:02:05.855543+00:00,46,23,3335.23,145.01,2,2,0.087,0.087,4,0.8854,emulator_bot,virtual_card
ACC_001916,RING_00119,2026-06-15T01:28:39.967511+00:00,46,13,1820.13,140.01,4,2,0.3077,0.1538,6,0.7647,emulator_bot,virtual_card
ACC_001917,RING_00119,2026-06-15T00:36:02.793657+00:00,46,15,2521.8,168.12,5,4,0.3333,0.2667,4,0.841,emulator_bot,virtual_card
ACC_001918,RING_00119,2026-06-15T00:51:13.186449+00:00,46,13,2041.26,157.02,2,4,0.1538,0.3077,4,0.8164,emulator_bot,virtual_card
ACC_001919,RING_00119,2026-06-15T01:03:14.775824+00:00,46,22,4072.86,185.13,2,4,0.0909,0.1818,2,0.7881,emulator_bot,virtual_card
ACC_001920,RING_00119,2026-06-15T00:25:21.789140+00:00,46,10,1858.6,185.86,3,3,0.3,0.3,4,0.7752,emulator_bot,virtual_card
ACC_001921,RING_00119,2026-06-15T01:46:02.659061+00:00,46,22,2162.82,98.31,3,4,0.1364,0.1818,3,0.8771,emulator_bot,virtual_card
ACC_001922,RING_00119,2026-06-15T01:21:51.071437+00:00,46,19,1770.99,93.21,4,4,0.2105,0.2105,4,0.845,emulator_bot,virtual_card
ACC_001923,RING_00119,2026-06-15T01:44:26.133663+00:00,46,13,1633.71,125.67,2,3,0.1538,0.2308,6,0.8005,emulator_bot,virtual_card
ACC_001924,RING_00120,2026-06-05T22:29:19.735703+00:00,56,31,3740.46,120.66,3,1,0.0968,0.0323,1,0.0432,mobile_ios,paypal
ACC_001925,RING_00121,2026-12-25T06:38:52.254378+00:00,1,5,201.4,40.28,0,0,0.0,0.0,0,0.0219,mobile_ios,debit_card
ACC_001926,RING_00121,2026-11-22T19:30:35.307462+00:00,1,12,318.12,26.51,0,0,0.0,0.0,0,0.0404,mobile_ios,apple_pay
ACC_001927,RING_00121,2026-05-03T08:34:00.061381+00:00,89,22,1114.3,50.65,1,0,0.0455,0.0,1,0.0711,mobile_ios,debit_card
ACC_001928,RING_00121,2026-04-05T19:22:54.574566+00:00,117,14,727.86,51.99,0,0,0.0,0.0,1,0.0184,mobile_ios,credit_card
ACC_001929,RING_00121,2026-05-09T20:12:46.392549+00:00,83,8,421.2,52.65,0,0,0.0,0.0,1,0.0747,desktop_safari,credit_card
ACC_001930,RING_00121,2026-10-27T07:59:01.625022+00:00,1,16,1261.44,78.84,0,0,0.0,0.0,0,0.0231,desktop_chrome,debit_card
ACC_001931,RING_00121,2026-04-23T05:42:32.741866+00:00,99,26,848.64,32.64,0,0,0.0,0.0,0,0.0525,mobile_ios,credit_card
ACC_001932,RING_00121,2026-07-22T02:52:56.153833+00:00,9,16,1315.36,82.21,0,0,0.0,0.0,1,0.0433,mobile_ios,credit_card
ACC_001933,RING_00121,2026-08-31T08:24:22.389818+00:00,1,13,1133.6,87.2,1,0,0.0769,0.0,1,0.0432,desktop_safari,debit_card
ACC_001934,RING_00121,2027-01-27T08:52:21.303438+00:00,1,26,2325.18,89.43,1,0,0.0385,0.0,0,0.051,desktop_chrome,credit_card
ACC_001935,RING_00121,2026-10-10T15:23:08.106662+00:00,1,21,966.42,46.02,1,0,0.0476,0.0,0,0.0227,desktop_safari,credit_card
ACC_001936,RING_00121,2026-12-19T06:51:34.042291+00:00,1,19,492.67,25.93,0,0,0.0,0.0,1,0.0682,desktop_chrome,debit_card
ACC_001937,RING_00121,2026-10-15T05:59:32.245538+00:00,1,20,1579.0,78.95,0,0,0.0,0.0,0,0.0493,desktop_chrome,credit_card
ACC_001938,RING_00121,2026-09-17T13:07:20.167901+00:00,1,5,273.0,54.6,0,0,0.0,0.0,0,0.0212,desktop_safari,debit_card
ACC_001939,RING_00121,2026-06-21T13:02:00.342738+00:00,40,22,1800.48,81.84,1,0,0.0455,0.0,0,0.0428,desktop_safari,apple_pay
ACC_001940,RING_00121,2027-01-07T19:28:11.554480+00:00,1,26,2349.36,90.36,1,0,0.0385,0.0,1,0.0798,desktop_safari,credit_card
ACC_001941,RING_00121,2026-07-06T11:55:05.167121+00:00,25,23,944.61,41.07,0,0,0.0,0.0,1,0.0688,desktop_chrome,debit_card
ACC_001942,RING_00121,2026-12-23T13:12:27.050215+00:00,1,22,830.94,37.77,0,0,0.0,0.0,1,0.044,desktop_chrome,debit_card
ACC_001943,RING_00121,2026-07-21T09:13:33.278320+00:00,10,17,566.44,33.32,1,0,0.0588,0.0,1,0.0563,desktop_safari,debit_card
ACC_001944,RING_00121,2026-10-09T08:15:36.166831+00:00,1,18,1303.92,72.44,0,0,0.0,0.0,0,0.0308,mobile_ios,apple_pay
ACC_001945,RING_00121,2026-02-27T18:50:50.303070+00:00,154,24,1071.6,44.65,2,1,0.0833,0.0417,0,0.0284,desktop_chrome,apple_pay
ACC_001946,RING_00121,2026-05-22T15:53:37.468856+00:00,70,22,629.64,28.62,2,1,0.0909,0.0455,1,0.0589,mobile_ios,apple_pay
ACC_001947,RING_00121,2027-01-04T08:12:03.711858+00:00,1,11,396.33,36.03,1,0,0.0909,0.0,1,0.0354,mobile_ios,apple_pay
ACC_001948,RING_00121,2026-10-21T15:01:26.244344+00:00,1,18,1120.14,62.23,0,0,0.0,0.0,1,0.0648,desktop_safari,credit_card
ACC_001949,RING_00121,2026-08-14T08:04:15.427827+00:00,1,9,679.05,75.45,0,0,0.0,0.0,1,0.0286,desktop_safari,credit_card
ACC_001950,RING_00121,2026-11-20T20:34:05.979336+00:00,1,16,628.0,39.25,1,0,0.0625,0.0,0,0.0444,desktop_chrome,apple_pay
ACC_001951,RING_00121,2026-09-12T18:03:57.003490+00:00,1,5,417.05,83.41,0,0,0.0,0.0,1,0.0758,mobile_ios,debit_card
ACC_001952,RING_00121,2026-11-18T05:40:23.985690+00:00,1,8,417.84,52.23,0,0,0.0,0.0,1,0.0651,mobile_ios,credit_card
ACC_001953,RING_00121,2026-05-19T18:35:17.017355+00:00,73,7,620.69,88.67,0,0,0.0,0.0,1,0.0743,desktop_safari,apple_pay
ACC_001954,RING_00121,2026-06-26T16:25:12.966413+00:00,35,5,141.95,28.39,0,0,0.0,0.0,1,0.0348,desktop_chrome,apple_pay
ACC_001955,RING_00121,2027-01-06T23:47:47.250719+00:00,1,29,1206.4,41.6,0,0,0.0,0.0,1,0.0386,desktop_safari,debit_card
ACC_001956,RING_00121,2026-09-25T15:58:30.584875+00:00,1,12,901.08,75.09,0,0,0.0,0.0,0,0.0176,desktop_chrome,debit_card
ACC_001957,RING_00121,2026-02-23T13:57:10.968152+00:00,158,17,695.64,40.92,1,0,0.0588,0.0,0,0.0459,desktop_safari,debit_card
ACC_001958,RING_00121,2027-01-30T23:48:24.859062+00:00,1,26,736.06,28.31,2,1,0.0769,0.0385,0,0.0154,mobile_ios,apple_pay
ACC_001959,RING_00121,2026-07-17T22:30:56.232628+00:00,14,10,571.7,57.17,0,0,0.0,0.0,1,0.0627,mobile_ios,credit_card
ACC_001960,RING_00121,2026-06-01T03:29:51.693410+00:00,60,12,798.48,66.54,0,0,0.0,0.0,0,0.0132,desktop_chrome,credit_card
ACC_001961,RING_00121,2027-01-05T14:21:05.258964+00:00,1,17,1521.5,89.5,1,0,0.0588,0.0,1,0.0786,desktop_safari,credit_card
ACC_001962,RING_00121,2026-03-25T14:54:57.419928+00:00,128,21,1165.29,55.49,2,1,0.0952,0.0476,1,0.0208,desktop_safari,debit_card
ACC_001963,RING_00121,2026-07-30T18:41:02.122119+00:00,1,16,406.56,25.41,0,0,0.0,0.0,1,0.0739,mobile_ios,credit_card
ACC_001964,RING_00121,2026-11-10T09:26:32.966126+00:00,1,13,1047.41,80.57,1,0,0.0769,0.0,0,0.0758,mobile_ios,apple_pay
ACC_001965,RING_00121,2026-12-30T15:14:49.290104+00:00,1,20,575.8,28.79,1,0,0.05,0.0,1,0.0669,desktop_safari,apple_pay
ACC_001966,RING_00121,2027-02-15T13:37:41.778588+00:00,1,5,398.95,79.79,0,0,0.0,0.0,0,0.0505,desktop_safari,apple_pay
ACC_001967,RING_00121,2026-12-30T20:29:43.543042+00:00,1,8,551.6,68.95,0,0,0.0,0.0,0,0.0523,desktop_chrome,apple_pay
ACC_001968,RING_00121,2026-07-12T00:16:41.842508+00:00,19,29,800.4,27.6,2,1,0.069,0.0345,1,0.0697,mobile_ios,debit_card
ACC_001969,RING_00121,2026-08-05T16:48:24.599262+00:00,1,22,751.74,34.17,1,0,0.0455,0.0,0,0.0425,mobile_ios,debit_card
ACC_001970,RING_00121,2026-12-25T17:47:42.492445+00:00,1,12,944.64,78.72,1,0,0.0833,0.0,0,0.0477,mobile_ios,debit_card
ACC_001971,RING_00121,2026-12-30T15:46:59.839966+00:00,1,20,1225.6,61.28,0,0,0.0,0.0,1,0.028,desktop_chrome,apple_pay
ACC_001972,RING_00121,2026-12-30T19:57:58.749782+00:00,1,21,1248.03,59.43,2,1,0.0952,0.0476,1,0.0168,desktop_safari,apple_pay
ACC_001973,RING_00121,2027-01-14T17:57:27.272430+00:00,1,18,1410.3,78.35,0,0,0.0,0.0,1,0.055,mobile_ios,debit_card
ACC_001974,RING_00121,2026-06-23T03:11:53.244678+00:00,38,28,1216.04,43.43,0,0,0.0,0.0,1,0.0278,mobile_ios,apple_pay
ACC_001975,RING_00121,2026-04-27T05:35:53.961855+00:00,95,20,1800.4,90.02,2,1,0.1,0.05,1,0.0596,mobile_ios,credit_card
ACC_001976,RING_00121,2026-03-31T02:58:37.796329+00:00,122,23,1671.64,72.68,1,0,0.0435,0.0,1,0.031,desktop_chrome,debit_card
ACC_001977,RING_00121,2026-12-28T17:22:50.040106+00:00,1,21,1222.62,58.22,1,0,0.0476,0.0,1,0.0652,desktop_safari,credit_card
ACC_001978,RING_00121,2026-10-25T10:00:48.738112+00:00,1,28,1582.56,56.52,0,0,0.0,0.0,1,0.0662,desktop_safari,credit_card
ACC_001979,RING_00121,2026-12-19T20:30:19.549285+00:00,1,21,631.89,30.09,2,1,0.0952,0.0476,0,0.0508,desktop_safari,apple_pay
ACC_001980,RING_00121,2026-05-06T04:06:32.081440+00:00,86,28,1523.2,54.4,1,0,0.0357,0.0,1,0.0697,desktop_safari,credit_card
ACC_001981,RING_00121,2026-07-28T04:38:10.785033+00:00,3,25,1472.25,58.89,2,1,0.08,0.04,0,0.0663,desktop_chrome,apple_pay
ACC_001982,RING_00121,2026-05-28T19:08:44.185285+00:00,64,13,1180.01,90.77,0,0,0.0,0.0,1,0.0699,desktop_chrome,apple_pay
ACC_001983,RING_00121,2026-11-06T02:35:58.737299+00:00,1,10,863.0,86.3,0,0,0.0,0.0,1,0.0517,desktop_chrome,debit_card
ACC_001984,RING_00121,2026-09-18T05:16:25.282479+00:00,1,19,494.0,26.0,0,0,0.0,0.0,0,0.0724,desktop_chrome,apple_pay
ACC_001985,RING_00122,2026-11-11T19:35:12.207202+00:00,1,15,1918.35,127.89,0,0,0.0,0.0,2,0.0593,mobile_android,credit_card
ACC_001986,RING_00122,2027-01-25T19:51:05.948716+00:00,1,16,1219.84,76.24,1,0,0.0625,0.0,1,0.0303,mobile_ios,credit_card
ACC_001987,RING_00123,2026-02-13T00:14:16.299765+00:00,168,41,634.68,15.48,0,0,0.0,0.0,0,0.8882,emulator_bot,credit_card
ACC_001988,RING_00123,2026-02-13T00:20:12.483433+00:00,168,41,399.34,9.74,0,0,0.0,0.0,0,0.8439,emulator_bot,credit_card
ACC_001989,RING_00123,2026-02-13T00:01:42.839309+00:00,168,24,96.72,4.03,0,0,0.0,0.0,0,0.8091,emulator_bot,credit_card
ACC_001990,RING_00123,2026-02-13T00:44:57.870921+00:00,168,38,539.98,14.21,0,0,0.0,0.0,0,0.9761,emulator_bot,credit_card
ACC_001991,RING_00123,2026-02-13T00:13:31.058407+00:00,168,33,530.64,16.08,0,0,0.0,0.0,0,0.8668,emulator_bot,credit_card
ACC_001992,RING_00123,2026-02-13T00:12:55.831124+00:00,168,22,135.52,6.16,0,0,0.0,0.0,0,0.8065,emulator_bot,credit_card
ACC_001993,RING_00123,2026-02-13T00:24:58.150584+00:00,168,43,420.54,9.78,0,0,0.0,0.0,0,0.8506,emulator_bot,credit_card
ACC_001994,RING_00123,2026-02-13T00:38:25.886884+00:00,168,35,485.8,13.88,0,0,0.0,0.0,0,0.8274,emulator_bot,credit_card
ACC_001995,RING_00123,2026-02-13T00:20:33.385294+00:00,168,43,446.77,10.39,0,0,0.0,0.0,0,0.8377,emulator_bot,credit_card
ACC_001996,RING_00123,2026-02-13T00:11:11.865842+00:00,168,36,165.24,4.59,0,0,0.0,0.0,0,0.8231,emulator_bot,credit_card
ACC_001997,RING_00123,2026-02-13T00:25:27.863859+00:00,168,33,415.14,12.58,0,0,0.0,0.0,0,0.9056,emulator_bot,credit_card
ACC_001998,RING_00123,2026-02-13T00:21:43.944885+00:00,168,41,490.77,11.97,0,0,0.0,0.0,0,0.8382,emulator_bot,credit_card
ACC_001999,RING_00123,2026-02-13T00:19:02.302033+00:00,168,40,408.8,10.22,0,0,0.0,0.0,0,0.9151,emulator_bot,credit_card
ACC_002000,RING_00123,2026-02-13T00:44:16.483967+00:00,168,38,300.96,7.92,0,0,0.0,0.0,0,0.9204,emulator_bot,credit_card
ACC_002001,RING_00123,2026-02-13T00:44:49.065714+00:00,168,38,490.58,12.91,0,0,0.0,0.0,0,0.8115,emulator_bot,credit_card
ACC_002002,RING_00123,2026-02-13T00:25:17.248337+00:00,168,39,336.57,8.63,0,0,0.0,0.0,0,0.9506,emulator_bot,credit_card
ACC_002003,RING_00123,2026-02-13T00:03:03.610603+00:00,168,23,175.26,7.62,0,0,0.0,0.0,0,0.949,emulator_bot,credit_card
ACC_002004,RING_00123,2026-02-13T00:25:30.677467+00:00,168,28,426.72,15.24,0,0,0.0,0.0,0,0.8572,emulator_bot,credit_card
ACC_002005,RING_00123,2026-02-13T00:42:51.674801+00:00,168,25,108.5,4.34,0,0,0.0,0.0,0,0.9325,emulator_bot,credit_card
ACC_002006,RING_00123,2026-02-13T00:41:39.369833+00:00,168,43,551.26,12.82,0,0,0.0,0.0,0,0.9072,emulator_bot,credit_card
ACC_002007,RING_00123,2026-02-13T00:09:41.852293+00:00,168,38,577.98,15.21,0,0,0.0,0.0,0,0.8218,emulator_bot,credit_card
ACC_002008,RING_00123,2026-02-13T00:08:33.322601+00:00,168,34,313.14,9.21,0,0,0.0,0.0,0,0.8497,emulator_bot,credit_card
ACC_002009,RING_00124,2027-05-08T03:33:46.224394+00:00,1,21,2132.76,101.56,0,0,0.0,0.0,1,0.0716,desktop_chrome,paypal
ACC_002010,RING_00125,2026-12-31T19:49:59.493095+00:00,1,18,900.9,50.05,0,0,0.0,0.0,2,0.0602,desktop_safari,credit_card
ACC_002011,RING_00125,2026-07-02T20:30:06.060830+00:00,29,11,895.95,81.45,0,0,0.0,0.0,3,0.0164,desktop_chrome,paypal
ACC_002012,RING_00125,2026-06-21T10:58:20.407039+00:00,40,23,1171.39,50.93,1,0,0.0435,0.0,1,0.0244,mobile_ios,credit_card
ACC_002013,RING_00125,2026-11-08T01:08:11.968256+00:00,1,25,1241.5,49.66,1,0,0.04,0.0,3,0.0224,mobile_ios,paypal
ACC_002014,RING_00125,2026-11-17T05:49:33.576096+00:00,1,38,2552.84,67.18,0,0,0.0,0.0,2,0.0403,desktop_chrome,credit_card
ACC_002015,RING_00125,2027-01-15T13:26:15.859725+00:00,1,9,1593.09,177.01,0,0,0.0,0.0,1,0.04,desktop_chrome,paypal
ACC_002016,RING_00125,2027-01-08T12:46:55.055143+00:00,1,17,1813.22,106.66,1,0,0.0588,0.0,2,0.0359,desktop_safari,credit_card
ACC_002017,RING_00125,2026-08-26T20:19:09.201959+00:00,1,38,5334.82,140.39,2,1,0.0526,0.0263,2,0.0609,mobile_ios,credit_card
ACC_002018,RING_00125,2026-12-13T04:52:16.272561+00:00,1,14,1098.44,78.46,0,0,0.0,0.0,1,0.0506,desktop_chrome,paypal
ACC_002019,RING_00125,2026-07-15T04:35:26.346685+00:00,16,35,3307.85,94.51,2,1,0.0571,0.0286,2,0.0727,desktop_safari,credit_card
ACC_002020,RING_00125,2026-06-23T18:36:03.130019+00:00,38,28,2309.72,82.49,1,0,0.0357,0.0,1,0.049,desktop_chrome,credit_card
ACC_002021,RING_00125,2026-06-23T22:07:09.282825+00:00,38,17,2655.74,156.22,0,0,0.0,0.0,2,0.0669,desktop_safari,credit_card
ACC_002022,RING_00125,2026-08-15T22:40:08.880993+00:00,1,17,1177.08,69.24,0,0,0.0,0.0,3,0.0893,desktop_safari,credit_card
ACC_002023,RING_00125,2026-09-18T09:48:17.012555+00:00,1,9,637.11,70.79,0,0,0.0,0.0,1,0.0129,mobile_ios,credit_card
ACC_002024,RING_00125,2027-01-16T09:35:26.415881+00:00,1,35,4443.6,126.96,1,0,0.0286,0.0,2,0.0546,desktop_safari,paypal
ACC_002025,RING_00125,2026-06-21T04:34:37.611283+00:00,40,10,1010.5,101.05,0,0,0.0,0.0,2,0.0382,desktop_chrome,paypal
ACC_002026,RING_00125,2026-05-26T13:37:21.827972+00:00,66,18,864.9,48.05,1,0,0.0556,0.0,1,0.0822,desktop_safari,paypal
ACC_002027,RING_00125,2027-02-21T18:58:24.674195+00:00,1,31,1375.16,44.36,0,0,0.0,0.0,3,0.0655,mobile_ios,credit_card
ACC_002028,RING_00125,2026-11-28T10:20:27.601786+00:00,1,28,1987.72,70.99,0,0,0.0,0.0,1,0.0771,mobile_ios,credit_card
ACC_002029,RING_00125,2026-08-16T23:56:25.121253+00:00,1,30,1946.4,64.88,1,0,0.0333,0.0,3,0.0649,desktop_safari,paypal
ACC_002030,RING_00125,2026-10-31T09:10:03.955491+00:00,1,28,1319.92,47.14,1,0,0.0357,0.0,3,0.0264,mobile_ios,paypal
ACC_002031,RING_00125,2026-06-23T09:04:20.363583+00:00,38,29,1326.46,45.74,1,0,0.0345,0.0,1,0.0578,desktop_chrome,paypal
ACC_002032,RING_00125,2026-09-21T04:26:08.532545+00:00,1,10,1105.3,110.53,0,0,0.0,0.0,1,0.0279,desktop_chrome,paypal
ACC_002033,RING_00125,2027-01-23T10:20:56.587997+00:00,1,36,5746.68,159.63,0,0,0.0,0.0,3,0.0378,desktop_chrome,credit_card
ACC_002034,RING_00125,2026-12-23T02:59:40.281484+00:00,1,24,2512.32,104.68,0,0,0.0,0.0,1,0.0388,desktop_safari,paypal
ACC_002035,RING_00125,2026-06-13T05:58:29.992484+00:00,48,38,5977.4,157.3,1,0,0.0263,0.0,3,0.0213,desktop_chrome,paypal
ACC_002036,RING_00125,2027-01-20T08:21:27.670176+00:00,1,10,1765.9,176.59,0,0,0.0,0.0,1,0.0887,mobile_ios,paypal
ACC_002037,RING_00125,2026-11-15T00:21:17.280170+00:00,1,22,2264.68,102.94,0,0,0.0,0.0,2,0.0281,desktop_chrome,credit_card
ACC_002038,RING_00125,2026-07-20T03:18:25.615680+00:00,11,39,1923.09,49.31,2,1,0.0513,0.0256,2,0.0608,mobile_ios,credit_card
ACC_002039,RING_00125,2026-06-30T06:01:40.733122+00:00,31,39,5682.69,145.71,1,0,0.0256,0.0,2,0.0489,mobile_ios,credit_card
ACC_002040,RING_00125,2026-06-16T09:02:34.748465+00:00,45,17,3009.68,177.04,0,0,0.0,0.0,1,0.0846,desktop_chrome,credit_card
ACC_002041,RING_00125,2026-05-15T03:45:05.894919+00:00,77,29,2594.34,89.46,2,1,0.069,0.0345,3,0.0648,desktop_safari,credit_card
ACC_002042,RING_00125,2027-01-23T16:14:33.465230+00:00,1,12,1629.96,135.83,0,0,0.0,0.0,3,0.0858,mobile_ios,credit_card
ACC_002043,RING_00125,2026-12-02T18:00:47.968198+00:00,1,19,2752.53,144.87,1,0,0.0526,0.0,1,0.0105,desktop_chrome,paypal
ACC_002044,RING_00125,2026-10-29T09:40:28.252648+00:00,1,8,1144.88,143.11,0,0,0.0,0.0,2,0.0483,desktop_safari,paypal
ACC_002045,RING_00125,2027-01-20T16:09:47.695258+00:00,1,35,2009.35,57.41,2,1,0.0571,0.0286,1,0.0362,mobile_ios,credit_card
ACC_002046,RING_00125,2026-10-09T06:42:39.020586+00:00,1,32,2073.6,64.8,2,1,0.0625,0.0312,2,0.0408,desktop_safari,paypal
ACC_002047,RING_00125,2027-02-09T20:21:02.405565+00:00,1,25,2055.25,82.21,1,0,0.04,0.0,2,0.0212,mobile_ios,paypal
ACC_002048,RING_00125,2026-06-13T23:32:34.670148+00:00,48,34,3664.86,107.79,1,0,0.0294,0.0,1,0.0647,desktop_safari,paypal
ACC_002049,RING_00125,2026-06-01T15:07:52.981481+00:00,60,20,1637.6,81.88,0,0,0.0,0.0,1,0.0829,desktop_chrome,credit_card
ACC_002050,RING_00125,2026-07-24T06:06:29.264841+00:00,7,26,3552.12,136.62,1,0,0.0385,0.0,3,0.0834,desktop_chrome,credit_card
ACC_002051,RING_00125,2027-02-18T22:47:57.215756+00:00,1,34,3199.06,94.09,0,0,0.0,0.0,1,0.0803,mobile_ios,paypal
ACC_002052,RING_00126,2026-05-12T00:29:04.217485+00:00,80,39,264.42,6.78,0,0,0.0,0.0,0,0.9679,emulator_bot,credit_card
ACC_002053,RING_00126,2026-05-12T00:27:34.335131+00:00,80,42,724.08,17.24,0,0,0.0,0.0,0,0.8137,emulator_bot,credit_card
ACC_002054,RING_00126,2026-05-12T00:11:04.410706+00:00,80,37,516.15,13.95,0,0,0.0,0.0,0,0.8004,emulator_bot,credit_card
ACC_002055,RING_00126,2026-05-12T00:27:40.597427+00:00,80,20,111.2,5.56,0,0,0.0,0.0,0,0.9506,emulator_bot,credit_card
ACC_002056,RING_00126,2026-05-12T00:20:27.289658+00:00,80,16,205.92,12.87,0,0,0.0,0.0,0,0.8601,emulator_bot,credit_card
ACC_002057,RING_00126,2026-05-12T00:44:47.225778+00:00,80,25,320.5,12.82,0,0,0.0,0.0,0,0.8682,emulator_bot,credit_card
ACC_002058,RING_00126,2026-05-12T00:38:50.284336+00:00,80,23,390.77,16.99,0,0,0.0,0.0,0,0.98,emulator_bot,credit_card
ACC_002059,RING_00126,2026-05-12T00:23:40.153781+00:00,80,42,587.58,13.99,0,0,0.0,0.0,0,0.9069,emulator_bot,credit_card
ACC_002060,RING_00126,2026-05-12T00:36:22.830032+00:00,80,21,93.45,4.45,0,0,0.0,0.0,0,0.8479,emulator_bot,credit_card
ACC_002061,RING_00126,2026-05-12T00:07:24.163502+00:00,80,43,530.19,12.33,0,0,0.0,0.0,0,0.8943,emulator_bot,credit_card
ACC_002062,RING_00126,2026-05-12T00:04:33.781348+00:00,80,38,389.88,10.26,0,0,0.0,0.0,0,0.9636,emulator_bot,credit_card
ACC_002063,RING_00126,2026-05-12T00:28:22.757159+00:00,80,26,137.28,5.28,0,0,0.0,0.0,0,0.8404,emulator_bot,credit_card
ACC_002064,RING_00126,2026-05-12T00:32:42.321735+00:00,80,33,366.3,11.1,0,0,0.0,0.0,0,0.8279,emulator_bot,credit_card
ACC_002065,RING_00126,2026-05-12T00:02:23.252386+00:00,80,40,297.2,7.43,0,0,0.0,0.0,0,0.9547,emulator_bot,credit_card
ACC_002066,RING_00126,2026-05-12T00:09:02.601048+00:00,80,22,109.34,4.97,0,0,0.0,0.0,0,0.9518,emulator_bot,credit_card
ACC_002067,RING_00126,2026-05-12T00:24:10.623538+00:00,80,41,269.37,6.57,0,0,0.0,0.0,0,0.9747,emulator_bot,credit_card
ACC_002068,RING_00126,2026-05-12T00:02:49.604819+00:00,80,24,400.56,16.69,0,0,0.0,0.0,0,0.8333,emulator_bot,credit_card
ACC_002069,RING_00126,2026-05-12T00:19:04.942658+00:00,80,25,241.75,9.67,0,0,0.0,0.0,0,0.9184,emulator_bot,credit_card
ACC_002070,RING_00126,2026-05-12T00:21:41.615405+00:00,80,35,283.85,8.11,0,0,0.0,0.0,0,0.9592,emulator_bot,credit_card
ACC_002071,RING_00126,2026-05-12T00:41:28.886277+00:00,80,32,188.48,5.89,0,0,0.0,0.0,0,0.9535,emulator_bot,credit_card
ACC_002072,RING_00126,2026-05-12T00:14:12.326540+00:00,80,15,140.7,9.38,0,0,0.0,0.0,0,0.8947,emulator_bot,credit_card
ACC_002073,RING_00126,2026-05-12T00:07:35.404878+00:00,80,18,323.1,17.95,0,0,0.0,0.0,0,0.8018,emulator_bot,credit_card
ACC_002074,RING_00126,2026-05-12T00:00:20.272299+00:00,80,22,274.78,12.49,0,0,0.0,0.0,0,0.8067,emulator_bot,credit_card
ACC_002075,RING_00126,2026-05-12T00:05:28.341886+00:00,80,22,296.12,13.46,0,0,0.0,0.0,0,0.8706,emulator_bot,credit_card
ACC_002076,RING_00126,2026-05-12T00:33:47.338197+00:00,80,43,321.64,7.48,0,0,0.0,0.0,0,0.9257,emulator_bot,credit_card
ACC_002077,RING_00126,2026-05-12T00:20:01.289083+00:00,80,31,344.72,11.12,0,0,0.0,0.0,0,0.9401,emulator_bot,credit_card
ACC_002078,RING_00127,2027-03-28T16:10:09.538627+00:00,1,25,2364.0,94.56,1,0,0.04,0.0,0,0.0812,mobile_android,debit_card
ACC_002079,RING_00128,2026-06-08T00:53:53.957981+00:00,53,22,3668.28,166.74,5,2,0.2273,0.0909,5,0.9182,emulator_bot,virtual_card
ACC_002080,RING_00128,2026-06-08T01:05:32.931507+00:00,53,20,2169.8,108.49,4,3,0.2,0.15,5,0.9394,emulator_bot,virtual_card
ACC_002081,RING_00128,2026-06-08T00:24:31.046523+00:00,53,22,4073.3,185.15,5,4,0.2273,0.1818,5,0.8704,emulator_bot,virtual_card
ACC_002082,RING_00128,2026-06-08T00:49:27.127847+00:00,53,22,4053.94,184.27,3,3,0.1364,0.1364,6,0.9443,emulator_bot,virtual_card
ACC_002083,RING_00128,2026-06-08T00:19:35.007074+00:00,53,14,1565.2,111.8,3,2,0.2143,0.1429,6,0.912,emulator_bot,virtual_card
ACC_002084,RING_00128,2026-06-08T00:25:16.100930+00:00,53,9,1689.75,187.75,2,2,0.2222,0.2222,2,0.8987,emulator_bot,virtual_card
ACC_002085,RING_00128,2026-06-08T01:41:33.860352+00:00,53,16,2405.92,150.37,2,4,0.125,0.25,2,0.7876,emulator_bot,virtual_card
ACC_002086,RING_00128,2026-06-08T00:43:29.801120+00:00,53,20,2039.8,101.99,4,4,0.2,0.2,6,0.8259,emulator_bot,virtual_card
ACC_002087,RING_00128,2026-06-08T01:37:46.007925+00:00,53,16,2350.08,146.88,3,2,0.1875,0.125,6,0.7881,emulator_bot,virtual_card
ACC_002088,RING_00128,2026-06-08T00:56:52.079021+00:00,53,19,1670.86,87.94,3,4,0.1579,0.2105,4,0.7325,emulator_bot,virtual_card
ACC_002089,RING_00128,2026-06-08T00:08:29.599987+00:00,53,15,2373.6,158.24,4,2,0.2667,0.1333,4,0.9494,emulator_bot,virtual_card
ACC_002090,RING_00128,2026-06-08T00:43:22.995758+00:00,53,15,2442.3,162.82,4,3,0.2667,0.2,2,0.8725,emulator_bot,virtual_card
ACC_002091,RING_00128,2026-06-08T00:18:59.568873+00:00,53,16,2352.96,147.06,5,4,0.3125,0.25,2,0.8536,emulator_bot,virtual_card
ACC_002092,RING_00129,2026-11-17T07:18:19.071081+00:00,1,30,1732.2,57.74,1,0,0.0333,0.0,1,0.0288,mobile_ios,credit_card
ACC_002093,RING_00129,2026-08-09T00:01:08.629119+00:00,1,38,2048.96,53.92,1,0,0.0263,0.0,2,0.0316,mobile_ios,credit_card
ACC_002094,RING_00129,2027-03-06T00:42:01.906151+00:00,1,30,2981.4,99.38,2,1,0.0667,0.0333,2,0.0419,mobile_ios,credit_card
ACC_002095,RING_00129,2027-01-02T00:41:44.388780+00:00,1,35,4727.1,135.06,2,1,0.0571,0.0286,2,0.0537,mobile_android,credit_card
ACC_002096,RING_00130,2027-08-30T00:45:07.414415+00:00,1,12,1261.2,105.1,0,0,0.0,0.0,1,0.0442,mobile_android,credit_card
ACC_002097,RING_00130,2027-10-05T02:57:46.019616+00:00,1,40,3159.2,78.98,2,1,0.05,0.025,1,0.0244,mobile_android,credit_card
ACC_002098,RING_00131,2027-10-14T15:21:24.127470+00:00,1,12,668.88,55.74,1,0,0.0833,0.0,2,0.0505,mobile_android,credit_card
ACC_002099,RING_00131,2027-09-15T14:40:00.160130+00:00,1,26,2442.96,93.96,2,1,0.0769,0.0385,2,0.0262,mobile_android,credit_card
ACC_002100,RING_00132,2027-05-19T20:25:49.287668+00:00,1,46,3601.8,78.3,6,5,0.1304,0.1087,2,0.029,mobile_android,credit_card
ACC_002101,RING_00132,2027-01-13T08:24:13.484032+00:00,1,32,3319.36,103.73,4,3,0.125,0.0938,2,0.0395,mobile_ios,credit_card
ACC_002102,RING_00132,2026-07-30T16:31:45.883182+00:00,1,13,1258.27,96.79,0,0,0.0,0.0,2,0.0568,mobile_android,credit_card
ACC_002103,RING_00132,2026-08-29T10:48:16.934019+00:00,1,32,3532.8,110.4,2,1,0.0625,0.0312,1,0.0586,mobile_android,credit_card
ACC_002104,RING_00133,2026-10-30T17:29:48.439644+00:00,1,9,635.4,70.6,0,0,0.0,0.0,1,0.0582,mobile_ios,credit_card
ACC_002105,RING_00133,2026-11-14T16:05:55.309392+00:00,1,6,310.32,51.72,0,0,0.0,0.0,0,0.0119,mobile_ios,credit_card
ACC_002106,RING_00133,2026-11-12T16:23:45.719852+00:00,1,6,583.56,97.26,0,0,0.0,0.0,0,0.0677,mobile_ios,credit_card
ACC_002107,RING_00133,2026-09-10T03:12:59.229783+00:00,1,11,532.4,48.4,0,0,0.0,0.0,0,0.0203,mobile_ios,credit_card
ACC_002108,RING_00133,2026-08-17T10:27:48.293760+00:00,1,19,720.48,37.92,1,0,0.0526,0.0,1,0.0535,mobile_ios,credit_card
ACC_002109,RING_00133,2026-04-04T21:38:59.750661+00:00,118,10,537.7,53.77,0,0,0.0,0.0,0,0.0735,mobile_ios,credit_card
ACC_002110,RING_00133,2026-02-15T19:36:24.553000+00:00,166,18,1711.62,95.09,0,0,0.0,0.0,1,0.0735,mobile_ios,credit_card
ACC_002111,RING_00133,2026-05-04T06:08:29.634446+00:00,88,15,1641.3,109.42,1,0,0.0667,0.0,1,0.0429,mobile_ios,credit_card
ACC_002112,RING_00133,2026-11-10T15:15:27.105418+00:00,1,13,1322.62,101.74,0,0,0.0,0.0,0,0.063,mobile_ios,credit_card
ACC_002113,RING_00133,2026-06-21T00:45:43.586029+00:00,40,8,837.6,104.7,0,0,0.0,0.0,0,0.0623,mobile_ios,credit_card
ACC_002114,RING_00133,2026-02-02T18:34:05.277005+00:00,179,16,770.88,48.18,1,0,0.0625,0.0,0,0.0322,mobile_ios,credit_card
ACC_002115,RING_00133,2026-08-11T12:05:24.896773+00:00,1,19,1676.18,88.22,1,0,0.0526,0.0,1,0.0521,mobile_ios,credit_card
ACC_002116,RING_00133,2026-05-10T06:08:11.463118+00:00,82,16,759.84,47.49,0,0,0.0,0.0,1,0.0446,mobile_ios,credit_card
ACC_002117,RING_00133,2026-10-16T00:06:31.901247+00:00,1,15,785.1,52.34,0,0,0.0,0.0,1,0.056,mobile_ios,credit_card
ACC_002118,RING_00133,2026-03-09T08:23:40.134022+00:00,144,19,1637.23,86.17,0,0,0.0,0.0,0,0.0551,mobile_ios,credit_card
ACC_002119,RING_00133,2026-03-04T02:10:31.878346+00:00,149,13,567.19,43.63,0,0,0.0,0.0,0,0.0178,mobile_ios,credit_card
ACC_002120,RING_00133,2026-04-13T22:48:59.968106+00:00,109,18,1299.24,72.18,0,0,0.0,0.0,1,0.0261,mobile_ios,credit_card
ACC_002121,RING_00133,2026-08-22T22:02:27.808051+00:00,1,19,1802.53,94.87,1,0,0.0526,0.0,0,0.012,mobile_ios,credit_card
ACC_002122,RING_00134,2026-10-27T15:33:33.122499+00:00,1,26,2831.92,108.92,0,0,0.0,0.0,1,0.0595,desktop_safari,credit_card
ACC_002123,RING_00134,2026-09-29T15:10:38.553993+00:00,1,35,1667.05,47.63,2,1,0.0571,0.0286,1,0.0743,desktop_safari,paypal
ACC_002124,RING_00134,2026-09-18T10:42:25.893981+00:00,1,37,5835.27,157.71,1,0,0.027,0.0,3,0.0131,desktop_safari,credit_card
ACC_002125,RING_00134,2026-08-23T13:08:46.627308+00:00,1,11,1294.04,117.64,0,0,0.0,0.0,2,0.047,desktop_safari,credit_card
ACC_002126,RING_00134,2026-09-19T09:48:19.181295+00:00,1,19,2304.32,121.28,0,0,0.0,0.0,2,0.0309,desktop_safari,paypal
ACC_002127,RING_00134,2026-10-12T23:52:48.230049+00:00,1,33,1569.48,47.56,2,1,0.0606,0.0303,2,0.0887,desktop_chrome,paypal
ACC_002128,RING_00134,2026-05-28T20:15:10.632629+00:00,64,33,3713.49,112.53,1,0,0.0303,0.0,2,0.0332,desktop_chrome,paypal
ACC_002129,RING_00134,2026-09-10T08:28:45.629978+00:00,1,26,2556.32,98.32,0,0,0.0,0.0,1,0.0497,mobile_ios,credit_card
ACC_002130,RING_00134,2026-09-24T09:22:08.149071+00:00,1,23,3705.07,161.09,1,0,0.0435,0.0,3,0.0502,desktop_safari,credit_card
ACC_002131,RING_00134,2026-06-05T03:17:42.377619+00:00,56,21,3225.39,153.59,1,0,0.0476,0.0,1,0.0398,desktop_chrome,paypal
ACC_002132,RING_00134,2026-08-18T12:03:25.726013+00:00,1,39,5601.18,143.62,2,1,0.0513,0.0256,3,0.0285,desktop_chrome,credit_card
ACC_002133,RING_00134,2027-02-03T08:24:48.347198+00:00,1,10,820.1,82.01,0,0,0.0,0.0,3,0.0453,desktop_chrome,paypal
ACC_002134,RING_00134,2026-06-10T07:36:36.949890+00:00,51,18,2609.64,144.98,0,0,0.0,0.0,3,0.0544,desktop_chrome,paypal
ACC_002135,RING_00134,2026-12-21T20:58:15.340504+00:00,1,36,5223.96,145.11,0,0,0.0,0.0,2,0.0258,mobile_ios,credit_card
ACC_002136,RING_00134,2026-12-19T11:11:59.922274+00:00,1,16,984.0,61.5,0,0,0.0,0.0,3,0.0256,desktop_safari,paypal
ACC_002137,RING_00134,2026-08-17T08:42:43.243329+00:00,1,16,850.08,53.13,0,0,0.0,0.0,3,0.0844,mobile_ios,credit_card
ACC_002138,RING_00134,2026-05-06T09:00:06.023108+00:00,86,33,5434.44,164.68,0,0,0.0,0.0,1,0.0151,desktop_chrome,paypal
ACC_002139,RING_00134,2026-06-05T09:37:16.404084+00:00,56,16,2263.84,141.49,0,0,0.0,0.0,3,0.0334,desktop_safari,paypal
ACC_002140,RING_00134,2027-02-21T11:51:40.800542+00:00,1,37,4255.37,115.01,2,1,0.0541,0.027,2,0.0684,desktop_chrome,paypal
ACC_002141,RING_00134,2026-11-14T16:21:30.566728+00:00,1,34,2168.52,63.78,1,0,0.0294,0.0,1,0.0672,mobile_ios,credit_card
ACC_002142,RING_00134,2026-05-27T16:26:08.607298+00:00,65,29,3416.49,117.81,0,0,0.0,0.0,2,0.0274,mobile_ios,credit_card
ACC_002143,RING_00134,2026-07-21T15:57:23.695563+00:00,10,31,4901.41,158.11,1,0,0.0323,0.0,2,0.0701,mobile_ios,paypal
ACC_002144,RING_00134,2026-08-06T06:57:54.793451+00:00,1,23,1401.62,60.94,1,0,0.0435,0.0,2,0.0837,desktop_safari,credit_card
ACC_002145,RING_00134,2026-08-31T21:07:27.521508+00:00,1,32,2874.56,89.83,0,0,0.0,0.0,3,0.0588,desktop_chrome,credit_card
ACC_002146,RING_00134,2026-10-07T10:05:42.309228+00:00,1,27,4851.63,179.69,0,0,0.0,0.0,1,0.0294,desktop_chrome,credit_card
ACC_002147,RING_00134,2026-09-06T10:45:22.771620+00:00,1,28,3222.52,115.09,1,0,0.0357,0.0,1,0.0446,desktop_chrome,paypal
ACC_002148,RING_00135,2026-05-27T00:00:48.721712+00:00,65,24,278.16,11.59,0,0,0.0,0.0,0,0.9677,emulator_bot,credit_card
ACC_002149,RING_00135,2026-05-27T00:36:40.711060+00:00,65,36,177.12,4.92,0,0,0.0,0.0,0,0.9249,emulator_bot,credit_card
ACC_002150,RING_00135,2026-05-27T00:26:16.991087+00:00,65,28,202.44,7.23,0,0,0.0,0.0,0,0.9427,emulator_bot,credit_card
ACC_002151,RING_00135,2026-05-27T00:00:51.392477+00:00,65,23,145.36,6.32,0,0,0.0,0.0,0,0.9726,emulator_bot,credit_card
ACC_002152,RING_00135,2026-05-27T00:34:50.366351+00:00,65,36,306.36,8.51,0,0,0.0,0.0,0,0.823,emulator_bot,credit_card
ACC_002153,RING_00135,2026-05-27T00:04:34.204713+00:00,65,29,327.12,11.28,0,0,0.0,0.0,0,0.8666,emulator_bot,credit_card
ACC_002154,RING_00135,2026-05-27T00:24:17.744650+00:00,65,23,154.33,6.71,0,0,0.0,0.0,0,0.8676,emulator_bot,credit_card
ACC_002155,RING_00135,2026-05-27T00:14:56.410639+00:00,65,29,220.4,7.6,0,0,0.0,0.0,0,0.9425,emulator_bot,credit_card
ACC_002156,RING_00135,2026-05-27T00:34:09.754306+00:00,65,23,130.41,5.67,0,0,0.0,0.0,0,0.8101,emulator_bot,credit_card
ACC_002157,RING_00135,2026-05-27T00:38:23.698244+00:00,65,30,277.2,9.24,0,0,0.0,0.0,0,0.8175,emulator_bot,credit_card
ACC_002158,RING_00135,2026-05-27T00:20:53.547093+00:00,65,35,600.6,17.16,0,0,0.0,0.0,0,0.8509,emulator_bot,credit_card
ACC_002159,RING_00135,2026-05-27T00:34:06.438577+00:00,65,24,228.72,9.53,0,0,0.0,0.0,0,0.9516,emulator_bot,credit_card
ACC_002160,RING_00135,2026-05-27T00:41:14.887318+00:00,65,35,380.1,10.86,0,0,0.0,0.0,0,0.9732,emulator_bot,credit_card
ACC_002161,RING_00135,2026-05-27T00:31:00.841451+00:00,65,36,417.6,11.6,0,0,0.0,0.0,0,0.8476,emulator_bot,credit_card
ACC_002162,RING_00135,2026-05-27T00:14:29.374312+00:00,65,27,347.22,12.86,0,0,0.0,0.0,0,0.922,emulator_bot,credit_card
ACC_002163,RING_00135,2026-05-27T00:20:50.942615+00:00,65,24,120.96,5.04,0,0,0.0,0.0,0,0.8737,emulator_bot,credit_card
ACC_002164,RING_00135,2026-05-27T00:10:20.993898+00:00,65,29,234.32,8.08,0,0,0.0,0.0,0,0.9727,emulator_bot,credit_card
ACC_002165,RING_00135,2026-05-27T00:20:37.702517+00:00,65,40,182.0,4.55,0,0,0.0,0.0,0,0.953,emulator_bot,credit_card
ACC_002166,RING_00135,2026-05-27T00:11:03.904293+00:00,65,20,298.4,14.92,0,0,0.0,0.0,0,0.8771,emulator_bot,credit_card
ACC_002167,RING_00135,2026-05-27T00:36:19.574257+00:00,65,38,474.62,12.49,0,0,0.0,0.0,0,0.941,emulator_bot,credit_card
ACC_002168,RING_00135,2026-05-27T00:27:26.777054+00:00,65,34,587.52,17.28,0,0,0.0,0.0,0,0.9585,emulator_bot,credit_card
ACC_002169,RING_00135,2026-05-27T00:28:29.764161+00:00,65,39,310.83,7.97,0,0,0.0,0.0,0,0.953,emulator_bot,credit_card
ACC_002170,RING_00135,2026-05-27T00:04:57.710879+00:00,65,35,438.2,12.52,0,0,0.0,0.0,0,0.9668,emulator_bot,credit_card
ACC_002171,RING_00135,2026-05-27T00:00:03.942830+00:00,65,32,401.92,12.56,0,0,0.0,0.0,0,0.9117,emulator_bot,credit_card
ACC_002172,RING_00136,2026-01-14T00:07:17.013938+00:00,198,39,360.36,9.24,0,0,0.0,0.0,0,0.8459,emulator_bot,credit_card
ACC_002173,RING_00136,2026-01-14T00:36:18.681246+00:00,198,20,166.8,8.34,0,0,0.0,0.0,0,0.9383,emulator_bot,credit_card
ACC_002174,RING_00136,2026-01-14T00:32:32.332275+00:00,198,40,335.2,8.38,0,0,0.0,0.0,0,0.9576,emulator_bot,credit_card
ACC_002175,RING_00136,2026-01-14T00:28:44.363610+00:00,198,30,332.4,11.08,0,0,0.0,0.0,0,0.8031,emulator_bot,credit_card
ACC_002176,RING_00136,2026-01-14T00:28:50.135125+00:00,198,43,763.25,17.75,0,0,0.0,0.0,0,0.9402,emulator_bot,credit_card
ACC_002177,RING_00136,2026-01-14T00:38:38.959440+00:00,198,32,422.08,13.19,0,0,0.0,0.0,0,0.9418,emulator_bot,credit_card
ACC_002178,RING_00136,2026-01-14T00:15:00.338594+00:00,198,20,297.0,14.85,0,0,0.0,0.0,0,0.858,emulator_bot,credit_card
ACC_002179,RING_00136,2026-01-14T00:14:30.021056+00:00,198,43,228.76,5.32,0,0,0.0,0.0,0,0.9317,emulator_bot,credit_card
ACC_002180,RING_00136,2026-01-14T00:19:08.652440+00:00,198,23,250.93,10.91,0,0,0.0,0.0,0,0.8247,emulator_bot,credit_card
ACC_002181,RING_00136,2026-01-14T00:44:32.125233+00:00,198,33,143.55,4.35,0,0,0.0,0.0,0,0.9406,emulator_bot,credit_card
ACC_002182,RING_00136,2026-01-14T00:24:58.227145+00:00,198,38,426.36,11.22,0,0,0.0,0.0,0,0.8235,emulator_bot,credit_card
ACC_002183,RING_00136,2026-01-14T00:24:36.633065+00:00,198,42,658.14,15.67,0,0,0.0,0.0,0,0.9303,emulator_bot,credit_card
ACC_002184,RING_00136,2026-01-14T00:36:25.903223+00:00,198,30,271.5,9.05,0,0,0.0,0.0,0,0.9664,emulator_bot,credit_card
ACC_002185,RING_00136,2026-01-14T00:08:00.774148+00:00,198,40,645.6,16.14,0,0,0.0,0.0,0,0.8178,emulator_bot,credit_card
ACC_002186,RING_00136,2026-01-14T00:18:14.582722+00:00,198,43,258.43,6.01,0,0,0.0,0.0,0,0.9345,emulator_bot,credit_card
ACC_002187,RING_00136,2026-01-14T00:28:51.678497+00:00,198,35,520.8,14.88,0,0,0.0,0.0,0,0.8464,emulator_bot,credit_card
ACC_002188,RING_00136,2026-01-14T00:44:27.645275+00:00,198,19,122.36,6.44,0,0,0.0,0.0,0,0.9663,emulator_bot,credit_card
ACC_002189,RING_00136,2026-01-14T00:06:57.067911+00:00,198,42,266.7,6.35,0,0,0.0,0.0,0,0.8429,emulator_bot,credit_card
ACC_002190,RING_00136,2026-01-14T00:20:20.472307+00:00,198,17,165.75,9.75,0,0,0.0,0.0,0,0.9244,emulator_bot,credit_card
ACC_002191,RING_00136,2026-01-14T00:40:45.070866+00:00,198,25,320.75,12.83,0,0,0.0,0.0,0,0.9368,emulator_bot,credit_card
ACC_002192,RING_00136,2026-01-14T00:32:38.933885+00:00,198,36,426.24,11.84,0,0,0.0,0.0,0,0.8971,emulator_bot,credit_card
ACC_002193,RING_00136,2026-01-14T00:27:37.206640+00:00,198,41,675.68,16.48,0,0,0.0,0.0,0,0.9707,emulator_bot,credit_card
ACC_002194,RING_00136,2026-01-14T00:11:34.192580+00:00,198,41,647.39,15.79,0,0,0.0,0.0,0,0.9375,emulator_bot,credit_card
ACC_002195,RING_00137,2026-10-23T00:29:51.753851+00:00,1,16,463.52,28.97,0,0,0.0,0.0,0,0.0607,mobile_ios,credit_card
ACC_002196,RING_00137,2027-05-29T14:42:42.645650+00:00,1,6,373.74,62.29,0,0,0.0,0.0,1,0.0591,mobile_ios,credit_card
ACC_002197,RING_00137,2026-08-07T09:05:45.925721+00:00,1,8,321.92,40.24,0,0,0.0,0.0,1,0.0174,desktop_safari,apple_pay
ACC_002198,RING_00137,2027-02-10T17:26:16.593384+00:00,1,22,1167.98,53.09,2,1,0.0909,0.0455,0,0.0281,desktop_safari,apple_pay
ACC_002199,RING_00137,2026-07-23T20:21:12.064887+00:00,8,20,1895.4,94.77,1,0,0.05,0.0,0,0.016,desktop_chrome,debit_card
ACC_002200,RING_00137,2026-11-19T19:14:19.542816+00:00,1,18,1103.76,61.32,1,0,0.0556,0.0,0,0.0342,desktop_chrome,debit_card
ACC_002201,RING_00137,2026-11-13T06:03:43.109673+00:00,1,14,780.64,55.76,1,0,0.0714,0.0,0,0.0514,desktop_safari,debit_card
ACC_002202,RING_00137,2027-01-03T09:35:38.726475+00:00,1,9,403.47,44.83,0,0,0.0,0.0,1,0.0433,mobile_ios,credit_card
ACC_002203,RING_00137,2027-05-25T13:01:49.830809+00:00,1,7,380.8,54.4,0,0,0.0,0.0,1,0.0471,desktop_safari,debit_card
ACC_002204,RING_00137,2026-10-08T21:58:47.608257+00:00,1,20,1538.0,76.9,0,0,0.0,0.0,0,0.0472,desktop_safari,apple_pay
ACC_002205,RING_00137,2026-12-15T10:50:56.153263+00:00,1,7,408.8,58.4,0,0,0.0,0.0,0,0.0653,desktop_safari,apple_pay
ACC_002206,RING_00137,2026-08-06T17:44:15.554930+00:00,1,11,911.9,82.9,0,0,0.0,0.0,0,0.078,desktop_chrome,credit_card
ACC_002207,RING_00137,2027-03-09T12:23:52.974409+00:00,1,19,948.67,49.93,0,0,0.0,0.0,0,0.0255,desktop_chrome,apple_pay
ACC_002208,RING_00137,2026-07-24T14:39:55.965968+00:00,7,7,578.48,82.64,0,0,0.0,0.0,0,0.0697,desktop_chrome,debit_card
ACC_002209,RING_00137,2026-12-09T07:24:56.431964+00:00,1,28,2297.96,82.07,0,0,0.0,0.0,0,0.0442,desktop_safari,debit_card
ACC_002210,RING_00137,2026-08-19T23:29:34.142665+00:00,1,15,921.45,61.43,1,0,0.0667,0.0,1,0.0269,mobile_ios,credit_card
ACC_002211,RING_00137,2027-04-12T08:50:17.204967+00:00,1,24,1895.28,78.97,1,0,0.0417,0.0,1,0.0255,desktop_chrome,credit_card
ACC_002212,RING_00137,2026-10-03T12:45:55.653244+00:00,1,15,386.7,25.78,1,0,0.0667,0.0,0,0.0768,desktop_safari,apple_pay
ACC_002213,RING_00137,2026-07-29T21:49:25.180256+00:00,2,27,736.02,27.26,2,1,0.0741,0.037,1,0.0132,mobile_ios,debit_card
ACC_002214,RING_00137,2026-12-13T12:47:08.686993+00:00,1,24,1925.28,80.22,2,1,0.0833,0.0417,0,0.0464,desktop_chrome,apple_pay
ACC_002215,RING_00137,2027-05-17T04:45:21.760499+00:00,1,21,1219.05,58.05,2,1,0.0952,0.0476,1,0.0335,desktop_safari,credit_card
ACC_002216,RING_00137,2026-10-29T01:54:59.271794+00:00,1,15,975.3,65.02,0,0,0.0,0.0,0,0.0341,desktop_safari,debit_card
ACC_002217,RING_00137,2026-12-03T02:33:17.400781+00:00,1,5,306.3,61.26,0,0,0.0,0.0,0,0.0469,desktop_chrome,apple_pay
ACC_002218,RING_00137,2027-04-18T03:53:21.174716+00:00,1,16,952.16,59.51,1,0,0.0625,0.0,1,0.0794,desktop_safari,credit_card
ACC_002219,RING_00137,2026-10-17T11:07:13.165740+00:00,1,8,637.2,79.65,0,0,0.0,0.0,0,0.0252,mobile_ios,apple_pay
ACC_002220,RING_00137,2027-04-05T16:20:41.604203+00:00,1,13,912.86,70.22,0,0,0.0,0.0,0,0.0711,desktop_chrome,credit_card
ACC_002221,RING_00137,2027-01-08T03:37:27.549474+00:00,1,5,176.8,35.36,0,0,0.0,0.0,1,0.0143,mobile_ios,credit_card
ACC_002222,RING_00137,2027-02-17T14:52:17.964467+00:00,1,28,1659.0,59.25,1,0,0.0357,0.0,1,0.07,desktop_chrome,credit_card
ACC_002223,RING_00137,2027-02-22T05:48:03.557956+00:00,1,18,480.78,26.71,1,0,0.0556,0.0,1,0.0259,mobile_ios,debit_card
ACC_002224,RING_00137,2026-09-18T12:34:12.539695+00:00,1,15,547.5,36.5,1,0,0.0667,0.0,0,0.0767,desktop_chrome,apple_pay
ACC_002225,RING_00137,2026-08-11T11:21:48.720029+00:00,1,22,1019.48,46.34,2,1,0.0909,0.0455,0,0.0659,desktop_chrome,credit_card
ACC_002226,RING_00137,2027-02-25T01:12:00.317259+00:00,1,27,2043.36,75.68,0,0,0.0,0.0,0,0.0341,desktop_safari,credit_card
ACC_002227,RING_00137,2027-02-01T10:47:48.197174+00:00,1,27,932.04,34.52,1,0,0.037,0.0,1,0.0444,desktop_safari,debit_card
ACC_002228,RING_00137,2027-05-25T17:23:08.256429+00:00,1,28,1065.4,38.05,2,1,0.0714,0.0357,1,0.074,desktop_safari,credit_card
ACC_002229,RING_00137,2026-06-29T16:18:51.249085+00:00,32,21,1193.85,56.85,1,0,0.0476,0.0,1,0.0194,desktop_safari,apple_pay
ACC_002230,RING_00137,2026-09-22T08:12:12.072436+00:00,1,29,2598.4,89.6,1,0,0.0345,0.0,0,0.0113,desktop_chrome,debit_card
ACC_002231,RING_00137,2027-01-02T10:47:24.840499+00:00,1,14,542.08,38.72,1,0,0.0714,0.0,0,0.0126,desktop_safari,apple_pay
ACC_002232,RING_00137,2026-11-19T03:17:03.887667+00:00,1,18,1491.12,82.84,1,0,0.0556,0.0,1,0.0478,desktop_safari,credit_card
ACC_002233,RING_00137,2026-08-29T01:34:53.945108+00:00,1,28,1851.36,66.12,0,0,0.0,0.0,1,0.0215,desktop_chrome,debit_card
ACC_002234,RING_00137,2027-01-13T10:10:56.892945+00:00,1,5,205.2,41.04,0,0,0.0,0.0,0,0.0226,desktop_chrome,apple_pay
ACC_002235,RING_00137,2027-03-12T13:37:09.416124+00:00,1,25,670.0,26.8,0,0,0.0,0.0,0,0.0436,mobile_ios,apple_pay
ACC_002236,RING_00137,2026-07-02T13:48:56.909516+00:00,29,8,242.96,30.37,0,0,0.0,0.0,1,0.0183,mobile_ios,credit_card
ACC_002237,RING_00137,2026-12-10T22:22:58.387736+00:00,1,13,767.52,59.04,0,0,0.0,0.0,0,0.0325,desktop_chrome,debit_card
ACC_002238,RING_00137,2026-12-10T07:27:07.742658+00:00,1,28,1636.04,58.43,3,2,0.1071,0.0714,1,0.0251,desktop_chrome,apple_pay
ACC_002239,RING_00137,2026-12-06T22:39:24.523555+00:00,1,24,2144.88,89.37,0,0,0.0,0.0,0,0.0549,desktop_safari,apple_pay
ACC_002240,RING_00137,2027-03-30T16:13:57.288112+00:00,1,18,990.72,55.04,1,0,0.0556,0.0,1,0.0442,desktop_chrome,apple_pay
ACC_002241,RING_00137,2026-10-17T20:18:29.091026+00:00,1,14,1182.16,84.44,0,0,0.0,0.0,0,0.0334,mobile_ios,debit_card
ACC_002242,RING_00137,2026-12-04T01:44:36.413186+00:00,1,12,399.72,33.31,0,0,0.0,0.0,0,0.067,desktop_safari,apple_pay
ACC_002243,RING_00137,2026-08-27T09:08:18.478879+00:00,1,14,1218.14,87.01,1,0,0.0714,0.0,1,0.0209,desktop_safari,apple_pay
ACC_002244,RING_00137,2027-03-09T16:28:01.559989+00:00,1,23,1550.43,67.41,1,0,0.0435,0.0,1,0.0671,desktop_safari,credit_card
ACC_002245,RING_00137,2026-12-06T14:14:55.892829+00:00,1,15,584.4,38.96,0,0,0.0,0.0,0,0.0557,desktop_safari,credit_card
ACC_002246,RING_00137,2026-10-04T01:38:28.880188+00:00,1,19,624.15,32.85,2,1,0.1053,0.0526,0,0.0154,desktop_safari,credit_card
ACC_002247,RING_00138,2026-06-14T00:57:50.831617+00:00,47,21,2717.61,129.41,3,4,0.1429,0.1905,3,0.7552,emulator_bot,virtual_card
ACC_002248,RING_00138,2026-06-14T01:27:43.989599+00:00,47,20,2828.0,141.4,2,2,0.1,0.1,6,0.9353,emulator_bot,virtual_card
ACC_002249,RING_00138,2026-06-14T00:04:49.067969+00:00,47,8,1289.68,161.21,3,3,0.375,0.375,5,0.9135,emulator_bot,virtual_card
ACC_002250,RING_00138,2026-06-14T00:38:10.367497+00:00,47,8,779.52,97.44,5,2,0.625,0.25,2,0.7533,emulator_bot,virtual_card
ACC_002251,RING_00138,2026-06-14T01:20:47.201154+00:00,47,13,2386.67,183.59,3,3,0.2308,0.2308,3,0.8022,emulator_bot,virtual_card
ACC_002252,RING_00138,2026-06-14T00:27:40.361224+00:00,47,8,1355.68,169.46,3,2,0.375,0.25,2,0.7606,emulator_bot,virtual_card
ACC_002253,RING_00138,2026-06-14T00:54:02.961934+00:00,47,11,999.57,90.87,2,4,0.1818,0.3636,3,0.8244,emulator_bot,virtual_card
ACC_002254,RING_00138,2026-06-14T01:51:50.016663+00:00,47,8,680.32,85.04,4,2,0.5,0.25,2,0.863,emulator_bot,virtual_card
ACC_002255,RING_00138,2026-06-14T01:39:12.612806+00:00,47,23,3216.32,139.84,2,2,0.087,0.087,5,0.903,emulator_bot,virtual_card
ACC_002256,RING_00138,2026-06-14T01:06:57.575143+00:00,47,11,1149.72,104.52,4,4,0.3636,0.3636,2,0.7508,emulator_bot,virtual_card
ACC_002257,RING_00138,2026-06-14T01:09:12.357582+00:00,47,13,1969.11,151.47,4,2,0.3077,0.1538,2,0.7295,emulator_bot,virtual_card
ACC_002258,RING_00138,2026-06-14T01:46:26.443325+00:00,47,8,1316.32,164.54,3,4,0.375,0.5,3,0.9176,emulator_bot,virtual_card
ACC_002259,RING_00138,2026-06-14T01:43:34.025535+00:00,47,10,971.9,97.19,2,3,0.2,0.3,4,0.8617,emulator_bot,virtual_card
ACC_002260,RING_00138,2026-06-14T00:10:35.736488+00:00,47,9,1648.71,183.19,5,2,0.5556,0.2222,4,0.8523,emulator_bot,virtual_card
ACC_002261,RING_00138,2026-06-14T00:55:52.157140+00:00,47,22,2481.82,112.81,3,3,0.1364,0.1364,6,0.7442,emulator_bot,virtual_card
ACC_002262,RING_00138,2026-06-14T00:22:54.146306+00:00,47,19,3082.18,162.22,2,4,0.1053,0.2105,2,0.8349,emulator_bot,virtual_card
ACC_002263,RING_00138,2026-06-14T00:09:59.182251+00:00,47,10,1812.2,181.22,5,2,0.5,0.2,6,0.9103,emulator_bot,virtual_card
ACC_002264,RING_00138,2026-06-14T00:35:05.247662+00:00,47,16,1966.24,122.89,4,3,0.25,0.1875,6,0.8927,emulator_bot,virtual_card
ACC_002265,RING_00138,2026-06-14T01:13:16.635398+00:00,47,20,2469.0,123.45,4,2,0.2,0.1,3,0.8328,emulator_bot,virtual_card
ACC_002266,RING_00139,2026-04-15T19:37:12.083614+00:00,107,25,1673.0,66.92,1,0,0.04,0.0,0,0.0156,mobile_ios,paypal
ACC_002267,RING_00140,2026-10-08T01:18:51.315548+00:00,1,11,623.92,56.72,0,0,0.0,0.0,0,0.0536,mobile_ios,credit_card
ACC_002268,RING_00140,2026-11-25T11:37:53.521733+00:00,1,6,516.18,86.03,0,0,0.0,0.0,1,0.0423,mobile_ios,credit_card
ACC_002269,RING_00140,2026-11-01T02:51:30.695937+00:00,1,9,466.65,51.85,0,0,0.0,0.0,0,0.0407,mobile_ios,credit_card
ACC_002270,RING_00140,2026-08-02T08:59:18.744805+00:00,1,6,601.62,100.27,0,0,0.0,0.0,1,0.0591,mobile_ios,credit_card
ACC_002271,RING_00140,2027-02-07T16:02:42.565900+00:00,1,16,1373.76,85.86,1,0,0.0625,0.0,0,0.053,mobile_ios,credit_card
ACC_002272,RING_00140,2026-12-14T20:27:20.179442+00:00,1,5,399.1,79.82,0,0,0.0,0.0,0,0.0722,mobile_ios,credit_card
ACC_002273,RING_00140,2026-08-13T01:53:17.383846+00:00,1,19,1276.23,67.17,1,0,0.0526,0.0,1,0.0531,mobile_ios,credit_card
ACC_002274,RING_00140,2027-03-03T20:13:32.926308+00:00,1,7,290.01,41.43,0,0,0.0,0.0,0,0.068,mobile_ios,credit_card
ACC_002275,RING_00140,2026-12-29T18:23:25.474479+00:00,1,16,1250.56,78.16,1,0,0.0625,0.0,0,0.029,mobile_ios,credit_card
ACC_002276,RING_00140,2026-09-19T03:03:18.617078+00:00,1,6,332.46,55.41,0,0,0.0,0.0,1,0.0429,mobile_ios,credit_card
ACC_002277,RING_00140,2026-07-30T08:27:56.253201+00:00,1,16,608.0,38.0,1,0,0.0625,0.0,1,0.0174,mobile_ios,credit_card
ACC_002278,RING_00140,2027-01-12T15:45:43.569999+00:00,1,18,1445.58,80.31,1,0,0.0556,0.0,1,0.0686,mobile_ios,credit_card
ACC_002279,RING_00140,2026-09-28T07:32:00.216512+00:00,1,8,308.32,38.54,0,0,0.0,0.0,0,0.039,mobile_ios,credit_card
ACC_002280,RING_00140,2026-10-02T07:47:59.846620+00:00,1,18,794.52,44.14,0,0,0.0,0.0,0,0.0589,mobile_ios,credit_card
ACC_002281,RING_00140,2026-06-29T12:08:25.020276+00:00,32,7,252.77,36.11,0,0,0.0,0.0,1,0.0795,mobile_ios,credit_card
ACC_002282,RING_00140,2026-07-04T06:09:15.159166+00:00,27,5,224.75,44.95,0,0,0.0,0.0,1,0.0483,mobile_ios,credit_card
ACC_002283,RING_00141,2026-11-19T12:47:31.278094+00:00,1,21,2917.95,138.95,1,0,0.0476,0.0,1,0.0377,mobile_ios,credit_card
ACC_002284,RING_00141,2026-11-01T16:05:01.160586+00:00,1,9,1046.88,116.32,0,0,0.0,0.0,2,0.0642,desktop_chrome,credit_card
ACC_002285,RING_00141,2026-12-02T19:04:25.112320+00:00,1,32,1999.36,62.48,1,0,0.0312,0.0,1,0.0161,mobile_ios,credit_card
ACC_002286,RING_00141,2026-12-25T22:58:23.799948+00:00,1,29,4226.17,145.73,2,1,0.069,0.0345,0,0.0655,desktop_chrome,credit_card
ACC_002287,RING_00141,2026-07-05T09:15:07.177634+00:00,26,34,3765.5,110.75,1,0,0.0294,0.0,1,0.0221,mobile_ios,credit_card
ACC_002288,RING_00141,2026-06-13T04:22:48.184166+00:00,48,7,860.51,122.93,0,0,0.0,0.0,2,0.0664,desktop_chrome,credit_card
ACC_002289,RING_00141,2027-03-24T12:47:17.861209+00:00,1,21,1470.84,70.04,2,1,0.0952,0.0476,0,0.0306,mobile_ios,credit_card
ACC_002290,RING_00141,2027-01-01T20:13:44.487321+00:00,1,23,2868.1,124.7,1,0,0.0435,0.0,0,0.0318,desktop_chrome,credit_card
ACC_002291,RING_00141,2026-12-31T16:16:08.801179+00:00,1,19,2045.73,107.67,1,0,0.0526,0.0,1,0.0137,desktop_chrome,credit_card
ACC_002292,RING_00142,2026-08-13T18:35:26.631375+00:00,1,12,1214.88,101.24,0,0,0.0,0.0,2,0.0103,mobile_ios,credit_card
ACC_002293,RING_00142,2026-05-05T21:04:30.532990+00:00,87,34,3954.2,116.3,1,0,0.0294,0.0,1,0.0477,desktop_safari,credit_card
ACC_002294,RING_00142,2026-06-26T09:40:10.055143+00:00,35,20,2357.6,117.88,0,0,0.0,0.0,2,0.0723,desktop_safari,credit_card
ACC_002295,RING_00142,2026-06-30T16:13:42.849745+00:00,31,25,1818.5,72.74,1,0,0.04,0.0,1,0.0172,desktop_safari,paypal
ACC_002296,RING_00142,2026-09-11T01:31:46.735864+00:00,1,23,2777.94,120.78,0,0,0.0,0.0,2,0.021,desktop_chrome,paypal
ACC_002297,RING_00142,2026-09-08T02:59:16.644302+00:00,1,23,3541.31,153.97,0,0,0.0,0.0,1,0.035,desktop_chrome,credit_card
ACC_002298,RING_00142,2026-12-31T11:16:21.314021+00:00,1,20,2053.8,102.69,1,0,0.05,0.0,3,0.0502,mobile_ios,paypal
ACC_002299,RING_00142,2026-12-27T20:14:57.223187+00:00,1,13,1503.06,115.62,0,0,0.0,0.0,2,0.0701,mobile_ios,credit_card
ACC_002300,RING_00142,2026-10-11T19:42:30.401324+00:00,1,30,1433.7,47.79,1,0,0.0333,0.0,2,0.0521,mobile_ios,credit_card
ACC_002301,RING_00142,2026-06-13T05:16:01.906024+00:00,48,21,1727.04,82.24,1,0,0.0476,0.0,3,0.0446,desktop_safari,credit_card
ACC_002302,RING_00142,2026-06-11T02:18:27.825416+00:00,50,23,2402.58,104.46,1,0,0.0435,0.0,2,0.0225,mobile_ios,credit_card
ACC_002303,RING_00142,2026-12-08T15:16:48.773191+00:00,1,8,376.96,47.12,0,0,0.0,0.0,1,0.0829,desktop_chrome,credit_card
ACC_002304,RING_00142,2027-01-31T09:05:06.930221+00:00,1,31,1547.83,49.93,1,0,0.0323,0.0,2,0.0595,desktop_chrome,credit_card
ACC_002305,RING_00142,2026-11-11T12:11:12.274872+00:00,1,26,2797.34,107.59,1,0,0.0385,0.0,1,0.0667,desktop_safari,credit_card
ACC_002306,RING_00142,2027-02-04T18:07:19.667154+00:00,1,15,829.95,55.33,0,0,0.0,0.0,2,0.0244,mobile_ios,credit_card
ACC_002307,RING_00142,2026-05-02T00:52:56.670012+00:00,90,8,863.04,107.88,0,0,0.0,0.0,1,0.0711,mobile_ios,paypal
ACC_002308,RING_00142,2026-07-02T05:50:33.855459+00:00,29,19,1626.21,85.59,1,0,0.0526,0.0,3,0.028,desktop_safari,credit_card
ACC_002309,RING_00142,2026-12-10T21:15:44.279595+00:00,1,21,2295.09,109.29,1,0,0.0476,0.0,2,0.063,desktop_safari,paypal
ACC_002310,RING_00142,2026-05-26T05:44:08.644070+00:00,66,17,1892.44,111.32,0,0,0.0,0.0,3,0.0643,desktop_safari,credit_card
ACC_002311,RING_00142,2027-02-15T01:23:13.823909+00:00,1,8,1034.0,129.25,0,0,0.0,0.0,2,0.0405,desktop_safari,credit_card
ACC_002312,RING_00142,2026-09-17T22:19:34.691595+00:00,1,11,1947.66,177.06,0,0,0.0,0.0,2,0.0273,mobile_ios,paypal
ACC_002313,RING_00142,2026-07-01T06:23:51.280393+00:00,30,37,6062.82,163.86,1,0,0.027,0.0,1,0.0486,desktop_chrome,credit_card
ACC_002314,RING_00142,2026-10-02T03:39:05.951206+00:00,1,37,5255.48,142.04,0,0,0.0,0.0,1,0.0351,desktop_safari,credit_card
ACC_002315,RING_00142,2026-10-13T12:31:05.978724+00:00,1,30,1322.4,44.08,0,0,0.0,0.0,1,0.0688,mobile_ios,credit_card
ACC_002316,RING_00142,2026-06-14T07:52:01.741166+00:00,47,36,2645.64,73.49,0,0,0.0,0.0,3,0.0639,mobile_ios,paypal
ACC_002317,RING_00142,2027-01-05T06:46:55.142845+00:00,1,29,3055.44,105.36,1,0,0.0345,0.0,1,0.0366,desktop_safari,paypal
ACC_002318,RING_00142,2026-08-09T06:16:43.936840+00:00,1,32,5118.08,159.94,2,1,0.0625,0.0312,1,0.0397,desktop_chrome,paypal
ACC_002319,RING_00142,2027-02-08T12:44:06.321471+00:00,1,32,4930.24,154.07,1,0,0.0312,0.0,1,0.0751,desktop_safari,credit_card
ACC_002320,RING_00142,2027-02-09T07:25:20.088973+00:00,1,22,1119.8,50.9,0,0,0.0,0.0,3,0.026,desktop_safari,paypal
ACC_002321,RING_00142,2026-09-28T16:11:41.848677+00:00,1,11,959.75,87.25,0,0,0.0,0.0,1,0.0188,desktop_chrome,credit_card
ACC_002322,RING_00142,2026-12-26T17:53:14.645782+00:00,1,13,1580.93,121.61,0,0,0.0,0.0,2,0.0339,desktop_safari,paypal
ACC_002323,RING_00142,2026-12-05T17:19:29.789888+00:00,1,37,2363.19,63.87,0,0,0.0,0.0,3,0.0239,desktop_chrome,paypal
ACC_002324,RING_00143,2026-10-31T04:42:51.840616+00:00,1,10,472.5,47.25,0,0,0.0,0.0,3,0.0654,mobile_ios,paypal
ACC_002325,RING_00143,2026-10-24T00:20:16.350154+00:00,1,10,443.4,44.34,0,0,0.0,0.0,3,0.0556,desktop_chrome,credit_card
ACC_002326,RING_00143,2026-12-10T11:58:57.368548+00:00,1,27,4270.86,158.18,1,0,0.037,0.0,3,0.0544,mobile_ios,paypal
ACC_002327,RING_00143,2026-09-04T19:53:22.201665+00:00,1,37,2312.87,62.51,0,0,0.0,0.0,3,0.0536,desktop_safari,paypal
ACC_002328,RING_00143,2026-07-31T10:59:51.307593+00:00,1,8,1346.8,168.35,0,0,0.0,0.0,1,0.0274,desktop_safari,paypal
ACC_002329,RING_00143,2026-11-20T21:27:06.950386+00:00,1,29,4797.47,165.43,1,0,0.0345,0.0,1,0.0252,desktop_chrome,paypal
ACC_002330,RING_00143,2026-04-03T05:57:20.543740+00:00,119,33,1343.76,40.72,2,1,0.0606,0.0303,3,0.0457,mobile_ios,credit_card
ACC_002331,RING_00143,2026-04-30T09:40:23.357454+00:00,92,11,1001.66,91.06,0,0,0.0,0.0,2,0.0836,mobile_ios,paypal
ACC_002332,RING_00143,2026-08-25T21:27:00.314974+00:00,1,13,1698.58,130.66,0,0,0.0,0.0,1,0.0725,desktop_chrome,credit_card
ACC_002333,RING_00143,2026-06-01T06:59:30.147937+00:00,60,17,1348.61,79.33,1,0,0.0588,0.0,1,0.0748,mobile_ios,paypal
ACC_002334,RING_00143,2026-10-09T09:46:06.660592+00:00,1,38,2701.04,71.08,0,0,0.0,0.0,2,0.0298,desktop_safari,paypal
ACC_002335,RING_00143,2026-11-28T15:21:32.898688+00:00,1,20,3561.0,178.05,0,0,0.0,0.0,2,0.0789,mobile_ios,credit_card
ACC_002336,RING_00143,2026-12-09T15:21:23.508348+00:00,1,12,1919.88,159.99,0,0,0.0,0.0,3,0.0259,mobile_ios,credit_card
ACC_002337,RING_00143,2026-11-20T22:57:19.393469+00:00,1,28,2684.92,95.89,2,1,0.0714,0.0357,3,0.0888,desktop_chrome,credit_card
ACC_002338,RING_00143,2026-07-21T15:03:42.457766+00:00,10,26,1306.24,50.24,0,0,0.0,0.0,3,0.0841,desktop_safari,paypal
ACC_002339,RING_00143,2026-04-18T19:36:44.623465+00:00,104,21,3349.92,159.52,0,0,0.0,0.0,3,0.033,mobile_ios,credit_card
ACC_002340,RING_00143,2026-11-19T10:00:13.448424+00:00,1,32,1387.2,43.35,0,0,0.0,0.0,2,0.0165,desktop_chrome,paypal
ACC_002341,RING_00143,2026-05-13T02:50:59.244287+00:00,79,18,1033.02,57.39,1,0,0.0556,0.0,1,0.0234,desktop_safari,credit_card
ACC_002342,RING_00143,2026-06-12T07:26:53.092358+00:00,49,30,2324.4,77.48,0,0,0.0,0.0,3,0.0741,desktop_chrome,paypal
ACC_002343,RING_00143,2026-11-03T03:55:24.986774+00:00,1,19,1095.92,57.68,0,0,0.0,0.0,2,0.0573,mobile_ios,credit_card
ACC_002344,RING_00143,2026-11-15T01:11:48.046577+00:00,1,20,1428.2,71.41,1,0,0.05,0.0,3,0.0426,mobile_ios,credit_card
ACC_002345,RING_00143,2026-06-17T19:55:24.791113+00:00,44,23,2173.5,94.5,0,0,0.0,0.0,3,0.0607,desktop_safari,credit_card
ACC_002346,RING_00143,2026-11-11T01:52:52.651317+00:00,1,8,1172.88,146.61,0,0,0.0,0.0,2,0.0618,desktop_safari,credit_card
ACC_002347,RING_00143,2026-10-03T01:09:41.276633+00:00,1,34,5443.74,160.11,0,0,0.0,0.0,3,0.0329,mobile_ios,credit_card
ACC_002348,RING_00143,2026-07-14T16:59:38.900561+00:00,17,21,1788.78,85.18,0,0,0.0,0.0,2,0.035,desktop_chrome,credit_card
ACC_002349,RING_00143,2026-05-15T18:26:00.541225+00:00,77,29,3531.33,121.77,1,0,0.0345,0.0,2,0.0771,desktop_safari,credit_card
ACC_002350,RING_00143,2026-06-30T23:49:19.499972+00:00,31,24,1969.68,82.07,0,0,0.0,0.0,1,0.0893,mobile_ios,paypal
ACC_002351,RING_00143,2026-04-12T17:37:01.366561+00:00,110,32,2611.52,81.61,0,0,0.0,0.0,3,0.024,mobile_ios,credit_card
ACC_002352,RING_00143,2026-04-10T07:27:30.333745+00:00,112,32,5296.96,165.53,2,1,0.0625,0.0312,2,0.0853,desktop_safari,paypal
ACC_002353,RING_00143,2026-11-20T18:04:22.428023+00:00,1,37,5837.86,157.78,2,1,0.0541,0.027,2,0.0872,desktop_chrome,paypal
ACC_002354,RING_00143,2026-12-18T04:36:44.181656+00:00,1,19,2914.6,153.4,1,0,0.0526,0.0,2,0.0441,mobile_ios,paypal
ACC_002355,RING_00143,2026-08-12T04:56:03.627292+00:00,1,25,3976.0,159.04,1,0,0.04,0.0,3,0.0707,mobile_ios,paypal
ACC_002356,RING_00144,2026-04-03T20:56:38.084229+00:00,119,13,2052.57,157.89,4,5,0.3077,0.3846,4,0.8419,mobile_android,credit_card
ACC_002357,RING_00144,2026-05-14T03:22:50.160825+00:00,78,18,2839.32,157.74,5,5,0.2778,0.2778,2,0.6734,mobile_android,credit_card
ACC_002358,RING_00144,2026-06-03T11:15:54.849871+00:00,58,17,2214.93,130.29,9,4,0.5294,0.2353,2,0.7115,mobile_android,credit_card
ACC_002359,RING_00144,2026-02-19T06:27:01.410056+00:00,162,16,2556.48,159.78,8,4,0.5,0.25,2,0.6808,mobile_android,credit_card
ACC_002360,RING_00144,2026-02-19T07:50:42.585852+00:00,162,17,1957.72,115.16,6,4,0.3529,0.2353,5,0.6615,mobile_android,credit_card
ACC_002361,RING_00144,2026-01-26T20:22:54.134600+00:00,186,21,1909.32,90.92,5,6,0.2381,0.2857,4,0.6764,mobile_android,credit_card
ACC_002362,RING_00144,2026-02-16T07:02:21.716126+00:00,165,12,1089.36,90.78,4,3,0.3333,0.25,3,0.6575,mobile_android,credit_card
ACC_002363,RING_00144,2026-03-03T05:32:54.067201+00:00,150,14,2029.72,144.98,9,7,0.6429,0.5,2,0.7968,mobile_android,credit_card
ACC_002364,RING_00144,2026-02-01T01:16:48.942155+00:00,180,10,1243.3,124.33,4,3,0.4,0.3,3,0.7376,mobile_android,credit_card
ACC_002365,RING_00144,2026-03-24T00:35:05.730684+00:00,129,14,1895.46,135.39,9,6,0.6429,0.4286,2,0.7119,mobile_android,credit_card
ACC_002366,RING_00144,2026-05-20T12:43:06.223659+00:00,72,14,2081.24,148.66,8,5,0.5714,0.3571,5,0.6789,mobile_android,credit_card
ACC_002367,RING_00144,2026-06-10T18:04:33.282677+00:00,51,16,1867.04,116.69,4,6,0.25,0.375,4,0.7197,mobile_android,credit_card
ACC_002368,RING_00144,2026-03-22T05:55:34.519972+00:00,131,15,1757.7,117.18,8,6,0.5333,0.4,2,0.8307,mobile_android,credit_card
ACC_002369,RING_00144,2026-02-03T02:07:24.813110+00:00,178,21,1956.99,93.19,4,3,0.1905,0.1429,5,0.6931,mobile_android,credit_card
ACC_002370,RING_00144,2026-06-04T16:29:18.416416+00:00,57,17,1824.44,107.32,7,7,0.4118,0.4118,4,0.6546,mobile_android,credit_card
ACC_002371,RING_00144,2026-03-30T09:54:48.721525+00:00,123,23,3191.25,138.75,5,5,0.2174,0.2174,5,0.6679,mobile_android,credit_card
ACC_002372,RING_00145,2026-05-21T03:47:56.357938+00:00,71,29,1341.83,46.27,0,0,0.0,0.0,1,0.0537,desktop_chrome,apple_pay
ACC_002373,RING_00145,2026-05-01T04:11:55.702355+00:00,91,24,1803.36,75.14,1,0,0.0417,0.0,0,0.0732,mobile_ios,credit_card
ACC_002374,RING_00145,2026-12-10T04:07:04.936622+00:00,1,14,1088.92,77.78,0,0,0.0,0.0,1,0.0275,desktop_chrome,debit_card
ACC_002375,RING_00145,2026-03-22T10:52:34.669641+00:00,131,10,836.3,83.63,0,0,0.0,0.0,0,0.0717,mobile_ios,debit_card
ACC_002376,RING_00145,2026-11-02T08:49:11.690449+00:00,1,10,877.2,87.72,0,0,0.0,0.0,1,0.0209,mobile_ios,debit_card
ACC_002377,RING_00145,2026-07-18T04:03:18.127951+00:00,13,12,769.8,64.15,1,0,0.0833,0.0,0,0.0369,mobile_ios,apple_pay
ACC_002378,RING_00145,2026-12-13T00:40:59.015166+00:00,1,17,968.32,56.96,1,0,0.0588,0.0,1,0.0184,mobile_ios,debit_card
ACC_002379,RING_00145,2026-09-14T12:24:15.886326+00:00,1,19,1165.46,61.34,1,0,0.0526,0.0,1,0.0411,desktop_safari,debit_card
ACC_002380,RING_00145,2027-01-01T01:20:40.323196+00:00,1,22,1909.16,86.78,1,0,0.0455,0.0,1,0.0117,desktop_safari,debit_card
ACC_002381,RING_00145,2026-11-22T16:02:44.532451+00:00,1,12,881.28,73.44,1,0,0.0833,0.0,0,0.0577,mobile_ios,credit_card
ACC_002382,RING_00145,2026-07-13T23:47:23.378769+00:00,18,8,575.76,71.97,0,0,0.0,0.0,1,0.0142,mobile_ios,debit_card
ACC_002383,RING_00145,2026-12-22T04:36:18.999585+00:00,1,7,407.61,58.23,0,0,0.0,0.0,1,0.0224,mobile_ios,debit_card
ACC_002384,RING_00145,2026-12-09T22:15:04.572669+00:00,1,6,276.3,46.05,0,0,0.0,0.0,0,0.011,desktop_chrome,debit_card
ACC_002385,RING_00145,2026-04-24T03:33:18.942862+00:00,98,19,1010.61,53.19,1,0,0.0526,0.0,1,0.056,desktop_chrome,debit_card
ACC_002386,RING_00145,2026-07-23T03:23:25.836801+00:00,8,18,1639.26,91.07,1,0,0.0556,0.0,0,0.0493,desktop_chrome,debit_card
ACC_002387,RING_00145,2026-10-11T07:11:20.363967+00:00,1,12,486.6,40.55,1,0,0.0833,0.0,0,0.0692,desktop_safari,debit_card
ACC_002388,RING_00145,2026-11-05T14:53:06.436324+00:00,1,19,843.22,44.38,0,0,0.0,0.0,0,0.0392,desktop_chrome,debit_card
ACC_002389,RING_00145,2026-07-08T10:19:31.165978+00:00,23,9,352.35,39.15,0,0,0.0,0.0,0,0.0638,mobile_ios,apple_pay
ACC_002390,RING_00145,2027-01-30T17:00:49.442658+00:00,1,5,299.85,59.97,0,0,0.0,0.0,1,0.0278,desktop_chrome,debit_card
ACC_002391,RING_00145,2026-12-18T21:18:00.865382+00:00,1,19,563.16,29.64,1,0,0.0526,0.0,0,0.0386,desktop_safari,apple_pay
ACC_002392,RING_00145,2026-07-17T11:33:20.953962+00:00,14,22,1567.72,71.26,0,0,0.0,0.0,0,0.0526,desktop_safari,debit_card
ACC_002393,RING_00145,2026-08-20T00:11:38.745498+00:00,1,29,1052.7,36.3,2,1,0.069,0.0345,0,0.0246,mobile_ios,debit_card
ACC_002394,RING_00145,2026-05-02T09:03:08.292979+00:00,90,21,1886.01,89.81,2,1,0.0952,0.0476,1,0.039,desktop_chrome,debit_card
ACC_002395,RING_00145,2026-09-03T15:10:21.634118+00:00,1,19,962.16,50.64,1,0,0.0526,0.0,1,0.0276,mobile_ios,credit_card
ACC_002396,RING_00145,2026-04-12T08:32:13.954331+00:00,110,10,786.3,78.63,1,0,0.1,0.0,0,0.0532,desktop_chrome,credit_card
ACC_002397,RING_00145,2026-05-24T08:25:42.780547+00:00,68,27,2489.4,92.2,1,0,0.037,0.0,0,0.0465,mobile_ios,apple_pay
ACC_002398,RING_00145,2026-03-08T22:01:01.480824+00:00,145,11,889.79,80.89,0,0,0.0,0.0,0,0.0384,desktop_chrome,apple_pay
ACC_002399,RING_00145,2026-12-17T14:20:16.100918+00:00,1,7,247.38,35.34,0,0,0.0,0.0,0,0.0568,desktop_chrome,debit_card
ACC_002400,RING_00145,2026-04-21T10:22:43.899416+00:00,101,29,2071.47,71.43,3,2,0.1034,0.069,1,0.049,desktop_safari,debit_card
ACC_002401,RING_00145,2026-09-09T23:43:36.877874+00:00,1,13,1078.87,82.99,0,0,0.0,0.0,0,0.0292,desktop_chrome,credit_card
ACC_002402,RING_00145,2026-03-05T18:11:27.967961+00:00,148,13,457.99,35.23,0,0,0.0,0.0,1,0.0237,desktop_chrome,credit_card
ACC_002403,RING_00145,2026-09-14T21:44:59.850624+00:00,1,29,2685.69,92.61,2,1,0.069,0.0345,0,0.0147,mobile_ios,debit_card
ACC_002404,RING_00145,2026-10-04T07:39:32.738843+00:00,1,13,468.13,36.01,0,0,0.0,0.0,1,0.0597,mobile_ios,credit_card
ACC_002405,RING_00145,2026-11-26T14:54:14.262361+00:00,1,13,1200.42,92.34,0,0,0.0,0.0,0,0.0658,mobile_ios,credit_card
ACC_002406,RING_00145,2026-05-16T19:25:26.702378+00:00,76,23,1526.74,66.38,1,0,0.0435,0.0,1,0.0335,desktop_chrome,credit_card
ACC_002407,RING_00145,2026-06-26T04:13:58.899982+00:00,35,16,876.64,54.79,0,0,0.0,0.0,1,0.0131,mobile_ios,apple_pay
ACC_002408,RING_00145,2026-02-12T12:13:36.773633+00:00,169,19,1162.42,61.18,1,0,0.0526,0.0,1,0.0176,desktop_safari,debit_card
ACC_002409,RING_00145,2026-02-12T12:53:57.053605+00:00,169,12,664.68,55.39,0,0,0.0,0.0,0,0.0381,mobile_ios,apple_pay
ACC_002410,RING_00145,2026-07-04T13:40:09.825594+00:00,27,5,469.25,93.85,0,0,0.0,0.0,1,0.0607,desktop_safari,apple_pay
ACC_002411,RING_00145,2027-02-04T17:12:08.863865+00:00,1,24,2056.32,85.68,0,0,0.0,0.0,0,0.0672,desktop_safari,apple_pay
ACC_002412,RING_00145,2026-07-18T20:22:41.663311+00:00,13,8,542.4,67.8,0,0,0.0,0.0,1,0.06,desktop_chrome,debit_card
ACC_002413,RING_00146,2027-04-06T07:06:53.407973+00:00,1,25,1473.5,58.94,2,1,0.08,0.04,2,0.0219,mobile_ios,credit_card
ACC_002414,RING_00146,2027-02-09T07:20:02.408203+00:00,1,32,5078.4,158.7,1,0,0.0312,0.0,1,0.0545,mobile_android,debit_card
ACC_002415,RING_00146,2026-06-25T15:35:43.986127+00:00,36,23,3174.92,138.04,1,0,0.0435,0.0,2,0.0352,desktop_chrome,debit_card
ACC_002416,RING_00146,2026-09-06T04:55:34.972704+00:00,1,35,4143.65,118.39,3,2,0.0857,0.0571,3,0.034,mobile_android,credit_card
ACC_002417,RING_00146,2026-11-01T04:41:56.473219+00:00,1,20,1452.8,72.64,1,0,0.05,0.0,1,0.0164,desktop_chrome,credit_card
ACC_002418,RING_00146,2026-04-27T08:52:02.967430+00:00,95,11,1185.47,107.77,0,0,0.0,0.0,3,0.0347,mobile_ios,credit_card
ACC_002419,RING_00146,2026-11-24T22:34:19.207964+00:00,1,24,2991.12,124.63,2,1,0.0833,0.0417,2,0.044,desktop_chrome,credit_card
ACC_002420,RING_00146,2026-10-22T09:09:37.454551+00:00,1,28,4107.32,146.69,2,1,0.0714,0.0357,3,0.0187,mobile_ios,credit_card
ACC_002421,RING_00146,2027-01-18T20:00:22.627840+00:00,1,38,2696.86,70.97,1,0,0.0263,0.0,1,0.0551,desktop_chrome,credit_card
ACC_002422,RING_00146,2026-05-08T22:10:25.707945+00:00,84,37,2975.91,80.43,1,0,0.027,0.0,2,0.0564,desktop_chrome,credit_card
ACC_002423,RING_00146,2026-05-05T16:04:32.312564+00:00,87,19,2607.94,137.26,1,0,0.0526,0.0,2,0.0299,mobile_android,debit_card
ACC_002424,RING_00146,2026-06-11T21:07:39.190172+00:00,50,34,5216.96,153.44,1,0,0.0294,0.0,2,0.0406,mobile_ios,debit_card
ACC_002425,RING_00146,2026-08-29T04:31:38.256732+00:00,1,27,2320.92,85.96,1,0,0.037,0.0,2,0.0402,mobile_android,debit_card
ACC_002426,RING_00146,2026-06-16T11:58:09.292385+00:00,45,35,4328.8,123.68,1,0,0.0286,0.0,2,0.0687,mobile_ios,debit_card
ACC_002427,RING_00146,2026-06-23T20:29:20.731376+00:00,38,17,998.58,58.74,1,0,0.0588,0.0,1,0.0246,mobile_android,credit_card
ACC_002428,RING_00146,2026-12-27T01:41:37.456363+00:00,1,10,1259.4,125.94,0,0,0.0,0.0,2,0.0435,mobile_android,debit_card
ACC_002429,RING_00146,2026-06-05T10:23:12.253967+00:00,56,22,2616.02,118.91,1,0,0.0455,0.0,2,0.0234,mobile_android,debit_card
ACC_002430,RING_00146,2026-04-07T22:15:25.944910+00:00,115,26,2166.06,83.31,1,0,0.0385,0.0,1,0.0214,mobile_android,debit_card
ACC_002431,RING_00146,2026-07-10T03:14:16.588490+00:00,21,25,2273.25,90.93,2,1,0.08,0.04,3,0.0648,mobile_android,credit_card
ACC_002432,RING_00146,2026-10-12T18:31:50.021867+00:00,1,32,3910.08,122.19,1,0,0.0312,0.0,3,0.0305,mobile_ios,debit_card
ACC_002433,RING_00146,2026-04-16T19:15:57.171763+00:00,106,33,4603.5,139.5,2,1,0.0606,0.0303,1,0.0151,mobile_ios,debit_card
ACC_002434,RING_00147,2026-04-29T00:05:07.565915+00:00,93,1,51.95,51.95,0,0,0.0,0.0,0,0.8914,desktop_chrome,virtual_card
ACC_002435,RING_00147,2026-04-29T00:22:12.281803+00:00,93,1,49.72,49.72,0,0,0.0,0.0,0,0.8196,desktop_chrome,virtual_card
ACC_002436,RING_00147,2026-04-29T00:00:29.978863+00:00,93,1,51.09,51.09,0,0,0.0,0.0,0,0.8037,desktop_chrome,virtual_card
ACC_002437,RING_00147,2026-04-29T00:22:00.183764+00:00,93,1,50.64,50.64,0,0,0.0,0.0,0,0.7904,desktop_chrome,virtual_card
ACC_002438,RING_00147,2026-04-29T00:01:02.137063+00:00,93,1,50.99,50.99,0,0,0.0,0.0,0,0.8082,desktop_chrome,virtual_card
ACC_002439,RING_00147,2026-04-29T00:20:40.252246+00:00,93,1,49.17,49.17,0,0,0.0,0.0,0,0.9145,desktop_chrome,virtual_card
ACC_002440,RING_00147,2026-04-29T00:10:38.620855+00:00,93,1,51.53,51.53,0,0,0.0,0.0,0,0.8016,desktop_chrome,virtual_card
ACC_002441,RING_00147,2026-04-29T00:01:55.808332+00:00,93,1,49.39,49.39,0,0,0.0,0.0,0,0.875,desktop_chrome,virtual_card
ACC_002442,RING_00147,2026-04-29T00:19:58.507811+00:00,93,1,49.66,49.66,0,0,0.0,0.0,0,0.8529,desktop_chrome,virtual_card
ACC_002443,RING_00147,2026-04-29T00:06:24.659563+00:00,93,1,51.34,51.34,0,0,0.0,0.0,0,0.7963,desktop_chrome,virtual_card
ACC_002444,RING_00147,2026-04-29T00:21:57.042079+00:00,93,1,49.85,49.85,0,0,0.0,0.0,0,0.7605,desktop_chrome,virtual_card
ACC_002445,RING_00147,2026-04-29T00:18:48.386481+00:00,93,1,49.96,49.96,0,0,0.0,0.0,0,0.8516,desktop_chrome,virtual_card
ACC_002446,RING_00148,2026-06-09T00:18:03.623600+00:00,52,1,50.95,50.95,0,0,0.0,0.0,0,0.9174,desktop_chrome,virtual_card
ACC_002447,RING_00148,2026-06-09T00:05:05.851331+00:00,52,1,50.73,50.73,0,0,0.0,0.0,0,0.7982,desktop_chrome,virtual_card
ACC_002448,RING_00148,2026-06-09T00:13:15.925009+00:00,52,1,51.62,51.62,0,0,0.0,0.0,0,0.7614,desktop_chrome,virtual_card
ACC_002449,RING_00148,2026-06-09T00:09:47.161326+00:00,52,1,49.31,49.31,0,0,0.0,0.0,0,0.9111,desktop_chrome,virtual_card
ACC_002450,RING_00148,2026-06-09T00:09:33.529736+00:00,52,1,50.95,50.95,0,0,0.0,0.0,0,0.9079,desktop_chrome,virtual_card
ACC_002451,RING_00148,2026-06-09T00:13:59.982300+00:00,52,1,49.4,49.4,0,0,0.0,0.0,0,0.8806,desktop_chrome,virtual_card
ACC_002452,RING_00148,2026-06-09T00:02:42.225988+00:00,52,1,49.7,49.7,0,0,0.0,0.0,0,0.8084,desktop_chrome,virtual_card
ACC_002453,RING_00148,2026-06-09T00:05:22.970439+00:00,52,1,51.7,51.7,0,0,0.0,0.0,0,0.8199,desktop_chrome,virtual_card
ACC_002454,RING_00148,2026-06-09T00:03:44.520457+00:00,52,1,51.01,51.01,0,0,0.0,0.0,0,0.9008,desktop_chrome,virtual_card
ACC_002455,RING_00148,2026-06-09T00:04:20.968792+00:00,52,1,51.61,51.61,0,0,0.0,0.0,0,0.7515,desktop_chrome,virtual_card
ACC_002456,RING_00148,2026-06-09T00:16:22.826172+00:00,52,1,49.47,49.47,0,0,0.0,0.0,0,0.9062,desktop_chrome,virtual_card
ACC_002457,RING_00148,2026-06-09T00:24:54.247332+00:00,52,1,50.69,50.69,0,0,0.0,0.0,0,0.8316,desktop_chrome,virtual_card
ACC_002458,RING_00149,2026-04-04T00:56:51.727794+00:00,118,8,1226.08,153.26,3,3,0.375,0.375,4,0.7989,emulator_bot,virtual_card
ACC_002459,RING_00149,2026-04-04T01:34:22.204672+00:00,118,12,1089.36,90.78,4,4,0.3333,0.3333,6,0.7449,emulator_bot,virtual_card
ACC_002460,RING_00149,2026-04-04T00:26:24.010032+00:00,118,19,2685.08,141.32,4,2,0.2105,0.1053,3,0.8892,emulator_bot,virtual_card
ACC_002461,RING_00149,2026-04-04T00:28:26.918058+00:00,118,13,1388.53,106.81,2,4,0.1538,0.3077,6,0.8905,emulator_bot,virtual_card
ACC_002462,RING_00149,2026-04-04T01:07:13.838307+00:00,118,20,2941.4,147.07,3,3,0.15,0.15,4,0.819,emulator_bot,virtual_card
ACC_002463,RING_00149,2026-04-04T01:45:07.386020+00:00,118,15,2398.35,159.89,2,3,0.1333,0.2,6,0.8784,emulator_bot,virtual_card
ACC_002464,RING_00149,2026-04-04T00:34:37.775536+00:00,118,16,1689.6,105.6,5,2,0.3125,0.125,2,0.8147,emulator_bot,virtual_card
ACC_002465,RING_00149,2026-04-04T00:39:27.359883+00:00,118,17,1840.42,108.26,4,2,0.2353,0.1176,6,0.8532,emulator_bot,virtual_card
ACC_002466,RING_00149,2026-04-04T01:06:04.523805+00:00,118,9,840.33,93.37,4,2,0.4444,0.2222,5,0.7993,emulator_bot,virtual_card
ACC_002467,RING_00149,2026-04-04T00:04:48.040117+00:00,118,23,3350.64,145.68,2,4,0.087,0.1739,5,0.9499,emulator_bot,virtual_card
ACC_002468,RING_00149,2026-04-04T00:45:27.087467+00:00,118,20,3197.2,159.86,5,3,0.25,0.15,2,0.7779,emulator_bot,virtual_card
ACC_002469,RING_00149,2026-04-04T01:06:45.236805+00:00,118,13,1312.48,100.96,2,4,0.1538,0.3077,2,0.8249,emulator_bot,virtual_card
ACC_002470,RING_00149,2026-04-04T00:00:34.752976+00:00,118,14,2355.92,168.28,2,3,0.1429,0.2143,5,0.7481,emulator_bot,virtual_card
ACC_002471,RING_00149,2026-04-04T01:16:33.625324+00:00,118,8,1500.88,187.61,4,4,0.5,0.5,5,0.8191,emulator_bot,virtual_card
ACC_002472,RING_00149,2026-04-04T00:06:06.919043+00:00,118,20,2970.4,148.52,5,2,0.25,0.1,4,0.8488,emulator_bot,virtual_card
ACC_002473,RING_00149,2026-04-04T01:26:23.704222+00:00,118,23,3504.28,152.36,4,2,0.1739,0.087,2,0.901,emulator_bot,virtual_card
ACC_002474,RING_00149,2026-04-04T01:36:12.084919+00:00,118,23,3486.34,151.58,4,3,0.1739,0.1304,6,0.7435,emulator_bot,virtual_card
ACC_002475,RING_00149,2026-04-04T01:40:39.322256+00:00,118,11,1773.2,161.2,5,2,0.4545,0.1818,5,0.8144,emulator_bot,virtual_card
ACC_002476,RING_00149,2026-04-04T01:20:48.394369+00:00,118,12,1469.4,122.45,4,2,0.3333,0.1667,3,0.8717,emulator_bot,virtual_card
ACC_002477,RING_00149,2026-04-04T01:07:23.308353+00:00,118,8,1062.8,132.85,5,4,0.625,0.5,3,0.7786,emulator_bot,virtual_card
ACC_002478,RING_00149,2026-04-04T00:36:54.442758+00:00,118,21,3355.17,159.77,2,2,0.0952,0.0952,2,0.7959,emulator_bot,virtual_card
ACC_002479,RING_00149,2026-04-04T00:50:57.218774+00:00,118,22,2760.78,125.49,2,3,0.0909,0.1364,6,0.8653,emulator_bot,virtual_card
ACC_002480,RING_00149,2026-04-04T00:10:26.803611+00:00,118,10,1788.6,178.86,4,4,0.4,0.4,6,0.9378,emulator_bot,virtual_card
ACC_002481,RING_00149,2026-04-04T01:24:51.131213+00:00,118,11,1997.82,181.62,4,3,0.3636,0.2727,3,0.8342,emulator_bot,virtual_card
ACC_002482,RING_00149,2026-04-04T00:02:57.727450+00:00,118,13,1227.07,94.39,5,3,0.3846,0.2308,4,0.8848,emulator_bot,virtual_card
ACC_002483,RING_00150,2027-01-08T14:16:36.542400+00:00,1,21,2857.68,136.08,2,1,0.0952,0.0476,2,0.0565,mobile_ios,credit_card
ACC_002484,RING_00150,2027-06-25T13:28:56.005053+00:00,1,44,5000.16,113.64,4,3,0.0909,0.0682,1,0.0123,mobile_android,credit_card
ACC_002485,RING_00151,2026-06-14T01:23:59.759878+00:00,47,15,2347.2,156.48,5,3,0.3333,0.2,2,0.7748,emulator_bot,virtual_card
ACC_002486,RING_00151,2026-06-14T00:17:44.125314+00:00,47,24,4512.72,188.03,4,3,0.1667,0.125,6,0.807,emulator_bot,virtual_card
ACC_002487,RING_00151,2026-06-14T01:41:42.685801+00:00,47,16,2540.32,158.77,3,4,0.1875,0.25,4,0.8951,emulator_bot,virtual_card
ACC_002488,RING_00151,2026-06-14T00:57:22.081798+00:00,47,11,1078.0,98.0,5,3,0.4545,0.2727,6,0.7974,emulator_bot,virtual_card
ACC_002489,RING_00151,2026-06-14T01:07:03.186621+00:00,47,12,1520.64,126.72,4,3,0.3333,0.25,4,0.8505,emulator_bot,virtual_card
ACC_002490,RING_00151,2026-06-14T01:17:49.086095+00:00,47,24,3213.36,133.89,2,3,0.0833,0.125,4,0.7914,emulator_bot,virtual_card
ACC_002491,RING_00151,2026-06-14T01:04:47.267421+00:00,47,15,2351.25,156.75,4,3,0.2667,0.2,5,0.7863,emulator_bot,virtual_card
ACC_002492,RING_00151,2026-06-14T01:07:34.947280+00:00,47,13,2441.79,187.83,5,4,0.3846,0.3077,2,0.9105,emulator_bot,virtual_card
ACC_002493,RING_00151,2026-06-14T01:29:20.567968+00:00,47,17,2517.19,148.07,3,2,0.1765,0.1176,6,0.8711,emulator_bot,virtual_card
ACC_002494,RING_00151,2026-06-14T01:36:46.593870+00:00,47,14,1204.0,86.0,5,3,0.3571,0.2143,5,0.9386,emulator_bot,virtual_card
ACC_002495,RING_00151,2026-06-14T00:36:44.395657+00:00,47,13,2187.77,168.29,3,2,0.2308,0.1538,5,0.7506,emulator_bot,virtual_card
ACC_002496,RING_00151,2026-06-14T01:50:38.754924+00:00,47,11,968.22,88.02,3,4,0.2727,0.3636,2,0.7937,emulator_bot,virtual_card
ACC_002497,RING_00151,2026-06-14T00:42:28.056089+00:00,47,21,3244.08,154.48,4,4,0.1905,0.1905,4,0.8337,emulator_bot,virtual_card
ACC_002498,RING_00151,2026-06-14T00:32:40.744365+00:00,47,13,1471.21,113.17,3,4,0.2308,0.3077,2,0.9011,emulator_bot,virtual_card
ACC_002499,RING_00151,2026-06-14T00:37:22.299039+00:00,47,20,2298.6,114.93,3,2,0.15,0.1,6,0.8295,emulator_bot,virtual_card
ACC_002500,RING_00151,2026-06-14T00:43:01.309133+00:00,47,16,1753.12,109.57,3,3,0.1875,0.1875,3,0.8598,emulator_bot,virtual_card
ACC_002501,RING_00151,2026-06-14T00:38:01.900362+00:00,47,18,2862.36,159.02,4,2,0.2222,0.1111,6,0.8406,emulator_bot,virtual_card
ACC_002502,RING_00151,2026-06-14T01:41:15.001274+00:00,47,21,2523.15,120.15,3,3,0.1429,0.1429,6,0.7925,emulator_bot,virtual_card
ACC_002503,RING_00151,2026-06-14T01:07:20.299300+00:00,47,24,3864.24,161.01,2,2,0.0833,0.0833,2,0.9451,emulator_bot,virtual_card
ACC_002504,RING_00151,2026-06-14T01:56:07.046750+00:00,47,16,2836.64,177.29,5,2,0.3125,0.125,5,0.9039,emulator_bot,virtual_card
ACC_002505,RING_00151,2026-06-14T00:10:04.480143+00:00,47,16,2607.36,162.96,4,2,0.25,0.125,5,0.8141,emulator_bot,virtual_card
ACC_002506,RING_00151,2026-06-14T01:13:40.657253+00:00,47,14,2588.04,184.86,5,4,0.3571,0.2857,5,0.7792,emulator_bot,virtual_card
ACC_002507,RING_00151,2026-06-14T00:11:31.374941+00:00,47,23,3896.89,169.43,2,3,0.087,0.1304,5,0.889,emulator_bot,virtual_card
ACC_002508,RING_00152,2027-02-05T03:35:09.411487+00:00,1,14,586.88,41.92,0,0,0.0,0.0,2,0.0618,mobile_android,credit_card
ACC_002509,RING_00153,2026-05-28T12:16:55.833699+00:00,64,7,307.3,43.9,0,0,0.0,0.0,1,0.0414,desktop_safari,debit_card
ACC_002510,RING_00153,2027-01-05T14:30:08.817042+00:00,1,12,697.32,58.11,0,0,0.0,0.0,1,0.0483,desktop_chrome,credit_card
ACC_002511,RING_00153,2026-07-19T17:05:59.559506+00:00,12,28,1858.08,66.36,1,0,0.0357,0.0,0,0.0364,desktop_chrome,apple_pay
ACC_002512,RING_00153,2026-09-13T16:48:47.942387+00:00,1,9,408.78,45.42,0,0,0.0,0.0,1,0.0474,desktop_chrome,credit_card
ACC_002513,RING_00153,2026-03-16T14:26:24.650449+00:00,137,22,934.56,42.48,1,0,0.0455,0.0,1,0.0154,mobile_ios,apple_pay
ACC_002514,RING_00153,2026-05-14T07:19:18.867164+00:00,78,28,2557.52,91.34,2,1,0.0714,0.0357,0,0.0116,desktop_chrome,apple_pay
ACC_002515,RING_00153,2026-09-09T10:22:05.033291+00:00,1,18,518.94,28.83,2,1,0.1111,0.0556,0,0.0132,mobile_ios,apple_pay
ACC_002516,RING_00153,2026-06-13T18:01:17.591058+00:00,48,14,677.88,48.42,0,0,0.0,0.0,1,0.0536,desktop_chrome,apple_pay
ACC_002517,RING_00153,2026-12-11T08:23:09.839321+00:00,1,27,2505.6,92.8,3,2,0.1111,0.0741,1,0.0539,desktop_chrome,credit_card
ACC_002518,RING_00153,2026-07-11T14:22:50.890283+00:00,20,14,1248.66,89.19,0,0,0.0,0.0,1,0.0513,mobile_ios,credit_card
ACC_002519,RING_00153,2027-02-04T15:11:28.503600+00:00,1,20,1176.6,58.83,1,0,0.05,0.0,0,0.0358,mobile_ios,debit_card
ACC_002520,RING_00153,2026-04-18T15:28:27.091832+00:00,104,29,1278.9,44.1,1,0,0.0345,0.0,1,0.0209,mobile_ios,apple_pay
ACC_002521,RING_00153,2026-04-05T21:27:32.487673+00:00,117,13,837.07,64.39,0,0,0.0,0.0,1,0.0273,desktop_safari,debit_card
ACC_002522,RING_00153,2026-08-17T18:59:43.114032+00:00,1,7,265.93,37.99,0,0,0.0,0.0,1,0.0686,desktop_chrome,debit_card
ACC_002523,RING_00153,2026-11-18T00:48:30.047652+00:00,1,13,914.55,70.35,1,0,0.0769,0.0,0,0.0283,mobile_ios,apple_pay
ACC_002524,RING_00153,2026-04-28T00:50:29.336871+00:00,94,19,1377.12,72.48,0,0,0.0,0.0,0,0.0618,desktop_chrome,debit_card
ACC_002525,RING_00153,2027-01-24T01:14:19.542122+00:00,1,17,1348.44,79.32,0,0,0.0,0.0,0,0.0683,mobile_ios,apple_pay
ACC_002526,RING_00153,2026-03-18T14:37:45.006623+00:00,135,14,1223.88,87.42,1,0,0.0714,0.0,0,0.0322,desktop_chrome,debit_card
ACC_002527,RING_00153,2026-06-13T04:10:11.397017+00:00,48,12,427.68,35.64,0,0,0.0,0.0,0,0.0677,mobile_ios,credit_card
ACC_002528,RING_00153,2026-07-13T03:55:13.252400+00:00,18,14,902.58,64.47,1,0,0.0714,0.0,0,0.056,desktop_safari,credit_card
ACC_002529,RING_00153,2026-10-02T04:44:08.803298+00:00,1,29,742.98,25.62,3,2,0.1034,0.069,0,0.0501,mobile_ios,credit_card
ACC_002530,RING_00153,2027-01-03T02:43:02.786285+00:00,1,20,1592.2,79.61,1,0,0.05,0.0,1,0.0614,desktop_safari,debit_card
ACC_002531,RING_00153,2026-07-10T02:13:01.010994+00:00,21,28,2549.68,91.06,0,0,0.0,0.0,0,0.0174,mobile_ios,credit_card
ACC_002532,RING_00153,2026-10-06T09:57:59.554811+00:00,1,11,295.57,26.87,0,0,0.0,0.0,0,0.0232,desktop_chrome,debit_card
ACC_002533,RING_00153,2026-03-14T04:18:46.583014+00:00,139,14,824.88,58.92,1,0,0.0714,0.0,1,0.0316,desktop_safari,apple_pay
ACC_002534,RING_00153,2026-04-21T15:11:36.543558+00:00,101,11,680.79,61.89,1,0,0.0909,0.0,1,0.0539,desktop_chrome,debit_card
ACC_002535,RING_00153,2026-04-21T04:04:43.369654+00:00,101,11,577.83,52.53,1,0,0.0909,0.0,0,0.0112,desktop_safari,credit_card
ACC_002536,RING_00153,2026-10-19T08:22:01.761213+00:00,1,7,392.49,56.07,0,0,0.0,0.0,1,0.0483,mobile_ios,debit_card
ACC_002537,RING_00153,2026-05-21T07:39:40.659938+00:00,71,12,361.92,30.16,1,0,0.0833,0.0,0,0.0538,mobile_ios,apple_pay
ACC_002538,RING_00153,2026-08-21T12:51:45.054807+00:00,1,21,1344.21,64.01,1,0,0.0476,0.0,1,0.069,desktop_chrome,apple_pay
ACC_002539,RING_00153,2026-11-02T10:53:43.221100+00:00,1,11,646.8,58.8,0,0,0.0,0.0,0,0.0702,desktop_chrome,credit_card
ACC_002540,RING_00153,2026-07-11T13:14:14.948651+00:00,20,17,847.62,49.86,2,1,0.1176,0.0588,0,0.0714,desktop_chrome,debit_card
ACC_002541,RING_00153,2026-03-05T05:15:04.407651+00:00,148,25,701.25,28.05,1,0,0.04,0.0,1,0.0203,desktop_chrome,apple_pay
ACC_002542,RING_00153,2026-09-09T14:54:19.952242+00:00,1,13,481.78,37.06,0,0,0.0,0.0,0,0.0286,desktop_chrome,credit_card
ACC_002543,RING_00153,2026-07-13T10:17:37.959357+00:00,18,21,998.13,47.53,2,1,0.0952,0.0476,0,0.0111,desktop_chrome,debit_card
ACC_002544,RING_00153,2027-02-15T19:30:49.446865+00:00,1,24,608.64,25.36,1,0,0.0417,0.0,0,0.041,mobile_ios,credit_card
ACC_002545,RING_00153,2026-06-22T16:25:18.862557+00:00,39,21,691.74,32.94,1,0,0.0476,0.0,1,0.0253,desktop_chrome,debit_card
ACC_002546,RING_00153,2026-08-13T03:41:08.016297+00:00,1,26,1882.14,72.39,1,0,0.0385,0.0,1,0.0265,desktop_safari,credit_card
ACC_002547,RING_00153,2026-04-25T19:45:03.543398+00:00,97,20,1650.2,82.51,2,1,0.1,0.05,1,0.0196,mobile_ios,credit_card
ACC_002548,RING_00153,2027-02-01T03:24:18.531260+00:00,1,29,1787.56,61.64,2,1,0.069,0.0345,0,0.0627,desktop_chrome,apple_pay
ACC_002549,RING_00153,2026-12-17T06:13:24.907536+00:00,1,14,547.54,39.11,1,0,0.0714,0.0,1,0.042,mobile_ios,apple_pay
ACC_002550,RING_00153,2026-06-14T20:54:09.433892+00:00,47,28,821.24,29.33,0,0,0.0,0.0,1,0.0129,desktop_chrome,apple_pay
ACC_002551,RING_00153,2027-01-20T07:52:48.681809+00:00,1,11,544.39,49.49,1,0,0.0909,0.0,0,0.0285,desktop_safari,credit_card
ACC_002552,RING_00153,2026-10-01T10:53:19.541662+00:00,1,23,1255.8,54.6,0,0,0.0,0.0,1,0.0446,desktop_chrome,credit_card
ACC_002553,RING_00154,2026-04-27T00:23:05.471062+00:00,95,1,51.75,51.75,0,0,0.0,0.0,0,0.8372,desktop_chrome,virtual_card
ACC_002554,RING_00154,2026-04-27T00:04:18.161536+00:00,95,1,49.37,49.37,0,0,0.0,0.0,0,0.9163,desktop_chrome,virtual_card
ACC_002555,RING_00154,2026-04-27T00:03:13.014510+00:00,95,1,50.19,50.19,0,0,0.0,0.0,0,0.8042,desktop_chrome,virtual_card
ACC_002556,RING_00154,2026-04-27T00:00:33.219400+00:00,95,1,49.36,49.36,0,0,0.0,0.0,0,0.7521,desktop_chrome,virtual_card
ACC_002557,RING_00154,2026-04-27T00:04:18.617197+00:00,95,1,50.81,50.81,0,0,0.0,0.0,0,0.8541,desktop_chrome,virtual_card
ACC_002558,RING_00154,2026-04-27T00:20:20.928867+00:00,95,1,49.7,49.7,0,0,0.0,0.0,0,0.7775,desktop_chrome,virtual_card
ACC_002559,RING_00154,2026-04-27T00:20:20.984610+00:00,95,1,50.58,50.58,0,0,0.0,0.0,0,0.824,desktop_chrome,virtual_card
ACC_002560,RING_00154,2026-04-27T00:13:30.678116+00:00,95,1,49.91,49.91,0,0,0.0,0.0,0,0.7871,desktop_chrome,virtual_card
ACC_002561,RING_00154,2026-04-27T00:08:20.346715+00:00,95,1,51.58,51.58,0,0,0.0,0.0,0,0.9173,desktop_chrome,virtual_card
ACC_002562,RING_00154,2026-04-27T00:20:10.170629+00:00,95,1,50.07,50.07,0,0,0.0,0.0,0,0.8687,desktop_chrome,virtual_card
ACC_002563,RING_00154,2026-04-27T00:04:52.522865+00:00,95,1,51.6,51.6,0,0,0.0,0.0,0,0.7546,desktop_chrome,virtual_card
ACC_002564,RING_00154,2026-04-27T00:03:29.780985+00:00,95,1,51.72,51.72,0,0,0.0,0.0,0,0.8349,desktop_chrome,virtual_card
ACC_002565,RING_00154,2026-04-27T00:02:13.815327+00:00,95,1,50.67,50.67,0,0,0.0,0.0,0,0.8418,desktop_chrome,virtual_card
ACC_002566,RING_00154,2026-04-27T00:21:16.988920+00:00,95,1,49.73,49.73,0,0,0.0,0.0,0,0.883,desktop_chrome,virtual_card
ACC_002567,RING_00154,2026-04-27T00:17:52.264470+00:00,95,1,51.2,51.2,0,0,0.0,0.0,0,0.7663,desktop_chrome,virtual_card
ACC_002568,RING_00154,2026-04-27T00:15:36.879426+00:00,95,1,50.69,50.69,0,0,0.0,0.0,0,0.9127,desktop_chrome,virtual_card
ACC_002569,RING_00154,2026-04-27T00:18:11.201193+00:00,95,1,51.61,51.61,0,0,0.0,0.0,0,0.8564,desktop_chrome,virtual_card
ACC_002570,RING_00154,2026-04-27T00:03:35.218038+00:00,95,1,49.6,49.6,0,0,0.0,0.0,0,0.809,desktop_chrome,virtual_card
ACC_002571,RING_00154,2026-04-27T00:09:37.183631+00:00,95,1,49.45,49.45,0,0,0.0,0.0,0,0.8897,desktop_chrome,virtual_card
ACC_002572,RING_00154,2026-04-27T00:20:21.172844+00:00,95,1,51.34,51.34,0,0,0.0,0.0,0,0.9048,desktop_chrome,virtual_card
ACC_002573,RING_00155,2026-06-23T01:20:55.750514+00:00,38,16,2602.08,162.63,3,4,0.1875,0.25,2,0.9108,emulator_bot,virtual_card
ACC_002574,RING_00155,2026-06-23T01:45:48.587397+00:00,38,15,1954.8,130.32,2,3,0.1333,0.2,2,0.8539,emulator_bot,virtual_card
ACC_002575,RING_00155,2026-06-23T00:52:36.752687+00:00,38,11,1647.58,149.78,5,2,0.4545,0.1818,3,0.8963,emulator_bot,virtual_card
ACC_002576,RING_00155,2026-06-23T00:37:36.510967+00:00,38,15,2397.9,159.86,4,3,0.2667,0.2,4,0.729,emulator_bot,virtual_card
ACC_002577,RING_00155,2026-06-23T00:18:31.452883+00:00,38,11,1679.37,152.67,5,2,0.4545,0.1818,6,0.7934,emulator_bot,virtual_card
ACC_002578,RING_00155,2026-06-23T00:03:47.372183+00:00,38,17,2850.56,167.68,5,3,0.2941,0.1765,2,0.9275,emulator_bot,virtual_card
ACC_002579,RING_00155,2026-06-23T00:05:02.380940+00:00,38,9,1433.7,159.3,4,4,0.4444,0.4444,2,0.9277,emulator_bot,virtual_card
ACC_002580,RING_00155,2026-06-23T01:22:59.280295+00:00,38,9,1625.31,180.59,2,4,0.2222,0.4444,6,0.8008,emulator_bot,virtual_card
ACC_002581,RING_00155,2026-06-23T00:40:23.337592+00:00,38,11,2032.8,184.8,2,3,0.1818,0.2727,2,0.8336,emulator_bot,virtual_card
ACC_002582,RING_00155,2026-06-23T00:06:29.244057+00:00,38,15,1773.6,118.24,3,4,0.2,0.2667,6,0.8288,emulator_bot,virtual_card
ACC_002583,RING_00155,2026-06-23T00:13:27.856629+00:00,38,24,3654.72,152.28,3,4,0.125,0.1667,4,0.9355,emulator_bot,virtual_card
ACC_002584,RING_00155,2026-06-23T01:19:50.043108+00:00,38,24,2250.48,93.77,2,2,0.0833,0.0833,3,0.8316,emulator_bot,virtual_card
ACC_002585,RING_00155,2026-06-23T01:52:38.497550+00:00,38,10,934.9,93.49,4,3,0.4,0.3,2,0.8753,emulator_bot,virtual_card
ACC_002586,RING_00155,2026-06-23T00:48:57.442985+00:00,38,16,1586.24,99.14,4,3,0.25,0.1875,5,0.8311,emulator_bot,virtual_card
ACC_002587,RING_00155,2026-06-23T01:33:19.134486+00:00,38,8,1437.52,179.69,4,4,0.5,0.5,3,0.8059,emulator_bot,virtual_card
ACC_002588,RING_00155,2026-06-23T01:56:49.789033+00:00,38,22,2877.82,130.81,5,3,0.2273,0.1364,6,0.9302,emulator_bot,virtual_card
ACC_002589,RING_00155,2026-06-23T01:24:59.754952+00:00,38,22,3404.5,154.75,4,2,0.1818,0.0909,4,0.7947,emulator_bot,virtual_card
ACC_002590,RING_00155,2026-06-23T01:26:45.646320+00:00,38,19,1681.12,88.48,4,4,0.2105,0.2105,3,0.7958,emulator_bot,virtual_card
ACC_002591,RING_00155,2026-06-23T01:13:54.485718+00:00,38,9,1059.57,117.73,5,2,0.5556,0.2222,2,0.7377,emulator_bot,virtual_card
ACC_002592,RING_00155,2026-06-23T01:57:19.270906+00:00,38,16,2769.44,173.09,4,3,0.25,0.1875,5,0.8104,emulator_bot,virtual_card
ACC_002593,RING_00155,2026-06-23T00:35:58.603447+00:00,38,13,2032.29,156.33,2,3,0.1538,0.2308,2,0.9077,emulator_bot,virtual_card
ACC_002594,RING_00156,2027-01-05T05:08:04.267209+00:00,1,11,1251.58,113.78,0,0,0.0,0.0,0,0.0248,desktop_chrome,credit_card
ACC_002595,RING_00156,2027-01-09T05:40:46.803038+00:00,1,13,728.13,56.01,0,0,0.0,0.0,2,0.0465,desktop_chrome,credit_card
ACC_002596,RING_00156,2026-02-07T23:24:28.651785+00:00,174,12,881.88,73.49,1,0,0.0833,0.0,0,0.0495,desktop_chrome,credit_card
ACC_002597,RING_00156,2026-02-12T22:48:03.084112+00:00,169,6,616.26,102.71,0,0,0.0,0.0,1,0.079,mobile_ios,credit_card
ACC_002598,RING_00156,2026-03-12T14:21:36.250513+00:00,141,16,1347.36,84.21,1,0,0.0625,0.0,1,0.0698,mobile_ios,credit_card
ACC_002599,RING_00156,2026-12-15T10:26:00.282016+00:00,1,15,872.85,58.19,1,0,0.0667,0.0,1,0.0628,desktop_chrome,credit_card
ACC_002600,RING_00156,2026-12-29T20:05:50.601399+00:00,1,25,1662.5,66.5,1,0,0.04,0.0,1,0.0145,desktop_chrome,credit_card
ACC_002601,RING_00156,2026-05-26T19:45:41.281941+00:00,66,21,1403.85,66.85,1,0,0.0476,0.0,2,0.0285,mobile_ios,credit_card
ACC_002602,RING_00156,2026-11-07T04:56:23.157362+00:00,1,32,2103.04,65.72,2,1,0.0625,0.0312,0,0.0527,desktop_chrome,credit_card
ACC_002603,RING_00156,2026-03-25T02:03:43.398778+00:00,128,26,1728.74,66.49,0,0,0.0,0.0,1,0.034,desktop_chrome,credit_card
ACC_002604,RING_00156,2026-05-06T11:51:22.122927+00:00,86,17,962.37,56.61,1,0,0.0588,0.0,0,0.0696,desktop_chrome,credit_card
ACC_002605,RING_00156,2026-12-16T09:29:21.397291+00:00,1,33,3073.95,93.15,2,1,0.0606,0.0303,1,0.0485,desktop_chrome,credit_card
ACC_002606,RING_00156,2026-03-26T04:56:44.859299+00:00,127,14,1329.58,94.97,1,0,0.0714,0.0,2,0.0203,mobile_ios,credit_card
ACC_002607,RING_00156,2026-12-04T08:11:58.445236+00:00,1,30,3747.9,124.93,0,0,0.0,0.0,1,0.0387,desktop_chrome,credit_card
ACC_002608,RING_00156,2026-11-14T04:27:52.150957+00:00,1,28,4004.84,143.03,2,1,0.0714,0.0357,1,0.0798,mobile_ios,credit_card
ACC_002609,RING_00156,2026-10-06T14:25:30.694865+00:00,1,6,604.44,100.74,0,0,0.0,0.0,0,0.0391,desktop_chrome,credit_card
ACC_002610,RING_00156,2026-12-10T22:28:22.510576+00:00,1,23,3140.88,136.56,2,1,0.087,0.0435,1,0.0462,desktop_chrome,credit_card
ACC_002611,RING_00157,2026-01-06T00:20:25.887223+00:00,206,31,541.57,17.47,0,0,0.0,0.0,0,0.846,emulator_bot,credit_card
ACC_002612,RING_00157,2026-01-06T00:26:49.135176+00:00,206,42,339.78,8.09,0,0,0.0,0.0,0,0.8059,emulator_bot,credit_card
ACC_002613,RING_00157,2026-01-06T00:29:43.485224+00:00,206,26,446.42,17.17,0,0,0.0,0.0,0,0.9527,emulator_bot,credit_card
ACC_002614,RING_00157,2026-01-06T00:16:15.843204+00:00,206,28,454.72,16.24,0,0,0.0,0.0,0,0.8482,emulator_bot,credit_card
ACC_002615,RING_00157,2026-01-06T00:22:40.943274+00:00,206,37,531.32,14.36,0,0,0.0,0.0,0,0.9229,emulator_bot,credit_card
ACC_002616,RING_00157,2026-01-06T00:17:46.764112+00:00,206,36,158.04,4.39,0,0,0.0,0.0,0,0.8057,emulator_bot,credit_card
ACC_002617,RING_00157,2026-01-06T00:34:26.822820+00:00,206,18,171.72,9.54,0,0,0.0,0.0,0,0.9322,emulator_bot,credit_card
ACC_002618,RING_00157,2026-01-06T00:35:50.343986+00:00,206,41,599.42,14.62,0,0,0.0,0.0,0,0.8496,emulator_bot,credit_card
ACC_002619,RING_00157,2026-01-06T00:13:10.941772+00:00,206,38,191.9,5.05,0,0,0.0,0.0,0,0.8468,emulator_bot,credit_card
ACC_002620,RING_00157,2026-01-06T00:11:40.774033+00:00,206,16,113.28,7.08,0,0,0.0,0.0,0,0.8148,emulator_bot,credit_card
ACC_002621,RING_00157,2026-01-06T00:30:31.472387+00:00,206,29,417.89,14.41,0,0,0.0,0.0,0,0.8018,emulator_bot,credit_card
ACC_002622,RING_00157,2026-01-06T00:34:49.843754+00:00,206,33,495.0,15.0,0,0,0.0,0.0,0,0.951,emulator_bot,credit_card
ACC_002623,RING_00157,2026-01-06T00:00:29.336827+00:00,206,16,117.76,7.36,0,0,0.0,0.0,0,0.9107,emulator_bot,credit_card
ACC_002624,RING_00157,2026-01-06T00:19:14.077150+00:00,206,33,151.47,4.59,0,0,0.0,0.0,0,0.9767,emulator_bot,credit_card
ACC_002625,RING_00157,2026-01-06T00:13:50.873372+00:00,206,22,333.96,15.18,0,0,0.0,0.0,0,0.8406,emulator_bot,credit_card
ACC_002626,RING_00157,2026-01-06T00:34:29.605226+00:00,206,41,623.2,15.2,0,0,0.0,0.0,0,0.839,emulator_bot,credit_card
ACC_002627,RING_00157,2026-01-06T00:06:27.559956+00:00,206,39,304.98,7.82,0,0,0.0,0.0,0,0.957,emulator_bot,credit_card
ACC_002628,RING_00157,2026-01-06T00:35:01.265558+00:00,206,34,485.52,14.28,0,0,0.0,0.0,0,0.9128,emulator_bot,credit_card
ACC_002629,RING_00157,2026-01-06T00:29:45.797866+00:00,206,34,539.92,15.88,0,0,0.0,0.0,0,0.94,emulator_bot,credit_card
ACC_002630,RING_00157,2026-01-06T00:37:55.909849+00:00,206,30,533.1,17.77,0,0,0.0,0.0,0,0.856,emulator_bot,credit_card
ACC_002631,RING_00157,2026-01-06T00:44:33.657038+00:00,206,41,673.63,16.43,0,0,0.0,0.0,0,0.8966,emulator_bot,credit_card
ACC_002632,RING_00157,2026-01-06T00:21:26.698824+00:00,206,39,161.07,4.13,0,0,0.0,0.0,0,0.8083,emulator_bot,credit_card
ACC_002633,RING_00157,2026-01-06T00:31:28.411036+00:00,206,20,193.8,9.69,0,0,0.0,0.0,0,0.9383,emulator_bot,credit_card
ACC_002634,RING_00157,2026-01-06T00:31:56.894534+00:00,206,28,458.36,16.37,0,0,0.0,0.0,0,0.8383,emulator_bot,credit_card
ACC_002635,RING_00157,2026-01-06T00:38:00.347773+00:00,206,42,574.14,13.67,0,0,0.0,0.0,0,0.9758,emulator_bot,credit_card
ACC_002636,RING_00157,2026-01-06T00:23:18.937991+00:00,206,36,407.88,11.33,0,0,0.0,0.0,0,0.8948,emulator_bot,credit_card
ACC_002637,RING_00157,2026-01-06T00:04:50.648900+00:00,206,37,569.43,15.39,0,0,0.0,0.0,0,0.8554,emulator_bot,credit_card
ACC_002638,RING_00157,2026-01-06T00:44:04.279979+00:00,206,44,750.2,17.05,0,0,0.0,0.0,0,0.82,emulator_bot,credit_card
ACC_002639,RING_00157,2026-01-06T00:02:33.460830+00:00,206,30,126.9,4.23,0,0,0.0,0.0,0,0.8903,emulator_bot,credit_card
ACC_002640,RING_00158,2026-09-25T20:07:16.877653+00:00,1,18,2480.04,137.78,2,1,0.1111,0.0556,1,0.0389,mobile_ios,credit_card
ACC_002641,RING_00158,2026-09-23T00:45:31.143497+00:00,1,32,1639.68,51.24,1,0,0.0312,0.0,1,0.0652,mobile_ios,credit_card
ACC_002642,RING_00158,2027-02-08T23:58:48.988123+00:00,1,7,367.92,52.56,0,0,0.0,0.0,0,0.0674,mobile_ios,credit_card
ACC_002643,RING_00158,2027-04-10T17:47:11.524912+00:00,1,27,1372.14,50.82,1,0,0.037,0.0,1,0.0486,desktop_chrome,credit_card
ACC_002644,RING_00158,2026-11-20T05:24:41.302023+00:00,1,29,4196.59,144.71,1,0,0.0345,0.0,0,0.0641,desktop_chrome,credit_card
ACC_002645,RING_00158,2026-11-10T13:15:48.792760+00:00,1,8,527.76,65.97,0,0,0.0,0.0,0,0.0394,mobile_ios,credit_card
ACC_002646,RING_00159,2026-02-24T08:24:38.989537+00:00,157,18,1222.74,67.93,0,0,0.0,0.0,1,0.0417,mobile_ios,credit_card
ACC_002647,RING_00159,2026-09-29T02:32:36.746672+00:00,1,8,461.92,57.74,0,0,0.0,0.0,0,0.0183,mobile_ios,credit_card
ACC_002648,RING_00159,2026-03-13T05:49:27.706177+00:00,140,5,464.6,92.92,0,0,0.0,0.0,0,0.0322,mobile_ios,credit_card
ACC_002649,RING_00159,2026-02-09T12:53:42.514042+00:00,172,9,929.7,103.3,0,0,0.0,0.0,0,0.0234,mobile_ios,credit_card
ACC_002650,RING_00159,2026-04-11T15:12:18.427893+00:00,111,9,453.87,50.43,0,0,0.0,0.0,1,0.0473,mobile_ios,credit_card
ACC_002651,RING_00159,2026-11-09T14:30:09.368502+00:00,1,13,1313.65,101.05,1,0,0.0769,0.0,1,0.0488,mobile_ios,credit_card
ACC_002652,RING_00159,2026-05-21T22:39:00.854299+00:00,71,5,339.9,67.98,0,0,0.0,0.0,0,0.0715,mobile_ios,credit_card
ACC_002653,RING_00159,2026-06-17T07:56:11.381550+00:00,44,12,522.12,43.51,0,0,0.0,0.0,0,0.063,mobile_ios,credit_card
ACC_002654,RING_00159,2026-06-27T16:12:35.463897+00:00,34,18,1763.1,97.95,1,0,0.0556,0.0,1,0.0773,mobile_ios,credit_card
ACC_002655,RING_00159,2026-06-13T21:57:15.242046+00:00,48,11,389.29,35.39,0,0,0.0,0.0,0,0.0408,mobile_ios,credit_card
ACC_002656,RING_00159,2026-04-07T19:10:39.337421+00:00,115,9,796.23,88.47,0,0,0.0,0.0,0,0.0541,mobile_ios,credit_card
ACC_002657,RING_00159,2026-05-03T19:28:35.522117+00:00,89,13,1266.59,97.43,0,0,0.0,0.0,1,0.0748,mobile_ios,credit_card
ACC_002658,RING_00159,2026-07-21T08:50:04.780427+00:00,10,11,991.65,90.15,0,0,0.0,0.0,0,0.0157,mobile_ios,credit_card
ACC_002659,RING_00159,2026-10-22T00:23:28.841948+00:00,1,9,663.57,73.73,0,0,0.0,0.0,0,0.0337,mobile_ios,credit_card
ACC_002660,RING_00159,2026-04-07T16:58:26.343844+00:00,115,8,298.4,37.3,0,0,0.0,0.0,1,0.0493,mobile_ios,credit_card
ACC_002661,RING_00159,2026-05-30T22:09:00.215422+00:00,62,15,1056.6,70.44,0,0,0.0,0.0,0,0.0273,mobile_ios,credit_card
ACC_002662,RING_00159,2026-04-22T23:24:38.187400+00:00,100,13,1310.53,100.81,0,0,0.0,0.0,1,0.0323,mobile_ios,credit_card
ACC_002663,RING_00159,2026-07-26T01:41:50.395714+00:00,5,15,856.35,57.09,0,0,0.0,0.0,0,0.0412,mobile_ios,credit_card
ACC_002664,RING_00160,2026-05-21T06:37:22.468603+00:00,71,20,1185.6,59.28,1,0,0.05,0.0,3,0.0288,desktop_chrome,debit_card
ACC_002665,RING_00160,2026-06-29T15:49:52.742617+00:00,32,15,1011.75,67.45,0,0,0.0,0.0,3,0.0418,mobile_ios,credit_card
ACC_002666,RING_00160,2026-12-26T10:27:07.831409+00:00,1,30,2469.0,82.3,1,0,0.0333,0.0,3,0.0223,desktop_chrome,debit_card
ACC_002667,RING_00160,2026-08-09T08:56:55.080604+00:00,1,25,1434.75,57.39,1,0,0.04,0.0,1,0.0528,desktop_chrome,debit_card
ACC_002668,RING_00160,2026-08-27T08:34:48.501345+00:00,1,24,1176.24,49.01,1,0,0.0417,0.0,2,0.0195,desktop_chrome,credit_card
ACC_002669,RING_00160,2027-02-13T21:32:10.447629+00:00,1,29,3762.17,129.73,1,0,0.0345,0.0,3,0.0316,mobile_android,debit_card
ACC_002670,RING_00160,2027-01-04T10:50:00.645554+00:00,1,21,2189.25,104.25,1,0,0.0476,0.0,2,0.0199,mobile_ios,debit_card
ACC_002671,RING_00160,2026-03-24T23:05:42.420626+00:00,129,26,3844.62,147.87,2,1,0.0769,0.0385,2,0.0396,mobile_ios,credit_card
ACC_002672,RING_00160,2026-12-31T20:36:54.924645+00:00,1,25,2946.75,117.87,2,1,0.08,0.04,2,0.0168,mobile_android,debit_card
ACC_002673,RING_00160,2026-12-14T13:24:37.960240+00:00,1,37,3466.9,93.7,1,0,0.027,0.0,3,0.0459,desktop_chrome,credit_card
ACC_002674,RING_00160,2026-11-13T00:51:10.274730+00:00,1,18,2254.14,125.23,0,0,0.0,0.0,1,0.0197,mobile_android,debit_card
ACC_002675,RING_00160,2026-02-15T14:31:20.587912+00:00,166,34,3128.0,92.0,3,1,0.0882,0.0294,2,0.0242,desktop_chrome,debit_card
ACC_002676,RING_00160,2026-11-01T00:10:04.691387+00:00,1,18,1459.98,81.11,1,0,0.0556,0.0,3,0.0402,mobile_android,credit_card
ACC_002677,RING_00160,2026-09-08T00:13:41.878952+00:00,1,14,655.06,46.79,0,0,0.0,0.0,3,0.0698,mobile_ios,debit_card
ACC_002678,RING_00160,2026-07-04T09:26:22.568469+00:00,27,31,4376.89,141.19,2,1,0.0645,0.0323,3,0.0189,mobile_ios,debit_card
ACC_002679,RING_00161,2026-09-04T02:39:15.977294+00:00,1,30,3481.2,116.04,3,1,0.1,0.0333,1,0.0755,mobile_ios,debit_card
ACC_002680,RING_00162,2026-05-30T10:00:11.510377+00:00,62,32,1909.76,59.68,1,0,0.0312,0.0,1,0.0788,mobile_android,paypal
ACC_002681,RING_00163,2026-01-10T03:17:59.446941+00:00,202,20,2032.4,101.62,0,0,0.0,0.0,2,0.0462,mobile_android,credit_card
ACC_002682,RING_00163,2026-01-11T18:48:28.627255+00:00,201,23,2774.49,120.63,1,0,0.0435,0.0,1,0.0153,mobile_ios,credit_card
ACC_002683,RING_00163,2026-02-14T19:31:07.629077+00:00,167,19,1758.64,92.56,1,0,0.0526,0.0,2,0.0457,mobile_android,credit_card
ACC_002684,RING_00164,2026-12-20T03:14:24.468346+00:00,1,22,1858.12,84.46,1,0,0.0455,0.0,2,0.0743,mobile_android,paypal
ACC_002685,RING_00165,2026-05-16T13:01:49.974674+00:00,76,12,710.76,59.23,0,0,0.0,0.0,1,0.0536,mobile_android,credit_card
ACC_002686,RING_00165,2027-03-22T05:04:33.839716+00:00,1,39,3081.0,79.0,2,1,0.0513,0.0256,1,0.039,mobile_ios,credit_card
ACC_002687,RING_00165,2026-04-26T19:47:15.396429+00:00,96,42,5522.58,131.49,1,0,0.0238,0.0,2,0.0477,mobile_ios,credit_card
ACC_002688,RING_00166,2026-10-05T02:18:07.588526+00:00,1,21,2683.38,127.78,2,1,0.0952,0.0476,2,0.0583,mobile_android,credit_card
ACC_002689,RING_00166,2027-07-20T13:07:08.092587+00:00,1,20,2397.2,119.86,2,1,0.1,0.05,2,0.0482,mobile_android,credit_card
ACC_002690,RING_00166,2026-11-20T07:50:06.783991+00:00,1,36,3321.36,92.26,4,3,0.1111,0.0833,2,0.0443,mobile_android,credit_card
ACC_002691,RING_00166,2027-07-19T12:08:01.248605+00:00,1,40,2602.0,65.05,5,3,0.125,0.075,1,0.0466,mobile_android,credit_card
ACC_002692,RING_00167,2027-04-08T10:59:09.228197+00:00,1,33,3282.84,99.48,2,1,0.0606,0.0303,2,0.0561,mobile_android,credit_card
ACC_002693,RING_00167,2026-06-06T15:24:48.820254+00:00,55,33,2235.42,67.74,4,2,0.1212,0.0606,2,0.0438,mobile_android,credit_card
ACC_002694,RING_00168,2027-02-18T18:12:21.799094+00:00,1,19,1259.13,66.27,1,0,0.0526,0.0,0,0.04,desktop_chrome,credit_card
ACC_002695,RING_00168,2027-01-17T08:30:26.328619+00:00,1,31,4633.57,149.47,2,1,0.0645,0.0323,1,0.0561,desktop_chrome,credit_card
ACC_002696,RING_00168,2026-05-16T18:31:12.654820+00:00,76,25,2010.25,80.41,2,1,0.08,0.04,0,0.0452,mobile_ios,credit_card
ACC_002697,RING_00168,2026-09-28T12:28:06.003637+00:00,1,17,1139.85,67.05,1,0,0.0588,0.0,1,0.0106,mobile_ios,credit_card
ACC_002698,RING_00168,2026-10-05T01:40:44.032394+00:00,1,7,1011.5,144.5,0,0,0.0,0.0,1,0.0696,mobile_ios,credit_card
ACC_002699,RING_00168,2026-11-01T19:20:26.139793+00:00,1,11,1526.03,138.73,0,0,0.0,0.0,1,0.0585,mobile_ios,credit_card
ACC_002700,RING_00168,2026-08-20T00:17:24.136518+00:00,1,20,1173.6,58.68,1,0,0.05,0.0,2,0.0237,mobile_ios,credit_card
ACC_002701,RING_00168,2027-01-16T23:22:19.288929+00:00,1,32,2088.64,65.27,0,0,0.0,0.0,2,0.0589,desktop_chrome,credit_card
ACC_002702,RING_00168,2026-09-02T13:56:00.713041+00:00,1,15,2095.65,139.71,1,0,0.0667,0.0,2,0.0511,mobile_ios,credit_card
ACC_002703,RING_00169,2026-08-06T20:24:31.496097+00:00,1,14,1154.86,82.49,1,0,0.0714,0.0,0,0.0425,desktop_safari,debit_card
ACC_002704,RING_00169,2026-09-04T19:16:35.570175+00:00,1,26,2418.0,93.0,2,1,0.0769,0.0385,1,0.0288,desktop_safari,credit_card
ACC_002705,RING_00169,2027-02-24T23:31:10.798436+00:00,1,6,216.54,36.09,0,0,0.0,0.0,0,0.0125,desktop_chrome,credit_card
ACC_002706,RING_00169,2026-11-29T20:33:25.002117+00:00,1,24,774.72,32.28,2,1,0.0833,0.0417,1,0.0127,desktop_safari,credit_card
ACC_002707,RING_00169,2027-01-24T22:35:07.381535+00:00,1,28,2112.6,75.45,1,0,0.0357,0.0,1,0.0434,mobile_ios,debit_card
ACC_002708,RING_00169,2026-10-26T17:53:35.331699+00:00,1,16,425.6,26.6,1,0,0.0625,0.0,1,0.065,desktop_chrome,credit_card
ACC_002709,RING_00169,2026-12-14T15:05:04.278324+00:00,1,5,166.75,33.35,0,0,0.0,0.0,0,0.0549,desktop_safari,apple_pay
ACC_002710,RING_00169,2027-01-20T18:42:34.875303+00:00,1,19,711.74,37.46,0,0,0.0,0.0,1,0.0281,desktop_chrome,credit_card
ACC_002711,RING_00169,2027-02-17T22:21:26.121728+00:00,1,22,2044.24,92.92,1,0,0.0455,0.0,0,0.0555,mobile_ios,debit_card
ACC_002712,RING_00169,2027-01-12T15:05:23.385254+00:00,1,8,573.76,71.72,0,0,0.0,0.0,1,0.0285,mobile_ios,debit_card
ACC_002713,RING_00169,2026-09-17T00:41:24.093545+00:00,1,21,1780.8,84.8,2,1,0.0952,0.0476,1,0.039,desktop_safari,credit_card
ACC_002714,RING_00169,2026-04-07T16:55:20.776254+00:00,115,6,397.98,66.33,0,0,0.0,0.0,1,0.0472,desktop_chrome,apple_pay
ACC_002715,RING_00169,2026-12-02T14:22:16.292051+00:00,1,28,1254.4,44.8,2,1,0.0714,0.0357,0,0.0633,desktop_chrome,debit_card
ACC_002716,RING_00169,2026-06-26T00:22:40.292247+00:00,35,23,1592.29,69.23,1,0,0.0435,0.0,1,0.0633,desktop_safari,apple_pay
ACC_002717,RING_00169,2026-12-29T02:30:32.973447+00:00,1,10,498.2,49.82,0,0,0.0,0.0,0,0.0577,desktop_chrome,apple_pay
ACC_002718,RING_00169,2026-05-19T19:58:49.649431+00:00,73,8,535.2,66.9,0,0,0.0,0.0,1,0.0259,mobile_ios,apple_pay
ACC_002719,RING_00169,2026-03-22T19:02:45.887004+00:00,131,16,803.04,50.19,0,0,0.0,0.0,0,0.0518,desktop_chrome,debit_card
ACC_002720,RING_00169,2026-06-17T13:20:04.386763+00:00,44,21,1517.46,72.26,1,0,0.0476,0.0,1,0.0672,desktop_chrome,apple_pay
ACC_002721,RING_00169,2026-09-22T06:07:26.517072+00:00,1,29,2327.54,80.26,1,0,0.0345,0.0,1,0.0147,mobile_ios,credit_card
ACC_002722,RING_00169,2026-04-17T00:49:51.878885+00:00,105,25,1982.75,79.31,1,0,0.04,0.0,1,0.0157,desktop_safari,debit_card
ACC_002723,RING_00169,2026-11-09T21:17:21.672603+00:00,1,15,1320.3,88.02,1,0,0.0667,0.0,1,0.0452,desktop_safari,credit_card
ACC_002724,RING_00169,2026-09-12T06:27:42.634160+00:00,1,9,450.18,50.02,0,0,0.0,0.0,0,0.0384,desktop_safari,debit_card
ACC_002725,RING_00169,2026-08-14T04:07:33.316807+00:00,1,18,1453.86,80.77,1,0,0.0556,0.0,0,0.0485,desktop_safari,debit_card
ACC_002726,RING_00169,2026-04-24T07:35:52.619848+00:00,98,5,126.35,25.27,0,0,0.0,0.0,1,0.0637,desktop_chrome,credit_card
ACC_002727,RING_00169,2026-10-31T05:05:39.540930+00:00,1,28,743.96,26.57,2,1,0.0714,0.0357,1,0.0717,mobile_ios,credit_card
ACC_002728,RING_00169,2026-06-02T19:07:20.463603+00:00,59,13,872.82,67.14,0,0,0.0,0.0,1,0.0278,desktop_safari,apple_pay
ACC_002729,RING_00169,2026-11-06T02:19:04.898585+00:00,1,17,520.54,30.62,0,0,0.0,0.0,0,0.0356,desktop_chrome,apple_pay
ACC_002730,RING_00169,2026-12-22T02:30:17.331860+00:00,1,27,1043.55,38.65,1,0,0.037,0.0,1,0.0783,desktop_chrome,credit_card
ACC_002731,RING_00169,2027-02-08T00:15:06.644695+00:00,1,17,704.65,41.45,0,0,0.0,0.0,0,0.0768,desktop_chrome,apple_pay
ACC_002732,RING_00169,2026-09-09T06:37:23.385413+00:00,1,10,564.3,56.43,0,0,0.0,0.0,1,0.0573,desktop_chrome,credit_card
ACC_002733,RING_00169,2026-12-05T02:16:31.443852+00:00,1,20,523.0,26.15,1,0,0.05,0.0,1,0.0179,desktop_chrome,credit_card
ACC_002734,RING_00169,2026-07-23T06:01:49.629776+00:00,8,18,898.92,49.94,1,0,0.0556,0.0,1,0.0149,desktop_safari,credit_card
ACC_002735,RING_00169,2026-03-15T02:01:34.518067+00:00,138,26,1548.82,59.57,2,1,0.0769,0.0385,1,0.0137,desktop_chrome,credit_card
ACC_002736,RING_00169,2027-02-04T18:35:22.699924+00:00,1,22,1908.94,86.77,1,0,0.0455,0.0,1,0.0256,desktop_chrome,apple_pay
ACC_002737,RING_00169,2027-02-28T12:30:16.882695+00:00,1,14,1178.52,84.18,1,0,0.0714,0.0,0,0.0181,desktop_safari,debit_card
ACC_002738,RING_00169,2026-08-25T06:58:13.875825+00:00,1,6,185.52,30.92,0,0,0.0,0.0,1,0.0583,desktop_chrome,debit_card
ACC_002739,RING_00169,2026-05-26T14:56:26.598362+00:00,66,17,1414.4,83.2,1,0,0.0588,0.0,0,0.0381,desktop_chrome,debit_card
ACC_002740,RING_00169,2026-12-18T15:49:59.885393+00:00,1,17,1348.44,79.32,0,0,0.0,0.0,0,0.0515,desktop_chrome,apple_pay
ACC_002741,RING_00169,2026-10-17T10:26:14.479008+00:00,1,20,747.4,37.37,1,0,0.05,0.0,1,0.01,desktop_chrome,debit_card
ACC_002742,RING_00169,2026-06-02T05:00:29.517752+00:00,59,25,1468.0,58.72,2,1,0.08,0.04,1,0.0533,mobile_ios,credit_card
ACC_002743,RING_00169,2026-05-16T15:53:00.490314+00:00,76,14,870.8,62.2,1,0,0.0714,0.0,0,0.0364,desktop_safari,debit_card
ACC_002744,RING_00169,2026-11-01T15:51:00.925737+00:00,1,22,1363.34,61.97,0,0,0.0,0.0,1,0.0353,mobile_ios,debit_card
ACC_002745,RING_00169,2026-09-04T18:43:30.594829+00:00,1,24,794.88,33.12,2,1,0.0833,0.0417,1,0.0402,desktop_chrome,apple_pay
ACC_002746,RING_00169,2027-01-10T14:57:18.872724+00:00,1,14,1233.4,88.1,0,0,0.0,0.0,1,0.068,mobile_ios,apple_pay
ACC_002747,RING_00169,2026-10-17T18:11:16.405248+00:00,1,25,2367.25,94.69,1,0,0.04,0.0,1,0.0417,desktop_chrome,credit_card
ACC_002748,RING_00170,2026-10-26T03:15:17.873872+00:00,1,17,1234.54,72.62,1,0,0.0588,0.0,2,0.0661,desktop_chrome,credit_card
ACC_002749,RING_00171,2026-08-04T11:10:03.293543+00:00,1,6,664.68,110.78,0,0,0.0,0.0,0,0.064,desktop_chrome,paypal
ACC_002750,RING_00172,2027-03-11T01:50:48.159955+00:00,1,12,1130.64,94.22,0,0,0.0,0.0,0,0.0601,desktop_safari,apple_pay
ACC_002751,RING_00172,2027-02-12T02:01:20.975390+00:00,1,28,1382.08,49.36,1,0,0.0357,0.0,0,0.0144,desktop_chrome,credit_card
ACC_002752,RING_00172,2026-12-19T06:19:42.067957+00:00,1,12,492.24,41.02,0,0,0.0,0.0,1,0.0437,mobile_ios,apple_pay
ACC_002753,RING_00172,2026-07-15T13:59:57.089559+00:00,16,12,496.44,41.37,1,0,0.0833,0.0,0,0.042,mobile_ios,debit_card
ACC_002754,RING_00172,2027-02-17T15:03:44.283442+00:00,1,6,280.74,46.79,0,0,0.0,0.0,0,0.0278,mobile_ios,apple_pay
ACC_002755,RING_00172,2027-02-01T03:36:31.541739+00:00,1,16,1227.84,76.74,0,0,0.0,0.0,0,0.0236,mobile_ios,apple_pay
ACC_002756,RING_00172,2026-12-08T02:27:07.670638+00:00,1,18,637.92,35.44,2,1,0.1111,0.0556,1,0.0155,mobile_ios,debit_card
ACC_002757,RING_00172,2027-04-23T21:56:36.822232+00:00,1,12,1131.6,94.3,1,0,0.0833,0.0,0,0.0542,mobile_ios,debit_card
ACC_002758,RING_00172,2027-03-29T21:19:29.320034+00:00,1,25,1380.0,55.2,0,0,0.0,0.0,1,0.0158,mobile_ios,credit_card
ACC_002759,RING_00172,2026-09-28T15:23:08.971171+00:00,1,13,992.16,76.32,1,0,0.0769,0.0,1,0.0153,mobile_ios,apple_pay
ACC_002760,RING_00172,2026-07-19T03:33:39.207547+00:00,12,23,1611.38,70.06,1,0,0.0435,0.0,1,0.0595,desktop_chrome,apple_pay
ACC_002761,RING_00172,2026-08-22T05:41:33.564062+00:00,1,25,1856.25,74.25,0,0,0.0,0.0,0,0.0234,desktop_chrome,credit_card
ACC_002762,RING_00172,2026-08-02T12:41:08.621666+00:00,1,8,372.96,46.62,0,0,0.0,0.0,1,0.0728,desktop_chrome,credit_card
ACC_002763,RING_00172,2026-08-25T09:41:23.050982+00:00,1,21,1802.01,85.81,1,0,0.0476,0.0,0,0.0325,mobile_ios,apple_pay
ACC_002764,RING_00172,2027-01-11T02:41:37.610905+00:00,1,15,477.75,31.85,1,0,0.0667,0.0,1,0.0233,desktop_safari,credit_card
ACC_002765,RING_00172,2027-05-14T05:43:42.097166+00:00,1,17,983.62,57.86,0,0,0.0,0.0,1,0.0121,desktop_chrome,debit_card
ACC_002766,RING_00172,2026-07-28T17:03:04.844942+00:00,3,20,1084.0,54.2,1,0,0.05,0.0,0,0.0151,desktop_chrome,apple_pay
ACC_002767,RING_00172,2026-08-14T19:22:45.938555+00:00,1,16,1219.36,76.21,1,0,0.0625,0.0,1,0.0769,desktop_safari,apple_pay
ACC_002768,RING_00172,2026-10-11T22:21:09.174963+00:00,1,10,305.2,30.52,0,0,0.0,0.0,0,0.0331,desktop_chrome,credit_card
ACC_002769,RING_00172,2026-07-25T18:20:44.227227+00:00,6,15,595.05,39.67,0,0,0.0,0.0,0,0.0588,mobile_ios,debit_card
ACC_002770,RING_00172,2026-11-20T22:34:10.787899+00:00,1,24,1297.92,54.08,0,0,0.0,0.0,1,0.0276,mobile_ios,debit_card
ACC_002771,RING_00172,2026-11-01T14:27:54.863370+00:00,1,17,1127.61,66.33,1,0,0.0588,0.0,1,0.0425,desktop_chrome,credit_card
ACC_002772,RING_00172,2026-06-11T02:29:32.411732+00:00,50,12,1095.84,91.32,0,0,0.0,0.0,1,0.0783,desktop_safari,credit_card
ACC_002773,RING_00172,2027-03-16T05:20:39.398237+00:00,1,18,1706.94,94.83,1,0,0.0556,0.0,1,0.0453,desktop_safari,credit_card
ACC_002774,RING_00172,2026-12-15T08:40:49.705788+00:00,1,12,630.72,52.56,1,0,0.0833,0.0,1,0.05,desktop_chrome,debit_card
ACC_002775,RING_00172,2026-11-10T07:21:24.528829+00:00,1,18,1619.1,89.95,2,1,0.1111,0.0556,1,0.0441,desktop_chrome,apple_pay
ACC_002776,RING_00172,2026-11-06T00:43:20.880388+00:00,1,23,1814.47,78.89,1,0,0.0435,0.0,1,0.0243,mobile_ios,credit_card
ACC_002777,RING_00172,2026-10-29T10:41:48.362601+00:00,1,9,575.91,63.99,0,0,0.0,0.0,1,0.078,desktop_chrome,debit_card
ACC_002778,RING_00172,2026-06-26T22:23:04.242152+00:00,35,17,1276.87,75.11,1,0,0.0588,0.0,0,0.0262,desktop_chrome,apple_pay
ACC_002779,RING_00172,2027-04-30T18:27:58.694338+00:00,1,5,402.65,80.53,0,0,0.0,0.0,0,0.0313,desktop_chrome,credit_card
ACC_002780,RING_00172,2026-10-22T12:39:19.360831+00:00,1,29,861.3,29.7,3,2,0.1034,0.069,1,0.0584,desktop_chrome,apple_pay
ACC_002781,RING_00172,2026-09-09T04:14:41.861173+00:00,1,12,1090.32,90.86,0,0,0.0,0.0,1,0.0368,desktop_safari,apple_pay
ACC_002782,RING_00172,2026-07-27T14:55:34.749830+00:00,4,20,1620.6,81.03,1,0,0.05,0.0,0,0.0308,desktop_safari,debit_card
ACC_002783,RING_00172,2026-10-11T19:11:02.280336+00:00,1,16,842.08,52.63,1,0,0.0625,0.0,1,0.0605,mobile_ios,credit_card
ACC_002784,RING_00173,2027-03-04T11:02:07.131775+00:00,1,21,1482.81,70.61,1,0,0.0476,0.0,1,0.0168,desktop_chrome,debit_card
ACC_002785,RING_00173,2026-12-10T19:33:49.925126+00:00,1,24,2834.16,118.09,1,0,0.0417,0.0,3,0.0416,desktop_chrome,debit_card
ACC_002786,RING_00173,2026-08-20T02:55:11.126787+00:00,1,31,3739.53,120.63,0,0,0.0,0.0,1,0.0193,mobile_ios,credit_card
ACC_002787,RING_00173,2026-03-20T02:49:54.596378+00:00,133,18,2698.74,149.93,0,0,0.0,0.0,2,0.0512,mobile_android,credit_card
ACC_002788,RING_00173,2026-10-02T23:55:56.555507+00:00,1,30,2175.9,72.53,2,1,0.0667,0.0333,1,0.0343,mobile_android,credit_card
ACC_002789,RING_00173,2026-10-27T00:31:42.198627+00:00,1,34,3313.3,97.45,2,1,0.0588,0.0294,2,0.058,mobile_ios,debit_card
ACC_002790,RING_00173,2026-04-08T09:06:51.094234+00:00,114,39,4524.78,116.02,2,1,0.0513,0.0256,3,0.0373,mobile_ios,credit_card
ACC_002791,RING_00173,2026-08-22T06:09:36.059350+00:00,1,15,2367.75,157.85,0,0,0.0,0.0,2,0.0545,mobile_ios,debit_card
ACC_002792,RING_00173,2026-02-03T07:48:56.929617+00:00,178,29,2308.4,79.6,0,0,0.0,0.0,3,0.0227,mobile_ios,debit_card
ACC_002793,RING_00173,2026-10-03T06:49:06.694837+00:00,1,27,2604.96,96.48,0,0,0.0,0.0,2,0.0223,desktop_chrome,credit_card
ACC_002794,RING_00173,2026-11-02T18:58:44.429639+00:00,1,11,865.7,78.7,0,0,0.0,0.0,1,0.0512,mobile_android,credit_card
ACC_002795,RING_00173,2026-07-10T18:15:12.088336+00:00,21,30,2519.7,83.99,2,1,0.0667,0.0333,2,0.0247,desktop_chrome,debit_card
ACC_002796,RING_00173,2026-12-19T09:20:44.454688+00:00,1,22,2832.5,128.75,0,0,0.0,0.0,2,0.0696,desktop_chrome,debit_card
ACC_002797,RING_00173,2026-04-05T00:10:02.594363+00:00,117,33,4264.92,129.24,2,1,0.0606,0.0303,2,0.049,mobile_android,credit_card
ACC_002798,RING_00173,2027-01-21T21:57:51.261035+00:00,1,19,2436.94,128.26,1,0,0.0526,0.0,2,0.046,mobile_android,credit_card
ACC_002799,RING_00173,2026-03-16T23:42:57.255181+00:00,137,36,2170.08,60.28,1,0,0.0278,0.0,1,0.0194,mobile_android,debit_card
ACC_002800,RING_00173,2026-07-24T21:31:59.244583+00:00,7,36,2902.68,80.63,2,1,0.0556,0.0278,2,0.0217,desktop_chrome,debit_card
ACC_002801,RING_00173,2026-06-03T16:53:13.252309+00:00,58,13,1060.8,81.6,0,0,0.0,0.0,2,0.0665,desktop_chrome,credit_card
ACC_002802,RING_00173,2026-12-14T23:11:04.480094+00:00,1,35,4336.85,123.91,3,2,0.0857,0.0571,2,0.0469,mobile_ios,debit_card
ACC_002803,RING_00173,2026-10-20T00:20:05.128949+00:00,1,19,1774.6,93.4,1,0,0.0526,0.0,2,0.0217,desktop_chrome,debit_card
ACC_002804,RING_00174,2026-12-18T04:34:31.109147+00:00,1,32,2384.32,74.51,2,1,0.0625,0.0312,2,0.0413,desktop_safari,paypal
ACC_002805,RING_00174,2026-11-11T20:05:30.209645+00:00,1,30,1298.4,43.28,0,0,0.0,0.0,3,0.0202,desktop_chrome,paypal
ACC_002806,RING_00174,2026-06-21T15:33:19.206968+00:00,40,36,5974.92,165.97,1,0,0.0278,0.0,3,0.0222,mobile_ios,paypal
ACC_002807,RING_00174,2026-11-21T23:24:24.173892+00:00,1,33,4173.51,126.47,2,1,0.0606,0.0303,3,0.0412,desktop_chrome,credit_card
ACC_002808,RING_00174,2026-11-02T05:56:49.063574+00:00,1,29,4667.26,160.94,1,0,0.0345,0.0,3,0.0308,desktop_safari,paypal
ACC_002809,RING_00174,2026-10-24T12:51:00.732541+00:00,1,11,1674.53,152.23,0,0,0.0,0.0,2,0.049,desktop_chrome,paypal
ACC_002810,RING_00174,2026-11-17T17:12:55.783013+00:00,1,12,1786.56,148.88,0,0,0.0,0.0,2,0.0578,desktop_chrome,credit_card
ACC_002811,RING_00174,2026-04-03T12:42:28.506581+00:00,119,17,1416.95,83.35,1,0,0.0588,0.0,3,0.0302,desktop_safari,credit_card
ACC_002812,RING_00174,2026-04-15T19:56:49.330289+00:00,107,14,2435.72,173.98,0,0,0.0,0.0,3,0.0565,desktop_safari,paypal
ACC_002813,RING_00174,2026-10-08T00:50:23.585857+00:00,1,38,1790.18,47.11,1,0,0.0263,0.0,2,0.0262,mobile_ios,paypal
ACC_002814,RING_00174,2026-11-17T12:08:35.229461+00:00,1,25,3964.0,158.56,0,0,0.0,0.0,3,0.0238,desktop_safari,paypal
ACC_002815,RING_00174,2026-08-07T19:29:14.118189+00:00,1,30,5383.2,179.44,1,0,0.0333,0.0,1,0.0484,mobile_ios,credit_card
ACC_002816,RING_00174,2026-04-12T14:15:33.383906+00:00,110,37,4724.53,127.69,2,1,0.0541,0.027,2,0.047,desktop_safari,credit_card
ACC_002817,RING_00174,2026-10-07T18:58:34.979698+00:00,1,17,1969.28,115.84,0,0,0.0,0.0,2,0.0474,mobile_ios,credit_card
ACC_002818,RING_00174,2026-06-24T04:42:55.076917+00:00,37,28,4942.28,176.51,2,1,0.0714,0.0357,2,0.0861,desktop_chrome,credit_card
ACC_002819,RING_00174,2026-11-28T14:22:16.393692+00:00,1,15,1525.2,101.68,1,0,0.0667,0.0,2,0.022,mobile_ios,paypal
ACC_002820,RING_00174,2026-10-31T14:30:28.221810+00:00,1,36,6188.04,171.89,2,1,0.0556,0.0278,2,0.0604,desktop_safari,paypal
ACC_002821,RING_00174,2026-08-13T21:54:10.654446+00:00,1,24,2763.12,115.13,1,0,0.0417,0.0,1,0.0429,desktop_chrome,credit_card
ACC_002822,RING_00174,2026-08-14T13:23:38.026956+00:00,1,30,4896.9,163.23,0,0,0.0,0.0,1,0.0853,desktop_chrome,credit_card
ACC_002823,RING_00174,2026-07-15T14:02:35.008195+00:00,16,14,1385.58,98.97,0,0,0.0,0.0,2,0.0373,desktop_safari,paypal
ACC_002824,RING_00174,2026-08-20T16:44:37.294509+00:00,1,31,2959.57,95.47,0,0,0.0,0.0,2,0.0458,mobile_ios,credit_card
ACC_002825,RING_00174,2026-08-19T08:00:26.943409+00:00,1,23,3215.63,139.81,1,0,0.0435,0.0,1,0.0462,desktop_safari,paypal
ACC_002826,RING_00174,2026-06-22T11:52:59.777381+00:00,39,16,1807.04,112.94,0,0,0.0,0.0,2,0.0775,desktop_safari,paypal
ACC_002827,RING_00174,2026-08-29T16:02:51.531607+00:00,1,22,3317.16,150.78,0,0,0.0,0.0,1,0.0807,mobile_ios,credit_card
ACC_002828,RING_00174,2026-08-09T23:14:16.599700+00:00,1,38,2440.36,64.22,0,0,0.0,0.0,2,0.0704,mobile_ios,credit_card
ACC_002829,RING_00174,2026-11-07T04:54:03.455152+00:00,1,22,985.82,44.81,0,0,0.0,0.0,2,0.0821,desktop_chrome,paypal
ACC_002830,RING_00174,2026-06-08T22:48:59.206727+00:00,53,39,5721.69,146.71,2,1,0.0513,0.0256,3,0.0175,desktop_safari,credit_card
ACC_002831,RING_00174,2026-06-11T05:12:16.832319+00:00,50,28,1979.88,70.71,0,0,0.0,0.0,2,0.0208,desktop_safari,credit_card
ACC_002832,RING_00174,2026-03-08T17:52:05.099453+00:00,145,30,4107.6,136.92,1,0,0.0333,0.0,3,0.0507,desktop_chrome,paypal
ACC_002833,RING_00174,2026-07-29T05:32:09.633928+00:00,2,27,4172.85,154.55,1,0,0.037,0.0,3,0.0687,desktop_chrome,paypal
ACC_002834,RING_00174,2026-09-12T07:09:37.659950+00:00,1,34,2583.32,75.98,1,0,0.0294,0.0,1,0.0638,desktop_safari,paypal
ACC_002835,RING_00174,2026-09-26T15:00:45.170871+00:00,1,16,987.68,61.73,0,0,0.0,0.0,2,0.0595,desktop_chrome,paypal
ACC_002836,RING_00174,2026-03-23T01:41:50.916294+00:00,130,16,1760.8,110.05,0,0,0.0,0.0,1,0.0119,desktop_safari,credit_card
ACC_002837,RING_00174,2026-08-02T12:03:20.565961+00:00,1,21,2539.32,120.92,0,0,0.0,0.0,3,0.0844,desktop_safari,credit_card
ACC_002838,RING_00174,2026-10-04T19:54:00.207411+00:00,1,13,1418.43,109.11,0,0,0.0,0.0,1,0.0305,mobile_ios,paypal
ACC_002839,RING_00174,2026-06-27T20:56:52.836268+00:00,34,29,4002.58,138.02,0,0,0.0,0.0,1,0.0192,desktop_chrome,credit_card
ACC_002840,RING_00174,2026-08-20T14:39:12.344553+00:00,1,11,1795.2,163.2,0,0,0.0,0.0,1,0.0358,desktop_safari,paypal
ACC_002841,RING_00174,2026-07-23T08:26:38.059666+00:00,8,18,2346.84,130.38,0,0,0.0,0.0,1,0.0172,desktop_safari,paypal
ACC_002842,RING_00174,2026-08-18T07:44:48.687664+00:00,1,26,2756.52,106.02,1,0,0.0385,0.0,3,0.049,mobile_ios,credit_card
ACC_002843,RING_00174,2026-06-24T12:14:52.993811+00:00,37,17,2627.18,154.54,0,0,0.0,0.0,2,0.0843,desktop_safari,paypal
ACC_002844,RING_00174,2026-03-26T18:47:57.896209+00:00,127,11,1134.65,103.15,0,0,0.0,0.0,2,0.0252,desktop_chrome,credit_card
ACC_002845,RING_00175,2026-05-09T01:19:03.338228+00:00,83,10,1542.1,154.21,5,2,0.5,0.2,2,0.7329,emulator_bot,virtual_card
ACC_002846,RING_00175,2026-05-09T01:37:51.661307+00:00,83,12,1541.4,128.45,4,4,0.3333,0.3333,4,0.9418,emulator_bot,virtual_card
ACC_002847,RING_00175,2026-05-09T00:59:59.897394+00:00,83,23,2333.12,101.44,2,3,0.087,0.1304,2,0.7952,emulator_bot,virtual_card
ACC_002848,RING_00175,2026-05-09T00:15:57.979114+00:00,83,17,1857.42,109.26,3,4,0.1765,0.2353,4,0.7375,emulator_bot,virtual_card
ACC_002849,RING_00175,2026-05-09T01:13:44.744646+00:00,83,8,1257.52,157.19,4,2,0.5,0.25,4,0.7569,emulator_bot,virtual_card
ACC_002850,RING_00175,2026-05-09T00:08:35.574102+00:00,83,14,1538.04,109.86,5,2,0.3571,0.1429,4,0.8405,emulator_bot,virtual_card
ACC_002851,RING_00175,2026-05-09T01:38:03.433429+00:00,83,18,2137.5,118.75,3,4,0.1667,0.2222,4,0.7532,emulator_bot,virtual_card
ACC_002852,RING_00175,2026-05-09T01:31:23.089540+00:00,83,19,2930.94,154.26,3,2,0.1579,0.1053,2,0.7271,emulator_bot,virtual_card
ACC_002853,RING_00175,2026-05-09T00:48:15.000395+00:00,83,24,2770.8,115.45,5,4,0.2083,0.1667,5,0.8179,emulator_bot,virtual_card
ACC_002854,RING_00175,2026-05-09T00:32:17.485850+00:00,83,13,2141.23,164.71,3,2,0.2308,0.1538,3,0.8557,emulator_bot,virtual_card
ACC_002855,RING_00175,2026-05-09T01:25:08.792067+00:00,83,15,1608.6,107.24,4,4,0.2667,0.2667,6,0.7835,emulator_bot,virtual_card
ACC_002856,RING_00175,2026-05-09T01:08:03.910624+00:00,83,22,3654.64,166.12,5,2,0.2273,0.0909,3,0.9473,emulator_bot,virtual_card
ACC_002857,RING_00175,2026-05-09T00:17:24.663569+00:00,83,12,1506.6,125.55,2,3,0.1667,0.25,6,0.9012,emulator_bot,virtual_card
ACC_002858,RING_00175,2026-05-09T01:31:06.146928+00:00,83,16,1729.76,108.11,5,3,0.3125,0.1875,2,0.9444,emulator_bot,virtual_card
ACC_002859,RING_00175,2026-05-09T00:40:04.621238+00:00,83,11,2055.9,186.9,2,2,0.1818,0.1818,4,0.8917,emulator_bot,virtual_card
ACC_002860,RING_00175,2026-05-09T01:47:15.701947+00:00,83,16,2433.28,152.08,2,3,0.125,0.1875,6,0.8698,emulator_bot,virtual_card
ACC_002861,RING_00175,2026-05-09T01:39:32.172228+00:00,83,19,3530.96,185.84,4,4,0.2105,0.2105,2,0.8323,emulator_bot,virtual_card
ACC_002862,RING_00175,2026-05-09T00:33:05.854897+00:00,83,22,3084.4,140.2,3,4,0.1364,0.1818,5,0.8694,emulator_bot,virtual_card
ACC_002863,RING_00175,2026-05-09T00:30:37.826920+00:00,83,17,2968.2,174.6,3,3,0.1765,0.1765,6,0.8519,emulator_bot,virtual_card
ACC_002864,RING_00175,2026-05-09T00:47:44.804453+00:00,83,21,3047.1,145.1,3,2,0.1429,0.0952,2,0.8558,emulator_bot,virtual_card
ACC_002865,RING_00175,2026-05-09T01:36:32.278806+00:00,83,13,1465.36,112.72,2,4,0.1538,0.3077,5,0.9333,emulator_bot,virtual_card
ACC_002866,RING_00176,2026-07-13T08:09:34.996073+00:00,18,21,1443.96,68.76,0,0,0.0,0.0,0,0.0773,mobile_ios,apple_pay
ACC_002867,RING_00176,2027-03-06T11:14:35.514685+00:00,1,9,546.66,60.74,0,0,0.0,0.0,1,0.0592,desktop_chrome,debit_card
ACC_002868,RING_00176,2026-12-23T06:00:09.163037+00:00,1,16,561.92,35.12,0,0,0.0,0.0,1,0.0341,desktop_chrome,apple_pay
ACC_002869,RING_00176,2026-05-20T03:01:28.650833+00:00,72,23,620.54,26.98,1,0,0.0435,0.0,0,0.0713,desktop_chrome,apple_pay
ACC_002870,RING_00176,2026-10-21T23:07:00.885410+00:00,1,27,1787.13,66.19,2,1,0.0741,0.037,0,0.0599,mobile_ios,apple_pay
ACC_002871,RING_00176,2026-11-27T01:40:30.901950+00:00,1,13,694.2,53.4,0,0,0.0,0.0,1,0.0697,desktop_chrome,credit_card
ACC_002872,RING_00176,2026-09-12T18:40:12.312738+00:00,1,7,617.05,88.15,0,0,0.0,0.0,1,0.057,desktop_chrome,apple_pay
ACC_002873,RING_00176,2026-11-22T14:55:26.298580+00:00,1,28,1211.28,43.26,1,0,0.0357,0.0,1,0.0388,desktop_safari,credit_card
ACC_002874,RING_00176,2027-01-03T14:46:27.440615+00:00,1,29,939.6,32.4,2,1,0.069,0.0345,0,0.0494,desktop_chrome,debit_card
ACC_002875,RING_00176,2027-02-08T00:28:07.775197+00:00,1,16,1017.28,63.58,0,0,0.0,0.0,1,0.0213,desktop_chrome,debit_card
ACC_002876,RING_00176,2026-10-16T17:19:44.575898+00:00,1,10,323.4,32.34,0,0,0.0,0.0,1,0.0791,desktop_chrome,apple_pay
ACC_002877,RING_00176,2027-01-26T18:37:16.089466+00:00,1,15,1159.65,77.31,1,0,0.0667,0.0,0,0.0294,mobile_ios,apple_pay
ACC_002878,RING_00176,2026-06-24T07:07:02.787196+00:00,37,9,742.41,82.49,0,0,0.0,0.0,1,0.0735,mobile_ios,credit_card
ACC_002879,RING_00176,2026-07-29T14:17:47.622895+00:00,2,20,1588.8,79.44,1,0,0.05,0.0,0,0.016,desktop_chrome,debit_card
ACC_002880,RING_00176,2026-09-20T19:31:33.779121+00:00,1,13,1047.41,80.57,1,0,0.0769,0.0,0,0.0315,desktop_safari,debit_card
ACC_002881,RING_00176,2026-07-24T06:58:26.541215+00:00,7,13,1071.07,82.39,1,0,0.0769,0.0,0,0.0345,desktop_chrome,apple_pay
ACC_002882,RING_00176,2026-12-30T02:25:53.453661+00:00,1,21,726.6,34.6,0,0,0.0,0.0,0,0.0611,desktop_safari,debit_card
ACC_002883,RING_00176,2027-03-21T04:30:50.035841+00:00,1,17,621.35,36.55,0,0,0.0,0.0,0,0.0465,desktop_chrome,apple_pay
ACC_002884,RING_00176,2026-06-06T04:52:25.122039+00:00,55,28,766.92,27.39,3,1,0.1071,0.0357,1,0.0272,desktop_chrome,credit_card
ACC_002885,RING_00176,2027-02-08T05:31:05.533697+00:00,1,10,772.3,77.23,0,0,0.0,0.0,1,0.0409,desktop_safari,apple_pay
ACC_002886,RING_00176,2026-05-13T14:05:52.829741+00:00,79,7,423.92,60.56,0,0,0.0,0.0,0,0.0683,desktop_safari,credit_card
ACC_002887,RING_00176,2026-12-26T02:11:40.076691+00:00,1,8,369.36,46.17,0,0,0.0,0.0,1,0.0446,desktop_safari,debit_card
ACC_002888,RING_00176,2026-05-02T03:33:34.441340+00:00,90,21,1844.22,87.82,1,0,0.0476,0.0,1,0.014,desktop_safari,debit_card
ACC_002889,RING_00176,2026-08-05T23:08:17.863812+00:00,1,27,1789.83,66.29,2,1,0.0741,0.037,0,0.0438,desktop_chrome,apple_pay
ACC_002890,RING_00176,2026-09-17T02:05:31.994525+00:00,1,23,1513.17,65.79,2,1,0.087,0.0435,1,0.0471,desktop_safari,debit_card
ACC_002891,RING_00176,2026-08-26T19:41:44.261703+00:00,1,20,1071.0,53.55,1,0,0.05,0.0,0,0.0619,mobile_ios,credit_card
ACC_002892,RING_00176,2026-12-15T10:21:37.081184+00:00,1,17,517.14,30.42,1,0,0.0588,0.0,0,0.036,desktop_chrome,credit_card
ACC_002893,RING_00176,2027-02-05T05:04:56.590660+00:00,1,6,266.46,44.41,0,0,0.0,0.0,0,0.0131,desktop_chrome,debit_card
ACC_002894,RING_00176,2026-11-13T13:41:56.757500+00:00,1,11,497.64,45.24,0,0,0.0,0.0,0,0.0639,desktop_safari,debit_card
ACC_002895,RING_00176,2026-12-14T07:53:31.101852+00:00,1,6,555.24,92.54,0,0,0.0,0.0,0,0.0298,mobile_ios,credit_card
ACC_002896,RING_00176,2026-11-30T08:55:53.827093+00:00,1,27,2116.53,78.39,0,0,0.0,0.0,1,0.0716,mobile_ios,credit_card
ACC_002897,RING_00176,2026-10-23T13:58:13.778352+00:00,1,23,1528.58,66.46,0,0,0.0,0.0,1,0.0491,desktop_chrome,apple_pay
ACC_002898,RING_00176,2027-02-01T19:09:03.013782+00:00,1,16,1484.0,92.75,1,0,0.0625,0.0,1,0.0518,mobile_ios,apple_pay
ACC_002899,RING_00176,2026-11-27T14:23:37.590785+00:00,1,10,860.1,86.01,0,0,0.0,0.0,0,0.0587,mobile_ios,debit_card
ACC_002900,RING_00176,2026-11-28T16:33:24.227459+00:00,1,29,934.67,32.23,1,0,0.0345,0.0,1,0.0238,mobile_ios,credit_card
ACC_002901,RING_00176,2027-01-12T14:23:15.280331+00:00,1,24,1658.4,69.1,1,0,0.0417,0.0,0,0.0204,mobile_ios,credit_card
ACC_002902,RING_00176,2026-11-15T14:07:03.816638+00:00,1,10,559.7,55.97,0,0,0.0,0.0,1,0.0429,mobile_ios,apple_pay
ACC_002903,RING_00176,2026-12-29T00:17:13.493482+00:00,1,13,736.19,56.63,0,0,0.0,0.0,0,0.0361,mobile_ios,credit_card
ACC_002904,RING_00176,2026-05-12T17:47:20.527727+00:00,80,26,819.78,31.53,1,0,0.0385,0.0,0,0.0604,mobile_ios,debit_card
ACC_002905,RING_00176,2026-07-29T14:41:04.162698+00:00,2,10,605.2,60.52,0,0,0.0,0.0,1,0.0556,desktop_safari,debit_card
ACC_002906,RING_00177,2027-02-03T14:44:57.352164+00:00,1,31,1658.81,53.51,1,0,0.0323,0.0,3,0.0494,mobile_ios,debit_card
ACC_002907,RING_00177,2026-09-02T09:36:15.683194+00:00,1,26,2398.76,92.26,1,0,0.0385,0.0,1,0.0555,mobile_ios,debit_card
ACC_002908,RING_00177,2026-06-03T07:46:59.357366+00:00,58,19,1675.42,88.18,0,0,0.0,0.0,1,0.0587,mobile_ios,debit_card
ACC_002909,RING_00177,2026-09-26T00:56:33.011967+00:00,1,15,2349.45,156.63,0,0,0.0,0.0,1,0.023,desktop_chrome,credit_card
ACC_002910,RING_00177,2026-12-29T01:31:47.418526+00:00,1,11,722.59,65.69,0,0,0.0,0.0,2,0.014,mobile_ios,debit_card
ACC_002911,RING_00177,2027-01-04T20:26:19.057689+00:00,1,30,2642.4,88.08,2,1,0.0667,0.0333,2,0.0665,mobile_android,credit_card
ACC_002912,RING_00177,2026-05-27T09:21:46.105522+00:00,65,24,1234.8,51.45,2,1,0.0833,0.0417,3,0.0629,mobile_ios,credit_card
ACC_002913,RING_00177,2027-03-29T17:12:00.703284+00:00,1,32,2302.4,71.95,1,0,0.0312,0.0,3,0.0661,mobile_ios,credit_card
ACC_002914,RING_00177,2027-03-27T04:19:29.937046+00:00,1,10,925.2,92.52,0,0,0.0,0.0,2,0.0345,mobile_ios,debit_card
ACC_002915,RING_00177,2026-08-11T23:31:15.089011+00:00,1,25,2899.75,115.99,2,1,0.08,0.04,1,0.0325,mobile_android,credit_card
ACC_002916,RING_00177,2026-09-02T11:51:28.162548+00:00,1,35,3967.95,113.37,0,0,0.0,0.0,1,0.0603,desktop_chrome,credit_card
ACC_002917,RING_00177,2026-06-23T00:59:44.033448+00:00,38,35,1982.4,56.64,2,1,0.0571,0.0286,2,0.033,desktop_chrome,credit_card
ACC_002918,RING_00177,2026-09-06T01:29:45.715081+00:00,1,31,2474.42,79.82,1,0,0.0323,0.0,3,0.0632,mobile_android,credit_card
ACC_002919,RING_00177,2026-05-30T06:33:49.273875+00:00,62,33,1605.78,48.66,2,1,0.0606,0.0303,1,0.0128,mobile_ios,debit_card
ACC_002920,RING_00177,2026-07-18T10:05:45.173217+00:00,13,11,577.17,52.47,0,0,0.0,0.0,3,0.0358,desktop_chrome,debit_card
ACC_002921,RING_00177,2026-09-10T12:50:05.195405+00:00,1,30,4413.6,147.12,0,0,0.0,0.0,3,0.0494,mobile_android,credit_card
ACC_002922,RING_00177,2026-11-24T11:28:02.723580+00:00,1,14,719.46,51.39,0,0,0.0,0.0,2,0.0457,desktop_chrome,debit_card
ACC_002923,RING_00177,2026-12-01T15:44:42.869739+00:00,1,33,2342.34,70.98,1,0,0.0303,0.0,2,0.011,mobile_ios,credit_card
ACC_002924,RING_00177,2026-08-20T22:40:53.049709+00:00,1,17,2134.52,125.56,1,0,0.0588,0.0,2,0.0241,mobile_android,credit_card
ACC_002925,RING_00177,2026-11-15T13:13:04.998351+00:00,1,38,4681.6,123.2,1,0,0.0263,0.0,1,0.0114,mobile_android,credit_card
ACC_002926,RING_00177,2026-09-26T07:35:27.556843+00:00,1,25,3103.75,124.15,1,0,0.04,0.0,3,0.0114,mobile_ios,credit_card
ACC_002927,RING_00177,2026-04-20T16:20:51.915042+00:00,102,29,4171.65,143.85,1,0,0.0345,0.0,2,0.0587,desktop_chrome,debit_card
ACC_002928,RING_00177,2027-02-19T20:32:23.404539+00:00,1,36,4088.16,113.56,3,2,0.0833,0.0556,1,0.0578,desktop_chrome,credit_card
ACC_002929,RING_00177,2026-11-20T11:46:47.368076+00:00,1,21,1696.38,80.78,1,0,0.0476,0.0,1,0.06,mobile_android,credit_card
ACC_002930,RING_00178,2026-07-01T06:24:50.012457+00:00,30,20,2965.4,148.27,0,0,0.0,0.0,1,0.0586,desktop_safari,paypal
ACC_002931,RING_00178,2027-01-02T06:52:16.615596+00:00,1,21,1987.65,94.65,1,0,0.0476,0.0,1,0.0865,desktop_chrome,paypal
ACC_002932,RING_00178,2026-06-10T09:28:57.413131+00:00,51,15,2352.75,156.85,0,0,0.0,0.0,1,0.0814,desktop_safari,paypal
ACC_002933,RING_00178,2026-04-05T10:30:33.054284+00:00,117,13,1423.5,109.5,0,0,0.0,0.0,2,0.0745,desktop_chrome,credit_card
ACC_002934,RING_00178,2026-04-02T21:49:52.057717+00:00,120,36,1632.96,45.36,2,1,0.0556,0.0278,3,0.0293,mobile_ios,paypal
ACC_002935,RING_00178,2026-04-29T06:27:48.652976+00:00,93,36,1790.64,49.74,2,1,0.0556,0.0278,1,0.0869,desktop_safari,paypal
ACC_002936,RING_00178,2026-05-03T05:25:42.106235+00:00,89,32,5611.52,175.36,0,0,0.0,0.0,2,0.0679,desktop_chrome,credit_card
ACC_002937,RING_00178,2026-04-21T05:39:01.708118+00:00,101,30,2212.2,73.74,1,0,0.0333,0.0,2,0.0465,mobile_ios,credit_card
ACC_002938,RING_00178,2026-04-19T21:00:23.460660+00:00,103,28,1908.2,68.15,1,0,0.0357,0.0,3,0.0805,mobile_ios,paypal
ACC_002939,RING_00178,2026-12-03T07:18:03.477442+00:00,1,36,4131.36,114.76,0,0,0.0,0.0,1,0.0672,desktop_safari,credit_card
ACC_002940,RING_00178,2026-07-27T05:24:51.410320+00:00,4,18,2481.3,137.85,1,0,0.0556,0.0,3,0.0603,desktop_chrome,credit_card
ACC_002941,RING_00178,2026-12-26T01:01:25.186607+00:00,1,24,1972.8,82.2,1,0,0.0417,0.0,3,0.0461,desktop_safari,credit_card
ACC_002942,RING_00178,2026-11-21T00:18:13.139585+00:00,1,21,1066.8,50.8,1,0,0.0476,0.0,2,0.0291,desktop_chrome,paypal
ACC_002943,RING_00178,2026-08-06T07:53:41.409331+00:00,1,10,789.8,78.98,0,0,0.0,0.0,2,0.0509,desktop_chrome,credit_card
ACC_002944,RING_00178,2026-09-13T07:31:27.821953+00:00,1,9,922.68,102.52,0,0,0.0,0.0,3,0.0327,desktop_chrome,paypal
ACC_002945,RING_00178,2026-11-29T21:30:04.279080+00:00,1,31,3007.93,97.03,2,1,0.0645,0.0323,3,0.0734,desktop_safari,credit_card
ACC_002946,RING_00178,2026-04-30T05:31:02.419091+00:00,92,33,4485.03,135.91,2,1,0.0606,0.0303,2,0.0177,desktop_safari,paypal
ACC_002947,RING_00178,2026-11-29T01:57:32.768752+00:00,1,33,5468.76,165.72,0,0,0.0,0.0,1,0.0898,desktop_chrome,paypal
ACC_002948,RING_00178,2026-07-02T06:06:19.086277+00:00,29,18,2233.26,124.07,1,0,0.0556,0.0,2,0.0646,desktop_safari,credit_card
ACC_002949,RING_00178,2026-07-12T08:28:14.378401+00:00,19,34,5503.92,161.88,1,0,0.0294,0.0,1,0.0167,desktop_chrome,credit_card
ACC_002950,RING_00178,2026-03-31T02:33:30.476538+00:00,122,32,4083.2,127.6,1,0,0.0312,0.0,1,0.0296,mobile_ios,paypal
ACC_002951,RING_00178,2026-04-08T22:58:41.340285+00:00,114,9,1176.75,130.75,0,0,0.0,0.0,3,0.0715,desktop_safari,paypal
ACC_002952,RING_00178,2026-12-20T20:46:46.414215+00:00,1,35,2618.0,74.8,0,0,0.0,0.0,2,0.0396,desktop_safari,credit_card
ACC_002953,RING_00178,2026-06-28T10:39:16.231184+00:00,33,19,2664.94,140.26,1,0,0.0526,0.0,1,0.0634,mobile_ios,paypal
ACC_002954,RING_00178,2026-04-12T10:20:04.443918+00:00,110,36,5117.76,142.16,2,1,0.0556,0.0278,2,0.0824,desktop_chrome,paypal
ACC_002955,RING_00178,2026-03-20T05:56:31.814636+00:00,133,12,498.24,41.52,0,0,0.0,0.0,2,0.0226,desktop_safari,paypal
ACC_002956,RING_00178,2026-04-08T10:24:13.008770+00:00,114,39,6018.09,154.31,2,1,0.0513,0.0256,2,0.0784,desktop_chrome,paypal
ACC_002957,RING_00178,2026-11-21T13:45:01.387532+00:00,1,21,1365.63,65.03,1,0,0.0476,0.0,1,0.0574,desktop_safari,credit_card
ACC_002958,RING_00178,2026-07-25T17:28:48.738330+00:00,6,11,950.51,86.41,0,0,0.0,0.0,3,0.0404,mobile_ios,paypal
ACC_002959,RING_00178,2026-06-14T13:02:07.154447+00:00,47,17,1080.52,63.56,0,0,0.0,0.0,3,0.0816,desktop_safari,paypal
ACC_002960,RING_00178,2026-12-07T17:46:03.978226+00:00,1,31,2919.27,94.17,1,0,0.0323,0.0,2,0.0663,mobile_ios,paypal
ACC_002961,RING_00178,2026-09-20T04:08:08.893943+00:00,1,10,1308.5,130.85,0,0,0.0,0.0,1,0.0356,desktop_chrome,credit_card
ACC_002962,RING_00178,2026-12-17T18:19:31.328476+00:00,1,26,2549.56,98.06,1,0,0.0385,0.0,2,0.045,mobile_ios,paypal
ACC_002963,RING_00178,2026-12-31T18:48:53.604807+00:00,1,39,6010.68,154.12,2,1,0.0513,0.0256,1,0.0798,mobile_ios,credit_card
ACC_002964,RING_00178,2026-12-21T01:14:29.775461+00:00,1,29,4533.86,156.34,2,1,0.069,0.0345,2,0.0462,desktop_safari,paypal
ACC_002965,RING_00178,2026-09-22T17:01:02.537982+00:00,1,13,2044.25,157.25,0,0,0.0,0.0,1,0.0752,desktop_chrome,credit_card
ACC_002966,RING_00178,2026-03-21T03:57:35.132065+00:00,132,36,6249.6,173.6,2,1,0.0556,0.0278,3,0.0238,desktop_chrome,paypal
ACC_002967,RING_00178,2026-07-30T19:25:56.759745+00:00,1,39,3565.38,91.42,2,1,0.0513,0.0256,3,0.0326,desktop_chrome,credit_card
ACC_002968,RING_00178,2026-11-24T06:03:57.093291+00:00,1,25,4351.5,174.06,1,0,0.04,0.0,3,0.0614,mobile_ios,credit_card
ACC_002969,RING_00178,2026-06-20T03:13:17.747084+00:00,41,38,6789.84,178.68,0,0,0.0,0.0,2,0.0211,mobile_ios,paypal
ACC_002970,RING_00178,2026-05-27T00:37:22.519265+00:00,65,33,1893.21,57.37,2,1,0.0606,0.0303,3,0.0471,mobile_ios,credit_card
ACC_002971,RING_00178,2026-05-22T07:43:31.574136+00:00,70,32,5081.6,158.8,2,1,0.0625,0.0312,1,0.0675,mobile_ios,credit_card
ACC_002972,RING_00179,2026-03-18T00:44:53.322246+00:00,135,34,556.24,16.36,0,0,0.0,0.0,0,0.8577,emulator_bot,credit_card
ACC_002973,RING_00179,2026-03-18T00:30:23.061554+00:00,135,40,500.0,12.5,0,0,0.0,0.0,0,0.9573,emulator_bot,credit_card
ACC_002974,RING_00179,2026-03-18T00:09:28.490672+00:00,135,42,306.18,7.29,0,0,0.0,0.0,0,0.9283,emulator_bot,credit_card
ACC_002975,RING_00179,2026-03-18T00:06:12.220683+00:00,135,39,602.16,15.44,0,0,0.0,0.0,0,0.9419,emulator_bot,credit_card
ACC_002976,RING_00179,2026-03-18T00:16:02.242713+00:00,135,33,182.49,5.53,0,0,0.0,0.0,0,0.8924,emulator_bot,credit_card
ACC_002977,RING_00179,2026-03-18T00:06:33.565948+00:00,135,22,182.6,8.3,0,0,0.0,0.0,0,0.9569,emulator_bot,credit_card
ACC_002978,RING_00179,2026-03-18T00:25:38.171919+00:00,135,27,334.53,12.39,0,0,0.0,0.0,0,0.9684,emulator_bot,credit_card
ACC_002979,RING_00179,2026-03-18T00:35:14.365798+00:00,135,24,387.12,16.13,0,0,0.0,0.0,0,0.907,emulator_bot,credit_card
ACC_002980,RING_00179,2026-03-18T00:29:36.973536+00:00,135,28,434.0,15.5,0,0,0.0,0.0,0,0.978,emulator_bot,credit_card
ACC_002981,RING_00179,2026-03-18T00:27:46.436060+00:00,135,27,340.47,12.61,0,0,0.0,0.0,0,0.9703,emulator_bot,credit_card
ACC_002982,RING_00179,2026-03-18T00:19:36.137504+00:00,135,30,238.5,7.95,0,0,0.0,0.0,0,0.8997,emulator_bot,credit_card
ACC_002983,RING_00179,2026-03-18T00:07:46.368884+00:00,135,44,360.8,8.2,0,0,0.0,0.0,0,0.912,emulator_bot,credit_card
ACC_002984,RING_00179,2026-03-18T00:28:42.005063+00:00,135,35,353.15,10.09,0,0,0.0,0.0,0,0.8514,emulator_bot,credit_card
ACC_002985,RING_00179,2026-03-18T00:18:52.238969+00:00,135,17,68.17,4.01,0,0,0.0,0.0,0,0.9381,emulator_bot,credit_card
ACC_002986,RING_00179,2026-03-18T00:13:44.745988+00:00,135,25,269.75,10.79,0,0,0.0,0.0,0,0.9462,emulator_bot,credit_card
ACC_002987,RING_00179,2026-03-18T00:29:40.072935+00:00,135,29,204.74,7.06,0,0,0.0,0.0,0,0.8006,emulator_bot,credit_card
ACC_002988,RING_00179,2026-03-18T00:17:02.047328+00:00,135,15,225.0,15.0,0,0,0.0,0.0,0,0.8179,emulator_bot,credit_card
ACC_002989,RING_00179,2026-03-18T00:07:34.491959+00:00,135,44,590.48,13.42,0,0,0.0,0.0,0,0.8833,emulator_bot,credit_card
ACC_002990,RING_00179,2026-03-18T00:21:45.486646+00:00,135,25,189.75,7.59,0,0,0.0,0.0,0,0.8569,emulator_bot,credit_card
ACC_002991,RING_00179,2026-03-18T00:13:00.793402+00:00,135,27,340.47,12.61,0,0,0.0,0.0,0,0.9322,emulator_bot,credit_card
ACC_002992,RING_00179,2026-03-18T00:33:00.419565+00:00,135,40,703.6,17.59,0,0,0.0,0.0,0,0.8415,emulator_bot,credit_card
ACC_002993,RING_00179,2026-03-18T00:02:07.081283+00:00,135,36,547.2,15.2,0,0,0.0,0.0,0,0.804,emulator_bot,credit_card
ACC_002994,RING_00179,2026-03-18T00:38:22.678663+00:00,135,36,524.52,14.57,0,0,0.0,0.0,0,0.96,emulator_bot,credit_card
ACC_002995,RING_00179,2026-03-18T00:20:45.634915+00:00,135,35,565.25,16.15,0,0,0.0,0.0,0,0.9375,emulator_bot,credit_card
ACC_002996,RING_00179,2026-03-18T00:00:43.048342+00:00,135,34,469.54,13.81,0,0,0.0,0.0,0,0.8983,emulator_bot,credit_card
ACC_002997,RING_00179,2026-03-18T00:06:00.078659+00:00,135,25,151.5,6.06,0,0,0.0,0.0,0,0.8263,emulator_bot,credit_card
ACC_002998,RING_00179,2026-03-18T00:42:32.689315+00:00,135,15,120.0,8.0,0,0,0.0,0.0,0,0.8032,emulator_bot,credit_card
ACC_002999,RING_00179,2026-03-18T00:24:09.918002+00:00,135,27,303.21,11.23,0,0,0.0,0.0,0,0.8442,emulator_bot,credit_card
ACC_003000,RING_00179,2026-03-18T00:34:35.072406+00:00,135,32,429.44,13.42,0,0,0.0,0.0,0,0.9006,emulator_bot,credit_card
ACC_003001,RING_00180,2027-02-15T15:35:07.935884+00:00,1,12,534.84,44.57,0,0,0.0,0.0,1,0.0385,mobile_ios,credit_card
ACC_003002,RING_00180,2026-07-16T20:05:36.857316+00:00,15,16,703.52,43.97,0,0,0.0,0.0,0,0.0444,mobile_ios,credit_card
ACC_003003,RING_00180,2026-10-11T18:59:56.163234+00:00,1,18,1893.24,105.18,0,0,0.0,0.0,1,0.0203,mobile_ios,credit_card
ACC_003004,RING_00180,2026-12-28T00:41:19.950133+00:00,1,19,2038.7,107.3,0,0,0.0,0.0,1,0.019,mobile_ios,credit_card
ACC_003005,RING_00180,2026-12-13T06:28:39.312285+00:00,1,15,813.45,54.23,0,0,0.0,0.0,1,0.0191,mobile_ios,credit_card
ACC_003006,RING_00180,2026-12-16T13:58:10.948306+00:00,1,6,396.6,66.1,0,0,0.0,0.0,0,0.0629,mobile_ios,credit_card
ACC_003007,RING_00180,2026-09-16T12:36:56.245549+00:00,1,19,1858.01,97.79,0,0,0.0,0.0,1,0.0289,mobile_ios,credit_card
ACC_003008,RING_00180,2027-03-08T00:23:09.357564+00:00,1,15,1398.15,93.21,1,0,0.0667,0.0,0,0.0614,mobile_ios,credit_card
ACC_003009,RING_00180,2026-11-17T12:10:16.363652+00:00,1,9,793.44,88.16,0,0,0.0,0.0,1,0.041,mobile_ios,credit_card
ACC_003010,RING_00180,2026-11-26T07:31:51.526608+00:00,1,9,461.7,51.3,0,0,0.0,0.0,1,0.0354,mobile_ios,credit_card
ACC_003011,RING_00180,2027-04-16T13:11:06.696076+00:00,1,5,457.65,91.53,0,0,0.0,0.0,1,0.045,mobile_ios,credit_card
ACC_003012,RING_00180,2027-02-23T04:43:21.650684+00:00,1,8,479.84,59.98,0,0,0.0,0.0,1,0.0697,mobile_ios,credit_card
ACC_003013,RING_00180,2026-08-30T17:09:33.130272+00:00,1,19,1581.37,83.23,1,0,0.0526,0.0,0,0.0487,mobile_ios,credit_card
ACC_003014,RING_00180,2027-03-03T09:25:13.029715+00:00,1,9,578.79,64.31,0,0,0.0,0.0,1,0.0323,mobile_ios,credit_card
ACC_003015,RING_00180,2026-09-17T14:50:07.133268+00:00,1,18,1790.1,99.45,0,0,0.0,0.0,1,0.0425,mobile_ios,credit_card
ACC_003016,RING_00181,2027-03-19T11:25:27.398714+00:00,1,31,4518.25,145.75,1,0,0.0323,0.0,3,0.0691,desktop_chrome,debit_card
ACC_003017,RING_00181,2026-12-25T08:09:57.704988+00:00,1,22,1137.62,51.71,1,0,0.0455,0.0,2,0.0496,mobile_ios,credit_card
ACC_003018,RING_00181,2026-04-25T21:08:08.095991+00:00,97,12,1555.8,129.65,0,0,0.0,0.0,2,0.0679,mobile_android,debit_card
ACC_003019,RING_00181,2027-01-26T04:00:10.948930+00:00,1,29,3749.99,129.31,2,1,0.069,0.0345,2,0.0193,desktop_chrome,credit_card
ACC_003020,RING_00181,2026-04-29T09:37:15.957530+00:00,93,35,2577.05,73.63,1,0,0.0286,0.0,2,0.02,mobile_ios,debit_card
ACC_003021,RING_00181,2026-09-09T11:48:43.829491+00:00,1,17,2577.88,151.64,1,0,0.0588,0.0,1,0.0585,mobile_android,debit_card
ACC_003022,RING_00181,2026-11-11T02:21:07.860823+00:00,1,11,620.73,56.43,0,0,0.0,0.0,1,0.051,mobile_ios,debit_card
ACC_003023,RING_00181,2026-06-16T10:11:46.749479+00:00,45,12,1629.72,135.81,0,0,0.0,0.0,3,0.0588,desktop_chrome,credit_card
ACC_003024,RING_00181,2026-04-04T17:21:54.907568+00:00,118,10,877.5,87.75,0,0,0.0,0.0,3,0.0521,desktop_chrome,credit_card
ACC_003025,RING_00181,2026-04-19T11:47:07.090715+00:00,103,36,4385.52,121.82,2,1,0.0556,0.0278,2,0.0228,mobile_ios,credit_card
ACC_003026,RING_00181,2026-04-30T02:04:32.594227+00:00,92,37,1993.19,53.87,1,0,0.027,0.0,1,0.0105,mobile_android,credit_card
ACC_003027,RING_00181,2026-05-12T18:10:17.327331+00:00,80,32,4268.48,133.39,1,0,0.0312,0.0,1,0.0302,mobile_ios,debit_card
ACC_003028,RING_00181,2026-10-30T03:18:17.717295+00:00,1,37,3142.04,84.92,3,1,0.0811,0.027,2,0.0353,mobile_ios,debit_card
ACC_003029,RING_00181,2026-12-23T22:22:10.351763+00:00,1,30,2974.2,99.14,2,1,0.0667,0.0333,2,0.0607,mobile_ios,credit_card
ACC_003030,RING_00181,2026-10-25T01:54:36.142737+00:00,1,26,1707.16,65.66,1,0,0.0385,0.0,2,0.0687,mobile_ios,credit_card
ACC_003031,RING_00181,2027-03-07T02:54:35.235712+00:00,1,13,1322.23,101.71,1,0,0.0769,0.0,3,0.0147,mobile_android,debit_card
ACC_003032,RING_00181,2027-01-13T07:29:29.373226+00:00,1,35,1954.05,55.83,0,0,0.0,0.0,2,0.0687,desktop_chrome,credit_card
ACC_003033,RING_00181,2027-02-20T16:33:58.761322+00:00,1,14,1048.88,74.92,1,0,0.0714,0.0,2,0.0661,mobile_android,debit_card
ACC_003034,RING_00181,2027-02-06T16:49:47.827063+00:00,1,29,2414.25,83.25,2,1,0.069,0.0345,1,0.0604,mobile_ios,credit_card
ACC_003035,RING_00181,2026-05-04T17:53:07.191118+00:00,88,16,2320.48,145.03,1,0,0.0625,0.0,2,0.0501,desktop_chrome,credit_card
ACC_003036,RING_00181,2026-07-24T18:19:47.009084+00:00,7,29,1606.31,55.39,0,0,0.0,0.0,1,0.0422,mobile_ios,debit_card
ACC_003037,RING_00182,2026-12-05T09:32:56.849710+00:00,1,23,2159.24,93.88,0,0,0.0,0.0,0,0.0625,mobile_android,paypal
ACC_003038,RING_00183,2026-07-14T09:19:55.068753+00:00,17,34,3567.96,104.94,3,1,0.0882,0.0294,2,0.0102,desktop_chrome,credit_card
ACC_003039,RING_00183,2027-01-01T08:36:59.538943+00:00,1,24,3420.96,142.54,2,1,0.0833,0.0417,2,0.0238,mobile_ios,credit_card
ACC_003040,RING_00183,2026-05-05T13:23:43.307869+00:00,87,22,2167.66,98.53,1,0,0.0455,0.0,2,0.0532,desktop_chrome,credit_card
ACC_003041,RING_00183,2026-12-26T17:28:47.167082+00:00,1,15,2070.0,138.0,1,0,0.0667,0.0,1,0.0634,mobile_ios,credit_card
ACC_003042,RING_00183,2026-01-26T11:15:27.415526+00:00,186,12,1248.48,104.04,1,0,0.0833,0.0,0,0.0147,desktop_chrome,credit_card
ACC_003043,RING_00183,2026-01-17T18:17:25.909346+00:00,195,18,766.98,42.61,0,0,0.0,0.0,1,0.0125,mobile_ios,credit_card
ACC_003044,RING_00183,2026-05-16T16:52:34.888908+00:00,76,25,3284.25,131.37,1,0,0.04,0.0,1,0.0195,desktop_chrome,credit_card
ACC_003045,RING_00183,2026-12-31T22:05:06.814232+00:00,1,31,2510.38,80.98,1,0,0.0323,0.0,0,0.0573,desktop_chrome,credit_card
ACC_003046,RING_00183,2026-03-23T23:50:11.792636+00:00,130,30,3783.3,126.11,3,2,0.1,0.0667,2,0.024,desktop_chrome,credit_card
ACC_003047,RING_00184,2026-10-31T16:25:39.499817+00:00,1,36,4349.52,120.82,2,1,0.0556,0.0278,2,0.0355,mobile_ios,paypal
ACC_003048,RING_00184,2026-05-18T14:40:25.959335+00:00,74,37,5584.41,150.93,1,0,0.027,0.0,1,0.0868,mobile_ios,paypal
ACC_003049,RING_00184,2026-09-10T04:50:43.495797+00:00,1,37,2000.22,54.06,2,1,0.0541,0.027,2,0.0519,desktop_safari,paypal
ACC_003050,RING_00184,2026-08-20T17:33:31.867635+00:00,1,31,4638.53,149.63,0,0,0.0,0.0,1,0.0854,desktop_safari,credit_card
ACC_003051,RING_00184,2027-02-14T12:09:36.248461+00:00,1,34,1509.26,44.39,0,0,0.0,0.0,2,0.0852,mobile_ios,paypal
ACC_003052,RING_00184,2026-10-03T15:09:20.767560+00:00,1,28,1570.8,56.1,0,0,0.0,0.0,3,0.0342,desktop_chrome,paypal
ACC_003053,RING_00184,2026-08-10T10:23:12.983881+00:00,1,30,3561.0,118.7,0,0,0.0,0.0,2,0.0372,desktop_chrome,paypal
ACC_003054,RING_00184,2026-05-27T21:25:19.538929+00:00,65,33,3749.79,113.63,0,0,0.0,0.0,1,0.026,desktop_chrome,credit_card
ACC_003055,RING_00184,2027-02-25T19:32:35.391530+00:00,1,25,3823.25,152.93,1,0,0.04,0.0,1,0.025,mobile_ios,paypal
ACC_003056,RING_00184,2026-05-19T07:23:15.479503+00:00,73,21,1198.89,57.09,1,0,0.0476,0.0,3,0.0346,mobile_ios,paypal
ACC_003057,RING_00184,2026-07-01T16:56:16.271779+00:00,30,14,1561.7,111.55,1,0,0.0714,0.0,1,0.079,mobile_ios,credit_card
ACC_003058,RING_00184,2026-10-19T17:24:24.946689+00:00,1,39,2026.44,51.96,2,1,0.0513,0.0256,2,0.0417,desktop_chrome,paypal
ACC_003059,RING_00184,2026-12-30T22:54:01.145218+00:00,1,21,1935.36,92.16,1,0,0.0476,0.0,2,0.0257,mobile_ios,paypal
ACC_003060,RING_00184,2026-08-23T05:20:13.746397+00:00,1,18,1508.22,83.79,0,0,0.0,0.0,1,0.0489,desktop_chrome,paypal
ACC_003061,RING_00184,2026-08-04T10:02:55.933981+00:00,1,9,1308.06,145.34,0,0,0.0,0.0,1,0.0431,desktop_safari,paypal
ACC_003062,RING_00184,2026-06-11T14:27:39.313322+00:00,50,14,1167.46,83.39,1,0,0.0714,0.0,2,0.0642,mobile_ios,paypal
ACC_003063,RING_00184,2027-02-03T18:29:45.843676+00:00,1,22,3729.66,169.53,1,0,0.0455,0.0,3,0.0511,mobile_ios,credit_card
ACC_003064,RING_00184,2027-02-19T17:08:23.325468+00:00,1,30,1405.5,46.85,0,0,0.0,0.0,1,0.0233,desktop_safari,paypal
ACC_003065,RING_00184,2026-12-11T11:42:57.569929+00:00,1,28,3867.36,138.12,0,0,0.0,0.0,1,0.024,desktop_chrome,paypal
ACC_003066,RING_00184,2026-09-07T05:14:10.275659+00:00,1,31,2278.5,73.5,0,0,0.0,0.0,2,0.0478,desktop_safari,paypal
ACC_003067,RING_00184,2027-01-23T16:45:54.323546+00:00,1,13,1594.58,122.66,0,0,0.0,0.0,2,0.0576,desktop_chrome,paypal
ACC_003068,RING_00184,2026-08-02T15:12:29.555264+00:00,1,33,3580.83,108.51,2,1,0.0606,0.0303,3,0.0197,desktop_chrome,paypal
ACC_003069,RING_00184,2026-09-01T01:55:45.377409+00:00,1,8,1013.2,126.65,0,0,0.0,0.0,2,0.0488,mobile_ios,paypal
ACC_003070,RING_00184,2026-07-23T17:42:44.472091+00:00,8,15,1461.0,97.4,1,0,0.0667,0.0,3,0.0495,desktop_safari,paypal
ACC_003071,RING_00184,2026-07-07T22:42:17.172770+00:00,24,15,2250.3,150.02,0,0,0.0,0.0,3,0.057,desktop_safari,credit_card
ACC_003072,RING_00184,2026-07-31T16:27:49.728758+00:00,1,39,3254.55,83.45,2,1,0.0513,0.0256,1,0.0401,mobile_ios,paypal
ACC_003073,RING_00185,2026-12-18T00:46:14.678549+00:00,1,44,4796.44,109.01,3,1,0.0682,0.0227,0,0.0391,desktop_chrome,credit_card
ACC_003074,RING_00186,2026-03-05T01:28:14.208121+00:00,148,22,3542.44,161.02,2,4,0.0909,0.1818,4,0.9195,emulator_bot,virtual_card
ACC_003075,RING_00186,2026-03-05T01:23:20.168077+00:00,148,24,4136.4,172.35,2,3,0.0833,0.125,4,0.7788,emulator_bot,virtual_card
ACC_003076,RING_00186,2026-03-05T01:04:34.635424+00:00,148,22,3141.38,142.79,3,4,0.1364,0.1818,5,0.8253,emulator_bot,virtual_card
ACC_003077,RING_00186,2026-03-05T00:46:26.806883+00:00,148,15,2154.9,143.66,3,3,0.2,0.2,4,0.8173,emulator_bot,virtual_card
ACC_003078,RING_00186,2026-03-05T01:46:43.774461+00:00,148,20,2192.4,109.62,2,4,0.1,0.2,2,0.8839,emulator_bot,virtual_card
ACC_003079,RING_00186,2026-03-05T01:46:05.400104+00:00,148,23,3801.21,165.27,4,4,0.1739,0.1739,2,0.9302,emulator_bot,virtual_card
ACC_003080,RING_00186,2026-03-05T01:12:20.413247+00:00,148,19,2147.38,113.02,4,2,0.2105,0.1053,4,0.7731,emulator_bot,virtual_card
ACC_003081,RING_00186,2026-03-05T01:18:57.225924+00:00,148,18,1863.9,103.55,2,4,0.1111,0.2222,5,0.8064,emulator_bot,virtual_card
ACC_003082,RING_00186,2026-03-05T01:35:34.445081+00:00,148,22,3296.92,149.86,3,4,0.1364,0.1818,2,0.7261,emulator_bot,virtual_card
ACC_003083,RING_00186,2026-03-05T01:26:43.979702+00:00,148,9,1549.89,172.21,5,4,0.5556,0.4444,5,0.9322,emulator_bot,virtual_card
ACC_003084,RING_00186,2026-03-05T00:26:59.290672+00:00,148,17,2771.85,163.05,2,4,0.1176,0.2353,4,0.9313,emulator_bot,virtual_card
ACC_003085,RING_00186,2026-03-05T01:00:24.197052+00:00,148,11,1147.19,104.29,3,4,0.2727,0.3636,5,0.7716,emulator_bot,virtual_card
ACC_003086,RING_00186,2026-03-05T00:18:13.578507+00:00,148,23,2894.32,125.84,2,4,0.087,0.1739,5,0.8762,emulator_bot,virtual_card
ACC_003087,RING_00186,2026-03-05T01:37:07.542145+00:00,148,15,1984.65,132.31,5,3,0.3333,0.2,4,0.7769,emulator_bot,virtual_card
ACC_003088,RING_00186,2026-03-05T01:18:25.753420+00:00,148,15,2713.65,180.91,5,4,0.3333,0.2667,2,0.9409,emulator_bot,virtual_card
ACC_003089,RING_00186,2026-03-05T01:57:29.456766+00:00,148,20,2339.6,116.98,5,3,0.25,0.15,6,0.9128,emulator_bot,virtual_card
ACC_003090,RING_00187,2026-10-19T02:33:17.402027+00:00,1,7,629.02,89.86,0,0,0.0,0.0,0,0.0164,mobile_ios,credit_card
ACC_003091,RING_00187,2026-08-29T00:20:54.158929+00:00,1,7,588.21,84.03,0,0,0.0,0.0,1,0.076,mobile_ios,credit_card
ACC_003092,RING_00187,2026-10-16T22:24:18.006903+00:00,1,8,429.28,53.66,0,0,0.0,0.0,1,0.0626,mobile_ios,credit_card
ACC_003093,RING_00187,2026-02-21T01:42:39.194480+00:00,160,17,838.78,49.34,0,0,0.0,0.0,1,0.0666,mobile_ios,credit_card
ACC_003094,RING_00187,2026-02-13T02:02:26.103828+00:00,168,13,1351.09,103.93,0,0,0.0,0.0,1,0.0609,mobile_ios,credit_card
ACC_003095,RING_00187,2026-08-02T07:06:37.096483+00:00,1,9,362.34,40.26,0,0,0.0,0.0,1,0.0616,mobile_ios,credit_card
ACC_003096,RING_00187,2026-04-23T03:47:58.134044+00:00,99,5,355.55,71.11,0,0,0.0,0.0,1,0.0393,mobile_ios,credit_card
ACC_003097,RING_00187,2026-02-12T17:46:34.036240+00:00,169,11,881.76,80.16,0,0,0.0,0.0,1,0.057,mobile_ios,credit_card
ACC_003098,RING_00187,2026-09-02T00:49:00.514413+00:00,1,5,312.55,62.51,0,0,0.0,0.0,0,0.0744,mobile_ios,credit_card
ACC_003099,RING_00187,2026-06-10T16:48:50.208834+00:00,51,11,490.93,44.63,0,0,0.0,0.0,0,0.0346,mobile_ios,credit_card
ACC_003100,RING_00188,2026-03-21T23:55:55.197539+00:00,132,18,5069.7,281.65,16,14,0.8889,0.7778,10,0.7862,desktop_chrome,credit_card
ACC_003101,RING_00188,2026-03-13T07:01:25.704384+00:00,140,21,8041.74,382.94,19,18,0.9048,0.8571,17,0.7621,desktop_chrome,credit_card
ACC_003102,RING_00188,2026-03-27T09:26:03.854413+00:00,126,27,10007.55,370.65,25,24,0.9259,0.8889,21,0.8398,desktop_chrome,credit_card
ACC_003103,RING_00188,2026-03-27T16:02:28.747045+00:00,126,26,11262.16,433.16,24,23,0.9231,0.8846,18,0.7909,desktop_chrome,credit_card
ACC_003104,RING_00188,2026-03-11T02:24:54.929685+00:00,142,26,10803.0,415.5,24,23,0.9231,0.8846,12,0.7771,desktop_chrome,credit_card
ACC_003105,RING_00188,2026-03-12T21:27:53.879257+00:00,141,30,12462.0,415.4,27,24,0.9,0.8,12,0.8529,desktop_chrome,credit_card
ACC_003106,RING_00188,2026-03-13T04:59:54.716043+00:00,140,20,8455.0,422.75,18,17,0.9,0.85,10,0.7907,desktop_chrome,credit_card
ACC_003107,RING_00188,2026-03-27T05:29:25.738663+00:00,126,31,8993.41,290.11,26,25,0.8387,0.8065,13,0.6927,desktop_chrome,credit_card
ACC_003108,RING_00188,2026-03-10T13:27:05.135949+00:00,143,29,13012.01,448.69,26,24,0.8966,0.8276,21,0.7068,desktop_chrome,credit_card
ACC_003109,RING_00188,2026-03-24T00:33:38.368610+00:00,129,24,8345.04,347.71,22,19,0.9167,0.7917,13,0.8293,desktop_chrome,credit_card
ACC_003110,RING_00188,2026-03-14T18:05:53.595436+00:00,139,26,7961.72,306.22,22,21,0.8462,0.8077,16,0.7915,desktop_chrome,credit_card
ACC_003111,RING_00188,2026-03-20T15:34:06.922106+00:00,133,30,8168.7,272.29,27,25,0.9,0.8333,16,0.8546,desktop_chrome,credit_card
ACC_003112,RING_00188,2026-03-12T13:05:43.396058+00:00,141,27,12107.07,448.41,25,22,0.9259,0.8148,17,0.8351,desktop_chrome,credit_card
ACC_003113,RING_00188,2026-03-25T03:08:03.248432+00:00,128,31,9049.21,291.91,26,23,0.8387,0.7419,19,0.7376,desktop_chrome,credit_card
ACC_003114,RING_00189,2026-06-26T22:06:26.482342+00:00,35,12,991.2,82.6,0,0,0.0,0.0,2,0.0306,mobile_android,credit_card
ACC_003115,RING_00189,2026-09-23T11:36:00.024702+00:00,1,12,1024.68,85.39,1,0,0.0833,0.0,1,0.013,mobile_android,credit_card
ACC_003116,RING_00189,2027-01-12T17:46:57.058658+00:00,1,43,3589.21,83.47,3,2,0.0698,0.0465,1,0.0426,mobile_ios,credit_card
ACC_003117,RING_00189,2026-08-30T17:15:59.506693+00:00,1,47,4000.64,85.12,2,1,0.0426,0.0213,2,0.0276,mobile_android,credit_card
ACC_003118,RING_00190,2026-11-11T04:20:33.856017+00:00,1,31,3649.01,117.71,4,3,0.129,0.0968,2,0.028,desktop_chrome,credit_card
ACC_003119,RING_00191,2026-01-31T00:28:42.157808+00:00,181,30,381.3,12.71,0,0,0.0,0.0,0,0.8898,emulator_bot,credit_card
ACC_003120,RING_00191,2026-01-31T00:28:08.502564+00:00,181,29,254.91,8.79,0,0,0.0,0.0,0,0.8272,emulator_bot,credit_card
ACC_003121,RING_00191,2026-01-31T00:36:47.065356+00:00,181,26,414.44,15.94,0,0,0.0,0.0,0,0.9203,emulator_bot,credit_card
ACC_003122,RING_00191,2026-01-31T00:31:13.210966+00:00,181,38,590.9,15.55,0,0,0.0,0.0,0,0.9353,emulator_bot,credit_card
ACC_003123,RING_00191,2026-01-31T00:09:20.726921+00:00,181,33,216.15,6.55,0,0,0.0,0.0,0,0.9005,emulator_bot,credit_card
ACC_003124,RING_00191,2026-01-31T00:03:09.195391+00:00,181,33,208.56,6.32,0,0,0.0,0.0,0,0.9035,emulator_bot,credit_card
ACC_003125,RING_00191,2026-01-31T00:17:35.766886+00:00,181,38,624.72,16.44,0,0,0.0,0.0,0,0.8672,emulator_bot,credit_card
ACC_003126,RING_00191,2026-01-31T00:16:42.435339+00:00,181,39,646.23,16.57,0,0,0.0,0.0,0,0.9745,emulator_bot,credit_card
ACC_003127,RING_00191,2026-01-31T00:34:32.023294+00:00,181,44,213.84,4.86,0,0,0.0,0.0,0,0.8816,emulator_bot,credit_card
ACC_003128,RING_00191,2026-01-31T00:30:13.005066+00:00,181,42,257.46,6.13,0,0,0.0,0.0,0,0.8038,emulator_bot,credit_card
ACC_003129,RING_00191,2026-01-31T00:39:14.946637+00:00,181,28,432.6,15.45,0,0,0.0,0.0,0,0.8488,emulator_bot,credit_card
ACC_003130,RING_00191,2026-01-31T00:22:41.506804+00:00,181,42,299.04,7.12,0,0,0.0,0.0,0,0.9513,emulator_bot,credit_card
ACC_003131,RING_00191,2026-01-31T00:12:59.487513+00:00,181,42,336.0,8.0,0,0,0.0,0.0,0,0.9601,emulator_bot,credit_card
ACC_003132,RING_00191,2026-01-31T00:22:41.476011+00:00,181,44,586.08,13.32,0,0,0.0,0.0,0,0.8125,emulator_bot,credit_card
ACC_003133,RING_00191,2026-01-31T00:09:41.855434+00:00,181,26,355.68,13.68,0,0,0.0,0.0,0,0.8633,emulator_bot,credit_card
ACC_003134,RING_00191,2026-01-31T00:02:43.432640+00:00,181,18,174.06,9.67,0,0,0.0,0.0,0,0.871,emulator_bot,credit_card
ACC_003135,RING_00191,2026-01-31T00:22:29.144238+00:00,181,44,609.84,13.86,0,0,0.0,0.0,0,0.9215,emulator_bot,credit_card
ACC_003136,RING_00191,2026-01-31T00:18:36.733808+00:00,181,20,317.0,15.85,0,0,0.0,0.0,0,0.8598,emulator_bot,credit_card
ACC_003137,RING_00191,2026-01-31T00:01:27.018444+00:00,181,20,355.6,17.78,0,0,0.0,0.0,0,0.8768,emulator_bot,credit_card
ACC_003138,RING_00191,2026-01-31T00:32:27.439117+00:00,181,16,246.72,15.42,0,0,0.0,0.0,0,0.8192,emulator_bot,credit_card
ACC_003139,RING_00191,2026-01-31T00:28:59.748035+00:00,181,15,65.85,4.39,0,0,0.0,0.0,0,0.8839,emulator_bot,credit_card
ACC_003140,RING_00191,2026-01-31T00:03:19.265860+00:00,181,15,116.1,7.74,0,0,0.0,0.0,0,0.9108,emulator_bot,credit_card
ACC_003141,RING_00191,2026-01-31T00:31:57.063657+00:00,181,36,202.32,5.62,0,0,0.0,0.0,0,0.8101,emulator_bot,credit_card
ACC_003142,RING_00191,2026-01-31T00:03:43.620197+00:00,181,23,97.29,4.23,0,0,0.0,0.0,0,0.9693,emulator_bot,credit_card
ACC_003143,RING_00192,2026-01-21T00:13:16.130507+00:00,191,1,50.2,50.2,0,0,0.0,0.0,0,0.7592,desktop_chrome,virtual_card
ACC_003144,RING_00192,2026-01-21T00:09:55.580122+00:00,191,1,50.18,50.18,0,0,0.0,0.0,0,0.8244,desktop_chrome,virtual_card
ACC_003145,RING_00192,2026-01-21T00:20:01.927525+00:00,191,1,50.34,50.34,0,0,0.0,0.0,0,0.7826,desktop_chrome,virtual_card
ACC_003146,RING_00192,2026-01-21T00:02:54.306259+00:00,191,1,50.5,50.5,0,0,0.0,0.0,0,0.8167,desktop_chrome,virtual_card
ACC_003147,RING_00192,2026-01-21T00:10:46.602018+00:00,191,1,51.97,51.97,0,0,0.0,0.0,0,0.7577,desktop_chrome,virtual_card
ACC_003148,RING_00192,2026-01-21T00:10:42.376391+00:00,191,1,49.16,49.16,0,0,0.0,0.0,0,0.8902,desktop_chrome,virtual_card
ACC_003149,RING_00192,2026-01-21T00:05:46.217700+00:00,191,1,49.8,49.8,0,0,0.0,0.0,0,0.7812,desktop_chrome,virtual_card
ACC_003150,RING_00192,2026-01-21T00:02:23.942227+00:00,191,1,51.62,51.62,0,0,0.0,0.0,0,0.8406,desktop_chrome,virtual_card
ACC_003151,RING_00192,2026-01-21T00:00:15.994220+00:00,191,1,50.85,50.85,0,0,0.0,0.0,0,0.7514,desktop_chrome,virtual_card
ACC_003152,RING_00192,2026-01-21T00:00:28.241829+00:00,191,1,49.78,49.78,0,0,0.0,0.0,0,0.7941,desktop_chrome,virtual_card
ACC_003153,RING_00193,2026-10-07T18:19:59.044458+00:00,1,12,1213.8,101.15,1,0,0.0833,0.0,2,0.0589,mobile_ios,credit_card
ACC_003154,RING_00193,2026-09-25T20:36:56.998669+00:00,1,7,729.19,104.17,0,0,0.0,0.0,2,0.0441,desktop_chrome,credit_card
ACC_003155,RING_00193,2026-08-19T23:57:32.417552+00:00,1,30,1603.2,53.44,2,1,0.0667,0.0333,1,0.0737,desktop_chrome,credit_card
ACC_003156,RING_00193,2026-04-17T19:21:39.752862+00:00,105,10,1124.3,112.43,0,0,0.0,0.0,2,0.0494,mobile_ios,credit_card
ACC_003157,RING_00193,2027-02-02T05:56:47.962110+00:00,1,27,2576.34,95.42,1,0,0.037,0.0,2,0.0281,mobile_ios,credit_card
ACC_003158,RING_00193,2027-01-14T23:10:06.197909+00:00,1,9,908.19,100.91,0,0,0.0,0.0,1,0.0449,mobile_ios,credit_card
ACC_003159,RING_00193,2026-08-21T20:48:43.002173+00:00,1,6,471.78,78.63,0,0,0.0,0.0,2,0.0251,mobile_ios,credit_card
ACC_003160,RING_00193,2026-05-26T05:18:29.590401+00:00,66,19,2092.66,110.14,1,0,0.0526,0.0,1,0.0284,mobile_ios,credit_card
ACC_003161,RING_00193,2026-07-19T23:14:02.634199+00:00,12,16,1499.52,93.72,1,0,0.0625,0.0,1,0.0627,mobile_ios,credit_card
ACC_003162,RING_00193,2026-09-25T06:59:46.795349+00:00,1,23,1875.42,81.54,2,1,0.087,0.0435,2,0.0517,mobile_ios,credit_card
ACC_003163,RING_00193,2026-11-28T00:31:46.506702+00:00,1,13,1575.6,121.2,0,0,0.0,0.0,1,0.028,mobile_ios,credit_card
ACC_003164,RING_00193,2026-07-28T11:19:22.555850+00:00,3,31,1412.36,45.56,1,0,0.0323,0.0,0,0.061,desktop_chrome,credit_card
ACC_003165,RING_00193,2026-06-10T10:07:30.581303+00:00,51,11,1278.86,116.26,1,0,0.0909,0.0,1,0.0193,mobile_ios,credit_card
ACC_003166,RING_00193,2026-10-07T16:19:55.952598+00:00,1,16,2091.52,130.72,1,0,0.0625,0.0,2,0.0427,desktop_chrome,credit_card
ACC_003167,RING_00193,2027-03-03T00:26:11.069151+00:00,1,6,852.0,142.0,0,0,0.0,0.0,0,0.0618,desktop_chrome,credit_card
ACC_003168,RING_00193,2026-11-22T06:36:32.763184+00:00,1,23,1046.5,45.5,1,0,0.0435,0.0,0,0.0568,mobile_ios,credit_card
ACC_003169,RING_00193,2026-04-03T23:34:27.358532+00:00,119,8,1118.72,139.84,0,0,0.0,0.0,0,0.0159,mobile_ios,credit_card
ACC_003170,RING_00193,2026-07-27T11:41:54.738193+00:00,4,34,2126.7,62.55,2,1,0.0588,0.0294,0,0.0123,desktop_chrome,credit_card
ACC_003171,RING_00193,2027-01-14T00:12:45.884407+00:00,1,18,1078.92,59.94,0,0,0.0,0.0,0,0.0361,mobile_ios,credit_card
ACC_003172,RING_00193,2027-02-18T21:13:00.216292+00:00,1,31,3484.09,112.39,2,1,0.0645,0.0323,0,0.0728,desktop_chrome,credit_card
ACC_003173,RING_00193,2026-12-11T00:04:48.770140+00:00,1,27,2856.06,105.78,1,0,0.037,0.0,2,0.0604,mobile_ios,credit_card
ACC_003174,RING_00193,2026-05-04T02:30:11.772694+00:00,88,24,3176.4,132.35,2,1,0.0833,0.0417,2,0.0422,desktop_chrome,credit_card
ACC_003175,RING_00193,2026-04-18T10:00:02.749418+00:00,104,8,469.76,58.72,0,0,0.0,0.0,2,0.0346,mobile_ios,credit_card
ACC_003176,RING_00193,2026-10-26T17:57:26.806932+00:00,1,18,2395.26,133.07,0,0,0.0,0.0,1,0.055,mobile_ios,credit_card
ACC_003177,RING_00194,2026-10-21T23:03:18.206152+00:00,1,34,1309.68,38.52,3,2,0.0882,0.0588,1,0.0596,desktop_chrome,debit_card
ACC_003178,RING_00195,2026-05-27T15:20:39.732241+00:00,65,22,2079.88,94.54,0,0,0.0,0.0,0,0.026,mobile_android,debit_card
ACC_003179,RING_00196,2027-06-30T20:04:33.618797+00:00,1,33,1453.32,44.04,4,3,0.1212,0.0909,2,0.0405,desktop_chrome,paypal
ACC_003180,RING_00197,2027-01-17T22:34:24.178902+00:00,1,38,6530.68,171.86,2,1,0.0526,0.0263,3,0.0775,desktop_chrome,paypal
ACC_003181,RING_00197,2026-12-18T22:47:27.947587+00:00,1,36,6355.8,176.55,2,1,0.0556,0.0278,3,0.083,desktop_safari,paypal
ACC_003182,RING_00197,2026-12-20T16:52:48.471635+00:00,1,38,3275.6,86.2,2,1,0.0526,0.0263,1,0.0587,desktop_safari,paypal
ACC_003183,RING_00197,2027-02-08T00:01:53.633297+00:00,1,24,1568.4,65.35,1,0,0.0417,0.0,2,0.0422,mobile_ios,paypal
ACC_003184,RING_00197,2026-11-18T21:32:50.101056+00:00,1,16,1165.92,72.87,0,0,0.0,0.0,3,0.0473,desktop_safari,credit_card
ACC_003185,RING_00197,2026-11-02T11:55:37.154050+00:00,1,36,3308.04,91.89,2,1,0.0556,0.0278,2,0.0242,mobile_ios,paypal
ACC_003186,RING_00197,2026-06-22T10:23:23.877250+00:00,39,30,2696.1,89.87,0,0,0.0,0.0,2,0.0179,desktop_chrome,credit_card
ACC_003187,RING_00197,2026-07-31T07:13:52.791256+00:00,1,9,512.46,56.94,0,0,0.0,0.0,3,0.0753,desktop_safari,credit_card
ACC_003188,RING_00197,2027-01-01T10:48:21.121965+00:00,1,35,1971.55,56.33,1,0,0.0286,0.0,1,0.0764,desktop_safari,credit_card
ACC_003189,RING_00197,2026-09-09T02:37:23.236989+00:00,1,10,1164.3,116.43,0,0,0.0,0.0,1,0.059,desktop_chrome,credit_card
ACC_003190,RING_00197,2027-03-16T21:38:24.770205+00:00,1,8,798.56,99.82,0,0,0.0,0.0,3,0.0556,desktop_chrome,credit_card
ACC_003191,RING_00197,2026-08-29T06:31:44.396997+00:00,1,21,1215.27,57.87,1,0,0.0476,0.0,3,0.0247,mobile_ios,credit_card
ACC_003192,RING_00197,2026-08-30T22:17:29.395201+00:00,1,38,2469.24,64.98,0,0,0.0,0.0,1,0.0576,desktop_safari,credit_card
ACC_003193,RING_00197,2027-01-06T14:09:23.607996+00:00,1,25,1953.25,78.13,0,0,0.0,0.0,3,0.0141,desktop_safari,credit_card
ACC_003194,RING_00197,2026-08-26T09:45:50.091766+00:00,1,9,1232.19,136.91,0,0,0.0,0.0,3,0.0381,mobile_ios,credit_card
ACC_003195,RING_00197,2026-10-22T23:46:44.462397+00:00,1,10,706.8,70.68,0,0,0.0,0.0,3,0.051,mobile_ios,credit_card
ACC_003196,RING_00197,2026-11-10T23:54:02.183762+00:00,1,8,1233.92,154.24,0,0,0.0,0.0,1,0.0704,mobile_ios,credit_card
ACC_003197,RING_00197,2026-06-18T17:26:15.832319+00:00,43,35,1463.7,41.82,0,0,0.0,0.0,3,0.0114,desktop_chrome,credit_card
ACC_003198,RING_00197,2026-08-28T04:16:00.566958+00:00,1,18,2950.2,163.9,1,0,0.0556,0.0,2,0.0364,mobile_ios,paypal
ACC_003199,RING_00197,2027-01-01T21:28:14.187592+00:00,1,9,1593.09,177.01,0,0,0.0,0.0,2,0.0194,desktop_chrome,paypal
ACC_003200,RING_00197,2027-01-02T11:41:11.065457+00:00,1,35,5947.2,169.92,2,1,0.0571,0.0286,1,0.023,desktop_safari,paypal
ACC_003201,RING_00197,2026-07-28T07:12:07.061741+00:00,3,15,1214.4,80.96,0,0,0.0,0.0,1,0.041,desktop_chrome,paypal
ACC_003202,RING_00197,2026-08-25T10:41:12.496345+00:00,1,15,1059.0,70.6,0,0,0.0,0.0,1,0.0101,desktop_chrome,credit_card
ACC_003203,RING_00197,2026-10-05T12:33:51.190260+00:00,1,9,1027.26,114.14,0,0,0.0,0.0,1,0.0308,desktop_safari,paypal
ACC_003204,RING_00197,2026-06-04T20:37:27.488973+00:00,57,37,4706.03,127.19,1,0,0.027,0.0,3,0.0448,desktop_safari,paypal
ACC_003205,RING_00197,2026-12-24T18:31:44.843344+00:00,1,16,1533.44,95.84,0,0,0.0,0.0,1,0.0601,mobile_ios,credit_card
ACC_003206,RING_00197,2026-07-29T01:55:11.264175+00:00,2,28,2770.6,98.95,1,0,0.0357,0.0,3,0.0808,mobile_ios,credit_card
ACC_003207,RING_00197,2026-12-09T03:33:18.899262+00:00,1,37,3956.41,106.93,1,0,0.027,0.0,2,0.0144,desktop_safari,paypal
ACC_003208,RING_00197,2026-08-02T23:28:59.808845+00:00,1,36,5674.68,157.63,2,1,0.0556,0.0278,1,0.0735,mobile_ios,paypal
ACC_003209,RING_00197,2026-07-19T20:39:41.698390+00:00,12,29,3840.76,132.44,1,0,0.0345,0.0,1,0.0282,desktop_safari,credit_card
ACC_003210,RING_00197,2026-12-30T17:16:48.179776+00:00,1,13,1706.25,131.25,0,0,0.0,0.0,1,0.0306,mobile_ios,credit_card
ACC_003211,RING_00197,2027-03-26T14:23:07.925034+00:00,1,24,3545.52,147.73,0,0,0.0,0.0,3,0.0648,mobile_ios,paypal
ACC_003212,RING_00197,2026-11-12T20:23:45.024275+00:00,1,20,1946.0,97.3,0,0,0.0,0.0,3,0.04,desktop_safari,credit_card
ACC_003213,RING_00197,2027-03-03T15:00:55.274387+00:00,1,28,3170.44,113.23,1,0,0.0357,0.0,3,0.0349,desktop_chrome,paypal
ACC_003214,RING_00197,2026-12-10T20:37:05.014219+00:00,1,10,633.6,63.36,0,0,0.0,0.0,3,0.0704,desktop_safari,paypal
ACC_003215,RING_00197,2026-12-31T23:21:10.080493+00:00,1,27,1435.32,53.16,0,0,0.0,0.0,1,0.0645,desktop_safari,credit_card
ACC_003216,RING_00197,2026-06-22T09:56:00.571848+00:00,39,20,2811.2,140.56,0,0,0.0,0.0,2,0.0609,desktop_safari,paypal
ACC_003217,RING_00197,2026-08-06T23:08:49.535385+00:00,1,12,1769.64,147.47,0,0,0.0,0.0,1,0.0635,desktop_safari,paypal
ACC_003218,RING_00197,2026-08-11T06:33:17.430789+00:00,1,32,5361.92,167.56,1,0,0.0312,0.0,2,0.0487,desktop_safari,paypal
ACC_003219,RING_00197,2026-10-21T04:09:57.141845+00:00,1,21,1799.7,85.7,1,0,0.0476,0.0,2,0.0737,desktop_safari,paypal
ACC_003220,RING_00198,2026-07-06T08:16:27.622375+00:00,25,13,949.26,73.02,0,0,0.0,0.0,0,0.0301,desktop_safari,apple_pay
ACC_003221,RING_00198,2026-07-30T02:40:18.759525+00:00,1,20,1398.6,69.93,2,1,0.1,0.05,1,0.0503,mobile_ios,credit_card
ACC_003222,RING_00198,2026-06-06T07:06:05.393458+00:00,55,16,1027.36,64.21,1,0,0.0625,0.0,1,0.0635,desktop_safari,credit_card
ACC_003223,RING_00198,2026-07-14T00:49:38.090643+00:00,17,6,362.4,60.4,0,0,0.0,0.0,1,0.0549,desktop_chrome,credit_card
ACC_003224,RING_00198,2027-05-16T10:18:57.820946+00:00,1,9,493.74,54.86,0,0,0.0,0.0,0,0.0482,mobile_ios,debit_card
ACC_003225,RING_00198,2026-08-16T10:35:03.258495+00:00,1,26,1985.62,76.37,2,1,0.0769,0.0385,1,0.0613,mobile_ios,apple_pay
ACC_003226,RING_00198,2027-01-14T04:12:02.157729+00:00,1,23,944.15,41.05,2,1,0.087,0.0435,1,0.0624,desktop_safari,apple_pay
ACC_003227,RING_00198,2026-09-07T13:43:45.063938+00:00,1,8,694.72,86.84,0,0,0.0,0.0,0,0.0579,mobile_ios,debit_card
ACC_003228,RING_00198,2026-09-07T23:22:21.390876+00:00,1,28,1619.24,57.83,2,1,0.0714,0.0357,1,0.0751,mobile_ios,debit_card
ACC_003229,RING_00198,2027-03-09T20:07:35.853786+00:00,1,8,309.92,38.74,0,0,0.0,0.0,0,0.0217,mobile_ios,debit_card
ACC_003230,RING_00198,2027-03-06T20:33:23.601958+00:00,1,29,2342.62,80.78,2,1,0.069,0.0345,1,0.0142,desktop_chrome,apple_pay
ACC_003231,RING_00198,2026-12-10T18:23:33.863601+00:00,1,6,406.38,67.73,0,0,0.0,0.0,1,0.0433,mobile_ios,debit_card
ACC_003232,RING_00198,2027-03-28T14:40:19.705426+00:00,1,25,1591.75,63.67,2,1,0.08,0.04,0,0.0152,mobile_ios,debit_card
ACC_003233,RING_00198,2027-05-20T07:19:56.804235+00:00,1,18,790.02,43.89,0,0,0.0,0.0,0,0.0449,mobile_ios,apple_pay
ACC_003234,RING_00198,2026-11-04T17:12:35.535694+00:00,1,10,689.0,68.9,0,0,0.0,0.0,0,0.0521,mobile_ios,debit_card
ACC_003235,RING_00198,2026-08-26T21:19:07.083786+00:00,1,17,1073.04,63.12,1,0,0.0588,0.0,0,0.0373,desktop_safari,debit_card
ACC_003236,RING_00198,2026-07-12T00:37:26.177870+00:00,19,14,476.28,34.02,1,0,0.0714,0.0,0,0.0634,desktop_safari,credit_card
ACC_003237,RING_00198,2026-07-17T07:16:37.385571+00:00,14,11,395.89,35.99,0,0,0.0,0.0,0,0.0474,mobile_ios,debit_card
ACC_003238,RING_00198,2027-01-06T06:53:20.370836+00:00,1,19,1706.2,89.8,0,0,0.0,0.0,0,0.0294,mobile_ios,debit_card
ACC_003239,RING_00198,2027-02-21T18:05:11.946161+00:00,1,25,2060.5,82.42,0,0,0.0,0.0,1,0.0715,desktop_safari,apple_pay
ACC_003240,RING_00198,2026-07-20T18:04:47.928597+00:00,11,16,499.2,31.2,0,0,0.0,0.0,1,0.0566,mobile_ios,credit_card
ACC_003241,RING_00198,2026-11-28T11:40:44.505576+00:00,1,16,1240.32,77.52,0,0,0.0,0.0,0,0.0698,mobile_ios,debit_card
ACC_003242,RING_00198,2027-01-05T04:23:58.013981+00:00,1,19,1288.77,67.83,0,0,0.0,0.0,0,0.0187,mobile_ios,credit_card
ACC_003243,RING_00198,2026-12-11T23:25:38.895820+00:00,1,14,691.46,49.39,1,0,0.0714,0.0,1,0.059,desktop_chrome,debit_card
ACC_003244,RING_00198,2026-08-14T14:57:44.818656+00:00,1,12,324.36,27.03,1,0,0.0833,0.0,1,0.0775,mobile_ios,debit_card
ACC_003245,RING_00198,2027-04-15T06:13:00.530514+00:00,1,17,683.4,40.2,1,0,0.0588,0.0,1,0.0724,mobile_ios,debit_card
ACC_003246,RING_00198,2026-12-26T18:13:49.741617+00:00,1,5,292.7,58.54,0,0,0.0,0.0,0,0.0726,desktop_safari,debit_card
ACC_003247,RING_00198,2026-08-07T06:09:54.483758+00:00,1,9,832.59,92.51,0,0,0.0,0.0,0,0.048,desktop_safari,credit_card
ACC_003248,RING_00198,2027-01-21T13:53:06.357304+00:00,1,17,1352.52,79.56,0,0,0.0,0.0,1,0.0775,desktop_chrome,credit_card
ACC_003249,RING_00198,2026-07-22T10:08:14.687335+00:00,9,7,401.1,57.3,0,0,0.0,0.0,0,0.0464,mobile_ios,credit_card
ACC_003250,RING_00198,2026-07-15T02:09:27.642148+00:00,16,5,126.5,25.3,0,0,0.0,0.0,1,0.077,desktop_safari,apple_pay
ACC_003251,RING_00198,2027-01-03T05:39:52.572913+00:00,1,6,455.1,75.85,0,0,0.0,0.0,1,0.0283,mobile_ios,apple_pay
ACC_003252,RING_00198,2027-02-13T12:32:28.262342+00:00,1,24,1064.4,44.35,2,1,0.0833,0.0417,0,0.0146,desktop_chrome,credit_card
ACC_003253,RING_00198,2027-05-07T19:55:17.198460+00:00,1,25,1463.25,58.53,2,1,0.08,0.04,0,0.0708,desktop_safari,debit_card
ACC_003254,RING_00198,2026-09-10T03:52:56.283432+00:00,1,14,1065.4,76.1,0,0,0.0,0.0,1,0.0731,mobile_ios,debit_card
ACC_003255,RING_00198,2026-06-16T13:15:32.612581+00:00,45,7,447.3,63.9,0,0,0.0,0.0,0,0.0117,mobile_ios,credit_card
ACC_003256,RING_00198,2027-04-05T23:54:31.507491+00:00,1,20,1543.8,77.19,0,0,0.0,0.0,0,0.071,desktop_safari,credit_card
ACC_003257,RING_00198,2026-07-10T20:05:55.990586+00:00,21,10,412.4,41.24,1,0,0.1,0.0,0,0.0516,mobile_ios,debit_card
ACC_003258,RING_00198,2027-01-22T15:19:56.033460+00:00,1,9,575.64,63.96,0,0,0.0,0.0,0,0.0401,desktop_safari,apple_pay
ACC_003259,RING_00198,2026-05-31T09:51:31.288500+00:00,61,25,1012.75,40.51,1,0,0.04,0.0,0,0.0103,desktop_safari,debit_card
ACC_003260,RING_00198,2027-03-23T09:16:54.856323+00:00,1,14,1180.06,84.29,0,0,0.0,0.0,1,0.072,mobile_ios,debit_card
ACC_003261,RING_00198,2027-02-25T10:48:40.485077+00:00,1,29,1455.22,50.18,2,1,0.069,0.0345,0,0.068,mobile_ios,credit_card
ACC_003262,RING_00198,2026-09-17T16:05:29.962354+00:00,1,13,327.86,25.22,0,0,0.0,0.0,1,0.042,desktop_safari,credit_card
ACC_003263,RING_00198,2026-07-01T09:06:08.424046+00:00,30,16,894.24,55.89,1,0,0.0625,0.0,1,0.0317,desktop_safari,apple_pay
ACC_003264,RING_00198,2027-04-11T05:27:39.956312+00:00,1,14,379.54,27.11,1,0,0.0714,0.0,0,0.0249,desktop_safari,apple_pay
ACC_003265,RING_00198,2027-05-06T20:40:58.624721+00:00,1,10,536.7,53.67,1,0,0.1,0.0,0,0.0765,desktop_chrome,debit_card
ACC_003266,RING_00198,2026-09-03T23:51:57.077720+00:00,1,18,1593.36,88.52,1,0,0.0556,0.0,0,0.0342,mobile_ios,debit_card
ACC_003267,RING_00198,2026-07-29T08:12:57.998372+00:00,2,7,506.45,72.35,0,0,0.0,0.0,1,0.0525,mobile_ios,apple_pay
ACC_003268,RING_00198,2026-06-15T20:18:05.072819+00:00,46,29,2250.98,77.62,2,1,0.069,0.0345,1,0.0246,mobile_ios,credit_card
ACC_003269,RING_00198,2026-06-22T14:41:22.346704+00:00,39,19,495.14,26.06,1,0,0.0526,0.0,0,0.063,desktop_chrome,debit_card
ACC_003270,RING_00198,2027-03-10T15:41:36.581452+00:00,1,17,919.36,54.08,1,0,0.0588,0.0,1,0.0481,desktop_safari,apple_pay
ACC_003271,RING_00198,2026-09-16T22:55:25.257803+00:00,1,25,1993.0,79.72,2,1,0.08,0.04,1,0.0278,desktop_safari,apple_pay
ACC_003272,RING_00198,2027-03-10T22:05:36.650041+00:00,1,23,1656.92,72.04,0,0,0.0,0.0,1,0.0779,desktop_safari,debit_card
ACC_003273,RING_00198,2026-07-13T00:03:49.808688+00:00,18,24,1890.0,78.75,1,0,0.0417,0.0,1,0.0677,mobile_ios,credit_card
ACC_003274,RING_00198,2026-12-20T13:27:41.334212+00:00,1,24,1670.64,69.61,2,1,0.0833,0.0417,1,0.0273,mobile_ios,debit_card
ACC_003275,RING_00198,2026-10-21T14:37:02.312434+00:00,1,11,711.59,64.69,1,0,0.0909,0.0,1,0.069,desktop_safari,apple_pay
ACC_003276,RING_00198,2026-06-21T19:24:24.106600+00:00,40,9,399.51,44.39,0,0,0.0,0.0,1,0.0199,desktop_chrome,debit_card
ACC_003277,RING_00198,2027-02-07T18:10:44.094244+00:00,1,27,2057.13,76.19,2,1,0.0741,0.037,0,0.0253,mobile_ios,credit_card
ACC_003278,RING_00198,2026-11-27T20:45:14.536193+00:00,1,29,1104.32,38.08,3,2,0.1034,0.069,0,0.0255,desktop_chrome,debit_card
ACC_003279,RING_00198,2027-01-03T05:06:21.852030+00:00,1,14,1204.7,86.05,0,0,0.0,0.0,0,0.0755,mobile_ios,credit_card
ACC_003280,RING_00198,2026-10-12T13:11:19.208277+00:00,1,21,1925.07,91.67,1,0,0.0476,0.0,1,0.0579,mobile_ios,credit_card
ACC_003281,RING_00198,2026-11-24T12:47:48.390333+00:00,1,23,835.13,36.31,2,1,0.087,0.0435,1,0.0517,mobile_ios,credit_card
ACC_003282,RING_00199,2026-11-01T15:03:49.991290+00:00,1,16,1201.6,75.1,1,0,0.0625,0.0,0,0.0778,mobile_ios,credit_card
ACC_003283,RING_00199,2026-11-10T00:25:13.836561+00:00,1,11,1162.04,105.64,0,0,0.0,0.0,0,0.0318,mobile_ios,credit_card
ACC_003284,RING_00199,2026-04-17T16:37:19.995253+00:00,105,8,480.8,60.1,0,0,0.0,0.0,0,0.0519,mobile_ios,credit_card
ACC_003285,RING_00199,2026-10-27T15:27:00.659457+00:00,1,6,487.02,81.17,0,0,0.0,0.0,1,0.0722,mobile_ios,credit_card
ACC_003286,RING_00199,2026-01-16T10:52:24.839507+00:00,196,14,1099.56,78.54,0,0,0.0,0.0,1,0.0725,mobile_ios,credit_card
ACC_003287,RING_00199,2026-02-02T20:54:40.009947+00:00,179,6,648.18,108.03,0,0,0.0,0.0,1,0.0347,mobile_ios,credit_card
ACC_003288,RING_00199,2026-04-30T00:28:44.585943+00:00,92,14,1030.4,73.6,0,0,0.0,0.0,1,0.0503,mobile_ios,credit_card
ACC_003289,RING_00199,2026-10-18T00:41:48.575715+00:00,1,11,764.61,69.51,0,0,0.0,0.0,1,0.0321,mobile_ios,credit_card
ACC_003290,RING_00199,2026-03-02T08:15:09.842629+00:00,151,12,524.64,43.72,0,0,0.0,0.0,1,0.0247,mobile_ios,credit_card
ACC_003291,RING_00199,2026-03-12T19:31:30.834418+00:00,141,15,1476.0,98.4,1,0,0.0667,0.0,0,0.0577,mobile_ios,credit_card
ACC_003292,RING_00199,2026-09-04T23:57:49.660133+00:00,1,12,1057.92,88.16,0,0,0.0,0.0,0,0.0309,mobile_ios,credit_card
ACC_003293,RING_00199,2026-06-30T16:08:17.062702+00:00,31,15,969.0,64.6,1,0,0.0667,0.0,1,0.0252,mobile_ios,credit_card
ACC_003294,RING_00199,2026-08-16T13:11:17.658689+00:00,1,11,1109.46,100.86,0,0,0.0,0.0,1,0.0773,mobile_ios,credit_card
ACC_003295,RING_00199,2026-03-31T07:58:11.049650+00:00,122,13,686.01,52.77,0,0,0.0,0.0,1,0.0747,mobile_ios,credit_card
ACC_003296,RING_00199,2026-06-02T16:31:56.601420+00:00,59,4,246.8,61.7,0,0,0.0,0.0,0,0.0688,mobile_ios,credit_card
ACC_003297,RING_00200,2026-07-18T22:26:53.120974+00:00,13,10,977.7,97.77,0,0,0.0,0.0,0,0.0694,mobile_ios,credit_card
ACC_003298,RING_00200,2026-09-12T00:27:26.899494+00:00,1,17,1692.86,99.58,0,0,0.0,0.0,0,0.0375,mobile_ios,credit_card
ACC_003299,RING_00200,2026-05-25T00:02:56.431252+00:00,67,16,828.8,51.8,1,0,0.0625,0.0,0,0.0192,mobile_ios,credit_card
ACC_003300,RING_00200,2026-10-28T20:29:22.505369+00:00,1,16,1678.24,104.89,0,0,0.0,0.0,0,0.0127,mobile_ios,credit_card
ACC_003301,RING_00200,2026-06-24T19:31:06.701897+00:00,37,15,1510.5,100.7,0,0,0.0,0.0,1,0.0112,mobile_ios,credit_card
ACC_003302,RING_00200,2026-10-25T04:49:24.249350+00:00,1,4,292.76,73.19,0,0,0.0,0.0,0,0.0406,mobile_ios,credit_card
ACC_003303,RING_00200,2026-12-09T01:32:02.745841+00:00,1,8,724.08,90.51,0,0,0.0,0.0,0,0.0402,mobile_ios,credit_card
ACC_003304,RING_00200,2026-06-08T15:16:34.395560+00:00,53,12,641.04,53.42,0,0,0.0,0.0,0,0.0298,mobile_ios,credit_card
ACC_003305,RING_00200,2026-09-26T06:39:24.440969+00:00,1,15,881.1,58.74,1,0,0.0667,0.0,0,0.0771,mobile_ios,credit_card
ACC_003306,RING_00200,2026-05-28T09:57:36.523931+00:00,64,18,1613.7,89.65,1,0,0.0556,0.0,1,0.0618,mobile_ios,credit_card
ACC_003307,RING_00200,2026-06-15T10:47:56.653085+00:00,46,17,1225.87,72.11,0,0,0.0,0.0,1,0.0564,mobile_ios,credit_card
ACC_003308,RING_00200,2026-10-26T00:06:54.098361+00:00,1,18,1861.38,103.41,1,0,0.0556,0.0,1,0.0417,mobile_ios,credit_card
ACC_003309,RING_00200,2026-08-02T01:36:08.140105+00:00,1,16,1429.92,89.37,0,0,0.0,0.0,0,0.044,mobile_ios,credit_card
ACC_003310,RING_00200,2026-11-06T01:31:24.455354+00:00,1,8,807.76,100.97,0,0,0.0,0.0,1,0.0323,mobile_ios,credit_card
ACC_003311,RING_00200,2026-07-06T21:57:14.636115+00:00,25,6,657.54,109.59,0,0,0.0,0.0,1,0.0744,mobile_ios,credit_card
ACC_003312,RING_00200,2026-05-18T09:33:51.839673+00:00,74,7,322.28,46.04,0,0,0.0,0.0,0,0.0585,mobile_ios,credit_card
ACC_003313,RING_00200,2026-05-17T18:23:35.155823+00:00,75,12,1302.24,108.52,0,0,0.0,0.0,1,0.05,mobile_ios,credit_card
ACC_003314,RING_00200,2026-11-24T01:22:42.602491+00:00,1,13,1117.87,85.99,0,0,0.0,0.0,0,0.0707,mobile_ios,credit_card
ACC_003315,RING_00200,2026-05-25T15:03:07.871520+00:00,67,15,789.3,52.62,0,0,0.0,0.0,0,0.069,mobile_ios,credit_card
ACC_003316,RING_00201,2026-06-26T19:20:52.079493+00:00,35,25,6290.0,251.6,23,22,0.92,0.88,17,0.7388,desktop_chrome,credit_card
ACC_003317,RING_00201,2026-06-29T06:12:01.529642+00:00,32,19,4981.23,262.17,16,15,0.8421,0.7895,14,0.7638,desktop_chrome,credit_card
ACC_003318,RING_00201,2026-07-02T05:43:39.682942+00:00,29,32,11334.08,354.19,28,25,0.875,0.7812,15,0.7692,desktop_chrome,credit_card
ACC_003319,RING_00201,2026-07-01T19:48:34.615173+00:00,30,20,6502.2,325.11,17,15,0.85,0.75,19,0.6861,desktop_chrome,credit_card
ACC_003320,RING_00201,2026-06-18T17:20:18.671691+00:00,43,32,8595.2,268.6,28,25,0.875,0.7812,11,0.8528,desktop_chrome,credit_card
ACC_003321,RING_00201,2026-06-22T10:47:10.091502+00:00,39,18,4156.56,230.92,15,14,0.8333,0.7778,14,0.8181,desktop_chrome,credit_card
ACC_003322,RING_00201,2026-06-28T08:47:10.848287+00:00,33,32,11435.52,357.36,27,24,0.8438,0.75,19,0.7628,desktop_chrome,credit_card
ACC_003323,RING_00201,2026-06-16T15:30:39.012166+00:00,45,32,10739.52,335.61,30,29,0.9375,0.9062,11,0.7904,desktop_chrome,credit_card
ACC_003324,RING_00201,2026-07-03T04:29:43.132019+00:00,28,32,13337.6,416.8,28,27,0.875,0.8438,12,0.8779,desktop_chrome,credit_card
ACC_003325,RING_00201,2026-06-28T22:32:14.380220+00:00,33,31,14061.6,453.6,26,24,0.8387,0.7742,12,0.7495,desktop_chrome,credit_card
ACC_003326,RING_00201,2026-06-30T13:50:38.775270+00:00,31,19,8197.74,431.46,17,15,0.8947,0.7895,19,0.8374,desktop_chrome,credit_card
ACC_003327,RING_00201,2026-07-02T03:34:23.898059+00:00,29,27,11030.58,408.54,23,20,0.8519,0.7407,10,0.8679,desktop_chrome,credit_card
ACC_003328,RING_00201,2026-06-17T13:25:00.825550+00:00,44,20,7354.0,367.7,18,16,0.9,0.8,20,0.69,desktop_chrome,credit_card
ACC_003329,RING_00201,2026-06-22T10:37:22.345178+00:00,39,20,7653.8,382.69,17,15,0.85,0.75,21,0.874,desktop_chrome,credit_card
ACC_003330,RING_00201,2026-06-27T00:48:05.382300+00:00,34,26,6677.06,256.81,22,21,0.8462,0.8077,15,0.7624,desktop_chrome,credit_card
ACC_003331,RING_00202,2027-04-25T09:27:24.891905+00:00,1,10,1190.4,119.04,0,0,0.0,0.0,2,0.0109,mobile_ios,credit_card
ACC_003332,RING_00203,2026-06-01T20:04:21.072542+00:00,60,24,6772.56,282.19,20,19,0.8333,0.7917,15,0.8076,desktop_chrome,credit_card
ACC_003333,RING_00203,2026-06-03T17:32:10.466670+00:00,58,21,7121.73,339.13,18,17,0.8571,0.8095,11,0.88,desktop_chrome,credit_card
ACC_003334,RING_00203,2026-06-01T05:52:38.183873+00:00,60,29,11383.37,392.53,25,24,0.8621,0.8276,20,0.7176,desktop_chrome,credit_card
ACC_003335,RING_00203,2026-06-13T02:04:18.713582+00:00,48,29,10922.27,376.63,26,24,0.8966,0.8276,17,0.8519,desktop_chrome,credit_card
ACC_003336,RING_00203,2026-05-29T13:00:39.959938+00:00,63,30,8295.9,276.53,26,25,0.8667,0.8333,13,0.8204,desktop_chrome,credit_card
ACC_003337,RING_00203,2026-06-04T00:55:05.710565+00:00,57,34,11122.08,327.12,29,27,0.8529,0.7941,12,0.7632,desktop_chrome,credit_card
ACC_003338,RING_00203,2026-06-08T15:30:40.570176+00:00,53,32,13966.72,436.46,28,27,0.875,0.8438,16,0.6814,desktop_chrome,credit_card
ACC_003339,RING_00203,2026-05-29T02:53:23.294916+00:00,63,31,8485.01,273.71,28,25,0.9032,0.8065,18,0.7001,desktop_chrome,credit_card
ACC_003340,RING_00203,2026-06-17T01:54:48.004062+00:00,44,32,8327.68,260.24,27,26,0.8438,0.8125,10,0.7308,desktop_chrome,credit_card
ACC_003341,RING_00203,2026-06-15T09:15:31.657294+00:00,46,31,13982.55,451.05,28,26,0.9032,0.8387,21,0.7989,desktop_chrome,credit_card
ACC_003342,RING_00203,2026-06-10T22:42:42.448698+00:00,51,22,6968.94,316.77,18,16,0.8182,0.7273,19,0.6942,desktop_chrome,credit_card
ACC_003343,RING_00204,2026-08-29T06:23:11.551066+00:00,1,21,1927.38,91.78,2,1,0.0952,0.0476,0,0.0744,desktop_chrome,debit_card
ACC_003344,RING_00205,2026-11-18T00:50:33.040548+00:00,1,37,2396.86,64.78,2,1,0.0541,0.027,1,0.0886,mobile_ios,credit_card
ACC_003345,RING_00205,2026-12-20T14:33:41.218501+00:00,1,27,3064.23,113.49,0,0,0.0,0.0,3,0.043,desktop_chrome,credit_card
ACC_003346,RING_00205,2026-12-17T07:25:23.770504+00:00,1,11,557.15,50.65,0,0,0.0,0.0,1,0.045,desktop_chrome,credit_card
ACC_003347,RING_00205,2026-11-15T00:36:47.663869+00:00,1,23,1082.38,47.06,1,0,0.0435,0.0,3,0.0503,desktop_chrome,paypal
ACC_003348,RING_00205,2026-10-17T19:04:32.982615+00:00,1,39,4438.59,113.81,1,0,0.0256,0.0,2,0.0476,mobile_ios,credit_card
ACC_003349,RING_00205,2026-07-31T07:44:18.901688+00:00,1,18,1789.74,99.43,0,0,0.0,0.0,1,0.0723,desktop_chrome,paypal
ACC_003350,RING_00205,2026-06-03T17:09:02.612935+00:00,58,22,932.14,42.37,1,0,0.0455,0.0,2,0.0617,desktop_chrome,paypal
ACC_003351,RING_00205,2026-06-16T23:21:53.859834+00:00,45,39,4955.34,127.06,2,1,0.0513,0.0256,3,0.0878,mobile_ios,paypal
ACC_003352,RING_00205,2026-04-22T17:18:46.745623+00:00,100,34,3790.32,111.48,2,1,0.0588,0.0294,3,0.0857,desktop_safari,paypal
ACC_003353,RING_00205,2026-05-19T09:56:43.732371+00:00,73,11,1730.96,157.36,0,0,0.0,0.0,2,0.0629,desktop_safari,paypal
ACC_003354,RING_00205,2026-12-04T02:00:18.289786+00:00,1,38,6214.9,163.55,1,0,0.0263,0.0,1,0.0134,desktop_chrome,paypal
ACC_003355,RING_00205,2026-07-16T16:17:22.115596+00:00,15,25,3850.75,154.03,0,0,0.0,0.0,2,0.0598,desktop_chrome,credit_card
ACC_003356,RING_00205,2026-03-17T12:47:06.719768+00:00,136,25,1137.0,45.48,0,0,0.0,0.0,1,0.0359,desktop_chrome,credit_card
ACC_003357,RING_00205,2026-08-14T00:18:50.717520+00:00,1,9,903.69,100.41,0,0,0.0,0.0,1,0.0679,desktop_chrome,paypal
ACC_003358,RING_00205,2026-10-17T11:07:38.484985+00:00,1,9,1102.77,122.53,0,0,0.0,0.0,2,0.0353,desktop_safari,paypal
ACC_003359,RING_00205,2026-07-07T01:20:57.292065+00:00,24,25,1768.75,70.75,0,0,0.0,0.0,1,0.078,mobile_ios,credit_card
ACC_003360,RING_00205,2026-10-19T18:53:39.576880+00:00,1,15,2461.35,164.09,0,0,0.0,0.0,2,0.0794,desktop_chrome,paypal
ACC_003361,RING_00205,2026-12-09T23:06:41.028589+00:00,1,17,2131.8,125.4,0,0,0.0,0.0,1,0.05,desktop_chrome,credit_card
ACC_003362,RING_00205,2026-11-17T20:24:27.908465+00:00,1,18,2270.52,126.14,0,0,0.0,0.0,3,0.0151,desktop_chrome,credit_card
ACC_003363,RING_00205,2026-12-15T18:23:40.023998+00:00,1,26,4361.24,167.74,0,0,0.0,0.0,3,0.0871,desktop_safari,paypal
ACC_003364,RING_00205,2026-09-05T06:41:48.077177+00:00,1,25,3697.25,147.89,0,0,0.0,0.0,1,0.0431,desktop_chrome,paypal
ACC_003365,RING_00205,2026-03-12T17:04:37.777156+00:00,141,21,1462.23,69.63,1,0,0.0476,0.0,2,0.0301,desktop_chrome,paypal
ACC_003366,RING_00205,2026-11-02T19:02:58.931442+00:00,1,35,3564.75,101.85,1,0,0.0286,0.0,2,0.0221,desktop_safari,paypal
ACC_003367,RING_00205,2026-07-01T19:36:28.960085+00:00,30,31,5354.94,172.74,2,1,0.0645,0.0323,3,0.0357,desktop_chrome,credit_card
ACC_003368,RING_00205,2026-03-30T12:57:05.382200+00:00,123,14,1400.14,100.01,0,0,0.0,0.0,2,0.0151,desktop_chrome,credit_card
ACC_003369,RING_00205,2026-07-28T14:25:30.584060+00:00,3,15,1315.05,87.67,0,0,0.0,0.0,1,0.0489,mobile_ios,credit_card
ACC_003370,RING_00205,2026-05-23T11:52:58.647717+00:00,69,18,2401.56,133.42,0,0,0.0,0.0,1,0.0564,desktop_safari,paypal
ACC_003371,RING_00205,2026-04-03T04:17:03.505107+00:00,119,32,3931.84,122.87,1,0,0.0312,0.0,3,0.0803,mobile_ios,credit_card
ACC_003372,RING_00205,2026-05-08T11:01:35.254629+00:00,84,19,3268.76,172.04,0,0,0.0,0.0,1,0.086,desktop_chrome,credit_card
ACC_003373,RING_00205,2026-08-14T18:59:13.645647+00:00,1,36,6226.92,172.97,1,0,0.0278,0.0,1,0.0581,desktop_safari,credit_card
ACC_003374,RING_00205,2026-10-04T18:56:30.862641+00:00,1,33,4649.7,140.9,1,0,0.0303,0.0,1,0.0667,desktop_chrome,paypal
ACC_003375,RING_00205,2026-05-02T21:32:35.100532+00:00,90,8,1104.64,138.08,0,0,0.0,0.0,2,0.057,mobile_ios,credit_card
ACC_003376,RING_00205,2026-04-10T14:46:01.254368+00:00,112,16,1677.12,104.82,0,0,0.0,0.0,1,0.0412,desktop_chrome,credit_card
ACC_003377,RING_00205,2026-03-17T17:10:01.339779+00:00,136,23,2192.13,95.31,1,0,0.0435,0.0,1,0.0724,desktop_safari,paypal
ACC_003378,RING_00205,2026-12-11T22:52:30.060408+00:00,1,32,4857.28,151.79,1,0,0.0312,0.0,2,0.0806,desktop_safari,credit_card
ACC_003379,RING_00205,2026-09-21T14:04:00.097141+00:00,1,19,2741.7,144.3,1,0,0.0526,0.0,2,0.0236,desktop_chrome,credit_card
ACC_003380,RING_00206,2026-05-29T00:17:02.795969+00:00,63,16,112.48,7.03,0,0,0.0,0.0,0,0.827,emulator_bot,credit_card
ACC_003381,RING_00206,2026-05-29T00:28:28.922317+00:00,63,41,286.59,6.99,0,0,0.0,0.0,0,0.8026,emulator_bot,credit_card
ACC_003382,RING_00206,2026-05-29T00:40:12.632299+00:00,63,35,467.25,13.35,0,0,0.0,0.0,0,0.9066,emulator_bot,credit_card
ACC_003383,RING_00206,2026-05-29T00:19:33.165047+00:00,63,20,338.6,16.93,0,0,0.0,0.0,0,0.8484,emulator_bot,credit_card
ACC_003384,RING_00206,2026-05-29T00:03:47.078065+00:00,63,16,188.48,11.78,0,0,0.0,0.0,0,0.834,emulator_bot,credit_card
ACC_003385,RING_00206,2026-05-29T00:37:49.258348+00:00,63,35,532.0,15.2,0,0,0.0,0.0,0,0.8845,emulator_bot,credit_card
ACC_003386,RING_00206,2026-05-29T00:05:37.229609+00:00,63,21,211.89,10.09,0,0,0.0,0.0,0,0.8328,emulator_bot,credit_card
ACC_003387,RING_00206,2026-05-29T00:28:40.956484+00:00,63,40,402.4,10.06,0,0,0.0,0.0,0,0.957,emulator_bot,credit_card
ACC_003388,RING_00206,2026-05-29T00:18:36.324163+00:00,63,26,147.42,5.67,0,0,0.0,0.0,0,0.8787,emulator_bot,credit_card
ACC_003389,RING_00206,2026-05-29T00:40:55.839361+00:00,63,27,432.27,16.01,0,0,0.0,0.0,0,0.9683,emulator_bot,credit_card
ACC_003390,RING_00206,2026-05-29T00:31:43.259459+00:00,63,30,276.0,9.2,0,0,0.0,0.0,0,0.966,emulator_bot,credit_card
ACC_003391,RING_00206,2026-05-29T00:00:00.385009+00:00,63,17,273.53,16.09,0,0,0.0,0.0,0,0.967,emulator_bot,credit_card
ACC_003392,RING_00206,2026-05-29T00:16:46.457234+00:00,63,27,211.68,7.84,0,0,0.0,0.0,0,0.911,emulator_bot,credit_card
ACC_003393,RING_00206,2026-05-29T00:08:06.834510+00:00,63,15,73.95,4.93,0,0,0.0,0.0,0,0.8493,emulator_bot,credit_card
ACC_003394,RING_00206,2026-05-29T00:12:45.535054+00:00,63,43,377.54,8.78,0,0,0.0,0.0,0,0.901,emulator_bot,credit_card
ACC_003395,RING_00206,2026-05-29T00:17:57.180557+00:00,63,24,354.24,14.76,0,0,0.0,0.0,0,0.9355,emulator_bot,credit_card
ACC_003396,RING_00206,2026-05-29T00:24:21.739773+00:00,63,42,243.6,5.8,0,0,0.0,0.0,0,0.9489,emulator_bot,credit_card
ACC_003397,RING_00206,2026-05-29T00:35:55.630549+00:00,63,43,539.65,12.55,0,0,0.0,0.0,0,0.8386,emulator_bot,credit_card
ACC_003398,RING_00206,2026-05-29T00:03:53.356235+00:00,63,44,529.32,12.03,0,0,0.0,0.0,0,0.939,emulator_bot,credit_card
ACC_003399,RING_00206,2026-05-29T00:19:50.979092+00:00,63,36,196.56,5.46,0,0,0.0,0.0,0,0.8641,emulator_bot,credit_card
ACC_003400,RING_00206,2026-05-29T00:38:16.939190+00:00,63,27,326.7,12.1,0,0,0.0,0.0,0,0.8001,emulator_bot,credit_card
ACC_003401,RING_00206,2026-05-29T00:19:26.886639+00:00,63,43,242.95,5.65,0,0,0.0,0.0,0,0.8483,emulator_bot,credit_card
ACC_003402,RING_00206,2026-05-29T00:23:22.096515+00:00,63,16,260.64,16.29,0,0,0.0,0.0,0,0.8879,emulator_bot,credit_card
ACC_003403,RING_00206,2026-05-29T00:35:02.236099+00:00,63,23,184.69,8.03,0,0,0.0,0.0,0,0.8994,emulator_bot,credit_card
ACC_003404,RING_00206,2026-05-29T00:32:04.814944+00:00,63,36,637.2,17.7,0,0,0.0,0.0,0,0.8022,emulator_bot,credit_card
ACC_003405,RING_00206,2026-05-29T00:22:56.993896+00:00,63,42,629.58,14.99,0,0,0.0,0.0,0,0.8992,emulator_bot,credit_card
ACC_003406,RING_00206,2026-05-29T00:43:31.151293+00:00,63,32,332.48,10.39,0,0,0.0,0.0,0,0.9241,emulator_bot,credit_card
ACC_003407,RING_00206,2026-05-29T00:01:37.776589+00:00,63,38,283.1,7.45,0,0,0.0,0.0,0,0.838,emulator_bot,credit_card
ACC_003408,RING_00206,2026-05-29T00:02:27.177697+00:00,63,19,77.33,4.07,0,0,0.0,0.0,0,0.8314,emulator_bot,credit_card
ACC_003409,RING_00206,2026-05-29T00:19:13.878710+00:00,63,36,420.12,11.67,0,0,0.0,0.0,0,0.8605,emulator_bot,credit_card
ACC_003410,RING_00206,2026-05-29T00:07:06.193158+00:00,63,44,432.08,9.82,0,0,0.0,0.0,0,0.8266,emulator_bot,credit_card
ACC_003411,RING_00207,2026-08-01T15:52:48.426752+00:00,1,10,929.2,92.92,0,0,0.0,0.0,0,0.0523,mobile_ios,credit_card
ACC_003412,RING_00207,2026-04-05T10:29:52.557858+00:00,117,16,787.52,49.22,0,0,0.0,0.0,1,0.0626,desktop_chrome,debit_card
ACC_003413,RING_00207,2026-10-11T22:48:49.717009+00:00,1,18,1661.58,92.31,1,0,0.0556,0.0,1,0.0704,desktop_safari,debit_card
ACC_003414,RING_00207,2026-11-09T17:11:12.839979+00:00,1,24,654.0,27.25,2,1,0.0833,0.0417,1,0.0751,mobile_ios,credit_card
ACC_003415,RING_00207,2026-03-23T21:55:17.564241+00:00,130,20,910.2,45.51,1,0,0.05,0.0,0,0.0473,desktop_safari,debit_card
ACC_003416,RING_00207,2026-07-11T18:58:02.446424+00:00,20,14,1123.22,80.23,0,0,0.0,0.0,1,0.0471,desktop_chrome,credit_card
ACC_003417,RING_00207,2026-04-14T15:06:39.801824+00:00,108,16,567.04,35.44,1,0,0.0625,0.0,0,0.0634,mobile_ios,debit_card
ACC_003418,RING_00207,2026-11-02T01:46:13.920535+00:00,1,29,1386.78,47.82,1,0,0.0345,0.0,1,0.0396,desktop_safari,apple_pay
ACC_003419,RING_00207,2026-04-06T06:07:23.689459+00:00,116,22,1334.08,60.64,2,1,0.0909,0.0455,0,0.0734,desktop_safari,apple_pay
ACC_003420,RING_00207,2026-09-05T04:57:14.087591+00:00,1,16,862.24,53.89,0,0,0.0,0.0,1,0.0607,desktop_chrome,debit_card
ACC_003421,RING_00207,2026-10-06T03:39:06.527824+00:00,1,11,811.14,73.74,0,0,0.0,0.0,1,0.0733,desktop_chrome,apple_pay
ACC_003422,RING_00207,2026-02-13T11:57:55.352153+00:00,168,6,448.2,74.7,0,0,0.0,0.0,0,0.0316,desktop_safari,apple_pay
ACC_003423,RING_00207,2026-06-17T11:28:31.962829+00:00,44,20,904.0,45.2,1,0,0.05,0.0,1,0.059,desktop_safari,apple_pay
ACC_003424,RING_00207,2026-05-07T10:30:05.092772+00:00,85,5,136.25,27.25,0,0,0.0,0.0,1,0.0319,mobile_ios,credit_card
ACC_003425,RING_00207,2026-02-20T14:19:58.113955+00:00,161,21,716.52,34.12,0,0,0.0,0.0,0,0.0539,desktop_chrome,debit_card
ACC_003426,RING_00207,2026-03-16T17:12:05.462240+00:00,137,12,1074.0,89.5,0,0,0.0,0.0,0,0.0383,desktop_chrome,credit_card
ACC_003427,RING_00207,2027-01-25T09:39:25.763665+00:00,1,5,324.9,64.98,0,0,0.0,0.0,1,0.0113,mobile_ios,apple_pay
ACC_003428,RING_00207,2026-02-18T18:59:57.013721+00:00,163,18,1620.36,90.02,0,0,0.0,0.0,1,0.0652,desktop_safari,credit_card
ACC_003429,RING_00207,2026-08-16T13:05:03.445449+00:00,1,24,841.2,35.05,0,0,0.0,0.0,1,0.0759,mobile_ios,credit_card
ACC_003430,RING_00207,2026-09-24T00:38:42.916630+00:00,1,6,286.98,47.83,0,0,0.0,0.0,1,0.0556,desktop_safari,apple_pay
ACC_003431,RING_00207,2026-09-03T00:22:45.771098+00:00,1,8,297.44,37.18,0,0,0.0,0.0,0,0.0148,desktop_chrome,debit_card
ACC_003432,RING_00207,2026-10-30T05:39:22.029908+00:00,1,16,1033.12,64.57,1,0,0.0625,0.0,1,0.0143,mobile_ios,credit_card
ACC_003433,RING_00207,2026-03-29T21:15:51.599553+00:00,124,14,1172.78,83.77,0,0,0.0,0.0,1,0.0103,desktop_safari,credit_card
ACC_003434,RING_00207,2026-04-13T10:15:13.123430+00:00,109,10,398.6,39.86,1,0,0.1,0.0,1,0.0108,desktop_chrome,credit_card
ACC_003435,RING_00207,2026-04-02T12:16:40.724218+00:00,120,24,1524.48,63.52,1,0,0.0417,0.0,1,0.0364,desktop_safari,debit_card
ACC_003436,RING_00207,2026-08-18T10:15:37.814330+00:00,1,19,1125.37,59.23,1,0,0.0526,0.0,1,0.0158,desktop_safari,credit_card
ACC_003437,RING_00207,2026-08-17T20:40:23.464167+00:00,1,10,754.7,75.47,1,0,0.1,0.0,1,0.033,desktop_safari,credit_card
ACC_003438,RING_00207,2026-12-24T07:23:03.845268+00:00,1,17,902.02,53.06,1,0,0.0588,0.0,1,0.0695,desktop_chrome,debit_card
ACC_003439,RING_00207,2026-05-21T18:59:18.097057+00:00,71,18,1441.26,80.07,1,0,0.0556,0.0,0,0.0103,desktop_chrome,credit_card
ACC_003440,RING_00207,2027-01-10T07:57:30.094569+00:00,1,8,750.4,93.8,0,0,0.0,0.0,1,0.0725,mobile_ios,debit_card
ACC_003441,RING_00207,2026-10-09T21:19:08.263863+00:00,1,12,1023.12,85.26,1,0,0.0833,0.0,1,0.0252,mobile_ios,apple_pay
ACC_003442,RING_00207,2026-04-12T10:55:32.122101+00:00,110,18,646.02,35.89,0,0,0.0,0.0,1,0.037,mobile_ios,debit_card
ACC_003443,RING_00207,2026-02-16T10:54:05.418000+00:00,165,9,358.2,39.8,0,0,0.0,0.0,1,0.0724,desktop_chrome,credit_card
ACC_003444,RING_00207,2026-08-21T18:40:42.034562+00:00,1,27,2054.97,76.11,3,1,0.1111,0.037,0,0.0114,desktop_chrome,debit_card
ACC_003445,RING_00207,2026-08-10T02:03:22.760485+00:00,1,11,483.78,43.98,0,0,0.0,0.0,0,0.0542,desktop_safari,credit_card
ACC_003446,RING_00207,2026-11-24T23:33:28.407517+00:00,1,26,1269.84,48.84,1,0,0.0385,0.0,0,0.0322,desktop_chrome,debit_card
ACC_003447,RING_00207,2026-08-13T16:18:02.667525+00:00,1,29,1917.77,66.13,0,0,0.0,0.0,0,0.0729,mobile_ios,apple_pay
ACC_003448,RING_00207,2026-08-27T20:08:53.895627+00:00,1,14,759.08,54.22,0,0,0.0,0.0,1,0.0643,desktop_safari,apple_pay
ACC_003449,RING_00207,2026-08-23T16:31:12.349689+00:00,1,5,233.3,46.66,0,0,0.0,0.0,0,0.019,desktop_chrome,apple_pay
ACC_003450,RING_00207,2026-09-26T23:57:56.118141+00:00,1,27,1858.68,68.84,1,0,0.037,0.0,1,0.0118,mobile_ios,apple_pay
ACC_003451,RING_00207,2026-02-12T13:31:10.173410+00:00,169,22,1142.24,51.92,2,1,0.0909,0.0455,0,0.062,mobile_ios,apple_pay
ACC_003452,RING_00207,2026-08-17T12:11:25.019392+00:00,1,14,561.4,40.1,1,0,0.0714,0.0,0,0.0133,mobile_ios,apple_pay
ACC_003453,RING_00207,2026-11-23T20:04:33.987791+00:00,1,15,1282.2,85.48,1,0,0.0667,0.0,0,0.0674,desktop_safari,credit_card
ACC_003454,RING_00207,2026-11-03T07:24:43.812605+00:00,1,23,2049.07,89.09,1,0,0.0435,0.0,0,0.0168,desktop_safari,debit_card
ACC_003455,RING_00207,2026-10-26T18:13:50.938492+00:00,1,14,1121.4,80.1,1,0,0.0714,0.0,0,0.0168,desktop_safari,credit_card
ACC_003456,RING_00207,2027-01-24T09:14:54.366187+00:00,1,14,1143.38,81.67,0,0,0.0,0.0,0,0.0266,mobile_ios,apple_pay
ACC_003457,RING_00208,2026-05-21T23:06:03.236655+00:00,71,37,3197.17,86.41,4,3,0.1081,0.0811,0,0.0288,mobile_ios,debit_card
ACC_003458,RING_00209,2026-06-03T00:02:56.388481+00:00,58,20,155.8,7.79,0,0,0.0,0.0,0,0.8304,emulator_bot,credit_card
ACC_003459,RING_00209,2026-06-03T00:40:25.875176+00:00,58,23,367.31,15.97,0,0,0.0,0.0,0,0.8411,emulator_bot,credit_card
ACC_003460,RING_00209,2026-06-03T00:06:39.665531+00:00,58,40,706.8,17.67,0,0,0.0,0.0,0,0.9372,emulator_bot,credit_card
ACC_003461,RING_00209,2026-06-03T00:10:11.736764+00:00,58,32,158.08,4.94,0,0,0.0,0.0,0,0.8867,emulator_bot,credit_card
ACC_003462,RING_00209,2026-06-03T00:24:10.737971+00:00,58,23,270.94,11.78,0,0,0.0,0.0,0,0.9262,emulator_bot,credit_card
ACC_003463,RING_00209,2026-06-03T00:40:19.751410+00:00,58,39,582.27,14.93,0,0,0.0,0.0,0,0.8938,emulator_bot,credit_card
ACC_003464,RING_00209,2026-06-03T00:02:12.384285+00:00,58,22,286.22,13.01,0,0,0.0,0.0,0,0.9659,emulator_bot,credit_card
ACC_003465,RING_00209,2026-06-03T00:09:43.131036+00:00,58,25,231.5,9.26,0,0,0.0,0.0,0,0.9043,emulator_bot,credit_card
ACC_003466,RING_00209,2026-06-03T00:32:16.846122+00:00,58,15,112.05,7.47,0,0,0.0,0.0,0,0.8273,emulator_bot,credit_card
ACC_003467,RING_00209,2026-06-03T00:23:21.785492+00:00,58,35,459.2,13.12,0,0,0.0,0.0,0,0.9701,emulator_bot,credit_card
ACC_003468,RING_00209,2026-06-03T00:26:45.199563+00:00,58,22,142.78,6.49,0,0,0.0,0.0,0,0.9709,emulator_bot,credit_card
ACC_003469,RING_00209,2026-06-03T00:00:45.775273+00:00,58,40,465.6,11.64,0,0,0.0,0.0,0,0.8327,emulator_bot,credit_card
ACC_003470,RING_00209,2026-06-03T00:39:00.374129+00:00,58,40,292.0,7.3,0,0,0.0,0.0,0,0.8777,emulator_bot,credit_card
ACC_003471,RING_00209,2026-06-03T00:26:02.599968+00:00,58,27,254.61,9.43,0,0,0.0,0.0,0,0.8932,emulator_bot,credit_card
ACC_003472,RING_00209,2026-06-03T00:37:32.793163+00:00,58,27,368.55,13.65,0,0,0.0,0.0,0,0.8268,emulator_bot,credit_card
ACC_003473,RING_00209,2026-06-03T00:43:22.111168+00:00,58,32,168.64,5.27,0,0,0.0,0.0,0,0.9158,emulator_bot,credit_card
ACC_003474,RING_00209,2026-06-03T00:32:56.836035+00:00,58,40,443.2,11.08,0,0,0.0,0.0,0,0.8769,emulator_bot,credit_card
ACC_003475,RING_00209,2026-06-03T00:01:23.728317+00:00,58,40,320.4,8.01,0,0,0.0,0.0,0,0.9705,emulator_bot,credit_card
ACC_003476,RING_00209,2026-06-03T00:32:01.129558+00:00,58,34,494.36,14.54,0,0,0.0,0.0,0,0.8041,emulator_bot,credit_card
ACC_003477,RING_00209,2026-06-03T00:25:21.370821+00:00,58,44,409.2,9.3,0,0,0.0,0.0,0,0.9596,emulator_bot,credit_card
ACC_003478,RING_00209,2026-06-03T00:04:39.556903+00:00,58,32,265.28,8.29,0,0,0.0,0.0,0,0.8234,emulator_bot,credit_card
ACC_003479,RING_00210,2026-03-10T13:08:53.648187+00:00,143,29,3604.41,124.29,0,0,0.0,0.0,0,0.038,mobile_ios,debit_card
ACC_003480,RING_00211,2027-02-18T05:01:00.824490+00:00,1,6,234.48,39.08,0,0,0.0,0.0,1,0.0819,mobile_android,credit_card
ACC_003481,RING_00212,2026-04-25T04:37:44.422372+00:00,97,16,1096.64,68.54,1,0,0.0625,0.0,2,0.0265,desktop_chrome,credit_card
ACC_003482,RING_00212,2026-08-29T11:58:09.168240+00:00,1,22,1567.06,71.23,1,0,0.0455,0.0,0,0.0299,mobile_ios,credit_card
ACC_003483,RING_00212,2026-08-29T16:19:40.787996+00:00,1,22,1188.66,54.03,0,0,0.0,0.0,2,0.0457,desktop_chrome,credit_card
ACC_003484,RING_00212,2026-10-07T09:13:19.302324+00:00,1,19,1229.11,64.69,0,0,0.0,0.0,1,0.0774,desktop_chrome,credit_card
ACC_003485,RING_00212,2026-05-24T13:59:01.673364+00:00,68,21,2664.06,126.86,0,0,0.0,0.0,0,0.0464,mobile_ios,credit_card
ACC_003486,RING_00212,2026-06-19T02:45:09.224289+00:00,42,8,806.16,100.77,0,0,0.0,0.0,2,0.0324,mobile_ios,credit_card
ACC_003487,RING_00212,2026-09-27T14:24:22.216036+00:00,1,16,1035.2,64.7,0,0,0.0,0.0,0,0.0735,mobile_ios,credit_card
ACC_003488,RING_00213,2027-01-20T16:12:28.701746+00:00,1,6,631.62,105.27,0,0,0.0,0.0,1,0.0865,mobile_ios,paypal
ACC_003489,RING_00214,2026-03-29T12:10:39.885835+00:00,124,17,806.82,47.46,0,0,0.0,0.0,0,0.0825,desktop_chrome,debit_card
ACC_003490,RING_00215,2026-10-17T05:58:44.920258+00:00,1,38,1744.2,45.9,1,0,0.0263,0.0,1,0.0567,desktop_chrome,debit_card
ACC_003491,RING_00216,2026-12-02T10:32:30.085496+00:00,1,12,1097.76,91.48,0,0,0.0,0.0,0,0.0123,desktop_chrome,credit_card
ACC_003492,RING_00216,2026-09-25T06:37:42.385749+00:00,1,13,1768.78,136.06,1,0,0.0769,0.0,2,0.015,desktop_chrome,credit_card
ACC_003493,RING_00216,2027-05-03T05:17:12.792731+00:00,1,16,702.56,43.91,1,0,0.0625,0.0,0,0.0319,mobile_ios,credit_card
ACC_003494,RING_00216,2027-05-09T01:07:18.794905+00:00,1,22,2012.34,91.47,2,1,0.0909,0.0455,1,0.0171,mobile_ios,credit_card
ACC_003495,RING_00216,2026-08-15T11:01:15.952264+00:00,1,15,1143.6,76.24,1,0,0.0667,0.0,0,0.0693,mobile_ios,credit_card
ACC_003496,RING_00216,2026-08-28T06:00:28.985885+00:00,1,12,1102.68,91.89,0,0,0.0,0.0,1,0.0446,mobile_ios,credit_card
ACC_003497,RING_00217,2026-11-20T13:32:08.857657+00:00,1,22,1887.38,85.79,1,0,0.0455,0.0,1,0.0468,desktop_chrome,debit_card
ACC_003498,RING_00218,2026-07-24T05:07:42.448674+00:00,7,27,777.87,28.81,1,0,0.037,0.0,1,0.0628,desktop_chrome,credit_card
ACC_003499,RING_00218,2026-09-07T20:34:51.173309+00:00,1,21,1554.63,74.03,2,1,0.0952,0.0476,1,0.0514,desktop_chrome,debit_card
ACC_003500,RING_00218,2026-12-16T11:29:24.406506+00:00,1,19,1410.37,74.23,1,0,0.0526,0.0,1,0.0702,desktop_safari,credit_card
ACC_003501,RING_00218,2026-06-08T13:59:42.958005+00:00,53,18,1336.5,74.25,1,0,0.0556,0.0,1,0.0609,desktop_safari,credit_card
ACC_003502,RING_00218,2026-10-21T05:07:09.869046+00:00,1,8,607.44,75.93,0,0,0.0,0.0,0,0.0657,desktop_safari,debit_card
ACC_003503,RING_00218,2026-04-21T16:41:54.713677+00:00,101,5,232.5,46.5,0,0,0.0,0.0,1,0.0178,desktop_safari,apple_pay
ACC_003504,RING_00218,2027-01-14T04:42:52.541670+00:00,1,7,283.43,40.49,0,0,0.0,0.0,0,0.0311,desktop_safari,debit_card
ACC_003505,RING_00218,2026-05-30T12:22:34.098574+00:00,62,10,638.2,63.82,0,0,0.0,0.0,0,0.0301,desktop_chrome,debit_card
ACC_003506,RING_00218,2026-09-08T16:58:53.633797+00:00,1,21,1816.08,86.48,1,0,0.0476,0.0,1,0.025,desktop_chrome,debit_card
ACC_003507,RING_00218,2027-02-20T10:18:53.820587+00:00,1,11,433.51,39.41,1,0,0.0909,0.0,0,0.0127,desktop_chrome,debit_card
ACC_003508,RING_00218,2026-04-22T08:46:03.480164+00:00,100,15,789.45,52.63,1,0,0.0667,0.0,0,0.0725,mobile_ios,apple_pay
ACC_003509,RING_00218,2026-09-23T20:32:40.785312+00:00,1,11,802.45,72.95,0,0,0.0,0.0,0,0.0628,desktop_safari,debit_card
ACC_003510,RING_00218,2027-03-03T13:08:45.634331+00:00,1,7,229.39,32.77,0,0,0.0,0.0,1,0.0349,desktop_chrome,apple_pay
ACC_003511,RING_00218,2026-09-01T22:16:04.283415+00:00,1,16,934.72,58.42,0,0,0.0,0.0,1,0.0366,mobile_ios,debit_card
ACC_003512,RING_00218,2026-06-09T02:46:11.826442+00:00,52,15,836.85,55.79,0,0,0.0,0.0,0,0.0182,desktop_safari,credit_card
ACC_003513,RING_00218,2026-05-08T23:47:07.659253+00:00,84,6,297.6,49.6,0,0,0.0,0.0,1,0.0159,desktop_safari,debit_card
ACC_003514,RING_00218,2027-01-22T16:23:20.548465+00:00,1,14,646.52,46.18,0,0,0.0,0.0,1,0.0789,desktop_safari,apple_pay
ACC_003515,RING_00218,2026-11-10T23:14:48.732445+00:00,1,8,606.24,75.78,0,0,0.0,0.0,0,0.0263,desktop_chrome,debit_card
ACC_003516,RING_00218,2026-06-15T22:27:17.836346+00:00,46,16,749.44,46.84,0,0,0.0,0.0,1,0.0175,mobile_ios,debit_card
ACC_003517,RING_00218,2027-01-11T04:58:22.452600+00:00,1,9,608.13,67.57,0,0,0.0,0.0,0,0.0237,mobile_ios,apple_pay
ACC_003518,RING_00218,2027-01-14T20:26:30.482744+00:00,1,18,858.6,47.7,1,0,0.0556,0.0,1,0.0346,desktop_chrome,debit_card
ACC_003519,RING_00218,2026-11-12T07:17:43.857376+00:00,1,22,2082.74,94.67,0,0,0.0,0.0,0,0.0514,desktop_chrome,apple_pay
ACC_003520,RING_00218,2026-09-26T21:42:42.385113+00:00,1,26,900.9,34.65,1,0,0.0385,0.0,0,0.0314,mobile_ios,apple_pay
ACC_003521,RING_00218,2026-12-26T21:30:34.702996+00:00,1,6,265.8,44.3,0,0,0.0,0.0,1,0.0564,mobile_ios,debit_card
ACC_003522,RING_00218,2027-02-22T07:00:43.377288+00:00,1,24,1481.52,61.73,2,1,0.0833,0.0417,0,0.0176,desktop_chrome,apple_pay
ACC_003523,RING_00218,2026-05-24T23:24:05.756461+00:00,68,7,545.51,77.93,0,0,0.0,0.0,0,0.0258,desktop_safari,credit_card
ACC_003524,RING_00218,2026-11-15T07:26:11.720291+00:00,1,16,942.72,58.92,1,0,0.0625,0.0,1,0.0344,desktop_safari,apple_pay
ACC_003525,RING_00218,2026-05-11T06:39:53.687184+00:00,81,6,320.1,53.35,0,0,0.0,0.0,0,0.0309,desktop_safari,debit_card
ACC_003526,RING_00218,2027-03-24T16:21:13.000213+00:00,1,8,604.88,75.61,0,0,0.0,0.0,1,0.0309,desktop_chrome,apple_pay
ACC_003527,RING_00218,2026-12-29T13:17:59.157606+00:00,1,14,776.86,55.49,1,0,0.0714,0.0,1,0.0382,mobile_ios,apple_pay
ACC_003528,RING_00218,2027-01-06T21:35:18.518061+00:00,1,8,580.24,72.53,0,0,0.0,0.0,1,0.0208,desktop_safari,credit_card
ACC_003529,RING_00218,2026-10-24T01:50:14.043725+00:00,1,6,424.92,70.82,0,0,0.0,0.0,1,0.0146,desktop_safari,apple_pay
ACC_003530,RING_00218,2026-11-11T15:59:19.718968+00:00,1,20,1306.2,65.31,1,0,0.05,0.0,0,0.0155,desktop_chrome,credit_card
ACC_003531,RING_00218,2027-01-23T10:31:34.654940+00:00,1,6,539.52,89.92,0,0,0.0,0.0,0,0.0263,desktop_safari,apple_pay
ACC_003532,RING_00219,2026-07-20T09:29:20.934347+00:00,11,41,3402.59,82.99,1,0,0.0244,0.0,2,0.0361,desktop_chrome,debit_card
ACC_003533,RING_00220,2026-11-27T22:07:33.568056+00:00,1,11,1363.23,123.93,0,0,0.0,0.0,2,0.0229,mobile_android,debit_card
ACC_003534,RING_00220,2026-10-15T10:34:18.957184+00:00,1,26,3114.28,119.78,1,0,0.0385,0.0,3,0.0682,mobile_android,credit_card
ACC_003535,RING_00220,2026-12-05T14:18:19.735395+00:00,1,24,1428.48,59.52,1,0,0.0417,0.0,3,0.0311,mobile_ios,credit_card
ACC_003536,RING_00220,2026-07-19T03:29:29.650791+00:00,12,33,2452.89,74.33,0,0,0.0,0.0,3,0.0654,mobile_android,debit_card
ACC_003537,RING_00220,2026-08-01T18:50:07.680888+00:00,1,16,1801.76,112.61,0,0,0.0,0.0,1,0.0266,mobile_ios,credit_card
ACC_003538,RING_00220,2027-07-15T06:28:21.163467+00:00,1,29,4175.42,143.98,1,0,0.0345,0.0,3,0.0561,mobile_android,credit_card
ACC_003539,RING_00220,2026-09-26T22:47:06.262754+00:00,1,20,1037.4,51.87,1,0,0.05,0.0,3,0.0283,desktop_chrome,credit_card
ACC_003540,RING_00220,2027-02-11T14:31:17.709756+00:00,1,11,553.85,50.35,1,0,0.0909,0.0,2,0.0568,mobile_ios,credit_card
ACC_003541,RING_00220,2027-06-27T05:21:14.385533+00:00,1,21,1051.47,50.07,0,0,0.0,0.0,1,0.0345,mobile_android,debit_card
ACC_003542,RING_00220,2026-10-11T02:00:39.729666+00:00,1,38,2180.06,57.37,2,1,0.0526,0.0263,1,0.0659,desktop_chrome,credit_card
ACC_003543,RING_00220,2026-09-13T19:31:51.684807+00:00,1,25,2022.0,80.88,1,0,0.04,0.0,1,0.0326,mobile_android,credit_card
ACC_003544,RING_00220,2027-03-09T17:31:54.203463+00:00,1,28,3279.92,117.14,0,0,0.0,0.0,3,0.0218,mobile_android,credit_card
ACC_003545,RING_00220,2026-11-09T18:21:51.912808+00:00,1,18,1999.98,111.11,0,0,0.0,0.0,1,0.0342,mobile_android,credit_card
ACC_003546,RING_00220,2026-07-23T06:57:28.879167+00:00,8,34,4218.04,124.06,1,0,0.0294,0.0,3,0.0575,desktop_chrome,debit_card
ACC_003547,RING_00220,2026-09-28T20:13:08.643854+00:00,1,14,1602.02,114.43,1,0,0.0714,0.0,3,0.0229,mobile_android,credit_card
ACC_003548,RING_00220,2026-09-18T00:28:33.887487+00:00,1,30,2069.7,68.99,1,0,0.0333,0.0,3,0.03,desktop_chrome,debit_card
ACC_003549,RING_00220,2026-09-18T14:41:30.505630+00:00,1,33,3322.44,100.68,3,2,0.0909,0.0606,2,0.0174,mobile_ios,credit_card
ACC_003550,RING_00220,2026-08-21T09:49:49.167367+00:00,1,15,1602.9,106.86,0,0,0.0,0.0,3,0.069,mobile_android,debit_card
ACC_003551,RING_00220,2026-08-18T11:07:16.822448+00:00,1,35,4235.7,121.02,3,2,0.0857,0.0571,3,0.0637,mobile_ios,debit_card
ACC_003552,RING_00220,2026-12-31T08:52:06.647691+00:00,1,25,1546.5,61.86,1,0,0.04,0.0,3,0.0641,mobile_ios,credit_card
ACC_003553,RING_00220,2027-01-29T11:03:22.151743+00:00,1,23,2941.93,127.91,0,0,0.0,0.0,2,0.0329,desktop_chrome,debit_card
ACC_003554,RING_00220,2026-06-27T15:06:07.093759+00:00,34,16,933.76,58.36,1,0,0.0625,0.0,2,0.0113,mobile_ios,credit_card
ACC_003555,RING_00221,2026-06-25T12:34:26.551020+00:00,36,24,1159.68,48.32,1,0,0.0417,0.0,1,0.078,desktop_safari,paypal
ACC_003556,RING_00221,2026-04-13T20:00:42.764738+00:00,109,13,1949.48,149.96,0,0,0.0,0.0,2,0.0381,desktop_safari,paypal
ACC_003557,RING_00221,2026-12-11T14:29:01.457320+00:00,1,23,3034.16,131.92,0,0,0.0,0.0,3,0.01,desktop_chrome,credit_card
ACC_003558,RING_00221,2026-10-14T10:59:12.326159+00:00,1,11,960.96,87.36,0,0,0.0,0.0,2,0.0728,desktop_chrome,paypal
ACC_003559,RING_00221,2026-07-15T20:54:00.831550+00:00,16,33,4216.74,127.78,1,0,0.0303,0.0,1,0.0579,desktop_safari,credit_card
ACC_003560,RING_00221,2026-12-27T15:10:41.178646+00:00,1,36,2716.2,75.45,1,0,0.0278,0.0,3,0.0771,desktop_chrome,credit_card
ACC_003561,RING_00221,2026-12-20T22:48:01.163386+00:00,1,13,946.27,72.79,0,0,0.0,0.0,1,0.0375,mobile_ios,paypal
ACC_003562,RING_00221,2026-06-02T20:20:39.733322+00:00,59,31,1536.36,49.56,1,0,0.0323,0.0,1,0.044,desktop_chrome,paypal
ACC_003563,RING_00221,2026-08-04T16:19:48.795179+00:00,1,20,1152.6,57.63,0,0,0.0,0.0,1,0.0867,mobile_ios,paypal
ACC_003564,RING_00221,2026-07-17T10:59:51.317562+00:00,14,24,2973.36,123.89,0,0,0.0,0.0,3,0.0234,mobile_ios,paypal
ACC_003565,RING_00221,2026-11-03T07:03:10.832849+00:00,1,19,3362.24,176.96,0,0,0.0,0.0,2,0.0257,desktop_safari,paypal
ACC_003566,RING_00221,2026-12-17T17:57:30.324898+00:00,1,26,1272.96,48.96,1,0,0.0385,0.0,2,0.0851,mobile_ios,paypal
ACC_003567,RING_00221,2026-03-24T16:50:25.701862+00:00,129,38,2142.82,56.39,2,1,0.0526,0.0263,1,0.0719,desktop_safari,credit_card
ACC_003568,RING_00221,2027-01-03T16:19:59.678612+00:00,1,27,3018.33,111.79,1,0,0.037,0.0,2,0.0176,desktop_chrome,paypal
ACC_003569,RING_00221,2026-09-11T14:28:44.589241+00:00,1,11,1124.09,102.19,0,0,0.0,0.0,2,0.0721,desktop_chrome,paypal
ACC_003570,RING_00221,2026-12-23T00:35:34.135984+00:00,1,32,5396.48,168.64,2,1,0.0625,0.0312,1,0.0848,desktop_safari,paypal
ACC_003571,RING_00221,2026-04-24T13:21:32.871191+00:00,98,10,1392.4,139.24,0,0,0.0,0.0,1,0.077,mobile_ios,paypal
ACC_003572,RING_00221,2026-10-26T13:59:12.007811+00:00,1,36,1957.32,54.37,0,0,0.0,0.0,1,0.0873,desktop_safari,credit_card
ACC_003573,RING_00221,2027-01-02T04:47:28.539279+00:00,1,15,2255.1,150.34,0,0,0.0,0.0,1,0.0762,mobile_ios,credit_card
ACC_003574,RING_00221,2026-11-11T15:08:28.180653+00:00,1,12,1342.68,111.89,0,0,0.0,0.0,3,0.0253,desktop_chrome,paypal
ACC_003575,RING_00221,2026-06-17T19:27:37.897659+00:00,44,8,1036.16,129.52,0,0,0.0,0.0,1,0.0393,desktop_safari,paypal
ACC_003576,RING_00221,2026-05-04T06:40:36.791382+00:00,88,20,3051.2,152.56,0,0,0.0,0.0,2,0.0812,desktop_safari,credit_card
ACC_003577,RING_00221,2026-12-04T03:13:44.282361+00:00,1,32,5232.0,163.5,2,1,0.0625,0.0312,3,0.0856,mobile_ios,paypal
ACC_003578,RING_00221,2026-12-24T00:26:49.229785+00:00,1,32,4062.72,126.96,2,1,0.0625,0.0312,3,0.05,desktop_chrome,credit_card
ACC_003579,RING_00221,2026-04-02T09:11:48.707221+00:00,120,19,3140.32,165.28,0,0,0.0,0.0,2,0.0234,desktop_safari,credit_card
ACC_003580,RING_00221,2026-11-02T22:37:54.482192+00:00,1,29,2987.29,103.01,0,0,0.0,0.0,3,0.0589,desktop_chrome,paypal
ACC_003581,RING_00221,2026-04-21T20:10:43.469166+00:00,101,25,3323.0,132.92,0,0,0.0,0.0,3,0.0675,desktop_safari,credit_card
ACC_003582,RING_00221,2026-09-20T02:15:12.908146+00:00,1,21,1027.32,48.92,0,0,0.0,0.0,2,0.0828,mobile_ios,paypal
ACC_003583,RING_00221,2027-01-02T05:22:27.882535+00:00,1,34,3952.16,116.24,1,0,0.0294,0.0,1,0.0552,desktop_safari,paypal
ACC_003584,RING_00221,2026-11-17T05:18:34.891672+00:00,1,36,5794.92,160.97,0,0,0.0,0.0,1,0.013,mobile_ios,credit_card
ACC_003585,RING_00221,2026-10-17T14:07:43.376841+00:00,1,19,1714.37,90.23,0,0,0.0,0.0,1,0.0341,desktop_safari,paypal
ACC_003586,RING_00221,2026-11-12T12:51:32.080356+00:00,1,23,2091.85,90.95,0,0,0.0,0.0,3,0.0177,desktop_chrome,paypal
ACC_003587,RING_00221,2026-10-09T19:57:12.165684+00:00,1,13,1708.46,131.42,0,0,0.0,0.0,2,0.0155,desktop_safari,credit_card
ACC_003588,RING_00221,2026-09-14T22:58:43.610624+00:00,1,29,4595.92,158.48,1,0,0.0345,0.0,2,0.0798,desktop_chrome,paypal
ACC_003589,RING_00221,2026-12-02T13:07:02.427233+00:00,1,13,780.52,60.04,0,0,0.0,0.0,1,0.0424,desktop_chrome,credit_card
ACC_003590,RING_00221,2026-04-19T16:27:50.052272+00:00,103,31,5096.71,164.41,0,0,0.0,0.0,3,0.0808,desktop_chrome,paypal
ACC_003591,RING_00221,2026-07-20T23:56:33.516941+00:00,11,19,3267.24,171.96,1,0,0.0526,0.0,3,0.0463,desktop_safari,credit_card
ACC_003592,RING_00221,2026-09-26T07:16:09.334715+00:00,1,28,1773.24,63.33,1,0,0.0357,0.0,1,0.0756,desktop_chrome,credit_card
ACC_003593,RING_00221,2027-01-04T14:48:32.693401+00:00,1,19,777.86,40.94,0,0,0.0,0.0,1,0.025,mobile_ios,paypal
ACC_003594,RING_00222,2027-02-15T06:51:36.995159+00:00,1,21,2606.52,124.12,0,0,0.0,0.0,2,0.0371,mobile_ios,credit_card
ACC_003595,RING_00222,2026-10-13T23:11:34.915264+00:00,1,35,5493.6,156.96,1,0,0.0286,0.0,3,0.0828,desktop_chrome,credit_card
ACC_003596,RING_00222,2026-12-16T01:22:16.451892+00:00,1,23,1201.06,52.22,1,0,0.0435,0.0,2,0.0777,desktop_chrome,credit_card
ACC_003597,RING_00222,2027-01-21T15:43:23.487380+00:00,1,20,1247.4,62.37,1,0,0.05,0.0,3,0.0638,desktop_safari,paypal
ACC_003598,RING_00222,2026-11-29T03:13:33.772433+00:00,1,30,3305.7,110.19,0,0,0.0,0.0,3,0.0894,mobile_ios,credit_card
ACC_003599,RING_00222,2026-08-19T17:46:24.251226+00:00,1,16,1644.8,102.8,0,0,0.0,0.0,2,0.0852,desktop_safari,paypal
ACC_003600,RING_00222,2027-01-11T17:11:10.946395+00:00,1,33,3032.04,91.88,2,1,0.0606,0.0303,1,0.0283,desktop_chrome,paypal
ACC_003601,RING_00222,2026-08-25T15:06:29.420756+00:00,1,38,2813.14,74.03,2,1,0.0526,0.0263,1,0.0256,desktop_safari,paypal
ACC_003602,RING_00222,2026-11-03T01:53:03.445665+00:00,1,37,3650.05,98.65,2,1,0.0541,0.027,3,0.0897,mobile_ios,credit_card
ACC_003603,RING_00222,2027-02-16T11:42:20.008568+00:00,1,12,677.76,56.48,0,0,0.0,0.0,1,0.0561,desktop_chrome,paypal
ACC_003604,RING_00222,2026-10-31T05:59:42.215958+00:00,1,12,2009.4,167.45,0,0,0.0,0.0,3,0.0204,desktop_chrome,paypal
ACC_003605,RING_00222,2027-02-27T05:06:44.272044+00:00,1,33,3826.02,115.94,2,1,0.0606,0.0303,2,0.0866,desktop_safari,credit_card
ACC_003606,RING_00222,2026-09-20T02:07:36.675431+00:00,1,20,1976.8,98.84,1,0,0.05,0.0,3,0.0888,desktop_chrome,paypal
ACC_003607,RING_00222,2026-09-06T14:13:39.996497+00:00,1,26,2674.88,102.88,1,0,0.0385,0.0,1,0.0619,desktop_safari,credit_card
ACC_003608,RING_00222,2027-02-07T23:31:40.455814+00:00,1,38,6437.96,169.42,0,0,0.0,0.0,1,0.0279,mobile_ios,credit_card
ACC_003609,RING_00222,2026-12-19T18:12:12.594475+00:00,1,30,1512.0,50.4,1,0,0.0333,0.0,3,0.0394,desktop_safari,credit_card
ACC_003610,RING_00222,2026-07-30T17:26:16.661050+00:00,1,29,5058.47,174.43,0,0,0.0,0.0,2,0.0481,mobile_ios,paypal
ACC_003611,RING_00222,2027-03-02T22:04:42.133352+00:00,1,17,2425.73,142.69,0,0,0.0,0.0,3,0.0611,desktop_safari,credit_card
ACC_003612,RING_00222,2026-07-15T05:05:31.680296+00:00,16,14,1195.04,85.36,0,0,0.0,0.0,2,0.0597,desktop_chrome,credit_card
ACC_003613,RING_00222,2026-12-04T20:23:22.820315+00:00,1,28,2616.6,93.45,0,0,0.0,0.0,2,0.0155,desktop_chrome,paypal
ACC_003614,RING_00222,2026-12-16T08:22:51.680823+00:00,1,26,4442.1,170.85,1,0,0.0385,0.0,2,0.0235,desktop_chrome,paypal
ACC_003615,RING_00222,2026-12-31T04:14:24.699646+00:00,1,27,3335.85,123.55,0,0,0.0,0.0,2,0.0593,desktop_safari,credit_card
ACC_003616,RING_00222,2026-11-02T01:44:10.580144+00:00,1,28,2089.92,74.64,2,1,0.0714,0.0357,3,0.0567,mobile_ios,credit_card
ACC_003617,RING_00222,2026-11-29T01:38:21.826826+00:00,1,28,3928.4,140.3,1,0,0.0357,0.0,3,0.08,desktop_chrome,paypal
ACC_003618,RING_00222,2026-12-06T13:28:06.665285+00:00,1,38,2995.92,78.84,2,1,0.0526,0.0263,3,0.0542,desktop_safari,credit_card
ACC_003619,RING_00223,2026-06-28T03:34:50.518431+00:00,33,21,1644.72,78.32,0,0,0.0,0.0,1,0.0611,mobile_android,paypal
ACC_003620,RING_00224,2027-01-11T18:38:40.237752+00:00,1,17,1501.61,88.33,1,0,0.0588,0.0,0,0.0609,desktop_chrome,debit_card
ACC_003621,RING_00224,2027-06-01T19:28:00.902235+00:00,1,14,1201.62,85.83,0,0,0.0,0.0,1,0.07,mobile_ios,debit_card
ACC_003622,RING_00224,2026-08-30T10:15:24.807884+00:00,1,16,1133.44,70.84,1,0,0.0625,0.0,1,0.0358,desktop_chrome,apple_pay
ACC_003623,RING_00224,2027-05-04T09:33:11.416787+00:00,1,17,710.09,41.77,1,0,0.0588,0.0,1,0.0599,desktop_chrome,apple_pay
ACC_003624,RING_00224,2027-01-14T10:52:12.279810+00:00,1,26,879.84,33.84,0,0,0.0,0.0,1,0.0744,mobile_ios,debit_card
ACC_003625,RING_00224,2027-03-25T03:11:19.952784+00:00,1,27,2333.88,86.44,3,1,0.1111,0.037,1,0.0123,desktop_chrome,credit_card
ACC_003626,RING_00224,2027-04-29T08:06:20.647902+00:00,1,8,609.6,76.2,0,0,0.0,0.0,0,0.0284,mobile_ios,apple_pay
ACC_003627,RING_00224,2027-03-22T11:22:24.213897+00:00,1,19,1593.34,83.86,2,1,0.1053,0.0526,1,0.0243,desktop_chrome,credit_card
ACC_003628,RING_00224,2027-06-04T07:56:19.663102+00:00,1,11,864.38,78.58,1,0,0.0909,0.0,1,0.0162,desktop_safari,apple_pay
ACC_003629,RING_00224,2026-09-09T05:15:52.528261+00:00,1,24,713.28,29.72,1,0,0.0417,0.0,0,0.0252,desktop_safari,apple_pay
ACC_003630,RING_00224,2027-01-25T21:36:27.851626+00:00,1,17,780.47,45.91,1,0,0.0588,0.0,1,0.0757,mobile_ios,debit_card
ACC_003631,RING_00224,2026-09-05T17:55:50.711208+00:00,1,18,1559.7,86.65,1,0,0.0556,0.0,0,0.0361,desktop_chrome,credit_card
ACC_003632,RING_00224,2027-01-21T07:31:20.620863+00:00,1,16,1371.04,85.69,1,0,0.0625,0.0,0,0.0507,desktop_chrome,credit_card
ACC_003633,RING_00224,2026-11-17T11:53:07.219119+00:00,1,29,2333.92,80.48,0,0,0.0,0.0,0,0.0314,mobile_ios,credit_card
ACC_003634,RING_00224,2027-01-06T04:01:44.410937+00:00,1,11,358.6,32.6,0,0,0.0,0.0,1,0.0356,desktop_safari,credit_card
ACC_003635,RING_00224,2026-09-13T02:29:06.143533+00:00,1,28,1816.64,64.88,2,1,0.0714,0.0357,0,0.0668,mobile_ios,credit_card
ACC_003636,RING_00224,2026-11-12T11:12:20.136823+00:00,1,6,461.1,76.85,0,0,0.0,0.0,1,0.0599,desktop_chrome,credit_card
ACC_003637,RING_00224,2027-06-21T03:37:28.963452+00:00,1,10,406.7,40.67,0,0,0.0,0.0,1,0.0245,desktop_chrome,apple_pay
ACC_003638,RING_00224,2027-04-28T05:55:02.531065+00:00,1,6,307.68,51.28,0,0,0.0,0.0,1,0.0685,desktop_chrome,credit_card
ACC_003639,RING_00224,2026-11-02T11:17:00.900066+00:00,1,26,1204.32,46.32,1,0,0.0385,0.0,1,0.0162,desktop_safari,debit_card
ACC_003640,RING_00224,2027-02-27T03:13:06.003823+00:00,1,5,466.35,93.27,0,0,0.0,0.0,0,0.0121,desktop_chrome,debit_card
ACC_003641,RING_00224,2027-02-01T21:39:53.714543+00:00,1,10,704.1,70.41,0,0,0.0,0.0,0,0.0489,desktop_chrome,debit_card
ACC_003642,RING_00224,2027-03-10T20:28:17.228096+00:00,1,24,1761.84,73.41,1,0,0.0417,0.0,1,0.0397,mobile_ios,credit_card
ACC_003643,RING_00224,2027-06-13T20:37:26.593593+00:00,1,23,1948.33,84.71,2,1,0.087,0.0435,0,0.0612,desktop_chrome,debit_card
ACC_003644,RING_00224,2027-03-25T20:18:49.440273+00:00,1,25,1661.5,66.46,0,0,0.0,0.0,0,0.0759,desktop_chrome,credit_card
ACC_003645,RING_00224,2027-01-06T18:15:49.259467+00:00,1,14,783.3,55.95,1,0,0.0714,0.0,0,0.0798,desktop_chrome,credit_card
ACC_003646,RING_00224,2026-07-10T13:37:07.748705+00:00,21,14,404.88,28.92,1,0,0.0714,0.0,1,0.0195,desktop_chrome,credit_card
ACC_003647,RING_00224,2026-06-29T15:20:21.061380+00:00,32,17,1534.08,90.24,1,0,0.0588,0.0,1,0.0301,desktop_chrome,apple_pay
ACC_003648,RING_00224,2027-03-16T11:52:40.683931+00:00,1,20,1838.6,91.93,1,0,0.05,0.0,1,0.0739,mobile_ios,debit_card
ACC_003649,RING_00224,2026-09-02T10:15:12.141035+00:00,1,15,836.25,55.75,1,0,0.0667,0.0,1,0.0545,desktop_safari,apple_pay
ACC_003650,RING_00224,2026-09-03T10:44:51.685094+00:00,1,8,352.4,44.05,0,0,0.0,0.0,0,0.0617,desktop_chrome,credit_card
ACC_003651,RING_00224,2027-04-25T11:14:53.405026+00:00,1,15,751.5,50.1,1,0,0.0667,0.0,1,0.0406,desktop_chrome,debit_card
ACC_003652,RING_00224,2027-05-28T08:57:24.467905+00:00,1,27,1755.81,65.03,1,0,0.037,0.0,0,0.0261,mobile_ios,credit_card
ACC_003653,RING_00224,2026-08-23T07:35:09.914246+00:00,1,9,778.59,86.51,0,0,0.0,0.0,0,0.0609,mobile_ios,debit_card
ACC_003654,RING_00224,2027-01-15T12:44:05.199538+00:00,1,15,1406.1,93.74,0,0,0.0,0.0,1,0.056,mobile_ios,credit_card
ACC_003655,RING_00224,2027-02-14T06:14:42.634975+00:00,1,14,1141.28,81.52,0,0,0.0,0.0,0,0.0435,desktop_safari,credit_card
ACC_003656,RING_00224,2026-12-07T05:38:33.390298+00:00,1,15,702.75,46.85,1,0,0.0667,0.0,0,0.0693,desktop_chrome,apple_pay
ACC_003657,RING_00224,2027-03-04T08:23:33.491247+00:00,1,18,498.78,27.71,1,0,0.0556,0.0,1,0.0779,desktop_chrome,credit_card
ACC_003658,RING_00224,2027-06-12T01:42:22.452747+00:00,1,12,338.28,28.19,0,0,0.0,0.0,1,0.0533,desktop_chrome,credit_card
ACC_003659,RING_00224,2026-10-06T02:06:47.833852+00:00,1,23,1167.02,50.74,1,0,0.0435,0.0,0,0.0798,desktop_safari,credit_card
ACC_003660,RING_00224,2027-04-03T05:18:06.851333+00:00,1,16,1467.36,91.71,1,0,0.0625,0.0,0,0.0583,mobile_ios,credit_card
ACC_003661,RING_00224,2027-05-03T04:29:49.314256+00:00,1,8,569.68,71.21,0,0,0.0,0.0,1,0.0105,mobile_ios,debit_card
ACC_003662,RING_00224,2027-04-29T10:45:04.033835+00:00,1,21,617.19,29.39,1,0,0.0476,0.0,1,0.0363,desktop_chrome,apple_pay
ACC_003663,RING_00224,2026-11-14T15:14:04.103361+00:00,1,11,751.85,68.35,0,0,0.0,0.0,1,0.0142,desktop_chrome,debit_card
ACC_003664,RING_00225,2027-03-04T09:44:44.418687+00:00,1,24,3726.24,155.26,1,0,0.0417,0.0,1,0.0673,desktop_chrome,credit_card
ACC_003665,RING_00225,2026-05-10T21:13:10.195864+00:00,82,31,4820.19,155.49,1,0,0.0323,0.0,1,0.0394,mobile_android,debit_card
ACC_003666,RING_00225,2027-01-02T23:01:49.167796+00:00,1,33,5152.95,156.15,1,0,0.0303,0.0,3,0.046,mobile_android,debit_card
ACC_003667,RING_00225,2026-11-15T21:40:34.241331+00:00,1,12,1843.32,153.61,1,0,0.0833,0.0,1,0.0689,desktop_chrome,debit_card
ACC_003668,RING_00225,2027-02-28T22:24:12.947683+00:00,1,37,4911.75,132.75,3,2,0.0811,0.0541,1,0.056,desktop_chrome,credit_card
ACC_003669,RING_00225,2026-11-19T21:45:35.727915+00:00,1,36,3137.04,87.14,1,0,0.0278,0.0,1,0.0562,mobile_ios,debit_card
ACC_003670,RING_00225,2026-04-05T03:43:58.180897+00:00,117,19,2715.1,142.9,1,0,0.0526,0.0,2,0.022,desktop_chrome,debit_card
ACC_003671,RING_00225,2027-01-25T05:34:10.654410+00:00,1,29,2816.77,97.13,1,0,0.0345,0.0,3,0.0231,desktop_chrome,debit_card
ACC_003672,RING_00225,2026-12-21T04:07:03.410136+00:00,1,29,4455.27,153.63,1,0,0.0345,0.0,2,0.0409,mobile_ios,debit_card
ACC_003673,RING_00225,2027-04-14T14:45:24.868523+00:00,1,24,2333.28,97.22,1,0,0.0417,0.0,1,0.0651,desktop_chrome,debit_card
ACC_003674,RING_00225,2026-05-21T12:34:40.739772+00:00,71,31,2234.48,72.08,1,0,0.0323,0.0,2,0.0676,mobile_android,debit_card
ACC_003675,RING_00225,2026-11-11T04:06:22.004646+00:00,1,28,2148.16,76.72,1,0,0.0357,0.0,2,0.0465,mobile_ios,credit_card
ACC_003676,RING_00225,2026-12-29T05:44:42.629033+00:00,1,16,1918.72,119.92,1,0,0.0625,0.0,3,0.0593,mobile_ios,debit_card
ACC_003677,RING_00225,2026-06-28T02:50:00.048675+00:00,33,13,1622.53,124.81,1,0,0.0769,0.0,2,0.0546,mobile_ios,credit_card
ACC_003678,RING_00225,2026-12-10T16:59:44.177520+00:00,1,12,1264.8,105.4,0,0,0.0,0.0,2,0.0457,desktop_chrome,debit_card
ACC_003679,RING_00225,2026-09-10T01:08:20.832447+00:00,1,22,1443.64,65.62,1,0,0.0455,0.0,2,0.0408,desktop_chrome,credit_card
ACC_003680,RING_00225,2026-10-02T06:16:15.272142+00:00,1,28,1615.32,57.69,1,0,0.0357,0.0,1,0.0161,mobile_ios,debit_card
ACC_003681,RING_00225,2027-02-21T08:35:55.107861+00:00,1,12,1700.28,141.69,0,0,0.0,0.0,2,0.0607,mobile_ios,debit_card
ACC_003682,RING_00226,2027-05-07T17:02:04.853771+00:00,1,8,985.36,123.17,1,0,0.125,0.0,2,0.0317,mobile_ios,paypal
ACC_003683,RING_00227,2026-12-04T19:40:16.611470+00:00,1,10,1292.6,129.26,0,0,0.0,0.0,2,0.0431,desktop_chrome,credit_card
ACC_003684,RING_00228,2027-04-17T08:12:43.932918+00:00,1,34,2934.54,86.31,2,1,0.0588,0.0294,0,0.0305,mobile_android,credit_card
ACC_003685,RING_00229,2026-07-04T00:20:45.572045+00:00,27,15,2127.0,141.8,0,0,0.0,0.0,3,0.0282,mobile_ios,credit_card
ACC_003686,RING_00229,2026-06-04T05:02:32.450191+00:00,57,36,3340.8,92.8,1,0,0.0278,0.0,2,0.0123,mobile_ios,paypal
ACC_003687,RING_00229,2026-08-20T14:21:30.826470+00:00,1,32,4663.68,145.74,1,0,0.0312,0.0,1,0.0139,desktop_chrome,paypal
ACC_003688,RING_00229,2027-02-25T04:47:06.235764+00:00,1,38,5643.0,148.5,0,0,0.0,0.0,2,0.0773,desktop_chrome,credit_card
ACC_003689,RING_00229,2026-09-16T08:02:57.301279+00:00,1,12,597.36,49.78,0,0,0.0,0.0,2,0.0105,mobile_ios,paypal
ACC_003690,RING_00229,2027-01-20T08:39:02.688765+00:00,1,26,3848.78,148.03,1,0,0.0385,0.0,1,0.019,desktop_safari,credit_card
ACC_003691,RING_00229,2026-11-15T22:20:58.921479+00:00,1,9,557.01,61.89,0,0,0.0,0.0,3,0.0811,mobile_ios,credit_card
ACC_003692,RING_00229,2026-08-09T19:25:59.458910+00:00,1,29,3270.04,112.76,1,0,0.0345,0.0,1,0.0456,mobile_ios,paypal
ACC_003693,RING_00229,2026-12-31T02:37:11.817681+00:00,1,27,4504.14,166.82,1,0,0.037,0.0,1,0.0529,desktop_safari,credit_card
ACC_003694,RING_00229,2027-02-02T03:01:13.628493+00:00,1,27,4664.79,172.77,1,0,0.037,0.0,2,0.0389,mobile_ios,credit_card
ACC_003695,RING_00229,2026-06-06T10:12:53.887115+00:00,55,11,1235.74,112.34,0,0,0.0,0.0,1,0.0534,desktop_chrome,credit_card
ACC_003696,RING_00229,2026-09-18T06:34:13.811333+00:00,1,11,566.28,51.48,0,0,0.0,0.0,2,0.0693,desktop_chrome,credit_card
ACC_003697,RING_00229,2027-01-07T05:53:33.861195+00:00,1,34,3639.02,107.03,0,0,0.0,0.0,2,0.0571,mobile_ios,credit_card
ACC_003698,RING_00229,2026-12-21T00:48:39.616701+00:00,1,34,2337.84,68.76,0,0,0.0,0.0,2,0.0325,mobile_ios,credit_card
ACC_003699,RING_00229,2027-01-02T07:03:34.878401+00:00,1,23,3783.73,164.51,1,0,0.0435,0.0,2,0.0634,mobile_ios,paypal
ACC_003700,RING_00229,2027-02-19T02:01:41.168867+00:00,1,31,3242.29,104.59,0,0,0.0,0.0,2,0.0777,desktop_safari,paypal
ACC_003701,RING_00229,2026-10-18T20:22:21.125228+00:00,1,25,1901.75,76.07,1,0,0.04,0.0,3,0.0365,desktop_safari,paypal
ACC_003702,RING_00229,2026-07-17T01:04:58.857372+00:00,14,19,1291.24,67.96,0,0,0.0,0.0,2,0.0274,mobile_ios,paypal
ACC_003703,RING_00229,2027-02-28T22:50:24.878939+00:00,1,32,3420.48,106.89,2,1,0.0625,0.0312,1,0.0562,desktop_safari,credit_card
ACC_003704,RING_00229,2026-06-25T07:40:54.400073+00:00,36,33,2696.43,81.71,1,0,0.0303,0.0,1,0.0407,desktop_safari,paypal
ACC_003705,RING_00229,2026-07-26T00:07:30.246550+00:00,5,27,1773.9,65.7,1,0,0.037,0.0,2,0.0101,desktop_safari,paypal
ACC_003706,RING_00229,2027-01-24T21:21:26.307233+00:00,1,30,3860.1,128.67,1,0,0.0333,0.0,1,0.0715,desktop_safari,paypal
ACC_003707,RING_00229,2026-07-25T15:19:31.165010+00:00,6,13,901.94,69.38,1,0,0.0769,0.0,2,0.0774,desktop_chrome,credit_card
ACC_003708,RING_00230,2026-10-15T02:11:48.570893+00:00,1,8,316.24,39.53,0,0,0.0,0.0,0,0.0565,mobile_ios,credit_card
ACC_003709,RING_00230,2026-05-15T07:43:07.526865+00:00,77,9,884.07,98.23,0,0,0.0,0.0,1,0.0627,mobile_ios,credit_card
ACC_003710,RING_00230,2026-05-28T22:42:59.065060+00:00,64,4,427.84,106.96,0,0,0.0,0.0,0,0.0128,mobile_ios,credit_card
ACC_003711,RING_00230,2026-09-14T00:07:19.216236+00:00,1,15,1449.75,96.65,0,0,0.0,0.0,1,0.0525,mobile_ios,credit_card
ACC_003712,RING_00230,2026-04-16T04:48:05.312492+00:00,106,14,1241.94,88.71,1,0,0.0714,0.0,1,0.0285,mobile_ios,credit_card
ACC_003713,RING_00230,2026-09-26T01:02:02.707788+00:00,1,15,609.15,40.61,0,0,0.0,0.0,1,0.0101,mobile_ios,credit_card
ACC_003714,RING_00230,2027-01-05T04:09:50.698755+00:00,1,5,530.4,106.08,0,0,0.0,0.0,0,0.0447,mobile_ios,credit_card
ACC_003715,RING_00230,2026-08-05T01:13:13.130657+00:00,1,11,759.77,69.07,0,0,0.0,0.0,1,0.0206,mobile_ios,credit_card
ACC_003716,RING_00230,2026-09-03T06:40:36.756652+00:00,1,7,631.68,90.24,0,0,0.0,0.0,1,0.0253,mobile_ios,credit_card
ACC_003717,RING_00230,2026-04-30T17:17:55.415928+00:00,92,13,845.52,65.04,0,0,0.0,0.0,1,0.0424,mobile_ios,credit_card
ACC_003718,RING_00230,2026-06-11T18:19:28.748200+00:00,50,9,932.22,103.58,0,0,0.0,0.0,1,0.0768,mobile_ios,credit_card
ACC_003719,RING_00230,2026-04-02T06:47:23.660559+00:00,120,10,503.3,50.33,0,0,0.0,0.0,1,0.0451,mobile_ios,credit_card
ACC_003720,RING_00230,2026-11-28T03:39:38.421888+00:00,1,7,735.91,105.13,0,0,0.0,0.0,1,0.0755,mobile_ios,credit_card
ACC_003721,RING_00230,2026-11-16T20:43:46.084350+00:00,1,15,965.1,64.34,0,0,0.0,0.0,1,0.0358,mobile_ios,credit_card
ACC_003722,RING_00230,2026-07-09T19:11:19.966120+00:00,22,13,1292.85,99.45,1,0,0.0769,0.0,1,0.0463,mobile_ios,credit_card
ACC_003723,RING_00231,2026-01-18T07:54:16.470037+00:00,194,19,5610.13,295.27,16,14,0.8421,0.7368,10,0.7009,desktop_chrome,credit_card
ACC_003724,RING_00231,2026-01-15T21:36:26.064377+00:00,197,25,11220.5,448.82,22,20,0.88,0.8,12,0.7338,desktop_chrome,credit_card
ACC_003725,RING_00231,2026-01-07T16:39:46.419772+00:00,205,32,9403.84,293.87,29,26,0.9062,0.8125,14,0.8517,desktop_chrome,credit_card
ACC_003726,RING_00231,2026-01-08T23:46:03.161165+00:00,204,34,14624.42,430.13,29,26,0.8529,0.7647,19,0.8486,desktop_chrome,credit_card
ACC_003727,RING_00231,2026-01-18T05:52:00.622100+00:00,194,34,14949.8,439.7,32,30,0.9412,0.8824,15,0.7185,desktop_chrome,credit_card
ACC_003728,RING_00231,2026-01-13T17:17:18.222355+00:00,199,21,9102.03,433.43,19,18,0.9048,0.8571,19,0.8298,desktop_chrome,credit_card
ACC_003729,RING_00231,2026-01-09T15:57:03.014921+00:00,203,30,8202.3,273.41,27,26,0.9,0.8667,18,0.7851,desktop_chrome,credit_card
ACC_003730,RING_00231,2026-01-17T02:47:42.524789+00:00,195,22,9985.14,453.87,19,18,0.8636,0.8182,16,0.8243,desktop_chrome,credit_card
ACC_003731,RING_00232,2027-05-29T13:55:14.226841+00:00,1,14,2001.72,142.98,0,0,0.0,0.0,1,0.0259,desktop_chrome,credit_card
ACC_003732,RING_00232,2026-10-19T00:32:14.683542+00:00,1,19,1109.98,58.42,0,0,0.0,0.0,1,0.0337,mobile_ios,credit_card
ACC_003733,RING_00232,2027-07-15T18:15:19.088739+00:00,1,18,1571.04,87.28,0,0,0.0,0.0,2,0.0567,mobile_ios,debit_card
ACC_003734,RING_00232,2027-03-24T23:13:11.138466+00:00,1,39,4429.62,113.58,2,1,0.0513,0.0256,3,0.0168,desktop_chrome,debit_card
ACC_003735,RING_00232,2027-04-23T20:44:22.243115+00:00,1,37,3889.44,105.12,2,1,0.0541,0.027,3,0.0451,mobile_ios,credit_card
ACC_003736,RING_00232,2026-10-22T16:38:10.780616+00:00,1,31,1977.49,63.79,1,0,0.0323,0.0,2,0.0579,mobile_ios,debit_card
ACC_003737,RING_00232,2027-06-06T08:25:58.238819+00:00,1,16,1930.72,120.67,0,0,0.0,0.0,2,0.0481,mobile_android,credit_card
ACC_003738,RING_00232,2027-02-14T07:13:24.193090+00:00,1,22,2915.66,132.53,0,0,0.0,0.0,3,0.0294,mobile_ios,credit_card
ACC_003739,RING_00232,2026-08-23T12:12:22.246952+00:00,1,35,4626.65,132.19,2,1,0.0571,0.0286,3,0.0497,mobile_ios,debit_card
ACC_003740,RING_00232,2027-04-08T06:14:35.514921+00:00,1,31,4829.18,155.78,2,1,0.0645,0.0323,2,0.0286,mobile_android,credit_card
ACC_003741,RING_00232,2027-06-11T01:29:27.016406+00:00,1,25,2397.0,95.88,0,0,0.0,0.0,1,0.0408,mobile_ios,credit_card
ACC_003742,RING_00232,2027-01-09T17:37:04.176395+00:00,1,30,4016.4,133.88,0,0,0.0,0.0,1,0.0393,mobile_android,debit_card
ACC_003743,RING_00232,2027-01-19T09:31:31.767111+00:00,1,17,2486.93,146.29,1,0,0.0588,0.0,2,0.02,mobile_android,credit_card
ACC_003744,RING_00232,2027-06-03T13:04:37.845335+00:00,1,24,2287.68,95.32,0,0,0.0,0.0,1,0.0133,mobile_android,credit_card
ACC_003745,RING_00232,2026-12-26T20:24:51.952481+00:00,1,31,2904.08,93.68,2,1,0.0645,0.0323,1,0.0536,desktop_chrome,credit_card
ACC_003746,RING_00232,2026-11-21T14:46:06.696189+00:00,1,31,3447.2,111.2,2,1,0.0645,0.0323,3,0.0478,desktop_chrome,debit_card
ACC_003747,RING_00232,2026-10-05T11:42:24.852925+00:00,1,11,835.12,75.92,0,0,0.0,0.0,1,0.0466,mobile_android,credit_card
ACC_003748,RING_00232,2026-10-31T22:09:02.834652+00:00,1,17,1177.42,69.26,0,0,0.0,0.0,1,0.0677,mobile_ios,credit_card
ACC_003749,RING_00232,2027-03-13T09:15:28.503005+00:00,1,12,690.36,57.53,0,0,0.0,0.0,1,0.0569,desktop_chrome,credit_card
ACC_003750,RING_00232,2027-06-14T11:44:58.850490+00:00,1,28,2927.96,104.57,1,0,0.0357,0.0,1,0.0539,mobile_ios,debit_card
ACC_003751,RING_00232,2027-01-04T21:23:13.199607+00:00,1,28,2808.68,100.31,1,0,0.0357,0.0,3,0.0621,mobile_ios,debit_card
ACC_003752,RING_00232,2026-09-13T08:55:07.110739+00:00,1,12,1109.04,92.42,1,0,0.0833,0.0,2,0.0245,desktop_chrome,debit_card
ACC_003753,RING_00232,2026-11-13T21:39:14.124441+00:00,1,10,1401.0,140.1,0,0,0.0,0.0,3,0.0625,desktop_chrome,credit_card
ACC_003754,RING_00232,2027-03-01T08:18:27.360492+00:00,1,34,4361.86,128.29,3,2,0.0882,0.0588,2,0.0513,mobile_android,credit_card
ACC_003755,RING_00232,2026-11-29T01:20:20.191299+00:00,1,18,2744.82,152.49,0,0,0.0,0.0,3,0.0134,mobile_ios,debit_card
ACC_003756,RING_00232,2027-06-23T22:39:41.774705+00:00,1,28,2068.36,73.87,2,1,0.0714,0.0357,3,0.036,mobile_ios,credit_card
ACC_003757,RING_00232,2026-10-12T14:01:58.220520+00:00,1,24,1166.88,48.62,0,0,0.0,0.0,3,0.0167,desktop_chrome,credit_card
ACC_003758,RING_00232,2027-03-30T10:15:20.955844+00:00,1,26,3523.78,135.53,1,0,0.0385,0.0,2,0.0464,mobile_ios,credit_card
ACC_003759,RING_00232,2027-06-29T15:25:13.967296+00:00,1,16,1974.72,123.42,1,0,0.0625,0.0,1,0.0642,mobile_ios,credit_card
ACC_003760,RING_00233,2026-05-30T14:04:24.585136+00:00,62,40,4671.6,116.79,4,2,0.1,0.05,0,0.0599,desktop_chrome,debit_card
ACC_003761,RING_00234,2026-06-27T21:04:42.825667+00:00,34,29,1474.94,50.86,1,0,0.0345,0.0,2,0.0466,mobile_ios,credit_card
ACC_003762,RING_00234,2026-08-21T14:07:45.892326+00:00,1,29,3546.12,122.28,0,0,0.0,0.0,0,0.0523,mobile_ios,credit_card
ACC_003763,RING_00234,2027-03-06T09:50:17.643355+00:00,1,13,1099.93,84.61,1,0,0.0769,0.0,1,0.0231,desktop_chrome,credit_card
ACC_003764,RING_00234,2026-07-15T01:55:12.454584+00:00,16,34,4804.54,141.31,2,1,0.0588,0.0294,1,0.0151,mobile_ios,credit_card
ACC_003765,RING_00234,2026-12-02T16:06:44.498681+00:00,1,15,609.9,40.66,1,0,0.0667,0.0,0,0.0353,mobile_ios,credit_card
ACC_003766,RING_00234,2026-11-06T11:31:13.904295+00:00,1,25,3478.0,139.12,2,1,0.08,0.04,0,0.013,mobile_ios,credit_card
ACC_003767,RING_00234,2027-03-02T22:20:57.473334+00:00,1,13,609.7,46.9,1,0,0.0769,0.0,2,0.0443,mobile_ios,credit_card
ACC_003768,RING_00235,2026-12-22T00:38:54.019096+00:00,1,27,2441.61,90.43,3,2,0.1111,0.0741,1,0.0508,desktop_chrome,paypal
ACC_003769,RING_00236,2026-07-26T16:46:36.638970+00:00,5,13,1374.1,105.7,0,0,0.0,0.0,0,0.0699,mobile_ios,credit_card
ACC_003770,RING_00236,2026-05-26T15:18:44.823623+00:00,66,30,1566.3,52.21,1,0,0.0333,0.0,2,0.0483,mobile_ios,credit_card
ACC_003771,RING_00236,2027-01-25T19:31:38.560267+00:00,1,9,1164.42,129.38,0,0,0.0,0.0,0,0.0122,mobile_ios,credit_card
ACC_003772,RING_00236,2026-06-02T21:52:28.590974+00:00,59,32,1871.04,58.47,1,0,0.0312,0.0,2,0.0769,desktop_chrome,credit_card
ACC_003773,RING_00236,2026-10-14T18:59:02.468393+00:00,1,7,805.0,115.0,0,0,0.0,0.0,2,0.0127,mobile_ios,credit_card
ACC_003774,RING_00236,2026-09-26T17:28:04.186088+00:00,1,19,2221.1,116.9,2,1,0.1053,0.0526,2,0.0599,desktop_chrome,credit_card
ACC_003775,RING_00236,2026-10-05T09:14:54.384990+00:00,1,16,2008.96,125.56,0,0,0.0,0.0,2,0.033,desktop_chrome,credit_card
ACC_003776,RING_00236,2026-07-18T12:09:04.152205+00:00,13,20,1644.2,82.21,0,0,0.0,0.0,0,0.0739,mobile_ios,credit_card
ACC_003777,RING_00236,2026-09-02T11:37:32.344940+00:00,1,26,1370.98,52.73,1,0,0.0385,0.0,1,0.0696,mobile_ios,credit_card
ACC_003778,RING_00236,2026-05-14T20:43:23.694032+00:00,78,11,1332.32,121.12,1,0,0.0909,0.0,1,0.0153,mobile_ios,credit_card
ACC_003779,RING_00236,2026-09-05T02:02:41.490876+00:00,1,31,3991.56,128.76,3,2,0.0968,0.0645,2,0.0415,mobile_ios,credit_card
ACC_003780,RING_00236,2026-03-20T13:08:23.917054+00:00,133,22,2871.88,130.54,0,0,0.0,0.0,2,0.0269,desktop_chrome,credit_card
ACC_003781,RING_00236,2026-05-25T15:15:10.324915+00:00,67,28,3274.88,116.96,0,0,0.0,0.0,0,0.0333,mobile_ios,credit_card
ACC_003782,RING_00236,2026-11-18T17:14:30.385229+00:00,1,17,1895.33,111.49,0,0,0.0,0.0,0,0.0204,desktop_chrome,credit_card
ACC_003783,RING_00236,2026-11-01T23:44:09.557805+00:00,1,34,1659.54,48.81,1,0,0.0294,0.0,0,0.059,mobile_ios,credit_card
ACC_003784,RING_00236,2026-04-10T09:32:19.421847+00:00,112,34,4346.22,127.83,3,2,0.0882,0.0588,0,0.0259,desktop_chrome,credit_card
ACC_003785,RING_00236,2027-02-20T12:02:44.035101+00:00,1,7,874.86,124.98,0,0,0.0,0.0,2,0.0658,desktop_chrome,credit_card
ACC_003786,RING_00236,2026-06-10T11:45:26.251858+00:00,51,21,1156.05,55.05,1,0,0.0476,0.0,1,0.0301,mobile_ios,credit_card
ACC_003787,RING_00236,2027-02-14T16:58:51.287169+00:00,1,29,2869.84,98.96,0,0,0.0,0.0,2,0.0545,mobile_ios,credit_card
ACC_003788,RING_00236,2026-08-25T02:52:39.125767+00:00,1,31,3124.18,100.78,1,0,0.0323,0.0,0,0.0155,mobile_ios,credit_card
ACC_003789,RING_00236,2027-02-04T09:36:26.673296+00:00,1,21,1920.03,91.43,1,0,0.0476,0.0,2,0.073,mobile_ios,credit_card
ACC_003790,RING_00237,2026-03-21T03:12:24.986472+00:00,132,23,7239.94,314.78,20,18,0.8696,0.7826,21,0.7035,desktop_chrome,credit_card
ACC_003791,RING_00237,2026-03-12T17:48:52.322745+00:00,141,29,10131.15,349.35,26,25,0.8966,0.8621,11,0.838,desktop_chrome,credit_card
ACC_003792,RING_00237,2026-03-29T04:37:43.481904+00:00,124,33,7429.29,225.13,30,28,0.9091,0.8485,18,0.7921,desktop_chrome,credit_card
ACC_003793,RING_00237,2026-03-11T01:10:02.208539+00:00,142,24,9414.48,392.27,22,21,0.9167,0.875,12,0.7947,desktop_chrome,credit_card
ACC_003794,RING_00237,2026-03-13T18:22:45.717569+00:00,140,23,9888.39,429.93,20,19,0.8696,0.8261,12,0.8637,desktop_chrome,credit_card
ACC_003795,RING_00237,2026-03-11T04:02:12.956994+00:00,142,28,6181.56,220.77,24,22,0.8571,0.7857,12,0.8233,desktop_chrome,credit_card
ACC_003796,RING_00237,2026-03-30T17:32:00.827034+00:00,123,32,12253.44,382.92,30,29,0.9375,0.9062,20,0.7699,desktop_chrome,credit_card
ACC_003797,RING_00237,2026-03-19T05:06:43.687232+00:00,134,21,4710.09,224.29,19,18,0.9048,0.8571,12,0.7024,desktop_chrome,credit_card
ACC_003798,RING_00237,2026-03-14T22:05:32.394520+00:00,139,25,9256.5,370.26,21,19,0.84,0.76,16,0.7555,desktop_chrome,credit_card
ACC_003799,RING_00237,2026-03-13T08:57:44.421734+00:00,140,26,8744.06,336.31,22,21,0.8462,0.8077,15,0.8515,desktop_chrome,credit_card
ACC_003800,RING_00237,2026-03-18T09:47:51.741303+00:00,135,23,6097.99,265.13,20,19,0.8696,0.8261,20,0.8609,desktop_chrome,credit_card
ACC_003801,RING_00238,2026-08-16T19:37:31.185217+00:00,1,24,2265.6,94.4,2,1,0.0833,0.0417,0,0.0311,mobile_ios,credit_card
ACC_003802,RING_00238,2026-06-04T07:55:30.249669+00:00,57,14,671.02,47.93,1,0,0.0714,0.0,1,0.0377,desktop_chrome,credit_card
ACC_003803,RING_00238,2026-12-03T18:46:29.563403+00:00,1,9,693.54,77.06,0,0,0.0,0.0,0,0.0386,desktop_chrome,credit_card
ACC_003804,RING_00238,2026-09-23T10:52:46.071032+00:00,1,22,2326.5,105.75,1,0,0.0455,0.0,2,0.0734,desktop_chrome,credit_card
ACC_003805,RING_00239,2027-01-24T17:08:56.447829+00:00,1,11,990.55,90.05,0,0,0.0,0.0,1,0.0857,mobile_ios,paypal
ACC_003806,RING_00239,2026-06-26T15:33:19.272256+00:00,35,14,1098.72,78.48,0,0,0.0,0.0,3,0.0791,mobile_ios,paypal
ACC_003807,RING_00239,2026-08-14T03:03:08.185823+00:00,1,12,1899.0,158.25,0,0,0.0,0.0,2,0.0727,desktop_safari,credit_card
ACC_003808,RING_00239,2027-01-24T01:29:33.387292+00:00,1,10,773.9,77.39,0,0,0.0,0.0,3,0.0603,mobile_ios,credit_card
ACC_003809,RING_00239,2026-12-24T00:00:14.179156+00:00,1,33,2259.18,68.46,1,0,0.0303,0.0,2,0.0167,mobile_ios,paypal
ACC_003810,RING_00239,2026-07-05T18:29:25.855515+00:00,26,18,915.84,50.88,0,0,0.0,0.0,3,0.0213,desktop_safari,paypal
ACC_003811,RING_00239,2027-01-22T06:50:03.704441+00:00,1,39,3196.05,81.95,0,0,0.0,0.0,1,0.0162,desktop_safari,credit_card
ACC_003812,RING_00239,2026-10-19T15:47:44.261333+00:00,1,23,3637.22,158.14,1,0,0.0435,0.0,3,0.0108,mobile_ios,credit_card
ACC_003813,RING_00239,2026-08-09T10:42:16.634779+00:00,1,26,1288.04,49.54,0,0,0.0,0.0,3,0.0575,desktop_safari,credit_card
ACC_003814,RING_00239,2026-11-21T21:57:53.519395+00:00,1,14,1651.72,117.98,0,0,0.0,0.0,3,0.0478,mobile_ios,paypal
ACC_003815,RING_00239,2026-06-17T13:32:27.351164+00:00,44,9,677.7,75.3,0,0,0.0,0.0,2,0.0618,mobile_ios,paypal
ACC_003816,RING_00239,2026-08-21T10:02:21.933123+00:00,1,35,1909.95,54.57,0,0,0.0,0.0,3,0.0308,desktop_chrome,paypal
ACC_003817,RING_00239,2026-11-08T14:53:04.666014+00:00,1,19,998.26,52.54,1,0,0.0526,0.0,1,0.0607,desktop_chrome,credit_card
ACC_003818,RING_00239,2026-06-28T22:10:21.943165+00:00,33,39,2560.74,65.66,0,0,0.0,0.0,3,0.0457,desktop_chrome,paypal
ACC_003819,RING_00239,2027-02-26T12:22:04.405094+00:00,1,30,4206.3,140.21,0,0,0.0,0.0,3,0.0302,desktop_chrome,paypal
ACC_003820,RING_00239,2026-11-27T09:26:54.050091+00:00,1,32,5218.24,163.07,1,0,0.0312,0.0,1,0.0526,desktop_safari,paypal
ACC_003821,RING_00239,2026-11-13T21:00:23.296360+00:00,1,25,2011.75,80.47,1,0,0.04,0.0,3,0.0322,mobile_ios,credit_card
ACC_003822,RING_00239,2026-10-10T12:15:51.948360+00:00,1,24,3957.36,164.89,0,0,0.0,0.0,1,0.0661,desktop_chrome,credit_card
ACC_003823,RING_00239,2026-06-29T05:32:55.634408+00:00,32,9,379.71,42.19,0,0,0.0,0.0,3,0.0354,mobile_ios,credit_card
ACC_003824,RING_00239,2026-11-08T08:38:27.859845+00:00,1,11,1381.05,125.55,0,0,0.0,0.0,1,0.0892,mobile_ios,paypal
ACC_003825,RING_00239,2026-09-23T07:22:30.273297+00:00,1,20,3566.0,178.3,1,0,0.05,0.0,2,0.0582,desktop_chrome,credit_card
ACC_003826,RING_00239,2026-05-16T16:46:47.073861+00:00,76,30,4018.8,133.96,2,1,0.0667,0.0333,3,0.0122,desktop_safari,paypal
ACC_003827,RING_00239,2026-12-28T10:15:29.171163+00:00,1,10,1601.5,160.15,0,0,0.0,0.0,2,0.0782,desktop_safari,credit_card
ACC_003828,RING_00239,2026-10-08T07:55:19.890987+00:00,1,20,2175.4,108.77,1,0,0.05,0.0,1,0.02,desktop_safari,credit_card
ACC_003829,RING_00239,2026-08-26T22:46:37.864098+00:00,1,37,4272.02,115.46,1,0,0.027,0.0,1,0.0415,mobile_ios,paypal
ACC_003830,RING_00239,2026-12-11T05:00:57.082937+00:00,1,8,603.12,75.39,0,0,0.0,0.0,2,0.0477,desktop_safari,credit_card
ACC_003831,RING_00239,2026-08-16T03:56:26.805236+00:00,1,15,2049.75,136.65,1,0,0.0667,0.0,2,0.0426,mobile_ios,credit_card
ACC_003832,RING_00239,2026-11-19T00:01:50.550848+00:00,1,17,1137.98,66.94,0,0,0.0,0.0,2,0.0738,mobile_ios,paypal
ACC_003833,RING_00239,2027-01-10T01:18:39.255027+00:00,1,29,3163.32,109.08,0,0,0.0,0.0,2,0.0385,desktop_safari,paypal
ACC_003834,RING_00239,2026-07-11T11:19:03.704681+00:00,20,23,1240.85,53.95,1,0,0.0435,0.0,1,0.0536,mobile_ios,credit_card
ACC_003835,RING_00239,2026-08-27T08:32:17.481474+00:00,1,32,1384.32,43.26,0,0,0.0,0.0,1,0.0275,mobile_ios,credit_card
ACC_003836,RING_00239,2027-02-05T08:09:10.663996+00:00,1,9,514.26,57.14,0,0,0.0,0.0,3,0.0156,desktop_safari,paypal
ACC_003837,RING_00239,2026-10-11T04:27:13.067012+00:00,1,32,1807.68,56.49,1,0,0.0312,0.0,2,0.0269,mobile_ios,paypal
ACC_003838,RING_00239,2026-06-21T21:47:29.671321+00:00,40,10,479.0,47.9,0,0,0.0,0.0,1,0.0859,mobile_ios,paypal
ACC_003839,RING_00239,2026-06-12T07:05:04.952508+00:00,49,14,1145.06,81.79,0,0,0.0,0.0,2,0.0799,desktop_safari,credit_card
ACC_003840,RING_00239,2026-12-29T19:03:14.313692+00:00,1,35,6299.65,179.99,1,0,0.0286,0.0,3,0.0877,desktop_chrome,paypal
ACC_003841,RING_00239,2026-06-30T17:01:14.084533+00:00,31,27,3702.78,137.14,1,0,0.037,0.0,1,0.0858,mobile_ios,paypal
ACC_003842,RING_00239,2026-08-23T04:50:40.996809+00:00,1,28,1215.76,43.42,0,0,0.0,0.0,2,0.0657,mobile_ios,credit_card
ACC_003843,RING_00239,2026-11-27T04:49:37.193650+00:00,1,20,2981.6,149.08,1,0,0.05,0.0,3,0.0684,desktop_chrome,credit_card
ACC_003844,RING_00239,2026-07-21T13:05:17.899007+00:00,10,18,2184.12,121.34,0,0,0.0,0.0,2,0.0858,mobile_ios,credit_card
ACC_003845,RING_00239,2027-02-12T19:08:30.473623+00:00,1,19,1496.82,78.78,0,0,0.0,0.0,3,0.0604,desktop_chrome,credit_card
ACC_003846,RING_00240,2027-01-14T14:18:34.891500+00:00,1,12,591.84,49.32,1,0,0.0833,0.0,2,0.0562,mobile_ios,credit_card
ACC_003847,RING_00240,2027-04-16T09:50:02.765997+00:00,1,30,4017.0,133.9,1,0,0.0333,0.0,0,0.0651,desktop_chrome,credit_card
ACC_003848,RING_00240,2026-10-27T20:51:42.481519+00:00,1,14,936.88,66.92,0,0,0.0,0.0,0,0.0609,desktop_chrome,credit_card
ACC_003849,RING_00240,2026-12-05T04:57:00.087838+00:00,1,30,2429.4,80.98,3,1,0.1,0.0333,1,0.0661,desktop_chrome,credit_card
ACC_003850,RING_00241,2026-10-02T09:33:10.157122+00:00,1,41,3353.39,81.79,0,0,0.0,0.0,2,0.0178,mobile_android,debit_card
ACC_003851,RING_00242,2026-02-09T00:00:08.414491+00:00,172,1,49.47,49.47,0,0,0.0,0.0,0,0.8841,desktop_chrome,virtual_card
ACC_003852,RING_00242,2026-02-09T00:03:54.657772+00:00,172,1,49.53,49.53,0,0,0.0,0.0,0,0.9137,desktop_chrome,virtual_card
ACC_003853,RING_00242,2026-02-09T00:12:29.001293+00:00,172,1,51.36,51.36,0,0,0.0,0.0,0,0.797,desktop_chrome,virtual_card
ACC_003854,RING_00242,2026-02-09T00:01:01.442481+00:00,172,1,51.95,51.95,0,0,0.0,0.0,0,0.7695,desktop_chrome,virtual_card
ACC_003855,RING_00242,2026-02-09T00:13:34.173985+00:00,172,1,51.58,51.58,0,0,0.0,0.0,0,0.8689,desktop_chrome,virtual_card
ACC_003856,RING_00242,2026-02-09T00:04:36.501042+00:00,172,1,49.52,49.52,0,0,0.0,0.0,0,0.8429,desktop_chrome,virtual_card
ACC_003857,RING_00242,2026-02-09T00:18:09.808847+00:00,172,1,49.04,49.04,0,0,0.0,0.0,0,0.8474,desktop_chrome,virtual_card
ACC_003858,RING_00242,2026-02-09T00:21:42.437234+00:00,172,1,50.75,50.75,0,0,0.0,0.0,0,0.8194,desktop_chrome,virtual_card
ACC_003859,RING_00242,2026-02-09T00:18:57.818989+00:00,172,1,51.47,51.47,0,0,0.0,0.0,0,0.9082,desktop_chrome,virtual_card
ACC_003860,RING_00242,2026-02-09T00:01:35.085522+00:00,172,1,50.6,50.6,0,0,0.0,0.0,0,0.8646,desktop_chrome,virtual_card
ACC_003861,RING_00242,2026-02-09T00:12:24.519298+00:00,172,1,49.44,49.44,0,0,0.0,0.0,0,0.9197,desktop_chrome,virtual_card
ACC_003862,RING_00242,2026-02-09T00:02:46.765312+00:00,172,1,51.57,51.57,0,0,0.0,0.0,0,0.9113,desktop_chrome,virtual_card
ACC_003863,RING_00242,2026-02-09T00:10:13.586350+00:00,172,1,51.33,51.33,0,0,0.0,0.0,0,0.8049,desktop_chrome,virtual_card
ACC_003864,RING_00242,2026-02-09T00:20:59.320540+00:00,172,1,49.67,49.67,0,0,0.0,0.0,0,0.8369,desktop_chrome,virtual_card
ACC_003865,RING_00242,2026-02-09T00:01:01.740481+00:00,172,1,49.25,49.25,0,0,0.0,0.0,0,0.8438,desktop_chrome,virtual_card
ACC_003866,RING_00242,2026-02-09T00:06:17.478007+00:00,172,1,50.11,50.11,0,0,0.0,0.0,0,0.8737,desktop_chrome,virtual_card
ACC_003867,RING_00242,2026-02-09T00:20:39.855040+00:00,172,1,50.88,50.88,0,0,0.0,0.0,0,0.7919,desktop_chrome,virtual_card
ACC_003868,RING_00242,2026-02-09T00:10:08.891338+00:00,172,1,51.2,51.2,0,0,0.0,0.0,0,0.8029,desktop_chrome,virtual_card
ACC_003869,RING_00242,2026-02-09T00:05:53.033393+00:00,172,1,49.75,49.75,0,0,0.0,0.0,0,0.8212,desktop_chrome,virtual_card
ACC_003870,RING_00242,2026-02-09T00:23:44.115660+00:00,172,1,49.47,49.47,0,0,0.0,0.0,0,0.8053,desktop_chrome,virtual_card
ACC_003871,RING_00243,2026-05-15T07:34:16.068018+00:00,77,5,188.15,37.63,0,0,0.0,0.0,0,0.0121,mobile_ios,apple_pay
ACC_003872,RING_00243,2026-12-22T00:46:34.203942+00:00,1,24,788.16,32.84,2,1,0.0833,0.0417,1,0.0513,desktop_chrome,apple_pay
ACC_003873,RING_00243,2027-01-17T17:58:24.296704+00:00,1,28,1338.68,47.81,1,0,0.0357,0.0,0,0.0722,desktop_chrome,apple_pay
ACC_003874,RING_00243,2026-10-24T10:07:41.550769+00:00,1,18,783.54,43.53,0,0,0.0,0.0,1,0.037,mobile_ios,apple_pay
ACC_003875,RING_00243,2026-03-12T08:02:11.412563+00:00,141,27,2271.78,84.14,2,1,0.0741,0.037,0,0.0395,mobile_ios,credit_card
ACC_003876,RING_00243,2026-02-17T18:19:39.753650+00:00,164,12,407.4,33.95,1,0,0.0833,0.0,0,0.0683,desktop_safari,debit_card
ACC_003877,RING_00243,2026-11-02T01:51:41.828955+00:00,1,29,1156.52,39.88,1,0,0.0345,0.0,0,0.0233,mobile_ios,apple_pay
ACC_003878,RING_00243,2026-07-21T12:47:08.881807+00:00,10,27,763.83,28.29,1,0,0.037,0.0,0,0.0254,desktop_chrome,apple_pay
ACC_003879,RING_00243,2026-11-08T09:08:32.096508+00:00,1,28,1138.48,40.66,2,1,0.0714,0.0357,1,0.0179,desktop_safari,credit_card
ACC_003880,RING_00243,2026-09-12T01:21:35.612700+00:00,1,18,1154.52,64.14,1,0,0.0556,0.0,0,0.0732,desktop_chrome,debit_card
ACC_003881,RING_00243,2026-10-21T16:25:03.959020+00:00,1,17,1470.67,86.51,1,0,0.0588,0.0,0,0.0779,mobile_ios,credit_card
ACC_003882,RING_00243,2026-10-18T13:02:33.307357+00:00,1,6,435.72,72.62,0,0,0.0,0.0,1,0.0789,mobile_ios,debit_card
ACC_003883,RING_00243,2026-06-16T15:27:13.051025+00:00,45,14,595.7,42.55,0,0,0.0,0.0,0,0.0648,desktop_safari,apple_pay
ACC_003884,RING_00243,2026-05-23T17:36:59.591682+00:00,69,27,1615.95,59.85,1,0,0.037,0.0,1,0.0245,desktop_safari,credit_card
ACC_003885,RING_00243,2027-01-04T17:26:33.545702+00:00,1,24,1693.92,70.58,1,0,0.0417,0.0,0,0.0128,desktop_chrome,apple_pay
ACC_003886,RING_00243,2026-04-06T03:28:24.863509+00:00,116,21,1839.18,87.58,2,1,0.0952,0.0476,0,0.0609,desktop_chrome,debit_card
ACC_003887,RING_00243,2026-08-12T09:28:31.590632+00:00,1,7,381.64,54.52,0,0,0.0,0.0,1,0.0504,desktop_chrome,credit_card
ACC_003888,RING_00243,2026-01-31T18:36:45.719071+00:00,181,15,498.9,33.26,0,0,0.0,0.0,0,0.0755,mobile_ios,debit_card
ACC_003889,RING_00243,2026-05-09T23:39:05.682165+00:00,83,25,1968.75,78.75,0,0,0.0,0.0,0,0.0734,desktop_chrome,debit_card
ACC_003890,RING_00243,2026-06-22T20:14:00.442157+00:00,39,21,1415.4,67.4,1,0,0.0476,0.0,1,0.0411,mobile_ios,credit_card
ACC_003891,RING_00243,2026-11-25T11:06:47.719573+00:00,1,7,454.93,64.99,0,0,0.0,0.0,1,0.0413,mobile_ios,credit_card
ACC_003892,RING_00243,2026-08-15T06:49:03.958280+00:00,1,28,2307.76,82.42,2,1,0.0714,0.0357,1,0.0174,mobile_ios,apple_pay
ACC_003893,RING_00243,2026-03-06T22:33:47.638398+00:00,147,9,432.72,48.08,1,0,0.1111,0.0,1,0.0742,mobile_ios,apple_pay
ACC_003894,RING_00243,2026-08-08T07:18:38.828437+00:00,1,7,470.47,67.21,0,0,0.0,0.0,0,0.0485,mobile_ios,credit_card
ACC_003895,RING_00243,2026-07-23T10:08:18.610519+00:00,8,17,461.38,27.14,1,0,0.0588,0.0,0,0.0505,mobile_ios,apple_pay
ACC_003896,RING_00243,2026-10-03T15:54:06.928949+00:00,1,15,1179.0,78.6,0,0,0.0,0.0,0,0.0547,desktop_safari,credit_card
ACC_003897,RING_00243,2026-03-22T21:19:24.511293+00:00,131,14,480.2,34.3,1,0,0.0714,0.0,0,0.0793,desktop_chrome,credit_card
ACC_003898,RING_00243,2026-03-29T18:40:36.387272+00:00,124,13,764.14,58.78,0,0,0.0,0.0,0,0.0638,desktop_chrome,apple_pay
ACC_003899,RING_00243,2026-11-12T08:25:25.721385+00:00,1,7,288.68,41.24,0,0,0.0,0.0,1,0.0159,desktop_chrome,credit_card
ACC_003900,RING_00243,2026-11-11T05:26:18.802557+00:00,1,16,486.72,30.42,0,0,0.0,0.0,1,0.0421,mobile_ios,apple_pay
ACC_003901,RING_00243,2026-12-08T14:24:38.479801+00:00,1,10,766.1,76.61,1,0,0.1,0.0,1,0.0152,desktop_chrome,apple_pay
ACC_003902,RING_00243,2026-07-25T05:09:16.367023+00:00,6,6,406.86,67.81,0,0,0.0,0.0,0,0.0366,desktop_safari,debit_card
ACC_003903,RING_00243,2026-09-30T14:08:10.370668+00:00,1,7,462.63,66.09,0,0,0.0,0.0,0,0.0616,desktop_safari,apple_pay
ACC_003904,RING_00243,2026-10-03T05:23:06.216413+00:00,1,23,683.56,29.72,0,0,0.0,0.0,1,0.0641,mobile_ios,apple_pay
ACC_003905,RING_00243,2026-04-16T20:28:13.852771+00:00,106,7,220.36,31.48,0,0,0.0,0.0,1,0.0385,mobile_ios,apple_pay
ACC_003906,RING_00243,2026-10-15T04:25:20.433727+00:00,1,19,588.24,30.96,1,0,0.0526,0.0,0,0.0216,mobile_ios,debit_card
ACC_003907,RING_00243,2026-06-04T08:00:24.830447+00:00,57,22,1569.92,71.36,1,0,0.0455,0.0,0,0.0712,mobile_ios,debit_card
ACC_003908,RING_00243,2026-09-16T15:17:41.470870+00:00,1,29,1905.01,65.69,3,2,0.1034,0.069,1,0.0734,desktop_safari,credit_card
ACC_003909,RING_00243,2026-05-31T04:50:12.327275+00:00,61,24,1224.96,51.04,2,1,0.0833,0.0417,0,0.0696,desktop_safari,debit_card
ACC_003910,RING_00243,2026-11-30T11:59:38.399671+00:00,1,9,771.75,85.75,0,0,0.0,0.0,0,0.0402,desktop_chrome,debit_card
ACC_003911,RING_00243,2026-02-18T04:54:24.467868+00:00,163,6,448.08,74.68,0,0,0.0,0.0,1,0.0289,mobile_ios,debit_card
ACC_003912,RING_00243,2027-01-15T01:51:56.841364+00:00,1,24,672.24,28.01,1,0,0.0417,0.0,1,0.0268,desktop_safari,debit_card
ACC_003913,RING_00243,2026-03-26T05:11:21.728132+00:00,127,28,1910.16,68.22,2,1,0.0714,0.0357,1,0.0544,desktop_chrome,credit_card
ACC_003914,RING_00243,2026-10-08T03:23:13.180153+00:00,1,17,433.84,25.52,1,0,0.0588,0.0,0,0.074,desktop_chrome,apple_pay
ACC_003915,RING_00243,2026-03-09T08:15:21.429399+00:00,144,25,1667.0,66.68,2,1,0.08,0.04,0,0.0655,mobile_ios,apple_pay
ACC_003916,RING_00243,2026-05-31T07:49:04.945244+00:00,61,14,1162.98,83.07,0,0,0.0,0.0,1,0.0599,desktop_safari,credit_card
ACC_003917,RING_00243,2027-01-15T16:24:13.129050+00:00,1,19,1270.91,66.89,1,0,0.0526,0.0,1,0.0225,desktop_chrome,apple_pay
ACC_003918,RING_00243,2026-12-11T20:08:34.014874+00:00,1,25,2100.0,84.0,1,0,0.04,0.0,1,0.0695,desktop_safari,debit_card
ACC_003919,RING_00243,2026-12-30T01:19:20.067929+00:00,1,7,499.31,71.33,0,0,0.0,0.0,1,0.0591,mobile_ios,apple_pay
ACC_003920,RING_00243,2026-12-11T14:13:51.040568+00:00,1,28,1286.88,45.96,1,0,0.0357,0.0,0,0.0471,mobile_ios,debit_card
ACC_003921,RING_00244,2026-12-23T23:44:41.425501+00:00,1,15,1359.15,90.61,1,0,0.0667,0.0,0,0.0624,mobile_ios,credit_card
ACC_003922,RING_00244,2026-06-15T17:36:42.717836+00:00,46,11,1120.68,101.88,1,0,0.0909,0.0,0,0.0775,desktop_chrome,credit_card
ACC_003923,RING_00244,2027-02-02T12:37:20.078748+00:00,1,21,1794.66,85.46,1,0,0.0476,0.0,0,0.0546,mobile_ios,credit_card
ACC_003924,RING_00244,2026-10-04T17:04:18.139544+00:00,1,14,1785.98,127.57,0,0,0.0,0.0,1,0.059,desktop_chrome,credit_card
ACC_003925,RING_00244,2026-06-11T08:35:39.399138+00:00,50,28,3741.08,133.61,2,1,0.0714,0.0357,1,0.0153,mobile_ios,credit_card
ACC_003926,RING_00245,2027-06-12T12:48:29.044041+00:00,1,26,3109.08,119.58,2,1,0.0769,0.0385,0,0.028,desktop_chrome,credit_card
ACC_003927,RING_00245,2027-01-05T10:41:09.644651+00:00,1,8,1089.04,136.13,0,0,0.0,0.0,0,0.0377,desktop_chrome,credit_card
ACC_003928,RING_00245,2026-10-30T14:18:42.945747+00:00,1,24,3510.72,146.28,1,0,0.0417,0.0,0,0.0485,desktop_chrome,credit_card
ACC_003929,RING_00245,2026-12-27T17:23:15.645009+00:00,1,34,4833.44,142.16,1,0,0.0294,0.0,2,0.0105,desktop_chrome,credit_card
ACC_003930,RING_00245,2026-08-28T04:30:08.440800+00:00,1,8,761.2,95.15,0,0,0.0,0.0,2,0.012,mobile_ios,credit_card
ACC_003931,RING_00245,2026-08-16T21:14:41.132744+00:00,1,16,2257.28,141.08,0,0,0.0,0.0,0,0.0375,mobile_ios,credit_card
ACC_003932,RING_00245,2026-08-28T09:35:41.820578+00:00,1,25,3057.0,122.28,1,0,0.04,0.0,2,0.021,mobile_ios,credit_card
ACC_003933,RING_00245,2026-09-15T09:33:58.936639+00:00,1,12,1059.36,88.28,0,0,0.0,0.0,2,0.0711,desktop_chrome,credit_card
ACC_003934,RING_00245,2026-12-31T09:47:25.050539+00:00,1,21,1179.99,56.19,1,0,0.0476,0.0,0,0.0537,desktop_chrome,credit_card
ACC_003935,RING_00245,2026-12-21T16:21:32.427013+00:00,1,8,934.24,116.78,0,0,0.0,0.0,2,0.075,mobile_ios,credit_card
ACC_003936,RING_00245,2027-02-15T03:15:05.799146+00:00,1,28,1368.08,48.86,0,0,0.0,0.0,1,0.0441,mobile_ios,credit_card
ACC_003937,RING_00245,2027-04-17T03:15:16.619993+00:00,1,34,4454.0,131.0,0,0,0.0,0.0,2,0.0715,mobile_ios,credit_card
ACC_003938,RING_00245,2026-10-06T06:27:14.622130+00:00,1,17,1818.15,106.95,1,0,0.0588,0.0,1,0.0159,desktop_chrome,credit_card
ACC_003939,RING_00245,2026-12-02T09:38:39.387921+00:00,1,16,1115.36,69.71,0,0,0.0,0.0,1,0.0646,desktop_chrome,credit_card
ACC_003940,RING_00245,2026-08-11T21:48:05.474189+00:00,1,15,1905.6,127.04,1,0,0.0667,0.0,1,0.0732,mobile_ios,credit_card
ACC_003941,RING_00245,2026-12-16T01:59:20.516263+00:00,1,20,1528.2,76.41,0,0,0.0,0.0,0,0.0161,desktop_chrome,credit_card
ACC_003942,RING_00245,2027-01-12T17:50:04.873322+00:00,1,31,2480.62,80.02,1,0,0.0323,0.0,0,0.0243,mobile_ios,credit_card
ACC_003943,RING_00245,2027-06-27T01:14:12.453206+00:00,1,25,3678.75,147.15,1,0,0.04,0.0,1,0.0647,mobile_ios,credit_card
ACC_003944,RING_00245,2027-02-08T21:08:43.104021+00:00,1,18,2254.5,125.25,1,0,0.0556,0.0,2,0.0246,desktop_chrome,credit_card
ACC_003945,RING_00246,2026-04-24T00:45:57.883643+00:00,98,13,2043.6,157.2,3,4,0.2308,0.3077,2,0.7621,emulator_bot,virtual_card
ACC_003946,RING_00246,2026-04-24T01:14:31.830133+00:00,98,17,2632.11,154.83,2,4,0.1176,0.2353,5,0.8716,emulator_bot,virtual_card
ACC_003947,RING_00246,2026-04-24T00:22:58.704008+00:00,98,18,3232.08,179.56,4,2,0.2222,0.1111,4,0.942,emulator_bot,virtual_card
ACC_003948,RING_00246,2026-04-24T01:40:22.257298+00:00,98,8,1336.48,167.06,2,4,0.25,0.5,4,0.9186,emulator_bot,virtual_card
ACC_003949,RING_00246,2026-04-24T00:43:30.652799+00:00,98,10,1419.7,141.97,2,3,0.2,0.3,3,0.9078,emulator_bot,virtual_card
ACC_003950,RING_00246,2026-04-24T01:24:51.893892+00:00,98,18,2361.42,131.19,3,2,0.1667,0.1111,3,0.7243,emulator_bot,virtual_card
ACC_003951,RING_00246,2026-04-24T00:15:35.583007+00:00,98,21,3519.81,167.61,2,3,0.0952,0.1429,2,0.9063,emulator_bot,virtual_card
ACC_003952,RING_00246,2026-04-24T01:38:10.378032+00:00,98,11,1435.72,130.52,5,2,0.4545,0.1818,6,0.7553,emulator_bot,virtual_card
ACC_003953,RING_00246,2026-04-24T01:02:10.032638+00:00,98,19,3183.64,167.56,5,2,0.2632,0.1053,2,0.8009,emulator_bot,virtual_card
ACC_003954,RING_00246,2026-04-24T01:56:25.930297+00:00,98,19,1877.58,98.82,5,4,0.2632,0.2105,6,0.9137,emulator_bot,virtual_card
ACC_003955,RING_00246,2026-04-24T00:48:38.670156+00:00,98,11,1272.26,115.66,4,2,0.3636,0.1818,4,0.8387,emulator_bot,virtual_card
ACC_003956,RING_00246,2026-04-24T01:44:45.596895+00:00,98,14,1703.94,121.71,2,4,0.1429,0.2857,5,0.9394,emulator_bot,virtual_card
ACC_003957,RING_00247,2026-05-02T07:58:04.787695+00:00,90,31,13550.41,437.11,27,25,0.871,0.8065,14,0.7932,desktop_chrome,credit_card
ACC_003958,RING_00247,2026-04-13T21:42:31.264728+00:00,109,24,5804.4,241.85,21,20,0.875,0.8333,21,0.8416,desktop_chrome,credit_card
ACC_003959,RING_00247,2026-04-20T08:38:10.302129+00:00,102,33,12968.67,392.99,30,29,0.9091,0.8788,12,0.8401,desktop_chrome,credit_card
ACC_003960,RING_00247,2026-04-27T07:34:25.271761+00:00,95,31,8810.51,284.21,28,27,0.9032,0.871,14,0.8411,desktop_chrome,credit_card
ACC_003961,RING_00247,2026-05-02T22:17:20.122908+00:00,90,19,6306.67,331.93,17,15,0.8947,0.7895,11,0.7706,desktop_chrome,credit_card
ACC_003962,RING_00247,2026-04-20T06:15:41.272739+00:00,102,33,15263.82,462.54,29,27,0.8788,0.8182,18,0.8528,desktop_chrome,credit_card
ACC_003963,RING_00247,2026-05-02T21:35:25.089904+00:00,90,29,12357.48,426.12,27,25,0.931,0.8621,21,0.8013,desktop_chrome,credit_card
ACC_003964,RING_00247,2026-04-30T23:36:31.746753+00:00,92,19,4265.31,224.49,18,17,0.9474,0.8947,15,0.8672,desktop_chrome,credit_card
ACC_003965,RING_00247,2026-04-27T09:16:10.850118+00:00,95,25,7254.75,290.19,22,21,0.88,0.84,21,0.7293,desktop_chrome,credit_card
ACC_003966,RING_00247,2026-04-20T15:18:37.712047+00:00,102,25,11124.75,444.99,22,20,0.88,0.8,11,0.8701,desktop_chrome,credit_card
ACC_003967,RING_00247,2026-04-23T17:43:09.204499+00:00,99,20,5439.0,271.95,18,17,0.9,0.85,21,0.8143,desktop_chrome,credit_card
ACC_003968,RING_00247,2026-04-27T09:45:59.217568+00:00,95,34,10674.64,313.96,31,30,0.9118,0.8824,20,0.8784,desktop_chrome,credit_card
ACC_003969,RING_00247,2026-04-26T17:08:59.460809+00:00,96,24,10426.08,434.42,21,20,0.875,0.8333,12,0.7582,desktop_chrome,credit_card
ACC_003970,RING_00248,2027-09-02T23:01:25.695751+00:00,1,44,3198.8,72.7,6,3,0.1364,0.0682,2,0.0166,desktop_chrome,paypal
ACC_003971,RING_00249,2026-05-31T00:09:52.084189+00:00,61,1,51.84,51.84,0,0,0.0,0.0,0,0.76,desktop_chrome,virtual_card
ACC_003972,RING_00249,2026-05-31T00:10:30.696869+00:00,61,1,50.88,50.88,0,0,0.0,0.0,0,0.8831,desktop_chrome,virtual_card
ACC_003973,RING_00249,2026-05-31T00:24:02.937488+00:00,61,1,50.85,50.85,0,0,0.0,0.0,0,0.8996,desktop_chrome,virtual_card
ACC_003974,RING_00249,2026-05-31T00:06:11.075537+00:00,61,1,49.4,49.4,0,0,0.0,0.0,0,0.9113,desktop_chrome,virtual_card
ACC_003975,RING_00249,2026-05-31T00:09:38.202028+00:00,61,1,50.65,50.65,0,0,0.0,0.0,0,0.8085,desktop_chrome,virtual_card
ACC_003976,RING_00249,2026-05-31T00:19:15.225527+00:00,61,1,50.58,50.58,0,0,0.0,0.0,0,0.8077,desktop_chrome,virtual_card
ACC_003977,RING_00249,2026-05-31T00:11:59.973800+00:00,61,1,50.37,50.37,0,0,0.0,0.0,0,0.7766,desktop_chrome,virtual_card
ACC_003978,RING_00249,2026-05-31T00:15:05.129981+00:00,61,1,51.53,51.53,0,0,0.0,0.0,0,0.8162,desktop_chrome,virtual_card
ACC_003979,RING_00249,2026-05-31T00:11:56.719706+00:00,61,1,50.4,50.4,0,0,0.0,0.0,0,0.9046,desktop_chrome,virtual_card
ACC_003980,RING_00249,2026-05-31T00:07:04.988284+00:00,61,1,51.72,51.72,0,0,0.0,0.0,0,0.884,desktop_chrome,virtual_card
ACC_003981,RING_00249,2026-05-31T00:04:04.090735+00:00,61,1,49.09,49.09,0,0,0.0,0.0,0,0.9041,desktop_chrome,virtual_card
ACC_003982,RING_00249,2026-05-31T00:21:15.201230+00:00,61,1,49.57,49.57,0,0,0.0,0.0,0,0.8245,desktop_chrome,virtual_card
ACC_003983,RING_00249,2026-05-31T00:06:52.819025+00:00,61,1,51.71,51.71,0,0,0.0,0.0,0,0.7662,desktop_chrome,virtual_card
ACC_003984,RING_00249,2026-05-31T00:24:56.051070+00:00,61,1,49.4,49.4,0,0,0.0,0.0,0,0.8479,desktop_chrome,virtual_card
ACC_003985,RING_00249,2026-05-31T00:00:15.096457+00:00,61,1,50.4,50.4,0,0,0.0,0.0,0,0.8162,desktop_chrome,virtual_card
ACC_003986,RING_00249,2026-05-31T00:22:02.920926+00:00,61,1,51.43,51.43,0,0,0.0,0.0,0,0.9021,desktop_chrome,virtual_card
ACC_003987,RING_00250,2027-04-10T02:57:04.967519+00:00,1,9,725.4,80.6,1,0,0.1111,0.0,2,0.0208,mobile_ios,paypal
ACC_003988,RING_00251,2026-01-04T00:53:40.297672+00:00,208,15,1511.1,100.74,2,3,0.1333,0.2,6,0.7599,emulator_bot,virtual_card
ACC_003989,RING_00251,2026-01-04T01:33:45.693293+00:00,208,8,901.36,112.67,4,4,0.5,0.5,5,0.8688,emulator_bot,virtual_card
ACC_003990,RING_00251,2026-01-04T00:37:43.044015+00:00,208,13,1482.91,114.07,4,4,0.3077,0.3077,2,0.9288,emulator_bot,virtual_card
ACC_003991,RING_00251,2026-01-04T00:13:17.575514+00:00,208,9,1313.1,145.9,5,2,0.5556,0.2222,2,0.7691,emulator_bot,virtual_card
ACC_003992,RING_00251,2026-01-04T01:46:34.980012+00:00,208,21,2246.79,106.99,5,3,0.2381,0.1429,4,0.8691,emulator_bot,virtual_card
ACC_003993,RING_00251,2026-01-04T00:19:39.554921+00:00,208,13,1292.2,99.4,5,4,0.3846,0.3077,2,0.9265,emulator_bot,virtual_card
ACC_003994,RING_00251,2026-01-04T00:41:57.419101+00:00,208,14,1441.3,102.95,4,3,0.2857,0.2143,6,0.881,emulator_bot,virtual_card
ACC_003995,RING_00251,2026-01-04T01:24:08.888371+00:00,208,10,1730.1,173.01,4,2,0.4,0.2,6,0.8414,emulator_bot,virtual_card
ACC_003996,RING_00251,2026-01-04T01:11:00.986411+00:00,208,20,2479.8,123.99,5,3,0.25,0.15,2,0.9406,emulator_bot,virtual_card
ACC_003997,RING_00251,2026-01-04T01:51:21.528369+00:00,208,24,3650.64,152.11,3,4,0.125,0.1667,2,0.8983,emulator_bot,virtual_card
ACC_003998,RING_00251,2026-01-04T01:58:31.227894+00:00,208,10,957.7,95.77,3,4,0.3,0.4,2,0.7753,emulator_bot,virtual_card
ACC_003999,RING_00251,2026-01-04T00:17:35.742597+00:00,208,8,887.68,110.96,5,2,0.625,0.25,5,0.7824,emulator_bot,virtual_card
ACC_004000,RING_00251,2026-01-04T00:27:11.425100+00:00,208,24,3172.56,132.19,4,3,0.1667,0.125,3,0.8645,emulator_bot,virtual_card
ACC_004001,RING_00251,2026-01-04T01:16:41.973846+00:00,208,14,2287.88,163.42,5,2,0.3571,0.1429,4,0.8209,emulator_bot,virtual_card
ACC_004002,RING_00251,2026-01-04T00:17:36.468000+00:00,208,18,2309.58,128.31,2,4,0.1111,0.2222,2,0.7334,emulator_bot,virtual_card
ACC_004003,RING_00251,2026-01-04T01:05:03.978131+00:00,208,15,2682.15,178.81,3,3,0.2,0.2,4,0.8321,emulator_bot,virtual_card
ACC_004004,RING_00251,2026-01-04T00:44:44.369807+00:00,208,15,2179.2,145.28,3,3,0.2,0.2,4,0.8661,emulator_bot,virtual_card
ACC_004005,RING_00251,2026-01-04T01:46:34.535810+00:00,208,19,2266.89,119.31,4,4,0.2105,0.2105,2,0.9427,emulator_bot,virtual_card
ACC_004006,RING_00251,2026-01-04T01:50:10.282615+00:00,208,19,2196.4,115.6,3,2,0.1579,0.1053,5,0.7478,emulator_bot,virtual_card
ACC_004007,RING_00251,2026-01-04T00:31:03.576683+00:00,208,13,1950.0,150.0,3,3,0.2308,0.2308,2,0.7864,emulator_bot,virtual_card
ACC_004008,RING_00252,2026-05-21T13:49:40.220023+00:00,71,24,1601.52,66.73,1,0,0.0417,0.0,1,0.0376,mobile_android,credit_card
ACC_004009,RING_00252,2026-10-13T13:24:30.213333+00:00,1,17,1620.27,95.31,1,0,0.0588,0.0,3,0.0629,desktop_chrome,debit_card
ACC_004010,RING_00252,2027-04-05T15:32:16.715627+00:00,1,21,2134.23,101.63,0,0,0.0,0.0,2,0.039,mobile_ios,debit_card
ACC_004011,RING_00252,2026-07-25T06:57:57.325494+00:00,6,28,3853.36,137.62,1,0,0.0357,0.0,3,0.0395,desktop_chrome,credit_card
ACC_004012,RING_00252,2027-03-29T04:57:19.183480+00:00,1,24,3210.72,133.78,1,0,0.0417,0.0,2,0.038,desktop_chrome,debit_card
ACC_004013,RING_00252,2027-04-04T17:47:28.306072+00:00,1,24,2842.8,118.45,0,0,0.0,0.0,1,0.0402,mobile_ios,debit_card
ACC_004014,RING_00252,2026-07-11T11:53:26.564402+00:00,20,16,2496.96,156.06,0,0,0.0,0.0,1,0.0167,mobile_android,debit_card
ACC_004015,RING_00252,2027-03-11T22:11:33.377858+00:00,1,14,1429.68,102.12,1,0,0.0714,0.0,2,0.0599,mobile_ios,debit_card
ACC_004016,RING_00252,2026-06-04T22:26:41.901290+00:00,57,11,1321.32,120.12,0,0,0.0,0.0,1,0.0549,desktop_chrome,debit_card
ACC_004017,RING_00252,2026-05-10T11:25:46.531798+00:00,82,37,3476.52,93.96,2,1,0.0541,0.027,3,0.0125,desktop_chrome,credit_card
ACC_004018,RING_00252,2027-02-28T13:47:28.728632+00:00,1,27,1922.67,71.21,0,0,0.0,0.0,1,0.0569,mobile_android,debit_card
ACC_004019,RING_00252,2026-04-01T14:11:39.628206+00:00,121,26,2143.7,82.45,1,0,0.0385,0.0,2,0.039,mobile_android,debit_card
ACC_004020,RING_00252,2026-06-07T11:57:20.869103+00:00,54,22,1913.56,86.98,0,0,0.0,0.0,3,0.0233,desktop_chrome,debit_card
ACC_004021,RING_00252,2027-04-01T23:58:21.778609+00:00,1,31,3576.47,115.37,3,2,0.0968,0.0645,3,0.042,desktop_chrome,debit_card
ACC_004022,RING_00252,2026-04-24T19:40:45.081593+00:00,98,19,1637.23,86.17,0,0,0.0,0.0,1,0.0582,desktop_chrome,debit_card
ACC_004023,RING_00252,2027-04-03T14:24:28.766106+00:00,1,19,1152.35,60.65,0,0,0.0,0.0,3,0.019,mobile_android,debit_card
ACC_004024,RING_00252,2026-12-14T21:28:00.944440+00:00,1,20,1184.2,59.21,0,0,0.0,0.0,2,0.0187,desktop_chrome,debit_card
ACC_004025,RING_00252,2027-02-11T04:38:22.130537+00:00,1,23,2161.77,93.99,1,0,0.0435,0.0,1,0.0282,mobile_ios,credit_card
ACC_004026,RING_00252,2026-09-01T11:04:57.192218+00:00,1,30,3981.9,132.73,2,1,0.0667,0.0333,2,0.0426,mobile_ios,credit_card
ACC_004027,RING_00252,2026-04-06T02:22:06.829276+00:00,116,37,4987.23,134.79,3,2,0.0811,0.0541,3,0.059,desktop_chrome,debit_card
ACC_004028,RING_00252,2027-04-11T18:02:46.839940+00:00,1,32,4483.84,140.12,2,1,0.0625,0.0312,2,0.012,desktop_chrome,credit_card
ACC_004029,RING_00252,2026-04-20T21:15:41.329241+00:00,102,34,4193.56,123.34,0,0,0.0,0.0,3,0.0622,mobile_android,credit_card
ACC_004030,RING_00252,2026-10-22T10:45:51.581019+00:00,1,33,4468.53,135.41,2,1,0.0606,0.0303,3,0.0613,mobile_android,credit_card
ACC_004031,RING_00252,2026-04-08T07:39:42.841059+00:00,114,37,5133.38,138.74,2,1,0.0541,0.027,1,0.0646,mobile_ios,debit_card
ACC_004032,RING_00252,2027-01-20T05:07:40.784643+00:00,1,11,671.33,61.03,0,0,0.0,0.0,1,0.0457,mobile_android,credit_card
ACC_004033,RING_00252,2026-05-04T22:22:29.016681+00:00,88,28,4177.04,149.18,2,1,0.0714,0.0357,1,0.0161,desktop_chrome,credit_card
ACC_004034,RING_00252,2026-04-24T16:03:29.193266+00:00,98,31,4195.85,135.35,2,1,0.0645,0.0323,2,0.0326,mobile_ios,credit_card
ACC_004035,RING_00253,2027-03-21T18:37:49.269219+00:00,1,32,1374.4,42.95,3,2,0.0938,0.0625,0,0.0209,desktop_chrome,paypal
ACC_004036,RING_00254,2026-08-22T11:50:01.842249+00:00,1,36,4632.12,128.67,3,2,0.0833,0.0556,1,0.0578,mobile_android,credit_card
ACC_004037,RING_00254,2026-06-24T02:37:49.494498+00:00,37,41,2311.17,56.37,5,3,0.122,0.0732,1,0.0213,mobile_android,credit_card
ACC_004038,RING_00254,2027-09-11T15:16:11.271803+00:00,1,12,633.84,52.82,0,0,0.0,0.0,2,0.0411,mobile_android,credit_card
ACC_004039,RING_00254,2026-12-09T11:13:16.682143+00:00,1,19,2498.12,131.48,1,0,0.0526,0.0,1,0.017,mobile_ios,credit_card
ACC_004040,RING_00255,2027-09-03T06:18:15.143539+00:00,1,9,611.73,67.97,1,0,0.1111,0.0,2,0.0597,mobile_android,paypal
ACC_004041,RING_00256,2026-04-17T15:19:00.715183+00:00,105,10,427.6,42.76,0,0,0.0,0.0,0,0.0662,mobile_android,debit_card
ACC_004042,RING_00257,2026-03-28T00:22:36.584228+00:00,125,44,281.16,6.39,0,0,0.0,0.0,0,0.8526,emulator_bot,credit_card
ACC_004043,RING_00257,2026-03-28T00:44:08.728398+00:00,125,43,327.66,7.62,0,0,0.0,0.0,0,0.8124,emulator_bot,credit_card
ACC_004044,RING_00257,2026-03-28T00:32:05.921619+00:00,125,18,72.18,4.01,0,0,0.0,0.0,0,0.9631,emulator_bot,credit_card
ACC_004045,RING_00257,2026-03-28T00:00:32.856149+00:00,125,26,197.08,7.58,0,0,0.0,0.0,0,0.9074,emulator_bot,credit_card
ACC_004046,RING_00257,2026-03-28T00:21:27.544139+00:00,125,30,471.6,15.72,0,0,0.0,0.0,0,0.9352,emulator_bot,credit_card
ACC_004047,RING_00257,2026-03-28T00:00:58.292546+00:00,125,34,335.24,9.86,0,0,0.0,0.0,0,0.9175,emulator_bot,credit_card
ACC_004048,RING_00257,2026-03-28T00:23:00.275030+00:00,125,17,214.88,12.64,0,0,0.0,0.0,0,0.8882,emulator_bot,credit_card
ACC_004049,RING_00257,2026-03-28T00:15:12.430181+00:00,125,35,454.3,12.98,0,0,0.0,0.0,0,0.8338,emulator_bot,credit_card
ACC_004050,RING_00257,2026-03-28T00:40:39.468325+00:00,125,40,424.4,10.61,0,0,0.0,0.0,0,0.8768,emulator_bot,credit_card
ACC_004051,RING_00257,2026-03-28T00:22:11.880288+00:00,125,18,93.42,5.19,0,0,0.0,0.0,0,0.8588,emulator_bot,credit_card
ACC_004052,RING_00257,2026-03-28T00:38:14.741507+00:00,125,19,226.1,11.9,0,0,0.0,0.0,0,0.939,emulator_bot,credit_card
ACC_004053,RING_00257,2026-03-28T00:26:16.455546+00:00,125,29,349.45,12.05,0,0,0.0,0.0,0,0.8643,emulator_bot,credit_card
ACC_004054,RING_00257,2026-03-28T00:17:50.585601+00:00,125,19,269.61,14.19,0,0,0.0,0.0,0,0.8485,emulator_bot,credit_card
ACC_004055,RING_00257,2026-03-28T00:10:20.208818+00:00,125,31,428.73,13.83,0,0,0.0,0.0,0,0.9275,emulator_bot,credit_card
ACC_004056,RING_00257,2026-03-28T00:08:14.524159+00:00,125,20,234.4,11.72,0,0,0.0,0.0,0,0.9659,emulator_bot,credit_card
ACC_004057,RING_00257,2026-03-28T00:35:45.275000+00:00,125,44,223.52,5.08,0,0,0.0,0.0,0,0.9077,emulator_bot,credit_card
ACC_004058,RING_00257,2026-03-28T00:39:44.063704+00:00,125,31,419.74,13.54,0,0,0.0,0.0,0,0.8998,emulator_bot,credit_card
ACC_004059,RING_00257,2026-03-28T00:14:35.029689+00:00,125,22,292.6,13.3,0,0,0.0,0.0,0,0.8034,emulator_bot,credit_card
ACC_004060,RING_00257,2026-03-28T00:22:15.453815+00:00,125,33,466.29,14.13,0,0,0.0,0.0,0,0.9335,emulator_bot,credit_card
ACC_004061,RING_00257,2026-03-28T00:12:56.254346+00:00,125,21,90.72,4.32,0,0,0.0,0.0,0,0.8744,emulator_bot,credit_card
ACC_004062,RING_00257,2026-03-28T00:20:29.294883+00:00,125,23,92.23,4.01,0,0,0.0,0.0,0,0.8776,emulator_bot,credit_card
ACC_004063,RING_00257,2026-03-28T00:39:07.626707+00:00,125,43,245.1,5.7,0,0,0.0,0.0,0,0.8416,emulator_bot,credit_card
ACC_004064,RING_00257,2026-03-28T00:06:12.531299+00:00,125,17,302.6,17.8,0,0,0.0,0.0,0,0.8656,emulator_bot,credit_card
ACC_004065,RING_00257,2026-03-28T00:13:07.012272+00:00,125,38,482.6,12.7,0,0,0.0,0.0,0,0.9477,emulator_bot,credit_card
ACC_004066,RING_00257,2026-03-28T00:31:17.233240+00:00,125,33,305.25,9.25,0,0,0.0,0.0,0,0.9441,emulator_bot,credit_card
ACC_004067,RING_00257,2026-03-28T00:13:58.689608+00:00,125,39,265.59,6.81,0,0,0.0,0.0,0,0.9043,emulator_bot,credit_card
ACC_004068,RING_00257,2026-03-28T00:03:39.121666+00:00,125,29,124.99,4.31,0,0,0.0,0.0,0,0.8934,emulator_bot,credit_card
ACC_004069,RING_00257,2026-03-28T00:16:50.894259+00:00,125,38,460.18,12.11,0,0,0.0,0.0,0,0.9415,emulator_bot,credit_card
ACC_004070,RING_00257,2026-03-28T00:30:26.258401+00:00,125,35,625.8,17.88,0,0,0.0,0.0,0,0.9472,emulator_bot,credit_card
ACC_004071,RING_00257,2026-03-28T00:44:16.813323+00:00,125,21,233.52,11.12,0,0,0.0,0.0,0,0.9268,emulator_bot,credit_card
ACC_004072,RING_00257,2026-03-28T00:40:08.786086+00:00,125,16,88.64,5.54,0,0,0.0,0.0,0,0.8735,emulator_bot,credit_card
ACC_004073,RING_00257,2026-03-28T00:25:17.070156+00:00,125,27,481.95,17.85,0,0,0.0,0.0,0,0.9666,emulator_bot,credit_card
ACC_004074,RING_00257,2026-03-28T00:34:58.799460+00:00,125,39,691.86,17.74,0,0,0.0,0.0,0,0.8308,emulator_bot,credit_card
ACC_004075,RING_00257,2026-03-28T00:25:42.748074+00:00,125,36,196.2,5.45,0,0,0.0,0.0,0,0.9271,emulator_bot,credit_card
ACC_004076,RING_00258,2026-10-11T15:39:55.806948+00:00,1,17,1980.67,116.51,1,0,0.0588,0.0,1,0.0134,mobile_ios,credit_card
ACC_004077,RING_00258,2026-02-26T05:16:55.128929+00:00,155,47,3884.55,82.65,6,5,0.1277,0.1064,1,0.0303,mobile_android,credit_card
ACC_004078,RING_00258,2027-04-09T01:30:36.716232+00:00,1,37,3231.58,87.34,5,3,0.1351,0.0811,1,0.0315,mobile_ios,credit_card
ACC_004079,RING_00259,2026-02-04T00:24:51.491092+00:00,177,23,154.33,6.71,0,0,0.0,0.0,0,0.8713,emulator_bot,credit_card
ACC_004080,RING_00259,2026-02-04T00:27:18.872896+00:00,177,17,244.46,14.38,0,0,0.0,0.0,0,0.9132,emulator_bot,credit_card
ACC_004081,RING_00259,2026-02-04T00:11:52.047594+00:00,177,31,456.32,14.72,0,0,0.0,0.0,0,0.9271,emulator_bot,credit_card
ACC_004082,RING_00259,2026-02-04T00:44:25.749005+00:00,177,19,108.3,5.7,0,0,0.0,0.0,0,0.9495,emulator_bot,credit_card
ACC_004083,RING_00259,2026-02-04T00:16:19.404798+00:00,177,40,471.6,11.79,0,0,0.0,0.0,0,0.9163,emulator_bot,credit_card
ACC_004084,RING_00259,2026-02-04T00:37:26.502419+00:00,177,18,159.48,8.86,0,0,0.0,0.0,0,0.8108,emulator_bot,credit_card
ACC_004085,RING_00259,2026-02-04T00:01:34.591479+00:00,177,30,426.6,14.22,0,0,0.0,0.0,0,0.9195,emulator_bot,credit_card
ACC_004086,RING_00259,2026-02-04T00:31:17.088802+00:00,177,25,205.75,8.23,0,0,0.0,0.0,0,0.8988,emulator_bot,credit_card
ACC_004087,RING_00259,2026-02-04T00:13:39.348948+00:00,177,30,372.9,12.43,0,0,0.0,0.0,0,0.953,emulator_bot,credit_card
ACC_004088,RING_00259,2026-02-04T00:24:09.600792+00:00,177,16,71.52,4.47,0,0,0.0,0.0,0,0.856,emulator_bot,credit_card
ACC_004089,RING_00259,2026-02-04T00:37:38.829273+00:00,177,15,254.1,16.94,0,0,0.0,0.0,0,0.9323,emulator_bot,credit_card
ACC_004090,RING_00259,2026-02-04T00:32:37.080220+00:00,177,39,390.0,10.0,0,0,0.0,0.0,0,0.8816,emulator_bot,credit_card
ACC_004091,RING_00259,2026-02-04T00:16:11.010659+00:00,177,40,451.2,11.28,0,0,0.0,0.0,0,0.8756,emulator_bot,credit_card
ACC_004092,RING_00259,2026-02-04T00:32:57.694552+00:00,177,42,553.98,13.19,0,0,0.0,0.0,0,0.9245,emulator_bot,credit_card
ACC_004093,RING_00259,2026-02-04T00:18:37.793240+00:00,177,42,498.12,11.86,0,0,0.0,0.0,0,0.9111,emulator_bot,credit_card
ACC_004094,RING_00259,2026-02-04T00:02:51.413244+00:00,177,33,184.14,5.58,0,0,0.0,0.0,0,0.8811,emulator_bot,credit_card
ACC_004095,RING_00259,2026-02-04T00:29:57.079283+00:00,177,15,103.65,6.91,0,0,0.0,0.0,0,0.9188,emulator_bot,credit_card
ACC_004096,RING_00259,2026-02-04T00:42:09.403735+00:00,177,44,177.32,4.03,0,0,0.0,0.0,0,0.8604,emulator_bot,credit_card
ACC_004097,RING_00259,2026-02-04T00:03:45.861111+00:00,177,31,453.22,14.62,0,0,0.0,0.0,0,0.9758,emulator_bot,credit_card
ACC_004098,RING_00259,2026-02-04T00:30:56.588315+00:00,177,25,104.25,4.17,0,0,0.0,0.0,0,0.9564,emulator_bot,credit_card
ACC_004099,RING_00259,2026-02-04T00:37:47.281799+00:00,177,40,191.2,4.78,0,0,0.0,0.0,0,0.9326,emulator_bot,credit_card
ACC_004100,RING_00259,2026-02-04T00:26:50.908014+00:00,177,31,432.45,13.95,0,0,0.0,0.0,0,0.9006,emulator_bot,credit_card
ACC_004101,RING_00259,2026-02-04T00:21:50.586071+00:00,177,42,642.18,15.29,0,0,0.0,0.0,0,0.8213,emulator_bot,credit_card
ACC_004102,RING_00259,2026-02-04T00:10:40.472219+00:00,177,24,390.24,16.26,0,0,0.0,0.0,0,0.8697,emulator_bot,credit_card
ACC_004103,RING_00260,2026-11-29T10:31:12.226018+00:00,1,39,4799.73,123.07,5,4,0.1282,0.1026,2,0.0419,mobile_android,credit_card
ACC_004104,RING_00260,2027-06-21T06:55:34.854803+00:00,1,46,4840.58,105.23,1,0,0.0217,0.0,1,0.0463,mobile_ios,credit_card
ACC_004105,RING_00260,2027-05-06T21:28:40.651854+00:00,1,25,2242.5,89.7,1,0,0.04,0.0,2,0.0428,mobile_ios,credit_card
ACC_004106,RING_00260,2026-06-18T20:08:06.099857+00:00,43,39,5148.0,132.0,3,2,0.0769,0.0513,2,0.056,mobile_ios,credit_card
ACC_004107,RING_00261,2026-02-04T17:12:23.958881+00:00,177,40,5100.8,127.52,1,0,0.025,0.0,1,0.0233,mobile_android,debit_card
ACC_004108,RING_00262,2026-05-24T17:46:46.692737+00:00,68,37,1940.65,52.45,3,2,0.0811,0.0541,2,0.0604,desktop_chrome,debit_card
ACC_004109,RING_00262,2026-09-02T12:31:31.309892+00:00,1,17,1472.37,86.61,1,0,0.0588,0.0,3,0.0227,mobile_android,debit_card
ACC_004110,RING_00262,2026-07-14T08:46:20.858266+00:00,17,20,1744.8,87.24,0,0,0.0,0.0,3,0.0623,mobile_android,debit_card
ACC_004111,RING_00262,2026-08-22T10:32:26.134437+00:00,1,31,3826.33,123.43,2,1,0.0645,0.0323,1,0.0387,mobile_ios,credit_card
ACC_004112,RING_00262,2026-10-12T04:30:11.844117+00:00,1,38,4639.42,122.09,1,0,0.0263,0.0,2,0.0586,desktop_chrome,credit_card
ACC_004113,RING_00262,2026-10-13T16:17:40.954247+00:00,1,20,2901.8,145.09,1,0,0.05,0.0,3,0.0603,mobile_android,debit_card
ACC_004114,RING_00262,2027-02-09T14:24:07.834922+00:00,1,25,2100.5,84.02,0,0,0.0,0.0,1,0.0134,desktop_chrome,debit_card
ACC_004115,RING_00262,2026-04-07T13:35:20.482895+00:00,115,19,2166.76,114.04,0,0,0.0,0.0,1,0.018,mobile_ios,debit_card
ACC_004116,RING_00262,2026-10-19T23:01:25.796520+00:00,1,37,4256.11,115.03,2,1,0.0541,0.027,2,0.0257,mobile_ios,credit_card
ACC_004117,RING_00262,2026-06-30T17:29:42.764283+00:00,31,38,2878.12,75.74,1,0,0.0263,0.0,3,0.0218,mobile_ios,debit_card
ACC_004118,RING_00262,2026-07-01T22:41:43.562542+00:00,30,26,1530.88,58.88,0,0,0.0,0.0,3,0.0291,mobile_android,debit_card
ACC_004119,RING_00262,2026-12-05T22:23:28.753361+00:00,1,31,3649.01,117.71,0,0,0.0,0.0,2,0.069,mobile_ios,debit_card
ACC_004120,RING_00262,2026-08-19T11:47:18.860960+00:00,1,37,4716.39,127.47,2,1,0.0541,0.027,2,0.0177,mobile_android,debit_card
ACC_004121,RING_00262,2026-08-04T18:38:53.288193+00:00,1,37,4692.34,126.82,1,0,0.027,0.0,2,0.0556,desktop_chrome,credit_card
ACC_004122,RING_00262,2026-12-02T14:55:03.605511+00:00,1,17,2303.16,135.48,0,0,0.0,0.0,3,0.045,mobile_ios,credit_card
ACC_004123,RING_00262,2026-11-26T09:44:41.938354+00:00,1,28,2790.2,99.65,1,0,0.0357,0.0,2,0.0527,mobile_ios,credit_card
ACC_004124,RING_00262,2027-01-10T07:26:59.366172+00:00,1,35,4211.2,120.32,1,0,0.0286,0.0,2,0.0166,mobile_android,debit_card
ACC_004125,RING_00262,2026-10-07T08:21:31.560387+00:00,1,13,1779.31,136.87,0,0,0.0,0.0,3,0.043,desktop_chrome,debit_card
ACC_004126,RING_00262,2026-05-06T15:32:07.185806+00:00,86,34,3085.84,90.76,1,0,0.0294,0.0,1,0.0575,mobile_android,credit_card
ACC_004127,RING_00262,2027-04-10T03:56:51.694602+00:00,1,39,5536.44,141.96,2,1,0.0513,0.0256,1,0.0504,desktop_chrome,debit_card
ACC_004128,RING_00262,2026-06-21T19:25:47.764459+00:00,40,24,3270.24,136.26,1,0,0.0417,0.0,3,0.0602,mobile_ios,credit_card
ACC_004129,RING_00263,2026-04-27T07:48:27.762846+00:00,95,12,1038.96,86.58,0,0,0.0,0.0,0,0.0158,desktop_chrome,debit_card
ACC_004130,RING_00263,2027-01-27T04:24:16.918966+00:00,1,26,881.14,33.89,2,1,0.0769,0.0385,1,0.0377,desktop_safari,debit_card
ACC_004131,RING_00263,2026-05-07T22:23:00.579527+00:00,85,12,456.84,38.07,1,0,0.0833,0.0,1,0.033,desktop_safari,apple_pay
ACC_004132,RING_00263,2026-09-11T17:33:08.451145+00:00,1,7,215.11,30.73,0,0,0.0,0.0,0,0.0603,mobile_ios,apple_pay
ACC_004133,RING_00263,2026-06-09T01:48:55.821824+00:00,52,27,2284.2,84.6,0,0,0.0,0.0,0,0.0134,desktop_safari,credit_card
ACC_004134,RING_00263,2026-12-03T01:56:22.491220+00:00,1,7,224.91,32.13,0,0,0.0,0.0,1,0.0191,mobile_ios,debit_card
ACC_004135,RING_00263,2026-11-15T22:30:09.501758+00:00,1,22,827.2,37.6,2,1,0.0909,0.0455,0,0.0518,desktop_chrome,credit_card
ACC_004136,RING_00263,2026-04-26T21:55:55.663610+00:00,96,25,774.25,30.97,1,0,0.04,0.0,0,0.0778,desktop_chrome,debit_card
ACC_004137,RING_00263,2026-12-26T08:36:01.682347+00:00,1,28,2463.44,87.98,2,1,0.0714,0.0357,1,0.0188,desktop_safari,credit_card
ACC_004138,RING_00263,2027-03-09T11:47:46.744675+00:00,1,23,1140.8,49.6,0,0,0.0,0.0,0,0.0116,mobile_ios,apple_pay
ACC_004139,RING_00263,2026-11-22T11:49:40.048681+00:00,1,22,1802.9,81.95,1,0,0.0455,0.0,1,0.0308,desktop_safari,debit_card
ACC_004140,RING_00263,2027-04-11T02:01:13.298788+00:00,1,5,446.85,89.37,0,0,0.0,0.0,1,0.0109,desktop_safari,apple_pay
ACC_004141,RING_00263,2027-02-14T00:56:23.193969+00:00,1,28,855.12,30.54,2,1,0.0714,0.0357,0,0.0744,desktop_safari,apple_pay
ACC_004142,RING_00263,2027-03-05T18:57:15.946092+00:00,1,22,1628.0,74.0,1,0,0.0455,0.0,1,0.0142,desktop_safari,apple_pay
ACC_004143,RING_00263,2027-04-05T07:53:44.970876+00:00,1,14,630.7,45.05,1,0,0.0714,0.0,1,0.0687,mobile_ios,credit_card
ACC_004144,RING_00263,2026-10-16T14:00:58.388242+00:00,1,26,1925.56,74.06,1,0,0.0385,0.0,0,0.0177,mobile_ios,apple_pay
ACC_004145,RING_00263,2026-10-26T14:51:42.913400+00:00,1,25,2269.0,90.76,1,0,0.04,0.0,1,0.0102,desktop_safari,debit_card
ACC_004146,RING_00263,2026-09-18T18:18:13.781011+00:00,1,24,1165.44,48.56,0,0,0.0,0.0,1,0.0744,mobile_ios,apple_pay
ACC_004147,RING_00263,2026-06-29T02:38:16.013338+00:00,32,11,655.27,59.57,0,0,0.0,0.0,1,0.0542,desktop_chrome,debit_card
ACC_004148,RING_00263,2027-03-26T23:42:12.106657+00:00,1,27,1499.04,55.52,2,1,0.0741,0.037,1,0.0724,desktop_safari,debit_card
ACC_004149,RING_00263,2026-09-02T12:42:56.591502+00:00,1,15,1225.95,81.73,0,0,0.0,0.0,1,0.0703,mobile_ios,apple_pay
ACC_004150,RING_00263,2026-08-06T07:48:42.736549+00:00,1,16,696.48,43.53,1,0,0.0625,0.0,0,0.0738,desktop_safari,credit_card
ACC_004151,RING_00263,2026-05-19T02:49:19.683479+00:00,73,20,518.8,25.94,0,0,0.0,0.0,1,0.0253,desktop_safari,credit_card
ACC_004152,RING_00263,2026-09-29T02:38:06.178903+00:00,1,8,470.24,58.78,0,0,0.0,0.0,0,0.0488,mobile_ios,debit_card
ACC_004153,RING_00263,2027-02-10T02:34:48.945322+00:00,1,24,1305.6,54.4,2,1,0.0833,0.0417,1,0.0671,desktop_chrome,apple_pay
ACC_004154,RING_00263,2027-03-17T23:29:28.232995+00:00,1,27,857.52,31.76,2,1,0.0741,0.037,1,0.071,mobile_ios,credit_card
ACC_004155,RING_00263,2026-11-28T04:49:58.359159+00:00,1,16,808.32,50.52,1,0,0.0625,0.0,0,0.0278,mobile_ios,debit_card
ACC_004156,RING_00263,2027-04-01T21:59:56.750153+00:00,1,19,1801.96,94.84,1,0,0.0526,0.0,1,0.0768,desktop_safari,debit_card
ACC_004157,RING_00263,2027-01-23T13:13:02.532576+00:00,1,29,1697.37,58.53,2,1,0.069,0.0345,0,0.0363,desktop_chrome,apple_pay
ACC_004158,RING_00263,2027-02-23T15:56:35.153095+00:00,1,12,722.28,60.19,0,0,0.0,0.0,0,0.0288,desktop_safari,debit_card
ACC_004159,RING_00263,2027-03-08T17:09:25.609044+00:00,1,17,517.48,30.44,1,0,0.0588,0.0,0,0.0333,desktop_safari,apple_pay
ACC_004160,RING_00263,2026-09-18T10:45:57.934789+00:00,1,29,1818.59,62.71,2,1,0.069,0.0345,1,0.0462,desktop_safari,apple_pay
ACC_004161,RING_00263,2026-11-04T11:29:38.859050+00:00,1,27,1920.51,71.13,2,1,0.0741,0.037,1,0.0312,mobile_ios,debit_card
ACC_004162,RING_00263,2026-10-19T02:52:20.781154+00:00,1,27,2335.77,86.51,0,0,0.0,0.0,0,0.041,desktop_safari,apple_pay
ACC_004163,RING_00263,2026-12-27T08:58:34.539987+00:00,1,6,369.3,61.55,0,0,0.0,0.0,1,0.078,mobile_ios,apple_pay
ACC_004164,RING_00263,2026-05-11T15:59:48.535657+00:00,81,17,504.56,29.68,1,0,0.0588,0.0,1,0.0268,desktop_safari,debit_card
ACC_004165,RING_00263,2027-03-22T01:08:10.747505+00:00,1,20,1619.8,80.99,0,0,0.0,0.0,1,0.0566,desktop_chrome,credit_card
ACC_004166,RING_00263,2026-07-21T06:18:03.919743+00:00,10,12,562.56,46.88,1,0,0.0833,0.0,0,0.0428,desktop_safari,debit_card
ACC_004167,RING_00263,2026-08-20T23:41:53.889367+00:00,1,20,1664.4,83.22,0,0,0.0,0.0,0,0.0282,desktop_safari,apple_pay
ACC_004168,RING_00263,2026-12-20T09:37:59.241250+00:00,1,24,1650.48,68.77,2,1,0.0833,0.0417,0,0.0234,desktop_chrome,debit_card
ACC_004169,RING_00263,2026-04-29T09:20:35.951662+00:00,93,15,796.8,53.12,0,0,0.0,0.0,0,0.0786,desktop_chrome,debit_card
ACC_004170,RING_00263,2026-09-18T23:16:15.757717+00:00,1,28,2375.52,84.84,3,2,0.1071,0.0714,0,0.0394,mobile_ios,debit_card
ACC_004171,RING_00263,2026-10-19T08:25:29.031921+00:00,1,21,1037.61,49.41,1,0,0.0476,0.0,0,0.0473,desktop_safari,apple_pay
ACC_004172,RING_00263,2026-11-30T04:09:30.453885+00:00,1,24,659.76,27.49,0,0,0.0,0.0,0,0.013,mobile_ios,apple_pay
ACC_004173,RING_00263,2026-08-28T15:45:08.365108+00:00,1,27,1472.04,54.52,2,1,0.0741,0.037,1,0.0257,desktop_safari,apple_pay
ACC_004174,RING_00263,2027-03-10T18:32:11.355273+00:00,1,21,770.91,36.71,1,0,0.0476,0.0,1,0.0165,desktop_safari,debit_card
ACC_004175,RING_00263,2027-03-23T21:26:10.422363+00:00,1,25,1434.25,57.37,1,0,0.04,0.0,1,0.0506,mobile_ios,debit_card
ACC_004176,RING_00263,2027-03-31T05:26:48.875934+00:00,1,24,1469.76,61.24,2,1,0.0833,0.0417,1,0.0755,desktop_chrome,apple_pay
ACC_004177,RING_00263,2026-07-20T05:06:54.257651+00:00,11,18,1384.74,76.93,0,0,0.0,0.0,0,0.0304,desktop_safari,debit_card
ACC_004178,RING_00264,2026-04-03T13:59:34.460577+00:00,119,31,1916.11,61.81,4,3,0.129,0.0968,2,0.0519,mobile_ios,paypal
ACC_004179,RING_00265,2027-01-31T12:52:46.399367+00:00,1,32,2835.84,88.62,1,0,0.0312,0.0,1,0.0215,mobile_ios,credit_card
ACC_004180,RING_00265,2026-10-23T13:43:53.807235+00:00,1,36,4160.16,115.56,1,0,0.0278,0.0,3,0.0346,mobile_android,credit_card
ACC_004181,RING_00265,2026-10-23T08:30:19.108037+00:00,1,11,1739.98,158.18,1,0,0.0909,0.0,1,0.04,mobile_android,debit_card
ACC_004182,RING_00265,2026-11-11T00:38:05.411575+00:00,1,31,4869.17,157.07,1,0,0.0323,0.0,1,0.0133,desktop_chrome,debit_card
ACC_004183,RING_00265,2027-02-13T00:05:28.040788+00:00,1,30,2340.0,78.0,2,1,0.0667,0.0333,3,0.0536,mobile_ios,debit_card
ACC_004184,RING_00265,2026-12-07T13:49:13.609870+00:00,1,11,565.07,51.37,0,0,0.0,0.0,2,0.0615,desktop_chrome,credit_card
ACC_004185,RING_00265,2026-11-17T18:10:31.293247+00:00,1,21,2292.78,109.18,0,0,0.0,0.0,1,0.0467,mobile_android,debit_card
ACC_004186,RING_00265,2027-05-08T10:05:11.837710+00:00,1,12,1534.56,127.88,0,0,0.0,0.0,2,0.031,desktop_chrome,debit_card
ACC_004187,RING_00265,2027-05-05T17:07:19.917646+00:00,1,12,1167.12,97.26,0,0,0.0,0.0,1,0.0193,mobile_android,credit_card
ACC_004188,RING_00265,2026-11-19T08:29:15.032505+00:00,1,37,3819.51,103.23,1,0,0.027,0.0,3,0.02,mobile_ios,credit_card
ACC_004189,RING_00265,2027-06-15T22:24:50.911874+00:00,1,21,2472.54,117.74,1,0,0.0476,0.0,3,0.011,desktop_chrome,debit_card
ACC_004190,RING_00265,2026-06-12T16:29:42.699654+00:00,49,27,3852.09,142.67,1,0,0.037,0.0,3,0.0122,mobile_ios,credit_card
ACC_004191,RING_00265,2027-06-29T08:37:18.088749+00:00,1,14,1526.28,109.02,1,0,0.0714,0.0,2,0.0297,mobile_android,credit_card
ACC_004192,RING_00265,2026-09-13T02:02:01.056643+00:00,1,23,2439.38,106.06,1,0,0.0435,0.0,1,0.0246,mobile_android,credit_card
ACC_004193,RING_00265,2026-07-26T13:19:17.543714+00:00,5,34,3097.74,91.11,1,0,0.0294,0.0,1,0.0568,mobile_android,credit_card
ACC_004194,RING_00266,2026-05-15T00:44:23.810755+00:00,77,39,171.6,4.4,0,0,0.0,0.0,0,0.8646,emulator_bot,credit_card
ACC_004195,RING_00266,2026-05-15T00:33:11.413868+00:00,77,16,125.76,7.86,0,0,0.0,0.0,0,0.904,emulator_bot,credit_card
ACC_004196,RING_00266,2026-05-15T00:18:39.453883+00:00,77,37,408.85,11.05,0,0,0.0,0.0,0,0.8255,emulator_bot,credit_card
ACC_004197,RING_00266,2026-05-15T00:35:52.489641+00:00,77,35,280.0,8.0,0,0,0.0,0.0,0,0.9541,emulator_bot,credit_card
ACC_004198,RING_00266,2026-05-15T00:12:16.010793+00:00,77,23,299.0,13.0,0,0,0.0,0.0,0,0.9062,emulator_bot,credit_card
ACC_004199,RING_00266,2026-05-15T00:42:56.097141+00:00,77,35,559.3,15.98,0,0,0.0,0.0,0,0.9444,emulator_bot,credit_card
ACC_004200,RING_00266,2026-05-15T00:16:29.844836+00:00,77,35,169.4,4.84,0,0,0.0,0.0,0,0.806,emulator_bot,credit_card
ACC_004201,RING_00266,2026-05-15T00:31:02.712681+00:00,77,44,770.0,17.5,0,0,0.0,0.0,0,0.8098,emulator_bot,credit_card
ACC_004202,RING_00266,2026-05-15T00:00:51.073613+00:00,77,36,423.0,11.75,0,0,0.0,0.0,0,0.8939,emulator_bot,credit_card
ACC_004203,RING_00266,2026-05-15T00:28:22.940833+00:00,77,31,519.87,16.77,0,0,0.0,0.0,0,0.8331,emulator_bot,credit_card
ACC_004204,RING_00266,2026-05-15T00:13:19.276618+00:00,77,22,131.56,5.98,0,0,0.0,0.0,0,0.9278,emulator_bot,credit_card
ACC_004205,RING_00266,2026-05-15T00:04:35.738792+00:00,77,17,299.71,17.63,0,0,0.0,0.0,0,0.9049,emulator_bot,credit_card
ACC_004206,RING_00266,2026-05-15T00:19:30.564244+00:00,77,36,420.84,11.69,0,0,0.0,0.0,0,0.9122,emulator_bot,credit_card
ACC_004207,RING_00266,2026-05-15T00:04:45.806663+00:00,77,34,445.06,13.09,0,0,0.0,0.0,0,0.958,emulator_bot,credit_card
ACC_004208,RING_00266,2026-05-15T00:08:19.668799+00:00,77,24,147.84,6.16,0,0,0.0,0.0,0,0.8851,emulator_bot,credit_card
ACC_004209,RING_00266,2026-05-15T00:40:16.867802+00:00,77,17,288.15,16.95,0,0,0.0,0.0,0,0.8237,emulator_bot,credit_card
ACC_004210,RING_00266,2026-05-15T00:02:51.317244+00:00,77,31,427.8,13.8,0,0,0.0,0.0,0,0.976,emulator_bot,credit_card
ACC_004211,RING_00266,2026-05-15T00:28:07.488467+00:00,77,21,343.14,16.34,0,0,0.0,0.0,0,0.807,emulator_bot,credit_card
ACC_004212,RING_00266,2026-05-15T00:02:42.777132+00:00,77,33,164.34,4.98,0,0,0.0,0.0,0,0.8019,emulator_bot,credit_card
ACC_004213,RING_00266,2026-05-15T00:32:18.734581+00:00,77,40,366.8,9.17,0,0,0.0,0.0,0,0.8862,emulator_bot,credit_card
ACC_004214,RING_00266,2026-05-15T00:44:00.304304+00:00,77,16,219.04,13.69,0,0,0.0,0.0,0,0.8977,emulator_bot,credit_card
ACC_004215,RING_00266,2026-05-15T00:19:19.730620+00:00,77,15,96.9,6.46,0,0,0.0,0.0,0,0.9114,emulator_bot,credit_card
ACC_004216,RING_00266,2026-05-15T00:43:34.007916+00:00,77,44,762.08,17.32,0,0,0.0,0.0,0,0.933,emulator_bot,credit_card
ACC_004217,RING_00266,2026-05-15T00:28:52.017143+00:00,77,25,138.75,5.55,0,0,0.0,0.0,0,0.9504,emulator_bot,credit_card
ACC_004218,RING_00266,2026-05-15T00:26:47.764365+00:00,77,23,365.93,15.91,0,0,0.0,0.0,0,0.9521,emulator_bot,credit_card
ACC_004219,RING_00266,2026-05-15T00:07:42.153144+00:00,77,35,598.85,17.11,0,0,0.0,0.0,0,0.8316,emulator_bot,credit_card
ACC_004220,RING_00266,2026-05-15T00:42:51.368810+00:00,77,26,198.64,7.64,0,0,0.0,0.0,0,0.9374,emulator_bot,credit_card
ACC_004221,RING_00266,2026-05-15T00:38:46.182900+00:00,77,38,592.8,15.6,0,0,0.0,0.0,0,0.9118,emulator_bot,credit_card
ACC_004222,RING_00266,2026-05-15T00:05:55.743044+00:00,77,17,78.2,4.6,0,0,0.0,0.0,0,0.8642,emulator_bot,credit_card
ACC_004223,RING_00267,2026-04-04T08:36:15.206118+00:00,118,14,612.22,43.73,1,0,0.0714,0.0,1,0.0472,mobile_ios,credit_card
ACC_004224,RING_00267,2026-07-14T02:55:01.831888+00:00,17,12,547.32,45.61,0,0,0.0,0.0,0,0.063,mobile_ios,credit_card
ACC_004225,RING_00267,2026-10-30T10:23:23.760288+00:00,1,15,1559.85,103.99,0,0,0.0,0.0,0,0.0368,mobile_ios,credit_card
ACC_004226,RING_00267,2026-07-31T06:45:01.026323+00:00,1,15,835.5,55.7,1,0,0.0667,0.0,0,0.0508,mobile_ios,credit_card
ACC_004227,RING_00267,2026-06-06T17:47:45.226692+00:00,55,5,380.25,76.05,0,0,0.0,0.0,1,0.0769,mobile_ios,credit_card
ACC_004228,RING_00267,2026-04-04T22:03:36.205579+00:00,118,9,571.14,63.46,0,0,0.0,0.0,1,0.039,mobile_ios,credit_card
ACC_004229,RING_00267,2026-09-23T02:42:19.219923+00:00,1,7,438.62,62.66,0,0,0.0,0.0,0,0.0227,mobile_ios,credit_card
ACC_004230,RING_00267,2026-06-05T19:52:52.455289+00:00,56,5,235.6,47.12,0,0,0.0,0.0,1,0.0739,mobile_ios,credit_card
ACC_004231,RING_00267,2026-09-10T02:46:46.999105+00:00,1,16,785.44,49.09,0,0,0.0,0.0,0,0.0524,mobile_ios,credit_card
ACC_004232,RING_00267,2026-04-14T21:48:15.768589+00:00,108,18,1655.82,91.99,1,0,0.0556,0.0,0,0.069,mobile_ios,credit_card
ACC_004233,RING_00268,2026-09-07T14:08:54.299610+00:00,1,6,667.62,111.27,0,0,0.0,0.0,0,0.0403,mobile_android,credit_card
ACC_004234,RING_00269,2026-07-22T10:02:41.050683+00:00,9,33,4888.95,148.15,1,0,0.0303,0.0,2,0.0777,mobile_ios,credit_card
ACC_004235,RING_00269,2026-09-08T13:21:31.285116+00:00,1,24,2161.68,90.07,1,0,0.0417,0.0,1,0.0713,mobile_ios,credit_card
ACC_004236,RING_00269,2026-05-21T00:27:33.711553+00:00,71,9,873.63,97.07,0,0,0.0,0.0,1,0.0658,desktop_chrome,credit_card
ACC_004237,RING_00269,2027-03-07T00:57:46.190048+00:00,1,31,3091.94,99.74,1,0,0.0323,0.0,0,0.0243,mobile_ios,credit_card
ACC_004238,RING_00269,2026-11-12T19:39:42.178318+00:00,1,31,4551.73,146.83,1,0,0.0323,0.0,0,0.0229,desktop_chrome,credit_card
ACC_004239,RING_00269,2027-01-02T06:54:57.943685+00:00,1,27,3730.05,138.15,2,1,0.0741,0.037,2,0.0494,mobile_ios,credit_card
ACC_004240,RING_00269,2026-06-06T01:31:09.767292+00:00,55,21,2226.84,106.04,1,0,0.0476,0.0,1,0.0377,mobile_ios,credit_card
ACC_004241,RING_00269,2027-01-11T23:25:03.528807+00:00,1,20,1136.8,56.84,1,0,0.05,0.0,2,0.0692,desktop_chrome,credit_card
ACC_004242,RING_00269,2027-01-20T20:03:01.787600+00:00,1,31,4523.21,145.91,2,1,0.0645,0.0323,0,0.0601,mobile_ios,credit_card
ACC_004243,RING_00269,2026-07-19T17:48:51.544471+00:00,12,8,868.24,108.53,0,0,0.0,0.0,0,0.0682,mobile_ios,credit_card
ACC_004244,RING_00269,2027-02-23T04:50:59.355798+00:00,1,29,4037.38,139.22,1,0,0.0345,0.0,1,0.0385,mobile_ios,credit_card
ACC_004245,RING_00269,2026-12-16T22:49:45.434167+00:00,1,22,930.6,42.3,1,0,0.0455,0.0,1,0.017,mobile_ios,credit_card
ACC_004246,RING_00269,2026-08-09T19:56:33.579953+00:00,1,29,1603.41,55.29,1,0,0.0345,0.0,1,0.0576,desktop_chrome,credit_card
ACC_004247,RING_00269,2026-09-02T04:23:15.749583+00:00,1,11,628.1,57.1,0,0,0.0,0.0,0,0.0148,mobile_ios,credit_card
ACC_004248,RING_00269,2026-09-07T19:46:13.229759+00:00,1,14,1330.28,95.02,0,0,0.0,0.0,0,0.0663,mobile_ios,credit_card
ACC_004249,RING_00269,2026-11-09T05:51:30.510515+00:00,1,9,920.07,102.23,0,0,0.0,0.0,2,0.0533,desktop_chrome,credit_card
ACC_004250,RING_00270,2026-02-09T23:14:35.389179+00:00,172,27,3701.43,137.09,1,0,0.037,0.0,1,0.0486,mobile_ios,credit_card
ACC_004251,RING_00270,2027-04-21T17:53:39.924811+00:00,1,23,2675.36,116.32,1,0,0.0435,0.0,1,0.0404,mobile_android,credit_card
ACC_004252,RING_00271,2027-09-22T06:45:33.107539+00:00,1,30,3583.5,119.45,3,1,0.1,0.0333,1,0.0707,mobile_android,debit_card
ACC_004253,RING_00272,2026-10-08T21:30:21.644809+00:00,1,36,2660.4,73.9,3,2,0.0833,0.0556,2,0.0688,mobile_ios,debit_card
ACC_004254,RING_00273,2026-01-20T01:11:45.051071+00:00,192,14,1317.54,94.11,2,2,0.1429,0.1429,2,0.8475,emulator_bot,virtual_card
ACC_004255,RING_00273,2026-01-20T01:02:57.027564+00:00,192,22,3886.74,176.67,3,2,0.1364,0.0909,4,0.9278,emulator_bot,virtual_card
ACC_004256,RING_00273,2026-01-20T00:27:52.310786+00:00,192,8,1067.36,133.42,3,3,0.375,0.375,5,0.8914,emulator_bot,virtual_card
ACC_004257,RING_00273,2026-01-20T00:52:42.592266+00:00,192,9,1252.35,139.15,4,4,0.4444,0.4444,4,0.7233,emulator_bot,virtual_card
ACC_004258,RING_00273,2026-01-20T01:12:04.076285+00:00,192,18,2857.32,158.74,4,2,0.2222,0.1111,6,0.7989,emulator_bot,virtual_card
ACC_004259,RING_00273,2026-01-20T01:43:48.724355+00:00,192,8,711.68,88.96,3,2,0.375,0.25,2,0.7336,emulator_bot,virtual_card
ACC_004260,RING_00273,2026-01-20T01:45:49.239168+00:00,192,21,1852.83,88.23,2,3,0.0952,0.1429,4,0.7781,emulator_bot,virtual_card
ACC_004261,RING_00273,2026-01-20T00:54:13.885680+00:00,192,11,1106.82,100.62,3,2,0.2727,0.1818,4,0.7224,emulator_bot,virtual_card
ACC_004262,RING_00273,2026-01-20T00:22:02.382608+00:00,192,20,2254.4,112.72,2,4,0.1,0.2,3,0.8764,emulator_bot,virtual_card
ACC_004263,RING_00273,2026-01-20T01:24:53.086024+00:00,192,11,1249.93,113.63,4,2,0.3636,0.1818,2,0.7423,emulator_bot,virtual_card
ACC_004264,RING_00273,2026-01-20T01:54:04.102811+00:00,192,16,2762.08,172.63,2,3,0.125,0.1875,3,0.845,emulator_bot,virtual_card
ACC_004265,RING_00273,2026-01-20T01:54:56.902470+00:00,192,18,2923.38,162.41,4,4,0.2222,0.2222,6,0.9114,emulator_bot,virtual_card
ACC_004266,RING_00273,2026-01-20T01:59:28.699232+00:00,192,21,3154.41,150.21,5,2,0.2381,0.0952,6,0.8206,emulator_bot,virtual_card
ACC_004267,RING_00273,2026-01-20T00:30:16.085278+00:00,192,16,2516.16,157.26,2,2,0.125,0.125,3,0.8754,emulator_bot,virtual_card
ACC_004268,RING_00273,2026-01-20T01:40:25.850290+00:00,192,17,1610.92,94.76,2,3,0.1176,0.1765,3,0.7308,emulator_bot,virtual_card
ACC_004269,RING_00273,2026-01-20T00:06:12.269396+00:00,192,21,2273.46,108.26,2,3,0.0952,0.1429,5,0.7403,emulator_bot,virtual_card
ACC_004270,RING_00273,2026-01-20T00:01:48.272710+00:00,192,12,2118.6,176.55,2,2,0.1667,0.1667,4,0.8544,emulator_bot,virtual_card
ACC_004271,RING_00273,2026-01-20T01:20:51.121001+00:00,192,23,2699.51,117.37,4,4,0.1739,0.1739,4,0.8013,emulator_bot,virtual_card
ACC_004272,RING_00273,2026-01-20T00:14:23.148128+00:00,192,8,1076.08,134.51,3,4,0.375,0.5,3,0.8109,emulator_bot,virtual_card
ACC_004273,RING_00274,2026-10-14T22:41:49.733432+00:00,1,11,935.66,85.06,0,0,0.0,0.0,1,0.0315,mobile_ios,credit_card
ACC_004274,RING_00274,2026-07-10T22:46:17.019144+00:00,21,5,359.25,71.85,0,0,0.0,0.0,0,0.0711,mobile_ios,credit_card
ACC_004275,RING_00274,2026-11-04T06:56:16.836083+00:00,1,18,1618.2,89.9,1,0,0.0556,0.0,1,0.0177,mobile_ios,credit_card
ACC_004276,RING_00274,2026-11-23T10:11:51.856803+00:00,1,9,665.19,73.91,0,0,0.0,0.0,1,0.0418,mobile_ios,credit_card
ACC_004277,RING_00274,2026-10-03T14:09:47.484568+00:00,1,17,1830.39,107.67,0,0,0.0,0.0,0,0.0536,mobile_ios,credit_card
ACC_004278,RING_00274,2026-09-22T08:52:12.242630+00:00,1,5,292.35,58.47,0,0,0.0,0.0,0,0.0561,mobile_ios,credit_card
ACC_004279,RING_00274,2026-05-23T21:52:18.188134+00:00,69,5,335.85,67.17,0,0,0.0,0.0,0,0.0569,mobile_ios,credit_card
ACC_004280,RING_00274,2026-09-25T02:42:23.556912+00:00,1,6,556.44,92.74,0,0,0.0,0.0,1,0.0406,mobile_ios,credit_card
ACC_004281,RING_00274,2026-09-11T14:05:29.013897+00:00,1,19,1729.57,91.03,1,0,0.0526,0.0,0,0.0386,mobile_ios,credit_card
ACC_004282,RING_00274,2026-06-26T12:49:47.128978+00:00,35,16,1440.8,90.05,1,0,0.0625,0.0,1,0.0445,mobile_ios,credit_card
ACC_004283,RING_00274,2026-10-14T06:30:09.726547+00:00,1,10,638.2,63.82,0,0,0.0,0.0,1,0.067,mobile_ios,credit_card
ACC_004284,RING_00274,2027-02-01T19:40:23.724561+00:00,1,12,921.96,76.83,0,0,0.0,0.0,1,0.0437,mobile_ios,credit_card
ACC_004285,RING_00274,2026-08-24T17:36:33.291731+00:00,1,19,1473.26,77.54,0,0,0.0,0.0,1,0.0671,mobile_ios,credit_card
ACC_004286,RING_00274,2026-12-27T17:49:09.505071+00:00,1,11,1118.37,101.67,1,0,0.0909,0.0,0,0.0751,mobile_ios,credit_card
ACC_004287,RING_00274,2027-01-06T10:39:52.056354+00:00,1,18,1382.58,76.81,1,0,0.0556,0.0,1,0.0126,mobile_ios,credit_card
ACC_004288,RING_00274,2026-09-12T22:11:45.625232+00:00,1,7,550.9,78.7,0,0,0.0,0.0,0,0.0729,mobile_ios,credit_card
ACC_004289,RING_00275,2026-07-22T19:54:14.983065+00:00,9,19,1636.09,86.11,1,0,0.0526,0.0,1,0.0413,mobile_android,credit_card
ACC_004290,RING_00275,2026-03-17T19:36:21.882681+00:00,136,33,3073.95,93.15,2,1,0.0606,0.0303,2,0.038,mobile_ios,credit_card
ACC_004291,RING_00275,2026-11-19T15:04:50.846611+00:00,1,44,3833.72,87.13,6,4,0.1364,0.0909,1,0.0557,mobile_android,credit_card
ACC_004292,RING_00275,2027-01-28T02:09:03.126634+00:00,1,27,2050.38,75.94,1,0,0.037,0.0,2,0.0161,mobile_ios,credit_card
ACC_004293,RING_00276,2026-08-13T15:11:56.518527+00:00,1,11,1146.86,104.26,1,0,0.0909,0.0,2,0.0145,mobile_ios,credit_card
ACC_004294,RING_00276,2026-11-28T01:53:15.146705+00:00,1,33,2976.6,90.2,2,1,0.0606,0.0303,1,0.0706,mobile_ios,credit_card
ACC_004295,RING_00276,2026-03-06T05:19:58.705659+00:00,147,16,1929.6,120.6,1,0,0.0625,0.0,2,0.014,desktop_chrome,credit_card
ACC_004296,RING_00276,2026-06-19T23:28:59.347321+00:00,42,33,4926.9,149.3,1,0,0.0303,0.0,0,0.0663,desktop_chrome,credit_card
ACC_004297,RING_00277,2026-12-28T11:57:56.506530+00:00,1,11,765.49,69.59,1,0,0.0909,0.0,2,0.0548,mobile_android,credit_card
ACC_004298,RING_00278,2026-10-08T23:19:37.801233+00:00,1,23,2075.98,90.26,1,0,0.0435,0.0,1,0.0294,desktop_safari,apple_pay
ACC_004299,RING_00278,2027-02-07T04:17:28.310390+00:00,1,24,834.96,34.79,2,1,0.0833,0.0417,0,0.017,desktop_chrome,debit_card
ACC_004300,RING_00278,2026-12-02T13:43:33.707666+00:00,1,23,1875.88,81.56,2,1,0.087,0.0435,1,0.0267,mobile_ios,apple_pay
ACC_004301,RING_00278,2026-11-14T17:02:55.053206+00:00,1,10,737.9,73.79,1,0,0.1,0.0,0,0.0222,desktop_chrome,apple_pay
ACC_004302,RING_00278,2026-09-28T19:34:34.141378+00:00,1,17,1351.67,79.51,1,0,0.0588,0.0,0,0.0225,mobile_ios,credit_card
ACC_004303,RING_00278,2026-09-28T23:39:45.357012+00:00,1,12,789.84,65.82,0,0,0.0,0.0,1,0.0449,desktop_safari,credit_card
ACC_004304,RING_00278,2027-03-28T14:55:46.897114+00:00,1,24,1370.4,57.1,2,1,0.0833,0.0417,0,0.0273,desktop_chrome,debit_card
ACC_004305,RING_00278,2027-05-20T08:35:51.263602+00:00,1,29,2226.62,76.78,1,0,0.0345,0.0,0,0.0189,mobile_ios,credit_card
ACC_004306,RING_00278,2027-03-31T05:49:19.607492+00:00,1,12,907.32,75.61,0,0,0.0,0.0,0,0.0566,mobile_ios,apple_pay
ACC_004307,RING_00278,2027-02-10T09:20:37.318674+00:00,1,20,748.8,37.44,1,0,0.05,0.0,1,0.0502,desktop_safari,apple_pay
ACC_004308,RING_00278,2027-04-20T19:33:40.738492+00:00,1,10,933.9,93.39,0,0,0.0,0.0,1,0.0776,mobile_ios,debit_card
ACC_004309,RING_00278,2026-11-09T09:33:33.404905+00:00,1,10,781.1,78.11,0,0,0.0,0.0,1,0.0725,desktop_safari,debit_card
ACC_004310,RING_00278,2026-10-20T05:14:14.319662+00:00,1,28,2114.84,75.53,2,1,0.0714,0.0357,0,0.015,mobile_ios,apple_pay
ACC_004311,RING_00278,2026-07-30T11:31:14.588604+00:00,1,27,2563.65,94.95,3,2,0.1111,0.0741,0,0.0576,desktop_chrome,credit_card
ACC_004312,RING_00278,2026-09-11T09:45:16.412203+00:00,1,27,854.28,31.64,2,1,0.0741,0.037,1,0.039,mobile_ios,apple_pay
ACC_004313,RING_00278,2026-10-14T08:05:04.898811+00:00,1,10,530.9,53.09,0,0,0.0,0.0,0,0.031,mobile_ios,apple_pay
ACC_004314,RING_00278,2026-12-27T23:09:54.228303+00:00,1,24,2088.0,87.0,1,0,0.0417,0.0,0,0.0115,desktop_chrome,apple_pay
ACC_004315,RING_00278,2026-09-22T18:10:46.333733+00:00,1,14,609.14,43.51,0,0,0.0,0.0,1,0.0587,desktop_safari,debit_card
ACC_004316,RING_00278,2026-07-09T20:02:43.131359+00:00,22,21,1964.34,93.54,2,1,0.0952,0.0476,1,0.0258,mobile_ios,apple_pay
ACC_004317,RING_00278,2026-08-01T22:57:32.297483+00:00,1,13,757.25,58.25,1,0,0.0769,0.0,0,0.0145,mobile_ios,credit_card
ACC_004318,RING_00278,2026-07-04T08:25:27.937820+00:00,27,10,423.3,42.33,0,0,0.0,0.0,1,0.0323,desktop_safari,credit_card
ACC_004319,RING_00278,2026-10-11T03:28:27.483862+00:00,1,16,773.92,48.37,1,0,0.0625,0.0,0,0.0269,mobile_ios,credit_card
ACC_004320,RING_00278,2027-02-24T06:50:33.419747+00:00,1,11,553.19,50.29,0,0,0.0,0.0,1,0.052,desktop_chrome,apple_pay
ACC_004321,RING_00278,2027-03-19T22:08:27.631175+00:00,1,8,337.36,42.17,0,0,0.0,0.0,1,0.065,mobile_ios,credit_card
ACC_004322,RING_00278,2026-07-11T08:16:38.840035+00:00,20,24,1415.52,58.98,2,1,0.0833,0.0417,1,0.0555,desktop_chrome,debit_card
ACC_004323,RING_00278,2026-11-18T13:43:23.385643+00:00,1,6,214.02,35.67,0,0,0.0,0.0,1,0.0263,mobile_ios,debit_card
ACC_004324,RING_00278,2026-06-29T02:52:00.743740+00:00,32,11,661.87,60.17,0,0,0.0,0.0,0,0.0749,desktop_chrome,credit_card
ACC_004325,RING_00278,2026-07-24T00:09:33.431489+00:00,7,10,664.1,66.41,0,0,0.0,0.0,1,0.0619,mobile_ios,credit_card
ACC_004326,RING_00278,2026-11-10T20:16:50.767977+00:00,1,13,1127.36,86.72,1,0,0.0769,0.0,1,0.0613,desktop_safari,credit_card
ACC_004327,RING_00278,2027-02-13T04:03:06.115478+00:00,1,21,1254.54,59.74,0,0,0.0,0.0,0,0.0756,desktop_chrome,apple_pay
ACC_004328,RING_00278,2027-01-09T19:30:23.628389+00:00,1,9,801.54,89.06,0,0,0.0,0.0,1,0.0492,mobile_ios,debit_card
ACC_004329,RING_00278,2026-06-16T04:36:04.571100+00:00,45,20,1314.6,65.73,1,0,0.05,0.0,0,0.0384,mobile_ios,apple_pay
ACC_004330,RING_00278,2026-12-21T02:01:38.234212+00:00,1,20,789.6,39.48,1,0,0.05,0.0,1,0.0279,mobile_ios,credit_card
ACC_004331,RING_00278,2026-11-01T13:30:25.091090+00:00,1,17,1245.08,73.24,1,0,0.0588,0.0,1,0.0662,mobile_ios,debit_card
ACC_004332,RING_00278,2027-03-15T20:00:25.722824+00:00,1,20,1828.0,91.4,0,0,0.0,0.0,0,0.0749,mobile_ios,apple_pay
ACC_004333,RING_00278,2027-01-03T22:44:22.517103+00:00,1,11,557.04,50.64,1,0,0.0909,0.0,1,0.0317,desktop_chrome,debit_card
ACC_004334,RING_00278,2027-02-06T22:27:36.459323+00:00,1,8,383.04,47.88,0,0,0.0,0.0,1,0.0153,desktop_chrome,credit_card
ACC_004335,RING_00278,2026-10-14T03:48:09.037709+00:00,1,10,686.7,68.67,0,0,0.0,0.0,1,0.0469,desktop_chrome,credit_card
ACC_004336,RING_00278,2026-07-03T11:37:26.022444+00:00,28,14,464.24,33.16,0,0,0.0,0.0,0,0.0327,desktop_chrome,debit_card
ACC_004337,RING_00278,2026-12-02T01:41:22.859267+00:00,1,20,594.8,29.74,0,0,0.0,0.0,0,0.0592,desktop_safari,debit_card
ACC_004338,RING_00278,2027-04-07T07:26:28.968775+00:00,1,26,2141.88,82.38,1,0,0.0385,0.0,0,0.0749,mobile_ios,credit_card
ACC_004339,RING_00278,2027-03-11T09:52:43.813751+00:00,1,9,853.29,94.81,0,0,0.0,0.0,1,0.0344,desktop_safari,apple_pay
ACC_004340,RING_00278,2026-08-21T22:23:41.046266+00:00,1,19,1241.27,65.33,2,1,0.1053,0.0526,0,0.0231,mobile_ios,debit_card
ACC_004341,RING_00278,2027-03-30T12:15:07.313973+00:00,1,9,563.04,62.56,0,0,0.0,0.0,1,0.0272,desktop_safari,debit_card
ACC_004342,RING_00278,2027-02-24T16:08:55.955591+00:00,1,24,1980.0,82.5,2,1,0.0833,0.0417,0,0.0243,mobile_ios,debit_card
ACC_004343,RING_00278,2027-05-28T12:35:24.089360+00:00,1,13,682.76,52.52,0,0,0.0,0.0,0,0.0204,mobile_ios,debit_card
ACC_004344,RING_00278,2027-01-25T22:00:47.969846+00:00,1,25,1321.75,52.87,1,0,0.04,0.0,0,0.0768,mobile_ios,apple_pay
ACC_004345,RING_00278,2027-03-15T15:30:56.310127+00:00,1,8,561.12,70.14,0,0,0.0,0.0,0,0.0719,desktop_safari,debit_card
ACC_004346,RING_00278,2027-01-18T03:40:50.861354+00:00,1,28,1634.08,58.36,0,0,0.0,0.0,0,0.0482,mobile_ios,credit_card
ACC_004347,RING_00278,2026-12-08T06:55:35.425561+00:00,1,26,1133.34,43.59,2,1,0.0769,0.0385,1,0.0185,desktop_safari,credit_card
ACC_004348,RING_00278,2026-11-18T11:20:04.288934+00:00,1,14,803.32,57.38,0,0,0.0,0.0,0,0.0178,mobile_ios,debit_card
ACC_004349,RING_00278,2026-11-10T14:34:39.905546+00:00,1,28,1469.72,52.49,0,0,0.0,0.0,0,0.0419,desktop_safari,credit_card
ACC_004350,RING_00278,2026-09-29T20:40:28.614562+00:00,1,20,1605.4,80.27,1,0,0.05,0.0,1,0.0776,mobile_ios,debit_card
ACC_004351,RING_00278,2027-01-28T20:21:51.359166+00:00,1,20,1423.2,71.16,0,0,0.0,0.0,0,0.0502,desktop_safari,credit_card
ACC_004352,RING_00278,2026-11-29T22:50:33.559664+00:00,1,9,834.21,92.69,0,0,0.0,0.0,1,0.0497,desktop_safari,credit_card
ACC_004353,RING_00278,2027-04-18T21:59:18.246829+00:00,1,17,1088.68,64.04,0,0,0.0,0.0,1,0.0213,desktop_safari,debit_card
ACC_004354,RING_00278,2026-10-23T01:27:41.418349+00:00,1,16,1505.6,94.1,1,0,0.0625,0.0,0,0.0144,desktop_safari,credit_card
ACC_004355,RING_00278,2026-09-16T22:57:45.689180+00:00,1,10,387.2,38.72,0,0,0.0,0.0,0,0.0143,desktop_safari,apple_pay
ACC_004356,RING_00278,2026-09-19T03:03:42.458698+00:00,1,12,797.52,66.46,1,0,0.0833,0.0,1,0.0509,desktop_safari,apple_pay
ACC_004357,RING_00278,2027-06-06T05:50:34.177435+00:00,1,29,2214.73,76.37,1,0,0.0345,0.0,0,0.0614,desktop_safari,apple_pay
ACC_004358,RING_00278,2026-08-30T15:40:27.842115+00:00,1,5,286.65,57.33,0,0,0.0,0.0,1,0.0581,desktop_chrome,credit_card
ACC_004359,RING_00278,2026-11-11T18:53:05.622685+00:00,1,18,1133.64,62.98,2,1,0.1111,0.0556,1,0.0737,mobile_ios,credit_card
ACC_004360,RING_00278,2026-08-10T10:07:53.928302+00:00,1,29,1422.45,49.05,1,0,0.0345,0.0,0,0.0579,mobile_ios,credit_card
ACC_004361,RING_00278,2026-09-17T05:42:21.271770+00:00,1,6,187.8,31.3,0,0,0.0,0.0,0,0.0351,desktop_chrome,debit_card
ACC_004362,RING_00279,2026-11-19T05:00:54.361326+00:00,1,8,946.96,118.37,0,0,0.0,0.0,1,0.0171,mobile_android,debit_card
ACC_004363,RING_00280,2027-02-14T04:35:15.269268+00:00,1,6,567.0,94.5,0,0,0.0,0.0,1,0.0489,desktop_safari,apple_pay
ACC_004364,RING_00280,2026-09-02T10:20:24.490334+00:00,1,9,512.28,56.92,0,0,0.0,0.0,0,0.0167,mobile_ios,apple_pay
ACC_004365,RING_00280,2026-06-30T09:10:07.168240+00:00,31,29,1858.32,64.08,1,0,0.0345,0.0,1,0.0221,desktop_safari,apple_pay
ACC_004366,RING_00280,2026-11-03T18:36:43.996936+00:00,1,10,415.4,41.54,0,0,0.0,0.0,1,0.0517,desktop_safari,apple_pay
ACC_004367,RING_00280,2027-02-05T13:58:49.195107+00:00,1,9,655.83,72.87,0,0,0.0,0.0,0,0.0506,desktop_safari,credit_card
ACC_004368,RING_00280,2026-08-04T03:16:57.486344+00:00,1,10,446.2,44.62,0,0,0.0,0.0,0,0.0512,desktop_safari,debit_card
ACC_004369,RING_00280,2027-03-23T15:04:03.455726+00:00,1,5,230.35,46.07,0,0,0.0,0.0,0,0.0689,desktop_safari,apple_pay
ACC_004370,RING_00280,2027-02-04T12:51:40.794037+00:00,1,13,1229.15,94.55,1,0,0.0769,0.0,0,0.0154,mobile_ios,apple_pay
ACC_004371,RING_00280,2027-03-21T11:21:21.609360+00:00,1,13,1111.24,85.48,0,0,0.0,0.0,0,0.0163,desktop_safari,debit_card
ACC_004372,RING_00280,2026-08-14T11:29:05.092023+00:00,1,9,454.5,50.5,0,0,0.0,0.0,0,0.0372,desktop_safari,apple_pay
ACC_004373,RING_00280,2026-08-28T00:33:49.805185+00:00,1,25,2154.75,86.19,1,0,0.04,0.0,1,0.0365,desktop_chrome,credit_card
ACC_004374,RING_00280,2027-01-25T07:14:52.511708+00:00,1,19,561.83,29.57,1,0,0.0526,0.0,1,0.0307,desktop_safari,credit_card
ACC_004375,RING_00280,2027-01-07T01:02:32.529012+00:00,1,18,858.24,47.68,0,0,0.0,0.0,0,0.0135,desktop_chrome,debit_card
ACC_004376,RING_00280,2026-07-26T06:25:56.894769+00:00,5,17,1167.56,68.68,1,0,0.0588,0.0,0,0.0365,desktop_chrome,credit_card
ACC_004377,RING_00280,2026-05-28T17:57:40.073699+00:00,64,10,826.4,82.64,0,0,0.0,0.0,1,0.0621,desktop_safari,apple_pay
ACC_004378,RING_00280,2027-03-24T21:51:12.133964+00:00,1,26,2253.42,86.67,2,1,0.0769,0.0385,1,0.0437,mobile_ios,apple_pay
ACC_004379,RING_00280,2027-02-26T01:34:41.993586+00:00,1,10,309.8,30.98,0,0,0.0,0.0,1,0.0403,mobile_ios,apple_pay
ACC_004380,RING_00280,2026-12-19T14:48:10.315350+00:00,1,5,470.4,94.08,0,0,0.0,0.0,1,0.0709,desktop_chrome,apple_pay
ACC_004381,RING_00280,2026-09-08T11:52:39.913412+00:00,1,27,1794.96,66.48,2,1,0.0741,0.037,1,0.0503,mobile_ios,apple_pay
ACC_004382,RING_00280,2026-09-29T08:03:14.147823+00:00,1,9,540.27,60.03,0,0,0.0,0.0,0,0.0399,mobile_ios,apple_pay
ACC_004383,RING_00280,2026-10-17T10:14:26.192129+00:00,1,11,344.96,31.36,1,0,0.0909,0.0,1,0.0338,desktop_safari,debit_card
ACC_004384,RING_00280,2026-08-24T03:54:18.413785+00:00,1,9,841.5,93.5,0,0,0.0,0.0,0,0.0584,desktop_chrome,apple_pay
ACC_004385,RING_00280,2026-08-15T12:21:27.341518+00:00,1,22,556.6,25.3,1,0,0.0455,0.0,0,0.0205,desktop_chrome,apple_pay
ACC_004386,RING_00280,2026-09-21T04:06:27.194859+00:00,1,12,863.88,71.99,0,0,0.0,0.0,1,0.0631,mobile_ios,debit_card
ACC_004387,RING_00280,2026-07-24T06:34:27.935813+00:00,7,29,2349.87,81.03,2,1,0.069,0.0345,0,0.0789,desktop_chrome,debit_card
ACC_004388,RING_00280,2026-06-30T07:59:09.088222+00:00,31,12,751.56,62.63,0,0,0.0,0.0,1,0.0209,mobile_ios,debit_card
ACC_004389,RING_00280,2027-02-24T11:03:51.918140+00:00,1,29,1228.15,42.35,0,0,0.0,0.0,0,0.0221,desktop_safari,debit_card
ACC_004390,RING_00280,2026-07-13T08:08:21.553067+00:00,18,27,2011.77,74.51,0,0,0.0,0.0,1,0.0432,desktop_chrome,debit_card
ACC_004391,RING_00280,2026-12-16T17:42:59.990734+00:00,1,8,384.4,48.05,0,0,0.0,0.0,1,0.0115,desktop_chrome,credit_card
ACC_004392,RING_00280,2026-06-01T10:03:56.499971+00:00,60,28,2226.28,79.51,0,0,0.0,0.0,1,0.0458,desktop_safari,debit_card
ACC_004393,RING_00280,2026-10-16T14:27:52.639401+00:00,1,14,847.28,60.52,1,0,0.0714,0.0,0,0.0772,desktop_safari,apple_pay
ACC_004394,RING_00280,2026-10-20T18:55:45.362238+00:00,1,27,2193.75,81.25,3,1,0.1111,0.037,1,0.0134,mobile_ios,debit_card
ACC_004395,RING_00280,2026-09-22T15:57:19.111623+00:00,1,20,1706.0,85.3,1,0,0.05,0.0,0,0.0447,desktop_safari,apple_pay
ACC_004396,RING_00280,2026-11-15T23:42:33.652090+00:00,1,7,418.67,59.81,0,0,0.0,0.0,0,0.0472,mobile_ios,debit_card
ACC_004397,RING_00280,2027-02-17T11:08:30.559787+00:00,1,21,885.99,42.19,1,0,0.0476,0.0,1,0.0204,mobile_ios,debit_card
ACC_004398,RING_00280,2026-12-24T09:33:56.668737+00:00,1,22,1500.18,68.19,1,0,0.0455,0.0,1,0.0118,desktop_safari,apple_pay
ACC_004399,RING_00280,2027-01-01T12:31:19.627479+00:00,1,26,1946.62,74.87,1,0,0.0385,0.0,1,0.0422,mobile_ios,credit_card
ACC_004400,RING_00280,2026-11-06T21:29:27.364069+00:00,1,11,436.37,39.67,0,0,0.0,0.0,1,0.015,mobile_ios,debit_card
ACC_004401,RING_00280,2027-02-11T01:26:20.484217+00:00,1,19,1630.77,85.83,1,0,0.0526,0.0,0,0.0506,desktop_chrome,apple_pay
ACC_004402,RING_00280,2026-04-09T17:45:46.244841+00:00,113,5,276.5,55.3,0,0,0.0,0.0,1,0.028,desktop_chrome,apple_pay
ACC_004403,RING_00280,2026-04-25T04:43:02.361739+00:00,97,19,1591.82,83.78,1,0,0.0526,0.0,1,0.0167,mobile_ios,apple_pay
ACC_004404,RING_00280,2027-01-07T00:53:55.532822+00:00,1,21,746.13,35.53,1,0,0.0476,0.0,0,0.0401,desktop_safari,apple_pay
ACC_004405,RING_00280,2027-02-13T23:58:44.511599+00:00,1,10,861.9,86.19,0,0,0.0,0.0,0,0.0313,desktop_chrome,debit_card
ACC_004406,RING_00280,2026-08-13T22:00:53.957471+00:00,1,17,811.75,47.75,0,0,0.0,0.0,1,0.0148,desktop_safari,apple_pay
ACC_004407,RING_00280,2026-10-13T00:08:58.033375+00:00,1,6,270.66,45.11,0,0,0.0,0.0,1,0.0287,mobile_ios,apple_pay
ACC_004408,RING_00280,2027-01-11T08:47:40.316271+00:00,1,8,246.48,30.81,0,0,0.0,0.0,0,0.0605,desktop_safari,debit_card
ACC_004409,RING_00280,2026-04-03T06:12:00.108493+00:00,119,21,817.32,38.92,0,0,0.0,0.0,1,0.0223,mobile_ios,credit_card
ACC_004410,RING_00280,2026-05-03T17:33:02.536154+00:00,89,14,1241.38,88.67,0,0,0.0,0.0,1,0.0676,desktop_safari,credit_card
ACC_004411,RING_00280,2027-03-11T13:02:46.712056+00:00,1,24,1111.68,46.32,1,0,0.0417,0.0,1,0.0278,desktop_safari,credit_card
ACC_004412,RING_00280,2026-10-25T10:43:00.977622+00:00,1,19,1029.04,54.16,0,0,0.0,0.0,1,0.076,desktop_chrome,debit_card
ACC_004413,RING_00280,2027-03-07T01:19:18.938499+00:00,1,9,403.29,44.81,1,0,0.1111,0.0,1,0.054,mobile_ios,apple_pay
ACC_004414,RING_00280,2026-07-29T15:23:35.830896+00:00,2,13,962.0,74.0,1,0,0.0769,0.0,1,0.0716,desktop_safari,credit_card
ACC_004415,RING_00280,2026-04-22T21:36:18.656737+00:00,100,24,646.56,26.94,2,1,0.0833,0.0417,0,0.0184,desktop_chrome,debit_card
ACC_004416,RING_00281,2026-06-28T01:08:49.320889+00:00,33,49,5812.87,118.63,1,0,0.0204,0.0,2,0.0333,mobile_ios,credit_card
ACC_004417,RING_00281,2026-08-03T01:08:17.365965+00:00,1,23,2645.92,115.04,3,2,0.1304,0.087,2,0.0219,mobile_ios,credit_card
ACC_004418,RING_00281,2027-03-11T02:14:53.724208+00:00,1,30,3776.1,125.87,2,1,0.0667,0.0333,2,0.0551,mobile_ios,credit_card
ACC_004419,RING_00281,2026-04-02T02:38:16.663173+00:00,120,19,2103.87,110.73,1,0,0.0526,0.0,2,0.0207,mobile_android,credit_card
ACC_004420,RING_00282,2027-05-12T10:59:44.843858+00:00,1,27,1623.78,60.14,1,0,0.037,0.0,2,0.0754,mobile_android,credit_card
ACC_004421,RING_00283,2026-05-02T00:04:41.282461+00:00,90,19,2852.66,150.14,2,2,0.1053,0.1053,5,0.8687,emulator_bot,virtual_card
ACC_004422,RING_00283,2026-05-02T00:41:11.632694+00:00,90,21,1786.89,85.09,5,3,0.2381,0.1429,3,0.835,emulator_bot,virtual_card
ACC_004423,RING_00283,2026-05-02T01:09:51.283409+00:00,90,15,2626.95,175.13,3,2,0.2,0.1333,4,0.9496,emulator_bot,virtual_card
ACC_004424,RING_00283,2026-05-02T01:06:11.034868+00:00,90,19,1956.43,102.97,2,2,0.1053,0.1053,5,0.7276,emulator_bot,virtual_card
ACC_004425,RING_00283,2026-05-02T00:20:05.356079+00:00,90,16,2246.24,140.39,5,3,0.3125,0.1875,6,0.9416,emulator_bot,virtual_card
ACC_004426,RING_00283,2026-05-02T01:12:28.698049+00:00,90,8,1445.92,180.74,5,4,0.625,0.5,4,0.8963,emulator_bot,virtual_card
ACC_004427,RING_00283,2026-05-02T00:49:17.568122+00:00,90,17,1758.82,103.46,5,3,0.2941,0.1765,4,0.8169,emulator_bot,virtual_card
ACC_004428,RING_00283,2026-05-02T00:57:18.929694+00:00,90,17,2131.12,125.36,5,4,0.2941,0.2353,2,0.9342,emulator_bot,virtual_card
ACC_004429,RING_00283,2026-05-02T01:44:55.865068+00:00,90,22,3395.92,154.36,4,4,0.1818,0.1818,5,0.7212,emulator_bot,virtual_card
ACC_004430,RING_00283,2026-05-02T00:09:25.413641+00:00,90,20,3375.8,168.79,5,3,0.25,0.15,6,0.7666,emulator_bot,virtual_card
ACC_004431,RING_00283,2026-05-02T01:03:20.671060+00:00,90,8,1085.36,135.67,4,3,0.5,0.375,6,0.8497,emulator_bot,virtual_card
ACC_004432,RING_00283,2026-05-02T00:20:50.093559+00:00,90,19,1838.06,96.74,5,4,0.2632,0.2105,3,0.9326,emulator_bot,virtual_card
ACC_004433,RING_00283,2026-05-02T00:21:55.966064+00:00,90,11,1858.56,168.96,3,4,0.2727,0.3636,3,0.7761,emulator_bot,virtual_card
ACC_004434,RING_00283,2026-05-02T01:13:15.335899+00:00,90,12,1759.68,146.64,2,2,0.1667,0.1667,4,0.8369,emulator_bot,virtual_card
ACC_004435,RING_00283,2026-05-02T01:20:21.905306+00:00,90,21,2594.34,123.54,5,3,0.2381,0.1429,3,0.7731,emulator_bot,virtual_card
ACC_004436,RING_00283,2026-05-02T01:12:44.821546+00:00,90,11,1027.73,93.43,3,3,0.2727,0.2727,4,0.7409,emulator_bot,virtual_card
ACC_004437,RING_00283,2026-05-02T01:50:49.154998+00:00,90,14,2424.8,173.2,3,3,0.2143,0.2143,2,0.8035,emulator_bot,virtual_card
ACC_004438,RING_00284,2026-01-28T00:11:09.743078+00:00,184,22,1880.12,85.46,5,3,0.2273,0.1364,6,0.8033,emulator_bot,virtual_card
ACC_004439,RING_00284,2026-01-28T00:47:01.176491+00:00,184,20,3319.6,165.98,2,2,0.1,0.1,3,0.8838,emulator_bot,virtual_card
ACC_004440,RING_00284,2026-01-28T01:57:17.396091+00:00,184,19,3232.85,170.15,5,3,0.2632,0.1579,6,0.8221,emulator_bot,virtual_card
ACC_004441,RING_00284,2026-01-28T00:24:39.370036+00:00,184,9,1574.1,174.9,4,4,0.4444,0.4444,5,0.7396,emulator_bot,virtual_card
ACC_004442,RING_00284,2026-01-28T01:24:34.060362+00:00,184,14,1861.16,132.94,3,4,0.2143,0.2857,3,0.8397,emulator_bot,virtual_card
ACC_004443,RING_00284,2026-01-28T00:31:11.560110+00:00,184,8,1137.6,142.2,3,4,0.375,0.5,5,0.9148,emulator_bot,virtual_card
ACC_004444,RING_00284,2026-01-28T00:04:05.963998+00:00,184,15,1502.4,100.16,5,4,0.3333,0.2667,2,0.8052,emulator_bot,virtual_card
ACC_004445,RING_00284,2026-01-28T00:11:48.536849+00:00,184,11,1219.13,110.83,3,4,0.2727,0.3636,2,0.9116,emulator_bot,virtual_card
ACC_004446,RING_00284,2026-01-28T00:12:28.043359+00:00,184,12,1082.16,90.18,2,4,0.1667,0.3333,5,0.8187,emulator_bot,virtual_card
ACC_004447,RING_00284,2026-01-28T00:35:52.901725+00:00,184,21,2134.86,101.66,5,3,0.2381,0.1429,6,0.738,emulator_bot,virtual_card
ACC_004448,RING_00284,2026-01-28T01:55:15.963211+00:00,184,9,1410.39,156.71,5,4,0.5556,0.4444,4,0.8832,emulator_bot,virtual_card
ACC_004449,RING_00284,2026-01-28T01:14:28.758317+00:00,184,18,2966.04,164.78,4,2,0.2222,0.1111,6,0.7251,emulator_bot,virtual_card
ACC_004450,RING_00284,2026-01-28T00:14:45.577222+00:00,184,16,2686.4,167.9,3,3,0.1875,0.1875,4,0.8569,emulator_bot,virtual_card
ACC_004451,RING_00284,2026-01-28T00:08:25.844734+00:00,184,12,2182.8,181.9,2,3,0.1667,0.25,4,0.734,emulator_bot,virtual_card
ACC_004452,RING_00284,2026-01-28T01:56:29.577972+00:00,184,20,2334.4,116.72,3,4,0.15,0.2,3,0.8879,emulator_bot,virtual_card
ACC_004453,RING_00284,2026-01-28T00:20:33.805819+00:00,184,22,2527.36,114.88,4,2,0.1818,0.0909,6,0.7588,emulator_bot,virtual_card
ACC_004454,RING_00284,2026-01-28T00:32:27.302864+00:00,184,18,2200.32,122.24,5,4,0.2778,0.2222,3,0.7692,emulator_bot,virtual_card
ACC_004455,RING_00284,2026-01-28T01:41:00.135332+00:00,184,13,1948.7,149.9,3,4,0.2308,0.3077,5,0.8407,emulator_bot,virtual_card
ACC_004456,RING_00284,2026-01-28T01:06:35.237487+00:00,184,8,1095.84,136.98,2,2,0.25,0.25,5,0.8743,emulator_bot,virtual_card
ACC_004457,RING_00284,2026-01-28T00:27:12.046887+00:00,184,23,3081.54,133.98,5,2,0.2174,0.087,2,0.8146,emulator_bot,virtual_card
ACC_004458,RING_00284,2026-01-28T01:19:44.096231+00:00,184,18,2550.06,141.67,2,2,0.1111,0.1111,4,0.8012,emulator_bot,virtual_card
ACC_004459,RING_00284,2026-01-28T00:44:35.007855+00:00,184,19,1938.76,102.04,4,3,0.2105,0.1579,4,0.8811,emulator_bot,virtual_card
ACC_004460,RING_00284,2026-01-28T01:09:47.303125+00:00,184,20,3012.8,150.64,3,3,0.15,0.15,4,0.7805,emulator_bot,virtual_card
ACC_004461,RING_00284,2026-01-28T00:11:36.766699+00:00,184,22,2852.96,129.68,3,3,0.1364,0.1364,3,0.882,emulator_bot,virtual_card
ACC_004462,RING_00285,2027-03-19T09:46:41.010376+00:00,1,14,813.54,58.11,1,0,0.0714,0.0,1,0.0304,desktop_chrome,apple_pay
ACC_004463,RING_00285,2026-11-03T14:25:31.793694+00:00,1,8,617.28,77.16,0,0,0.0,0.0,0,0.0591,desktop_safari,apple_pay
ACC_004464,RING_00285,2026-07-08T16:44:20.644081+00:00,23,9,418.68,46.52,0,0,0.0,0.0,1,0.0414,mobile_ios,credit_card
ACC_004465,RING_00285,2026-08-12T11:11:37.526045+00:00,1,15,476.1,31.74,0,0,0.0,0.0,0,0.0314,desktop_safari,debit_card
ACC_004466,RING_00285,2026-09-05T14:47:03.098524+00:00,1,16,957.6,59.85,1,0,0.0625,0.0,1,0.0444,mobile_ios,credit_card
ACC_004467,RING_00285,2026-09-21T10:20:10.604914+00:00,1,9,803.7,89.3,0,0,0.0,0.0,1,0.0778,desktop_safari,debit_card
ACC_004468,RING_00285,2026-06-16T08:43:22.239029+00:00,45,9,461.16,51.24,0,0,0.0,0.0,1,0.0379,mobile_ios,credit_card
ACC_004469,RING_00285,2027-03-11T01:37:33.037690+00:00,1,16,1512.16,94.51,0,0,0.0,0.0,0,0.0524,mobile_ios,apple_pay
ACC_004470,RING_00285,2026-10-09T16:09:13.789026+00:00,1,9,325.71,36.19,0,0,0.0,0.0,1,0.061,mobile_ios,apple_pay
ACC_004471,RING_00285,2026-12-01T00:33:51.060215+00:00,1,14,380.94,27.21,0,0,0.0,0.0,1,0.0761,mobile_ios,debit_card
ACC_004472,RING_00285,2026-10-18T21:38:55.883868+00:00,1,17,1167.39,68.67,0,0,0.0,0.0,1,0.0249,mobile_ios,credit_card
ACC_004473,RING_00285,2026-11-19T05:47:27.521061+00:00,1,5,188.7,37.74,0,0,0.0,0.0,0,0.072,mobile_ios,debit_card
ACC_004474,RING_00285,2026-08-02T09:45:34.189359+00:00,1,18,662.22,36.79,2,1,0.1111,0.0556,1,0.0516,mobile_ios,debit_card
ACC_004475,RING_00285,2026-08-04T16:48:35.699757+00:00,1,27,1176.12,43.56,2,1,0.0741,0.037,0,0.0647,mobile_ios,credit_card
ACC_004476,RING_00285,2027-01-19T05:55:40.869281+00:00,1,16,908.64,56.79,1,0,0.0625,0.0,0,0.0741,mobile_ios,apple_pay
ACC_004477,RING_00285,2026-12-29T20:32:33.988077+00:00,1,14,718.06,51.29,1,0,0.0714,0.0,1,0.0345,desktop_chrome,credit_card
ACC_004478,RING_00285,2026-12-02T06:27:17.454447+00:00,1,8,373.92,46.74,0,0,0.0,0.0,0,0.058,mobile_ios,debit_card
ACC_004479,RING_00285,2027-04-11T22:28:21.322634+00:00,1,24,1790.64,74.61,1,0,0.0417,0.0,0,0.0319,desktop_safari,debit_card
ACC_004480,RING_00285,2026-06-02T07:25:55.127967+00:00,59,22,1343.98,61.09,2,1,0.0909,0.0455,1,0.0523,desktop_safari,debit_card
ACC_004481,RING_00285,2027-01-22T05:42:02.973413+00:00,1,19,1266.16,66.64,1,0,0.0526,0.0,1,0.0431,desktop_chrome,apple_pay
ACC_004482,RING_00285,2027-04-07T02:56:26.699279+00:00,1,20,1101.2,55.06,1,0,0.05,0.0,1,0.0302,desktop_safari,credit_card
ACC_004483,RING_00285,2027-02-26T23:55:54.525858+00:00,1,10,337.6,33.76,0,0,0.0,0.0,1,0.0231,mobile_ios,debit_card
ACC_004484,RING_00285,2026-08-23T09:25:49.744054+00:00,1,24,1126.8,46.95,2,1,0.0833,0.0417,0,0.0726,desktop_safari,apple_pay
ACC_004485,RING_00285,2026-12-07T07:26:32.261957+00:00,1,23,1378.16,59.92,2,1,0.087,0.0435,1,0.0727,mobile_ios,credit_card
ACC_004486,RING_00285,2026-07-03T04:40:35.807988+00:00,28,10,885.3,88.53,0,0,0.0,0.0,1,0.0664,mobile_ios,debit_card
ACC_004487,RING_00285,2026-11-11T10:19:35.840206+00:00,1,11,496.54,45.14,0,0,0.0,0.0,1,0.04,desktop_chrome,debit_card
ACC_004488,RING_00285,2026-09-10T09:27:15.990760+00:00,1,20,963.0,48.15,2,1,0.1,0.05,1,0.0617,desktop_safari,credit_card
ACC_004489,RING_00285,2026-09-19T05:23:44.522258+00:00,1,23,1013.61,44.07,0,0,0.0,0.0,1,0.0355,mobile_ios,debit_card
ACC_004490,RING_00285,2027-01-29T05:51:57.136018+00:00,1,29,2656.11,91.59,2,1,0.069,0.0345,0,0.0208,mobile_ios,apple_pay
ACC_004491,RING_00285,2026-05-07T23:04:06.621503+00:00,85,27,1579.5,58.5,1,0,0.037,0.0,0,0.0541,mobile_ios,credit_card
ACC_004492,RING_00285,2026-07-28T00:02:51.026103+00:00,3,20,1205.2,60.26,2,1,0.1,0.05,0,0.0359,mobile_ios,debit_card
ACC_004493,RING_00285,2026-09-24T10:58:56.070148+00:00,1,9,748.35,83.15,0,0,0.0,0.0,1,0.0541,mobile_ios,credit_card
ACC_004494,RING_00285,2026-06-26T07:17:35.734560+00:00,35,18,686.52,38.14,1,0,0.0556,0.0,0,0.0654,desktop_chrome,credit_card
ACC_004495,RING_00285,2027-01-07T22:23:26.026983+00:00,1,19,1109.03,58.37,1,0,0.0526,0.0,1,0.0233,desktop_chrome,apple_pay
ACC_004496,RING_00285,2026-11-12T10:36:52.442528+00:00,1,11,658.57,59.87,0,0,0.0,0.0,0,0.06,mobile_ios,debit_card
ACC_004497,RING_00285,2026-12-16T04:13:14.024954+00:00,1,22,1850.2,84.1,2,1,0.0909,0.0455,1,0.0155,mobile_ios,credit_card
ACC_004498,RING_00285,2026-07-13T05:26:46.926870+00:00,18,13,742.95,57.15,1,0,0.0769,0.0,1,0.0387,desktop_safari,apple_pay
ACC_004499,RING_00285,2027-01-23T08:36:30.752028+00:00,1,21,1402.38,66.78,1,0,0.0476,0.0,0,0.0245,mobile_ios,debit_card
ACC_004500,RING_00285,2026-11-24T15:56:48.337143+00:00,1,11,1012.88,92.08,1,0,0.0909,0.0,0,0.0103,mobile_ios,apple_pay
ACC_004501,RING_00285,2026-11-25T04:42:34.386614+00:00,1,13,1164.28,89.56,0,0,0.0,0.0,1,0.0553,desktop_safari,apple_pay
ACC_004502,RING_00285,2027-03-12T18:10:04.694561+00:00,1,7,265.23,37.89,0,0,0.0,0.0,1,0.0297,desktop_chrome,credit_card
ACC_004503,RING_00285,2026-08-29T00:50:12.963399+00:00,1,6,339.36,56.56,0,0,0.0,0.0,0,0.0258,mobile_ios,debit_card
ACC_004504,RING_00285,2027-02-08T01:42:27.359201+00:00,1,23,582.13,25.31,1,0,0.0435,0.0,0,0.077,desktop_chrome,debit_card
ACC_004505,RING_00285,2026-11-14T20:49:04.573098+00:00,1,27,1344.87,49.81,1,0,0.037,0.0,0,0.0434,desktop_safari,debit_card
ACC_004506,RING_00285,2026-06-19T13:31:17.920206+00:00,42,8,525.44,65.68,0,0,0.0,0.0,1,0.0398,desktop_chrome,debit_card
ACC_004507,RING_00285,2026-12-27T14:42:34.891851+00:00,1,27,1461.51,54.13,2,1,0.0741,0.037,1,0.0485,desktop_safari,credit_card
ACC_004508,RING_00285,2027-01-07T20:26:37.588340+00:00,1,25,1627.25,65.09,1,0,0.04,0.0,0,0.042,desktop_chrome,apple_pay
ACC_004509,RING_00285,2026-08-29T01:30:47.385326+00:00,1,11,640.53,58.23,0,0,0.0,0.0,1,0.0319,desktop_chrome,credit_card
ACC_004510,RING_00285,2026-10-02T08:14:43.554175+00:00,1,7,239.82,34.26,0,0,0.0,0.0,1,0.0752,desktop_safari,credit_card
ACC_004511,RING_00286,2026-08-07T15:12:54.438818+00:00,1,11,1147.41,104.31,0,0,0.0,0.0,1,0.0581,mobile_ios,credit_card
ACC_004512,RING_00287,2026-02-14T17:12:51.764784+00:00,167,28,8348.48,298.16,23,20,0.8214,0.7143,15,0.816,desktop_chrome,credit_card
ACC_004513,RING_00287,2026-02-13T20:44:10.627407+00:00,168,32,11017.92,344.31,27,24,0.8438,0.75,12,0.8207,desktop_chrome,credit_card
ACC_004514,RING_00287,2026-01-30T00:36:34.156774+00:00,182,30,7457.1,248.57,27,25,0.9,0.8333,15,0.7055,desktop_chrome,credit_card
ACC_004515,RING_00287,2026-02-05T08:14:51.303683+00:00,176,32,7538.88,235.59,28,26,0.875,0.8125,16,0.6962,desktop_chrome,credit_card
ACC_004516,RING_00287,2026-02-15T01:14:15.846336+00:00,166,33,13702.59,415.23,28,25,0.8485,0.7576,18,0.8102,desktop_chrome,credit_card
ACC_004517,RING_00287,2026-02-15T00:27:04.688882+00:00,166,19,7789.43,409.97,18,17,0.9474,0.8947,18,0.7662,desktop_chrome,credit_card
ACC_004518,RING_00287,2026-02-10T17:28:35.312646+00:00,171,34,10698.44,314.66,29,26,0.8529,0.7647,15,0.7681,desktop_chrome,credit_card
ACC_004519,RING_00287,2026-01-31T04:05:41.895310+00:00,181,22,10119.56,459.98,19,18,0.8636,0.8182,14,0.8409,desktop_chrome,credit_card
ACC_004520,RING_00287,2026-02-06T02:02:53.860396+00:00,175,24,6317.52,263.23,21,20,0.875,0.8333,10,0.7857,desktop_chrome,credit_card
ACC_004521,RING_00287,2026-02-17T05:21:10.707998+00:00,164,30,8652.9,288.43,26,23,0.8667,0.7667,15,0.8707,desktop_chrome,credit_card
ACC_004522,RING_00287,2026-01-31T03:08:18.870509+00:00,181,24,10325.76,430.24,22,19,0.9167,0.7917,14,0.8016,desktop_chrome,credit_card
ACC_004523,RING_00287,2026-02-14T00:40:25.027626+00:00,167,31,10999.42,354.82,27,25,0.871,0.8065,11,0.7756,desktop_chrome,credit_card
ACC_004524,RING_00287,2026-02-06T08:33:14.373253+00:00,175,19,8436.38,444.02,17,16,0.8947,0.8421,13,0.8061,desktop_chrome,credit_card
ACC_004525,RING_00287,2026-02-12T21:28:32.237033+00:00,169,19,6149.92,323.68,16,14,0.8421,0.7368,19,0.8366,desktop_chrome,credit_card
ACC_004526,RING_00288,2026-08-27T16:08:42.570134+00:00,1,24,1870.32,77.93,1,0,0.0417,0.0,0,0.0179,mobile_ios,debit_card
ACC_004527,RING_00288,2026-11-05T14:50:55.184753+00:00,1,11,713.68,64.88,0,0,0.0,0.0,1,0.0741,desktop_chrome,credit_card
ACC_004528,RING_00288,2026-05-03T07:27:41.432830+00:00,89,5,334.05,66.81,0,0,0.0,0.0,1,0.0475,mobile_ios,apple_pay
ACC_004529,RING_00288,2026-07-22T23:21:08.836091+00:00,9,29,1437.24,49.56,2,1,0.069,0.0345,0,0.0508,mobile_ios,debit_card
ACC_004530,RING_00288,2026-07-21T23:50:03.448763+00:00,10,15,447.0,29.8,0,0,0.0,0.0,1,0.0458,desktop_chrome,apple_pay
ACC_004531,RING_00288,2026-06-03T15:38:38.525091+00:00,58,19,1106.18,58.22,1,0,0.0526,0.0,0,0.044,desktop_chrome,credit_card
ACC_004532,RING_00288,2026-09-28T13:31:21.149767+00:00,1,8,412.72,51.59,0,0,0.0,0.0,0,0.0333,mobile_ios,debit_card
ACC_004533,RING_00288,2026-01-09T04:14:44.265397+00:00,203,14,588.84,42.06,1,0,0.0714,0.0,0,0.0472,mobile_ios,credit_card
ACC_004534,RING_00288,2026-02-03T18:35:57.324320+00:00,178,13,726.83,55.91,1,0,0.0769,0.0,0,0.0492,mobile_ios,debit_card
ACC_004535,RING_00288,2026-06-07T19:39:03.157034+00:00,54,11,957.11,87.01,0,0,0.0,0.0,0,0.019,mobile_ios,debit_card
ACC_004536,RING_00288,2026-04-28T07:55:38.809190+00:00,94,16,1262.4,78.9,0,0,0.0,0.0,0,0.0352,desktop_safari,credit_card
ACC_004537,RING_00288,2026-01-30T15:33:20.232907+00:00,182,19,703.57,37.03,2,1,0.1053,0.0526,1,0.0399,desktop_safari,apple_pay
ACC_004538,RING_00288,2026-03-11T06:47:13.678271+00:00,142,27,1289.25,47.75,2,1,0.0741,0.037,1,0.0149,mobile_ios,credit_card
ACC_004539,RING_00288,2026-09-15T22:47:52.105988+00:00,1,26,2372.76,91.26,2,1,0.0769,0.0385,0,0.0326,desktop_safari,apple_pay
ACC_004540,RING_00288,2026-11-21T22:31:45.287174+00:00,1,17,1004.19,59.07,1,0,0.0588,0.0,0,0.0603,mobile_ios,apple_pay
ACC_004541,RING_00288,2026-07-29T20:49:02.480028+00:00,2,5,308.9,61.78,0,0,0.0,0.0,1,0.0313,desktop_chrome,debit_card
ACC_004542,RING_00288,2026-08-28T17:25:35.616524+00:00,1,7,309.12,44.16,0,0,0.0,0.0,1,0.0233,desktop_chrome,debit_card
ACC_004543,RING_00288,2026-08-19T18:22:23.131431+00:00,1,11,319.22,29.02,1,0,0.0909,0.0,1,0.0302,desktop_safari,credit_card
ACC_004544,RING_00288,2026-11-18T16:34:33.977208+00:00,1,26,1853.8,71.3,0,0,0.0,0.0,0,0.0606,desktop_chrome,debit_card
ACC_004545,RING_00288,2026-01-12T12:23:22.386470+00:00,200,5,372.55,74.51,0,0,0.0,0.0,0,0.051,desktop_safari,apple_pay
ACC_004546,RING_00288,2026-11-27T04:25:09.879817+00:00,1,15,825.75,55.05,0,0,0.0,0.0,0,0.0491,mobile_ios,apple_pay
ACC_004547,RING_00288,2026-05-31T22:19:30.581566+00:00,61,14,735.7,52.55,0,0,0.0,0.0,0,0.0437,desktop_chrome,credit_card
ACC_004548,RING_00288,2026-08-21T15:12:36.012855+00:00,1,20,1140.8,57.04,0,0,0.0,0.0,0,0.058,desktop_chrome,debit_card
ACC_004549,RING_00288,2026-01-29T03:40:56.989120+00:00,183,27,1314.36,48.68,2,1,0.0741,0.037,0,0.0309,desktop_chrome,credit_card
ACC_004550,RING_00288,2026-07-15T16:30:56.854623+00:00,16,20,1415.2,70.76,0,0,0.0,0.0,1,0.0791,mobile_ios,credit_card
ACC_004551,RING_00288,2026-10-23T16:40:49.543473+00:00,1,21,847.77,40.37,0,0,0.0,0.0,0,0.035,desktop_safari,debit_card
ACC_004552,RING_00288,2026-03-17T14:15:19.237038+00:00,136,21,1573.11,74.91,2,1,0.0952,0.0476,1,0.057,desktop_chrome,credit_card
ACC_004553,RING_00288,2026-05-23T17:18:26.034112+00:00,69,9,850.14,94.46,0,0,0.0,0.0,1,0.0408,mobile_ios,apple_pay
ACC_004554,RING_00288,2026-09-03T11:49:34.738253+00:00,1,12,501.72,41.81,0,0,0.0,0.0,1,0.0112,mobile_ios,debit_card
ACC_004555,RING_00288,2026-10-24T16:44:15.581271+00:00,1,25,768.75,30.75,1,0,0.04,0.0,1,0.0447,desktop_safari,debit_card
ACC_004556,RING_00288,2026-04-16T06:47:31.274707+00:00,106,15,920.55,61.37,1,0,0.0667,0.0,1,0.0163,desktop_safari,credit_card
ACC_004557,RING_00288,2026-05-26T20:06:13.013928+00:00,66,18,532.98,29.61,1,0,0.0556,0.0,1,0.014,desktop_safari,apple_pay
ACC_004558,RING_00288,2026-02-11T11:55:14.572626+00:00,170,14,536.2,38.3,1,0,0.0714,0.0,1,0.017,desktop_safari,debit_card
ACC_004559,RING_00288,2026-12-19T18:35:15.530769+00:00,1,26,1006.98,38.73,2,1,0.0769,0.0385,0,0.0543,desktop_safari,debit_card
ACC_004560,RING_00288,2026-06-30T20:24:50.370746+00:00,31,12,495.6,41.3,1,0,0.0833,0.0,0,0.0665,mobile_ios,credit_card
ACC_004561,RING_00288,2026-11-08T03:31:54.939157+00:00,1,21,1523.13,72.53,0,0,0.0,0.0,1,0.026,mobile_ios,credit_card
ACC_004562,RING_00288,2026-12-08T14:42:06.139681+00:00,1,10,721.6,72.16,0,0,0.0,0.0,0,0.077,desktop_safari,debit_card
ACC_004563,RING_00288,2026-09-21T12:28:18.486469+00:00,1,8,621.44,77.68,0,0,0.0,0.0,1,0.0398,desktop_chrome,apple_pay
ACC_004564,RING_00288,2026-07-26T05:05:56.050002+00:00,5,9,676.89,75.21,0,0,0.0,0.0,0,0.0331,desktop_chrome,credit_card
ACC_004565,RING_00288,2026-02-07T12:41:48.358688+00:00,174,24,1189.2,49.55,2,1,0.0833,0.0417,0,0.0686,desktop_safari,apple_pay
ACC_004566,RING_00288,2026-03-15T21:39:13.366747+00:00,138,11,663.74,60.34,0,0,0.0,0.0,1,0.0708,mobile_ios,apple_pay
ACC_004567,RING_00288,2026-10-17T06:27:36.944766+00:00,1,20,1738.4,86.92,1,0,0.05,0.0,1,0.0741,desktop_chrome,apple_pay
ACC_004568,RING_00288,2026-09-24T17:17:15.441834+00:00,1,29,903.35,31.15,1,0,0.0345,0.0,0,0.015,desktop_safari,credit_card
ACC_004569,RING_00288,2026-10-23T05:52:50.307258+00:00,1,29,1338.64,46.16,3,2,0.1034,0.069,0,0.0157,desktop_safari,apple_pay
ACC_004570,RING_00288,2026-10-17T17:15:35.244953+00:00,1,21,1019.55,48.55,0,0,0.0,0.0,1,0.0431,desktop_safari,debit_card
ACC_004571,RING_00288,2026-03-01T21:11:00.340653+00:00,152,28,2141.44,76.48,2,1,0.0714,0.0357,0,0.0283,desktop_safari,debit_card
ACC_004572,RING_00288,2026-04-17T00:27:24.479933+00:00,105,13,871.26,67.02,0,0,0.0,0.0,1,0.0373,desktop_safari,debit_card
ACC_004573,RING_00288,2026-10-20T07:39:59.601110+00:00,1,29,1323.56,45.64,0,0,0.0,0.0,0,0.057,desktop_safari,apple_pay
ACC_004574,RING_00288,2026-04-04T14:22:47.841168+00:00,118,11,790.02,71.82,0,0,0.0,0.0,1,0.0475,desktop_chrome,apple_pay
ACC_004575,RING_00288,2026-04-13T13:41:54.311591+00:00,109,23,1568.83,68.21,2,1,0.087,0.0435,1,0.0131,desktop_safari,apple_pay
ACC_004576,RING_00288,2026-08-11T23:26:03.247590+00:00,1,28,1414.56,50.52,2,1,0.0714,0.0357,0,0.0264,desktop_safari,apple_pay
ACC_004577,RING_00288,2026-05-09T22:21:34.243397+00:00,83,15,1160.55,77.37,1,0,0.0667,0.0,1,0.0696,desktop_chrome,credit_card
ACC_004578,RING_00288,2026-09-01T04:35:42.295475+00:00,1,18,1009.98,56.11,0,0,0.0,0.0,1,0.0399,desktop_safari,apple_pay
ACC_004579,RING_00288,2026-03-12T04:05:14.827379+00:00,141,23,1538.93,66.91,1,0,0.0435,0.0,0,0.0685,desktop_chrome,debit_card
ACC_004580,RING_00289,2026-02-26T00:21:36.344519+00:00,155,1,50.14,50.14,0,0,0.0,0.0,0,0.768,desktop_chrome,virtual_card
ACC_004581,RING_00289,2026-02-26T00:22:43.413809+00:00,155,1,49.66,49.66,0,0,0.0,0.0,0,0.877,desktop_chrome,virtual_card
ACC_004582,RING_00289,2026-02-26T00:19:13.138497+00:00,155,1,50.05,50.05,0,0,0.0,0.0,0,0.8627,desktop_chrome,virtual_card
ACC_004583,RING_00289,2026-02-26T00:01:37.380118+00:00,155,1,49.62,49.62,0,0,0.0,0.0,0,0.8787,desktop_chrome,virtual_card
ACC_004584,RING_00289,2026-02-26T00:15:41.869015+00:00,155,1,50.97,50.97,0,0,0.0,0.0,0,0.7878,desktop_chrome,virtual_card
ACC_004585,RING_00289,2026-02-26T00:09:32.129279+00:00,155,1,51.8,51.8,0,0,0.0,0.0,0,0.8389,desktop_chrome,virtual_card
ACC_004586,RING_00289,2026-02-26T00:08:21.432445+00:00,155,1,49.66,49.66,0,0,0.0,0.0,0,0.8463,desktop_chrome,virtual_card
ACC_004587,RING_00289,2026-02-26T00:06:13.831127+00:00,155,1,50.25,50.25,0,0,0.0,0.0,0,0.9059,desktop_chrome,virtual_card
ACC_004588,RING_00289,2026-02-26T00:04:30.989182+00:00,155,1,49.93,49.93,0,0,0.0,0.0,0,0.9007,desktop_chrome,virtual_card
ACC_004589,RING_00289,2026-02-26T00:03:29.174047+00:00,155,1,51.23,51.23,0,0,0.0,0.0,0,0.8656,desktop_chrome,virtual_card
ACC_004590,RING_00289,2026-02-26T00:03:01.813779+00:00,155,1,49.55,49.55,0,0,0.0,0.0,0,0.7646,desktop_chrome,virtual_card
ACC_004591,RING_00289,2026-02-26T00:17:47.345619+00:00,155,1,51.59,51.59,0,0,0.0,0.0,0,0.847,desktop_chrome,virtual_card
ACC_004592,RING_00289,2026-02-26T00:23:15.623919+00:00,155,1,51.9,51.9,0,0,0.0,0.0,0,0.8378,desktop_chrome,virtual_card
ACC_004593,RING_00290,2027-02-25T08:33:37.052910+00:00,1,39,3080.22,78.98,1,0,0.0256,0.0,2,0.0243,desktop_chrome,debit_card
ACC_004594,RING_00290,2026-08-27T07:30:53.612858+00:00,1,31,1596.19,51.49,1,0,0.0323,0.0,3,0.0497,mobile_ios,credit_card
ACC_004595,RING_00290,2027-04-12T04:57:18.611956+00:00,1,12,611.4,50.95,0,0,0.0,0.0,2,0.0576,desktop_chrome,debit_card
ACC_004596,RING_00290,2026-06-22T04:40:28.445248+00:00,39,22,3005.2,136.6,2,1,0.0909,0.0455,1,0.0254,mobile_ios,debit_card
ACC_004597,RING_00290,2027-04-04T00:34:37.594892+00:00,1,33,3418.8,103.6,2,1,0.0606,0.0303,2,0.0588,mobile_ios,debit_card
ACC_004598,RING_00290,2027-05-27T18:43:35.413073+00:00,1,33,4525.95,137.15,2,1,0.0606,0.0303,3,0.0439,mobile_ios,credit_card
ACC_004599,RING_00290,2026-11-25T13:09:38.232959+00:00,1,17,2011.1,118.3,0,0,0.0,0.0,2,0.011,mobile_ios,credit_card
ACC_004600,RING_00290,2026-11-17T14:35:52.058250+00:00,1,11,1434.18,130.38,1,0,0.0909,0.0,2,0.0113,mobile_ios,credit_card
ACC_004601,RING_00290,2027-03-05T08:15:04.668250+00:00,1,37,3495.76,94.48,3,2,0.0811,0.0541,2,0.0607,desktop_chrome,debit_card
ACC_004602,RING_00290,2026-08-28T08:52:25.376851+00:00,1,28,3914.68,139.81,1,0,0.0357,0.0,1,0.058,mobile_ios,credit_card
ACC_004603,RING_00290,2027-04-28T19:19:41.055005+00:00,1,31,1926.34,62.14,0,0,0.0,0.0,2,0.0425,mobile_android,debit_card
ACC_004604,RING_00290,2026-07-26T23:01:42.361946+00:00,5,32,3234.56,101.08,3,1,0.0938,0.0312,3,0.0438,desktop_chrome,credit_card
ACC_004605,RING_00290,2026-05-29T23:31:39.552396+00:00,63,33,4503.51,136.47,2,1,0.0606,0.0303,3,0.061,mobile_ios,credit_card
ACC_004606,RING_00290,2027-06-14T14:45:41.071955+00:00,1,28,4092.76,146.17,1,0,0.0357,0.0,2,0.0522,mobile_ios,debit_card
ACC_004607,RING_00290,2026-06-08T23:45:03.250923+00:00,53,34,2794.46,82.19,0,0,0.0,0.0,3,0.0452,mobile_ios,debit_card
ACC_004608,RING_00290,2027-05-04T08:15:43.647672+00:00,1,35,5225.5,149.3,1,0,0.0286,0.0,3,0.0698,mobile_android,debit_card
ACC_004609,RING_00290,2027-05-24T21:34:33.590506+00:00,1,36,3055.32,84.87,2,1,0.0556,0.0278,2,0.0418,mobile_ios,debit_card
ACC_004610,RING_00290,2026-07-13T19:27:24.527479+00:00,18,34,2692.46,79.19,1,0,0.0294,0.0,3,0.0424,mobile_ios,debit_card
ACC_004611,RING_00290,2026-08-18T21:52:25.894635+00:00,1,12,1406.4,117.2,0,0,0.0,0.0,2,0.0176,mobile_ios,debit_card
ACC_004612,RING_00290,2027-01-17T02:41:24.341348+00:00,1,30,3416.7,113.89,1,0,0.0333,0.0,1,0.0587,mobile_android,debit_card
ACC_004613,RING_00290,2026-05-17T10:03:22.798837+00:00,75,38,3462.56,91.12,1,0,0.0263,0.0,2,0.0548,desktop_chrome,debit_card
ACC_004614,RING_00290,2026-09-04T00:48:30.722783+00:00,1,28,4196.64,149.88,1,0,0.0357,0.0,1,0.0285,mobile_ios,credit_card
ACC_004615,RING_00290,2027-05-24T04:45:45.105990+00:00,1,21,3199.77,152.37,1,0,0.0476,0.0,2,0.0202,desktop_chrome,credit_card
ACC_004616,RING_00290,2026-07-20T14:40:21.477375+00:00,11,28,2553.6,91.2,1,0,0.0357,0.0,1,0.0414,mobile_ios,debit_card
ACC_004617,RING_00290,2027-06-04T11:03:47.069015+00:00,1,33,4921.95,149.15,2,1,0.0606,0.0303,1,0.0396,desktop_chrome,credit_card
ACC_004618,RING_00290,2026-12-08T12:01:55.687925+00:00,1,35,2428.65,69.39,1,0,0.0286,0.0,1,0.0341,mobile_ios,credit_card
ACC_004619,RING_00290,2027-05-22T08:17:50.731489+00:00,1,10,886.5,88.65,0,0,0.0,0.0,1,0.0401,mobile_android,debit_card
ACC_004620,RING_00290,2026-08-31T07:33:11.453427+00:00,1,23,2727.8,118.6,1,0,0.0435,0.0,1,0.017,mobile_ios,debit_card
ACC_004621,RING_00290,2027-01-27T12:49:27.229798+00:00,1,13,1421.68,109.36,0,0,0.0,0.0,2,0.055,mobile_android,debit_card
ACC_004622,RING_00291,2027-01-01T19:50:14.145533+00:00,1,28,3831.8,136.85,2,1,0.0714,0.0357,1,0.0557,mobile_ios,credit_card
ACC_004623,RING_00291,2027-04-19T11:14:08.257959+00:00,1,48,5515.68,114.91,5,4,0.1042,0.0833,2,0.0348,mobile_ios,credit_card
ACC_004624,RING_00292,2026-03-18T00:16:28.638365+00:00,135,1,50.93,50.93,0,0,0.0,0.0,0,0.8251,desktop_chrome,virtual_card
ACC_004625,RING_00292,2026-03-18T00:09:46.662542+00:00,135,1,51.28,51.28,0,0,0.0,0.0,0,0.7954,desktop_chrome,virtual_card
ACC_004626,RING_00292,2026-03-18T00:09:32.616919+00:00,135,1,49.04,49.04,0,0,0.0,0.0,0,0.9054,desktop_chrome,virtual_card
ACC_004627,RING_00292,2026-03-18T00:22:23.173732+00:00,135,1,50.08,50.08,0,0,0.0,0.0,0,0.7929,desktop_chrome,virtual_card
ACC_004628,RING_00292,2026-03-18T00:21:42.335316+00:00,135,1,50.43,50.43,0,0,0.0,0.0,0,0.7924,desktop_chrome,virtual_card
ACC_004629,RING_00292,2026-03-18T00:11:53.493006+00:00,135,1,51.2,51.2,0,0,0.0,0.0,0,0.8022,desktop_chrome,virtual_card
ACC_004630,RING_00292,2026-03-18T00:17:57.425951+00:00,135,1,51.98,51.98,0,0,0.0,0.0,0,0.797,desktop_chrome,virtual_card
ACC_004631,RING_00292,2026-03-18T00:11:18.143032+00:00,135,1,50.09,50.09,0,0,0.0,0.0,0,0.8415,desktop_chrome,virtual_card
ACC_004632,RING_00292,2026-03-18T00:15:04.708212+00:00,135,1,49.01,49.01,0,0,0.0,0.0,0,0.7507,desktop_chrome,virtual_card
ACC_004633,RING_00292,2026-03-18T00:06:51.766952+00:00,135,1,49.7,49.7,0,0,0.0,0.0,0,0.7639,desktop_chrome,virtual_card
ACC_004634,RING_00292,2026-03-18T00:12:26.302805+00:00,135,1,51.28,51.28,0,0,0.0,0.0,0,0.8982,desktop_chrome,virtual_card
ACC_004635,RING_00293,2026-12-24T19:45:13.070794+00:00,1,24,4183.44,174.31,0,0,0.0,0.0,2,0.0167,desktop_chrome,paypal
ACC_004636,RING_00293,2026-10-04T22:04:25.231392+00:00,1,19,1641.41,86.39,1,0,0.0526,0.0,3,0.02,desktop_chrome,paypal
ACC_004637,RING_00293,2026-09-03T03:40:20.612416+00:00,1,38,1603.98,42.21,1,0,0.0263,0.0,2,0.0444,desktop_chrome,paypal
ACC_004638,RING_00293,2026-07-21T23:30:54.736539+00:00,10,35,2940.35,84.01,0,0,0.0,0.0,1,0.0239,mobile_ios,credit_card
ACC_004639,RING_00293,2026-12-20T12:26:58.498507+00:00,1,14,1795.36,128.24,0,0,0.0,0.0,2,0.0743,desktop_safari,paypal
ACC_004640,RING_00293,2027-04-15T23:55:54.831715+00:00,1,28,2842.28,101.51,0,0,0.0,0.0,1,0.0346,desktop_safari,paypal
ACC_004641,RING_00293,2026-08-27T01:17:35.535184+00:00,1,24,2918.16,121.59,0,0,0.0,0.0,1,0.0655,desktop_safari,paypal
ACC_004642,RING_00293,2026-08-25T11:44:51.912743+00:00,1,21,2242.8,106.8,0,0,0.0,0.0,1,0.0867,desktop_safari,credit_card
ACC_004643,RING_00293,2026-11-30T17:13:17.619005+00:00,1,14,978.88,69.92,0,0,0.0,0.0,1,0.0877,desktop_safari,paypal
ACC_004644,RING_00293,2026-11-16T13:51:42.093157+00:00,1,32,3233.6,101.05,0,0,0.0,0.0,3,0.0749,mobile_ios,credit_card
ACC_004645,RING_00293,2027-04-06T06:34:58.315208+00:00,1,19,3053.3,160.7,1,0,0.0526,0.0,1,0.0396,desktop_safari,paypal
ACC_004646,RING_00293,2026-08-18T10:20:12.464810+00:00,1,33,2511.3,76.1,1,0,0.0303,0.0,2,0.02,mobile_ios,paypal
ACC_004647,RING_00293,2026-10-26T03:54:52.675768+00:00,1,9,1025.64,113.96,0,0,0.0,0.0,1,0.0653,desktop_chrome,credit_card
ACC_004648,RING_00293,2026-12-17T06:18:45.485554+00:00,1,21,3000.48,142.88,0,0,0.0,0.0,1,0.0291,desktop_chrome,credit_card
ACC_004649,RING_00293,2027-04-18T21:50:22.326847+00:00,1,10,1434.3,143.43,0,0,0.0,0.0,1,0.051,desktop_chrome,paypal
ACC_004650,RING_00293,2026-09-15T06:36:55.263387+00:00,1,16,1299.52,81.22,0,0,0.0,0.0,1,0.0142,mobile_ios,paypal
ACC_004651,RING_00293,2026-09-30T08:06:36.921930+00:00,1,17,2163.93,127.29,0,0,0.0,0.0,3,0.0865,desktop_safari,paypal
ACC_004652,RING_00293,2027-01-30T17:19:13.570905+00:00,1,32,3905.6,122.05,1,0,0.0312,0.0,2,0.0558,desktop_chrome,paypal
ACC_004653,RING_00293,2026-11-28T19:05:15.919297+00:00,1,28,1264.76,45.17,0,0,0.0,0.0,3,0.0432,desktop_safari,paypal
ACC_004654,RING_00293,2027-01-24T21:14:43.512688+00:00,1,15,2269.05,151.27,0,0,0.0,0.0,3,0.0306,desktop_chrome,paypal
ACC_004655,RING_00293,2026-10-03T00:28:59.958250+00:00,1,38,1657.56,43.62,0,0,0.0,0.0,3,0.0279,desktop_chrome,paypal
ACC_004656,RING_00293,2027-03-19T05:33:11.405784+00:00,1,10,955.9,95.59,0,0,0.0,0.0,1,0.0119,desktop_chrome,paypal
ACC_004657,RING_00293,2027-04-11T22:57:27.410267+00:00,1,8,1140.4,142.55,0,0,0.0,0.0,1,0.0637,desktop_safari,credit_card
ACC_004658,RING_00293,2026-10-03T12:42:57.831128+00:00,1,26,1244.62,47.87,1,0,0.0385,0.0,1,0.0434,desktop_safari,paypal
ACC_004659,RING_00293,2026-08-13T21:04:57.240212+00:00,1,33,5505.06,166.82,1,0,0.0303,0.0,2,0.0755,desktop_chrome,paypal
ACC_004660,RING_00293,2026-12-28T17:30:43.383823+00:00,1,8,788.56,98.57,0,0,0.0,0.0,1,0.0379,desktop_chrome,paypal
ACC_004661,RING_00293,2026-07-19T01:00:17.535907+00:00,12,13,789.75,60.75,0,0,0.0,0.0,1,0.0821,mobile_ios,paypal
ACC_004662,RING_00293,2027-02-26T20:25:01.755956+00:00,1,16,1142.4,71.4,1,0,0.0625,0.0,3,0.0129,mobile_ios,credit_card
ACC_004663,RING_00293,2026-11-21T13:44:09.981673+00:00,1,27,4086.99,151.37,1,0,0.037,0.0,2,0.0723,desktop_safari,paypal
ACC_004664,RING_00293,2026-08-07T02:03:19.710041+00:00,1,23,1152.76,50.12,0,0,0.0,0.0,1,0.0658,desktop_safari,credit_card
ACC_004665,RING_00294,2026-07-16T11:28:13.866901+00:00,15,28,1424.64,50.88,2,1,0.0714,0.0357,0,0.0444,desktop_chrome,credit_card
ACC_004666,RING_00294,2026-10-09T20:04:58.255078+00:00,1,24,1184.88,49.37,2,1,0.0833,0.0417,2,0.0741,desktop_chrome,credit_card
ACC_004667,RING_00294,2026-07-23T21:00:15.081743+00:00,8,23,2167.52,94.24,1,0,0.0435,0.0,1,0.0315,desktop_chrome,credit_card
ACC_004668,RING_00294,2026-06-14T02:17:31.529931+00:00,47,13,712.79,54.83,0,0,0.0,0.0,0,0.0202,desktop_chrome,credit_card
ACC_004669,RING_00294,2027-01-05T12:31:50.041895+00:00,1,9,1025.55,113.95,0,0,0.0,0.0,2,0.056,mobile_ios,credit_card
ACC_004670,RING_00294,2026-06-19T22:40:27.796280+00:00,42,27,1629.72,60.36,0,0,0.0,0.0,2,0.0153,desktop_chrome,credit_card
ACC_004671,RING_00294,2026-05-25T03:18:12.729872+00:00,67,22,3232.24,146.92,0,0,0.0,0.0,0,0.0644,desktop_chrome,credit_card
ACC_004672,RING_00294,2027-02-12T04:52:12.270265+00:00,1,32,4641.92,145.06,3,2,0.0938,0.0625,2,0.0679,desktop_chrome,credit_card
ACC_004673,RING_00295,2026-04-24T00:15:29.012144+00:00,98,8,1451.76,181.47,5,4,0.625,0.5,6,0.8518,emulator_bot,virtual_card
ACC_004674,RING_00295,2026-04-24T01:20:42.886822+00:00,98,24,4066.8,169.45,3,3,0.125,0.125,3,0.8791,emulator_bot,virtual_card
ACC_004675,RING_00295,2026-04-24T00:47:29.026756+00:00,98,22,2333.76,106.08,3,4,0.1364,0.1818,5,0.8756,emulator_bot,virtual_card
ACC_004676,RING_00295,2026-04-24T00:11:20.879578+00:00,98,22,3409.34,154.97,5,4,0.2273,0.1818,4,0.8725,emulator_bot,virtual_card
ACC_004677,RING_00295,2026-04-24T00:39:14.274634+00:00,98,15,2681.55,178.77,3,2,0.2,0.1333,6,0.8118,emulator_bot,virtual_card
ACC_004678,RING_00295,2026-04-24T00:16:50.988172+00:00,98,22,2425.72,110.26,3,3,0.1364,0.1364,6,0.8275,emulator_bot,virtual_card
ACC_004679,RING_00295,2026-04-24T01:11:49.948853+00:00,98,18,3213.36,178.52,2,2,0.1111,0.1111,2,0.8907,emulator_bot,virtual_card
ACC_004680,RING_00295,2026-04-24T00:51:13.767446+00:00,98,22,2110.9,95.95,3,2,0.1364,0.0909,6,0.9133,emulator_bot,virtual_card
ACC_004681,RING_00295,2026-04-24T01:52:06.290410+00:00,98,14,2032.94,145.21,3,4,0.2143,0.2857,3,0.9326,emulator_bot,virtual_card
ACC_004682,RING_00295,2026-04-24T01:13:02.946396+00:00,98,15,1328.25,88.55,4,4,0.2667,0.2667,5,0.8069,emulator_bot,virtual_card
ACC_004683,RING_00295,2026-04-24T01:31:49.243498+00:00,98,17,1609.39,94.67,3,3,0.1765,0.1765,5,0.7966,emulator_bot,virtual_card
ACC_004684,RING_00295,2026-04-24T00:40:12.404400+00:00,98,8,1247.36,155.92,3,4,0.375,0.5,3,0.9041,emulator_bot,virtual_card
ACC_004685,RING_00295,2026-04-24T01:30:32.252016+00:00,98,9,1030.23,114.47,4,4,0.4444,0.4444,3,0.9145,emulator_bot,virtual_card
ACC_004686,RING_00295,2026-04-24T01:28:10.437077+00:00,98,23,2796.34,121.58,2,4,0.087,0.1739,4,0.7628,emulator_bot,virtual_card
ACC_004687,RING_00295,2026-04-24T01:58:54.428839+00:00,98,11,1387.76,126.16,3,2,0.2727,0.1818,6,0.7953,emulator_bot,virtual_card
ACC_004688,RING_00295,2026-04-24T01:19:20.423145+00:00,98,13,1543.62,118.74,3,3,0.2308,0.2308,5,0.7778,emulator_bot,virtual_card
ACC_004689,RING_00296,2027-03-19T11:51:55.546658+00:00,1,23,881.82,38.34,0,0,0.0,0.0,1,0.0482,desktop_safari,apple_pay
ACC_004690,RING_00296,2026-09-12T19:19:07.525820+00:00,1,22,1882.98,85.59,1,0,0.0455,0.0,1,0.0624,desktop_chrome,debit_card
ACC_004691,RING_00296,2026-05-09T19:19:46.925922+00:00,83,6,421.86,70.31,0,0,0.0,0.0,1,0.0755,desktop_safari,credit_card
ACC_004692,RING_00296,2027-04-16T04:24:53.084087+00:00,1,28,1131.48,40.41,1,0,0.0357,0.0,1,0.0537,desktop_chrome,apple_pay
ACC_004693,RING_00296,2027-04-01T06:56:02.100345+00:00,1,22,744.26,33.83,0,0,0.0,0.0,1,0.0444,mobile_ios,apple_pay
ACC_004694,RING_00296,2027-03-19T14:36:12.036337+00:00,1,9,287.82,31.98,0,0,0.0,0.0,0,0.0738,desktop_chrome,debit_card
ACC_004695,RING_00296,2026-07-14T13:51:28.972183+00:00,17,21,811.02,38.62,2,1,0.0952,0.0476,0,0.0606,mobile_ios,debit_card
ACC_004696,RING_00296,2026-06-24T10:30:26.241857+00:00,37,22,1060.84,48.22,1,0,0.0455,0.0,0,0.0419,desktop_safari,credit_card
ACC_004697,RING_00296,2027-01-02T06:22:22.249526+00:00,1,26,1440.4,55.4,0,0,0.0,0.0,0,0.0311,mobile_ios,apple_pay
ACC_004698,RING_00296,2027-01-14T21:46:19.503135+00:00,1,7,630.35,90.05,0,0,0.0,0.0,1,0.0638,mobile_ios,apple_pay
ACC_004699,RING_00296,2026-09-13T17:53:10.303655+00:00,1,6,293.52,48.92,0,0,0.0,0.0,0,0.0105,mobile_ios,debit_card
ACC_004700,RING_00296,2026-07-03T17:55:52.288580+00:00,28,23,2054.82,89.34,0,0,0.0,0.0,0,0.058,desktop_safari,debit_card
ACC_004701,RING_00296,2026-07-15T15:48:30.761912+00:00,16,18,1116.54,62.03,1,0,0.0556,0.0,0,0.0608,desktop_safari,credit_card
ACC_004702,RING_00296,2027-01-31T12:02:28.897690+00:00,1,11,279.29,25.39,1,0,0.0909,0.0,0,0.0662,mobile_ios,apple_pay
ACC_004703,RING_00296,2026-08-20T05:03:36.411866+00:00,1,23,1732.13,75.31,2,1,0.087,0.0435,0,0.0215,desktop_safari,debit_card
ACC_004704,RING_00296,2027-01-23T06:54:53.057309+00:00,1,11,846.78,76.98,0,0,0.0,0.0,0,0.0247,desktop_safari,apple_pay
ACC_004705,RING_00296,2026-09-06T18:58:07.706017+00:00,1,10,565.0,56.5,0,0,0.0,0.0,0,0.031,mobile_ios,apple_pay
ACC_004706,RING_00296,2026-05-28T07:02:47.406287+00:00,64,29,1267.3,43.7,2,1,0.069,0.0345,1,0.0616,mobile_ios,apple_pay
ACC_004707,RING_00296,2026-10-23T06:48:45.879428+00:00,1,20,549.0,27.45,2,1,0.1,0.05,0,0.0205,desktop_chrome,credit_card
ACC_004708,RING_00296,2026-10-03T21:25:21.860815+00:00,1,13,461.37,35.49,0,0,0.0,0.0,1,0.0149,desktop_chrome,credit_card
ACC_004709,RING_00296,2026-12-31T19:31:40.723013+00:00,1,13,486.59,37.43,1,0,0.0769,0.0,1,0.0502,mobile_ios,apple_pay
ACC_004710,RING_00296,2026-11-22T07:50:27.413686+00:00,1,12,833.16,69.43,1,0,0.0833,0.0,0,0.0386,mobile_ios,apple_pay
ACC_004711,RING_00296,2026-11-07T20:37:11.442853+00:00,1,12,784.08,65.34,1,0,0.0833,0.0,0,0.0739,desktop_safari,credit_card
ACC_004712,RING_00296,2026-06-10T22:57:11.018775+00:00,51,27,1458.27,54.01,2,1,0.0741,0.037,0,0.0202,desktop_chrome,credit_card
ACC_004713,RING_00296,2026-11-28T13:28:18.383579+00:00,1,6,477.06,79.51,0,0,0.0,0.0,0,0.013,desktop_safari,debit_card
ACC_004714,RING_00296,2026-09-05T08:16:55.325184+00:00,1,10,947.7,94.77,0,0,0.0,0.0,1,0.0286,desktop_safari,debit_card
ACC_004715,RING_00296,2026-08-01T11:02:08.826954+00:00,1,28,1826.44,65.23,1,0,0.0357,0.0,0,0.036,desktop_safari,debit_card
ACC_004716,RING_00296,2026-12-29T04:25:07.596082+00:00,1,5,204.85,40.97,0,0,0.0,0.0,1,0.0536,mobile_ios,credit_card
ACC_004717,RING_00296,2026-12-25T04:26:39.176307+00:00,1,9,543.87,60.43,0,0,0.0,0.0,1,0.0485,desktop_safari,apple_pay
ACC_004718,RING_00296,2027-01-14T03:09:19.375312+00:00,1,11,541.09,49.19,0,0,0.0,0.0,1,0.0114,desktop_chrome,credit_card
ACC_004719,RING_00296,2026-08-11T21:44:20.234131+00:00,1,22,1436.6,65.3,2,1,0.0909,0.0455,1,0.0793,mobile_ios,apple_pay
ACC_004720,RING_00296,2027-01-29T11:53:54.692497+00:00,1,5,359.5,71.9,0,0,0.0,0.0,0,0.0649,mobile_ios,apple_pay
ACC_004721,RING_00296,2027-02-23T19:29:36.441679+00:00,1,16,944.16,59.01,0,0,0.0,0.0,0,0.0338,mobile_ios,apple_pay
ACC_004722,RING_00296,2026-08-11T04:35:56.498695+00:00,1,29,1931.69,66.61,1,0,0.0345,0.0,0,0.0626,mobile_ios,debit_card
ACC_004723,RING_00296,2027-03-03T01:55:44.283843+00:00,1,24,2054.4,85.6,1,0,0.0417,0.0,0,0.0318,desktop_chrome,debit_card
ACC_004724,RING_00296,2026-08-04T12:39:51.154112+00:00,1,17,618.8,36.4,1,0,0.0588,0.0,1,0.0378,desktop_safari,apple_pay
ACC_004725,RING_00296,2026-07-28T04:48:18.443664+00:00,3,26,2205.06,84.81,2,1,0.0769,0.0385,1,0.0484,desktop_chrome,credit_card
ACC_004726,RING_00296,2026-06-15T07:11:53.979779+00:00,46,25,1665.25,66.61,2,1,0.08,0.04,1,0.062,desktop_chrome,credit_card
ACC_004727,RING_00296,2026-06-27T00:29:01.871184+00:00,34,19,904.02,47.58,1,0,0.0526,0.0,0,0.0756,desktop_chrome,credit_card
ACC_004728,RING_00296,2026-08-29T09:35:19.985272+00:00,1,20,1202.4,60.12,0,0,0.0,0.0,0,0.0378,desktop_safari,debit_card
ACC_004729,RING_00296,2027-02-17T05:21:02.568023+00:00,1,8,523.92,65.49,0,0,0.0,0.0,0,0.0398,desktop_chrome,credit_card
ACC_004730,RING_00296,2027-04-12T22:42:38.214036+00:00,1,27,1011.96,37.48,2,1,0.0741,0.037,1,0.0166,desktop_chrome,debit_card
ACC_004731,RING_00296,2026-08-18T02:49:24.840639+00:00,1,15,1297.65,86.51,1,0,0.0667,0.0,1,0.0483,mobile_ios,apple_pay
ACC_004732,RING_00296,2026-11-05T00:49:38.219605+00:00,1,14,537.04,38.36,0,0,0.0,0.0,0,0.0117,desktop_safari,apple_pay
ACC_004733,RING_00296,2026-12-21T23:14:55.644445+00:00,1,14,767.06,54.79,0,0,0.0,0.0,1,0.053,desktop_safari,credit_card
ACC_004734,RING_00296,2026-05-29T06:27:21.463640+00:00,63,21,1006.74,47.94,1,0,0.0476,0.0,1,0.0267,desktop_chrome,apple_pay
ACC_004735,RING_00296,2026-09-19T09:20:14.821724+00:00,1,10,454.0,45.4,0,0,0.0,0.0,0,0.0633,mobile_ios,apple_pay
ACC_004736,RING_00296,2026-09-11T04:08:46.981458+00:00,1,21,609.84,29.04,1,0,0.0476,0.0,1,0.0273,mobile_ios,credit_card
ACC_004737,RING_00296,2026-09-09T12:48:10.345959+00:00,1,19,1132.4,59.6,1,0,0.0526,0.0,0,0.0725,mobile_ios,apple_pay
ACC_004738,RING_00296,2027-01-19T00:15:38.902925+00:00,1,10,598.3,59.83,0,0,0.0,0.0,1,0.0654,mobile_ios,apple_pay
ACC_004739,RING_00296,2026-09-01T14:05:32.099645+00:00,1,7,284.62,40.66,0,0,0.0,0.0,0,0.0634,desktop_chrome,credit_card
ACC_004740,RING_00296,2027-01-07T17:10:05.952459+00:00,1,16,686.24,42.89,0,0,0.0,0.0,0,0.018,desktop_safari,credit_card
ACC_004741,RING_00296,2026-08-04T20:26:31.277920+00:00,1,18,1577.34,87.63,0,0,0.0,0.0,1,0.0377,mobile_ios,debit_card
ACC_004742,RING_00296,2027-04-20T19:53:14.503130+00:00,1,29,2531.41,87.29,0,0,0.0,0.0,1,0.0309,desktop_safari,debit_card
ACC_004743,RING_00296,2027-03-21T13:45:12.386834+00:00,1,22,1452.0,66.0,0,0,0.0,0.0,1,0.0491,desktop_chrome,credit_card
ACC_004744,RING_00296,2027-03-06T19:43:28.789697+00:00,1,5,150.55,30.11,0,0,0.0,0.0,1,0.0171,desktop_safari,apple_pay
ACC_004745,RING_00296,2027-04-16T09:38:01.145872+00:00,1,10,282.5,28.25,0,0,0.0,0.0,0,0.0145,desktop_chrome,apple_pay
ACC_004746,RING_00296,2027-04-10T11:13:38.747318+00:00,1,29,1438.4,49.6,2,1,0.069,0.0345,1,0.0564,desktop_chrome,apple_pay
ACC_004747,RING_00296,2027-02-03T00:07:52.010528+00:00,1,16,1078.56,67.41,1,0,0.0625,0.0,0,0.0102,mobile_ios,credit_card
ACC_004748,RING_00296,2027-04-08T21:39:16.831055+00:00,1,14,958.58,68.47,0,0,0.0,0.0,1,0.0787,desktop_chrome,credit_card
ACC_004749,RING_00296,2026-11-02T05:51:17.446267+00:00,1,22,711.26,32.33,1,0,0.0455,0.0,1,0.0375,desktop_chrome,credit_card
ACC_004750,RING_00296,2026-07-03T11:46:00.312007+00:00,28,18,1486.98,82.61,1,0,0.0556,0.0,0,0.0155,desktop_safari,credit_card
ACC_004751,RING_00297,2026-08-20T17:44:45.953185+00:00,1,32,4752.0,148.5,1,0,0.0312,0.0,2,0.0436,desktop_safari,credit_card
ACC_004752,RING_00297,2026-11-25T19:24:44.052354+00:00,1,29,4229.65,145.85,0,0,0.0,0.0,1,0.0539,desktop_chrome,credit_card
ACC_004753,RING_00297,2026-11-10T16:28:36.261403+00:00,1,17,2156.11,126.83,0,0,0.0,0.0,1,0.0146,mobile_ios,credit_card
ACC_004754,RING_00297,2026-07-27T18:57:39.048653+00:00,4,30,1461.6,48.72,0,0,0.0,0.0,2,0.0664,desktop_safari,credit_card
ACC_004755,RING_00297,2026-11-09T06:11:06.034690+00:00,1,38,4251.06,111.87,0,0,0.0,0.0,2,0.0786,desktop_safari,credit_card
ACC_004756,RING_00297,2026-11-08T05:19:36.572490+00:00,1,11,1634.16,148.56,0,0,0.0,0.0,2,0.028,desktop_safari,paypal
ACC_004757,RING_00297,2026-06-12T21:16:46.074996+00:00,49,24,1017.84,42.41,0,0,0.0,0.0,2,0.0613,desktop_safari,paypal
ACC_004758,RING_00297,2026-11-15T07:25:25.119662+00:00,1,9,410.67,45.63,0,0,0.0,0.0,1,0.0552,desktop_chrome,paypal
ACC_004759,RING_00297,2026-03-18T14:37:22.574684+00:00,135,19,2686.41,141.39,1,0,0.0526,0.0,3,0.0193,desktop_chrome,paypal
ACC_004760,RING_00297,2026-08-31T21:02:38.939932+00:00,1,29,3596.0,124.0,0,0,0.0,0.0,3,0.0343,desktop_safari,paypal
ACC_004761,RING_00297,2026-03-20T05:47:46.958639+00:00,133,27,4602.69,170.47,1,0,0.037,0.0,3,0.042,desktop_chrome,paypal
ACC_004762,RING_00297,2026-03-28T04:52:32.939479+00:00,125,14,1420.58,101.47,0,0,0.0,0.0,2,0.0428,desktop_chrome,credit_card
ACC_004763,RING_00297,2026-02-10T01:39:47.785498+00:00,171,21,1447.74,68.94,1,0,0.0476,0.0,3,0.0887,mobile_ios,paypal
ACC_004764,RING_00297,2026-12-02T20:35:54.621072+00:00,1,28,1291.64,46.13,1,0,0.0357,0.0,2,0.0634,desktop_chrome,paypal
ACC_004765,RING_00297,2026-11-24T21:58:49.708601+00:00,1,12,1249.08,104.09,0,0,0.0,0.0,1,0.0674,desktop_safari,credit_card
ACC_004766,RING_00297,2026-06-30T15:09:43.332878+00:00,31,9,432.09,48.01,0,0,0.0,0.0,1,0.0149,desktop_chrome,credit_card
ACC_004767,RING_00297,2026-03-02T17:48:10.980488+00:00,151,38,2775.14,73.03,0,0,0.0,0.0,1,0.0879,desktop_chrome,paypal
ACC_004768,RING_00297,2026-12-01T19:15:19.041402+00:00,1,36,5553.36,154.26,1,0,0.0278,0.0,3,0.0366,desktop_chrome,paypal
ACC_004769,RING_00297,2026-03-11T09:30:46.775721+00:00,142,8,485.92,60.74,0,0,0.0,0.0,3,0.046,mobile_ios,paypal
ACC_004770,RING_00297,2026-09-07T22:51:27.828229+00:00,1,39,3219.06,82.54,2,1,0.0513,0.0256,3,0.0519,mobile_ios,credit_card
ACC_004771,RING_00297,2026-04-05T09:17:28.564167+00:00,117,23,1300.19,56.53,0,0,0.0,0.0,1,0.0233,desktop_safari,paypal
ACC_004772,RING_00297,2026-03-06T17:58:47.699937+00:00,147,21,1146.39,54.59,0,0,0.0,0.0,3,0.0385,mobile_ios,paypal
ACC_004773,RING_00297,2026-03-27T23:49:25.126220+00:00,126,19,3299.35,173.65,0,0,0.0,0.0,3,0.0737,desktop_safari,paypal
ACC_004774,RING_00297,2026-11-10T04:27:55.093477+00:00,1,27,3783.78,140.14,0,0,0.0,0.0,2,0.0736,desktop_chrome,credit_card
ACC_004775,RING_00297,2026-05-19T04:32:50.674237+00:00,73,25,2503.25,100.13,1,0,0.04,0.0,1,0.055,desktop_chrome,credit_card
ACC_004776,RING_00297,2026-02-16T03:59:55.450489+00:00,165,34,4723.62,138.93,0,0,0.0,0.0,1,0.0329,desktop_chrome,paypal
ACC_004777,RING_00297,2026-05-08T21:11:45.198676+00:00,84,28,2936.08,104.86,1,0,0.0357,0.0,2,0.0271,desktop_chrome,credit_card
ACC_004778,RING_00297,2026-10-27T07:08:34.163910+00:00,1,27,2706.21,100.23,1,0,0.037,0.0,3,0.0236,desktop_safari,credit_card
ACC_004779,RING_00297,2026-10-15T18:50:21.374925+00:00,1,36,4200.12,116.67,1,0,0.0278,0.0,2,0.0826,desktop_safari,paypal
ACC_004780,RING_00297,2026-06-29T11:35:17.653275+00:00,32,31,1955.79,63.09,0,0,0.0,0.0,1,0.0598,mobile_ios,paypal
ACC_004781,RING_00297,2026-09-28T13:56:24.374894+00:00,1,18,1536.12,85.34,1,0,0.0556,0.0,2,0.0826,desktop_safari,credit_card
ACC_004782,RING_00297,2026-06-19T14:01:02.561325+00:00,42,17,2770.32,162.96,0,0,0.0,0.0,2,0.0477,mobile_ios,credit_card
ACC_004783,RING_00297,2026-05-16T10:51:44.770522+00:00,76,12,1608.0,134.0,0,0,0.0,0.0,1,0.064,mobile_ios,credit_card
ACC_004784,RING_00298,2026-05-13T00:04:55.764476+00:00,79,1,51.21,51.21,0,0,0.0,0.0,0,0.9158,desktop_chrome,virtual_card
ACC_004785,RING_00298,2026-05-13T00:09:21.490441+00:00,79,1,49.58,49.58,0,0,0.0,0.0,0,0.7584,desktop_chrome,virtual_card
ACC_004786,RING_00298,2026-05-13T00:24:07.231773+00:00,79,1,50.13,50.13,0,0,0.0,0.0,0,0.8379,desktop_chrome,virtual_card
ACC_004787,RING_00298,2026-05-13T00:22:18.122328+00:00,79,1,49.74,49.74,0,0,0.0,0.0,0,0.8548,desktop_chrome,virtual_card
ACC_004788,RING_00298,2026-05-13T00:06:25.159874+00:00,79,1,49.92,49.92,0,0,0.0,0.0,0,0.9169,desktop_chrome,virtual_card
ACC_004789,RING_00298,2026-05-13T00:18:12.812019+00:00,79,1,49.8,49.8,0,0,0.0,0.0,0,0.8865,desktop_chrome,virtual_card
ACC_004790,RING_00298,2026-05-13T00:08:14.279039+00:00,79,1,51.89,51.89,0,0,0.0,0.0,0,0.8349,desktop_chrome,virtual_card
ACC_004791,RING_00298,2026-05-13T00:00:11.787333+00:00,79,1,49.6,49.6,0,0,0.0,0.0,0,0.9014,desktop_chrome,virtual_card
ACC_004792,RING_00298,2026-05-13T00:21:15.174009+00:00,79,1,50.21,50.21,0,0,0.0,0.0,0,0.8425,desktop_chrome,virtual_card
ACC_004793,RING_00298,2026-05-13T00:20:33.739723+00:00,79,1,49.15,49.15,0,0,0.0,0.0,0,0.8092,desktop_chrome,virtual_card
ACC_004794,RING_00298,2026-05-13T00:07:21.239676+00:00,79,1,50.67,50.67,0,0,0.0,0.0,0,0.8678,desktop_chrome,virtual_card
ACC_004795,RING_00298,2026-05-13T00:19:18.139635+00:00,79,1,51.85,51.85,0,0,0.0,0.0,0,0.8492,desktop_chrome,virtual_card
ACC_004796,RING_00298,2026-05-13T00:00:47.230988+00:00,79,1,49.81,49.81,0,0,0.0,0.0,0,0.8447,desktop_chrome,virtual_card
ACC_004797,RING_00298,2026-05-13T00:13:29.675966+00:00,79,1,49.21,49.21,0,0,0.0,0.0,0,0.7752,desktop_chrome,virtual_card
ACC_004798,RING_00298,2026-05-13T00:24:32.375676+00:00,79,1,50.06,50.06,0,0,0.0,0.0,0,0.7538,desktop_chrome,virtual_card
ACC_004799,RING_00298,2026-05-13T00:19:42.717576+00:00,79,1,49.23,49.23,0,0,0.0,0.0,0,0.7512,desktop_chrome,virtual_card
ACC_004800,RING_00298,2026-05-13T00:14:23.343128+00:00,79,1,49.55,49.55,0,0,0.0,0.0,0,0.8903,desktop_chrome,virtual_card
ACC_004801,RING_00298,2026-05-13T00:09:08.732128+00:00,79,1,50.05,50.05,0,0,0.0,0.0,0,0.9034,desktop_chrome,virtual_card
ACC_004802,RING_00299,2027-06-24T17:28:31.107097+00:00,1,30,2280.0,76.0,1,0,0.0333,0.0,0,0.0164,mobile_android,credit_card
ACC_004803,RING_00300,2027-02-08T09:26:53.810227+00:00,1,29,2465.29,85.01,1,0,0.0345,0.0,3,0.0121,desktop_chrome,credit_card
ACC_004804,RING_00300,2026-12-24T10:20:59.334396+00:00,1,13,652.86,50.22,0,0,0.0,0.0,1,0.0287,mobile_ios,credit_card
ACC_004805,RING_00300,2026-05-08T00:46:20.337992+00:00,84,16,2232.48,139.53,0,0,0.0,0.0,2,0.0503,mobile_android,debit_card
ACC_004806,RING_00300,2026-10-18T22:21:21.256209+00:00,1,16,2444.32,152.77,1,0,0.0625,0.0,3,0.0425,desktop_chrome,credit_card
ACC_004807,RING_00300,2026-09-13T12:22:53.979840+00:00,1,38,6076.58,159.91,1,0,0.0263,0.0,2,0.0619,desktop_chrome,credit_card
ACC_004808,RING_00300,2026-07-19T18:19:24.302191+00:00,12,30,4533.9,151.13,1,0,0.0333,0.0,3,0.0455,mobile_ios,debit_card
ACC_004809,RING_00300,2026-12-29T15:43:31.793691+00:00,1,34,4834.46,142.19,1,0,0.0294,0.0,2,0.0681,mobile_android,credit_card
ACC_004810,RING_00300,2027-05-03T23:21:02.516189+00:00,1,25,2314.25,92.57,0,0,0.0,0.0,3,0.0392,mobile_android,debit_card
ACC_004811,RING_00300,2026-07-20T02:02:12.133379+00:00,11,27,4214.97,156.11,1,0,0.037,0.0,2,0.0523,desktop_chrome,credit_card
ACC_004812,RING_00300,2026-07-13T06:53:54.284276+00:00,18,22,2991.78,135.99,2,1,0.0909,0.0455,3,0.0237,mobile_android,debit_card
ACC_004813,RING_00300,2026-11-05T14:42:18.306316+00:00,1,11,629.97,57.27,0,0,0.0,0.0,3,0.0171,mobile_ios,credit_card
ACC_004814,RING_00300,2026-05-22T12:07:16.751584+00:00,70,15,952.05,63.47,0,0,0.0,0.0,1,0.0113,mobile_android,debit_card
ACC_004815,RING_00300,2026-07-14T23:30:41.493208+00:00,17,36,3890.88,108.08,3,2,0.0833,0.0556,1,0.0212,mobile_android,credit_card
ACC_004816,RING_00300,2026-06-23T09:48:23.222633+00:00,38,34,3844.72,113.08,2,1,0.0588,0.0294,3,0.0553,mobile_ios,debit_card
ACC_004817,RING_00300,2026-07-28T07:46:28.579028+00:00,3,25,2579.5,103.18,1,0,0.04,0.0,3,0.0412,mobile_android,credit_card
ACC_004818,RING_00300,2026-10-30T12:07:32.691304+00:00,1,32,4072.64,127.27,2,1,0.0625,0.0312,1,0.0482,desktop_chrome,debit_card
ACC_004819,RING_00300,2026-11-02T17:12:35.816941+00:00,1,32,5042.24,157.57,2,1,0.0625,0.0312,2,0.039,mobile_ios,debit_card
ACC_004820,RING_00300,2026-12-28T00:03:45.185966+00:00,1,38,3356.54,88.33,1,0,0.0263,0.0,3,0.0405,mobile_ios,credit_card
ACC_004821,RING_00300,2027-03-02T16:27:18.142542+00:00,1,34,2224.28,65.42,1,0,0.0294,0.0,1,0.0606,mobile_ios,debit_card
ACC_004822,RING_00300,2027-02-18T12:19:40.177673+00:00,1,17,929.22,54.66,0,0,0.0,0.0,2,0.0125,mobile_ios,debit_card
ACC_004823,RING_00300,2027-01-06T13:41:57.814441+00:00,1,24,3203.04,133.46,2,1,0.0833,0.0417,1,0.0249,desktop_chrome,credit_card
ACC_004824,RING_00300,2027-03-30T11:27:10.135158+00:00,1,28,4434.92,158.39,0,0,0.0,0.0,2,0.0154,desktop_chrome,debit_card
ACC_004825,RING_00300,2026-12-06T12:12:51.711397+00:00,1,38,5759.28,151.56,2,1,0.0526,0.0263,1,0.0307,mobile_android,debit_card
ACC_004826,RING_00300,2027-03-18T02:47:34.009384+00:00,1,24,3622.32,150.93,1,0,0.0417,0.0,2,0.0233,mobile_ios,debit_card
ACC_004827,RING_00300,2027-02-06T03:40:59.371706+00:00,1,37,3575.31,96.63,0,0,0.0,0.0,2,0.0578,mobile_android,credit_card
ACC_004828,RING_00301,2026-10-02T01:27:50.187565+00:00,1,39,4856.28,124.52,1,0,0.0256,0.0,2,0.0508,mobile_ios,credit_card
ACC_004829,RING_00301,2027-01-17T16:48:57.076178+00:00,1,40,5068.4,126.71,4,3,0.1,0.075,2,0.0173,mobile_android,credit_card
ACC_004830,RING_00301,2026-04-12T19:55:07.059515+00:00,110,34,3257.2,95.8,1,0,0.0294,0.0,2,0.0109,mobile_ios,credit_card
ACC_004831,RING_00302,2026-12-13T07:36:49.269177+00:00,1,6,371.46,61.91,0,0,0.0,0.0,2,0.0156,desktop_chrome,paypal
ACC_004832,RING_00303,2026-05-18T19:12:44.715799+00:00,74,31,3072.1,99.1,2,1,0.0645,0.0323,0,0.0823,desktop_chrome,paypal
ACC_004833,RING_00304,2026-12-12T04:49:07.790313+00:00,1,33,3449.82,104.54,3,2,0.0909,0.0606,2,0.0207,mobile_ios,credit_card
ACC_004834,RING_00304,2027-07-26T04:38:45.318880+00:00,1,48,3809.28,79.36,7,4,0.1458,0.0833,1,0.0205,mobile_android,credit_card
ACC_004835,RING_00304,2026-09-18T23:23:26.509661+00:00,1,40,4200.8,105.02,3,2,0.075,0.05,1,0.0532,mobile_ios,credit_card
ACC_004836,RING_00305,2027-03-29T04:16:31.406382+00:00,1,38,3234.94,85.13,0,0,0.0,0.0,2,0.0374,desktop_safari,credit_card
ACC_004837,RING_00305,2026-12-30T10:14:54.209108+00:00,1,23,1829.19,79.53,1,0,0.0435,0.0,1,0.0753,desktop_safari,credit_card
ACC_004838,RING_00305,2027-01-01T19:50:26.050617+00:00,1,31,2209.06,71.26,2,1,0.0645,0.0323,1,0.0496,desktop_chrome,paypal
ACC_004839,RING_00305,2026-09-04T22:55:04.018435+00:00,1,31,2901.29,93.59,1,0,0.0323,0.0,3,0.0569,desktop_safari,credit_card
ACC_004840,RING_00305,2027-03-20T21:57:37.956189+00:00,1,29,3993.88,137.72,1,0,0.0345,0.0,3,0.0768,mobile_ios,paypal
ACC_004841,RING_00305,2026-07-25T18:13:40.390660+00:00,6,16,2093.44,130.84,0,0,0.0,0.0,2,0.0614,desktop_chrome,paypal
ACC_004842,RING_00305,2027-03-27T06:39:37.522764+00:00,1,16,768.32,48.02,0,0,0.0,0.0,2,0.0617,desktop_safari,paypal
ACC_004843,RING_00305,2026-08-26T15:03:31.430052+00:00,1,29,2647.12,91.28,0,0,0.0,0.0,2,0.0497,desktop_chrome,credit_card
ACC_004844,RING_00305,2026-12-10T11:57:50.788420+00:00,1,32,4590.72,143.46,2,1,0.0625,0.0312,3,0.0794,desktop_chrome,paypal
ACC_004845,RING_00305,2027-03-20T14:14:01.278691+00:00,1,39,5802.42,148.78,1,0,0.0256,0.0,1,0.0448,mobile_ios,paypal
ACC_004846,RING_00305,2026-12-10T12:28:41.421427+00:00,1,25,1507.25,60.29,0,0,0.0,0.0,3,0.0534,mobile_ios,paypal
ACC_004847,RING_00305,2026-10-06T15:48:05.763451+00:00,1,34,3804.6,111.9,1,0,0.0294,0.0,2,0.0593,desktop_chrome,paypal
ACC_004848,RING_00305,2026-12-10T10:58:07.879151+00:00,1,23,3792.7,164.9,0,0,0.0,0.0,3,0.0379,mobile_ios,credit_card
ACC_004849,RING_00305,2026-10-11T04:15:31.285278+00:00,1,31,1326.18,42.78,2,1,0.0645,0.0323,3,0.0513,desktop_chrome,paypal
ACC_004850,RING_00305,2027-03-31T10:33:51.044047+00:00,1,12,1666.32,138.86,0,0,0.0,0.0,2,0.0753,desktop_safari,credit_card
ACC_004851,RING_00305,2027-03-24T17:00:07.187516+00:00,1,31,4757.26,153.46,1,0,0.0323,0.0,2,0.0474,mobile_ios,paypal
ACC_004852,RING_00305,2027-02-21T20:19:20.676671+00:00,1,10,523.2,52.32,0,0,0.0,0.0,2,0.012,desktop_safari,paypal
ACC_004853,RING_00305,2026-08-14T22:37:54.505560+00:00,1,28,4314.8,154.1,1,0,0.0357,0.0,3,0.0738,desktop_safari,paypal
ACC_004854,RING_00305,2027-03-27T12:45:24.317146+00:00,1,39,4709.25,120.75,2,1,0.0513,0.0256,3,0.0176,desktop_chrome,credit_card
ACC_004855,RING_00305,2026-09-14T10:14:18.560197+00:00,1,38,3623.68,95.36,2,1,0.0526,0.0263,3,0.0483,mobile_ios,paypal
ACC_004856,RING_00305,2026-10-20T20:23:54.930644+00:00,1,30,3933.3,131.11,1,0,0.0333,0.0,1,0.0783,mobile_ios,credit_card
ACC_004857,RING_00305,2026-10-29T03:03:54.169581+00:00,1,39,5865.21,150.39,0,0,0.0,0.0,3,0.0207,desktop_safari,paypal
ACC_004858,RING_00305,2026-11-11T20:34:55.953112+00:00,1,14,1626.52,116.18,0,0,0.0,0.0,1,0.0855,desktop_chrome,paypal
ACC_004859,RING_00305,2026-11-26T00:33:41.315565+00:00,1,20,3185.4,159.27,0,0,0.0,0.0,3,0.011,desktop_safari,credit_card
ACC_004860,RING_00305,2027-03-10T14:57:31.399301+00:00,1,28,4486.72,160.24,1,0,0.0357,0.0,3,0.0302,desktop_safari,paypal
ACC_004861,RING_00305,2026-08-15T19:54:12.835105+00:00,1,29,1508.87,52.03,0,0,0.0,0.0,1,0.0217,desktop_safari,credit_card
ACC_004862,RING_00305,2026-07-24T08:34:00.165335+00:00,7,38,2618.96,68.92,0,0,0.0,0.0,1,0.0435,desktop_chrome,paypal
ACC_004863,RING_00305,2026-10-20T18:10:15.971831+00:00,1,29,4357.25,150.25,1,0,0.0345,0.0,3,0.0257,desktop_chrome,credit_card
ACC_004864,RING_00305,2026-10-05T00:33:59.135460+00:00,1,27,4030.02,149.26,0,0,0.0,0.0,2,0.0155,desktop_chrome,credit_card
ACC_004865,RING_00305,2026-09-19T10:32:09.808104+00:00,1,12,794.28,66.19,0,0,0.0,0.0,3,0.015,desktop_safari,credit_card
ACC_004866,RING_00305,2026-12-30T01:15:07.365063+00:00,1,14,2407.3,171.95,0,0,0.0,0.0,1,0.0272,mobile_ios,credit_card
ACC_004867,RING_00305,2026-07-18T17:58:30.364378+00:00,13,18,2174.76,120.82,0,0,0.0,0.0,2,0.0856,desktop_safari,credit_card
ACC_004868,RING_00305,2026-08-19T05:55:18.653546+00:00,1,10,1265.0,126.5,0,0,0.0,0.0,1,0.0352,desktop_safari,paypal
ACC_004869,RING_00305,2026-11-07T19:54:54.627721+00:00,1,31,2736.99,88.29,0,0,0.0,0.0,1,0.0101,mobile_ios,credit_card
ACC_004870,RING_00305,2027-03-13T19:04:36.117439+00:00,1,33,5682.27,172.19,1,0,0.0303,0.0,2,0.0102,desktop_safari,paypal
ACC_004871,RING_00305,2026-11-12T01:51:42.131766+00:00,1,33,1545.72,46.84,0,0,0.0,0.0,3,0.013,mobile_ios,paypal
ACC_004872,RING_00306,2026-07-19T07:35:15.753494+00:00,12,33,2864.73,86.81,2,1,0.0606,0.0303,3,0.0668,mobile_android,credit_card
ACC_004873,RING_00306,2026-12-17T09:51:36.142790+00:00,1,25,3002.75,120.11,1,0,0.04,0.0,3,0.0188,mobile_ios,debit_card
ACC_004874,RING_00306,2027-05-01T02:16:48.097531+00:00,1,24,1258.56,52.44,1,0,0.0417,0.0,3,0.0541,mobile_ios,credit_card
ACC_004875,RING_00306,2027-07-07T18:06:30.557138+00:00,1,38,4923.66,129.57,1,0,0.0263,0.0,2,0.0419,mobile_ios,credit_card
ACC_004876,RING_00306,2026-11-02T12:43:43.974739+00:00,1,21,2404.29,114.49,1,0,0.0476,0.0,2,0.0166,mobile_android,debit_card
ACC_004877,RING_00306,2027-02-21T04:26:34.341750+00:00,1,36,3184.92,88.47,0,0,0.0,0.0,2,0.0579,mobile_android,debit_card
ACC_004878,RING_00306,2026-11-30T22:35:07.321995+00:00,1,16,1604.64,100.29,1,0,0.0625,0.0,3,0.0403,mobile_android,debit_card
ACC_004879,RING_00306,2027-02-02T23:12:46.252044+00:00,1,13,586.04,45.08,1,0,0.0769,0.0,3,0.0214,mobile_ios,credit_card
ACC_004880,RING_00306,2027-05-26T04:34:45.926781+00:00,1,11,1015.63,92.33,0,0,0.0,0.0,1,0.0513,mobile_android,debit_card
ACC_004881,RING_00306,2027-02-10T20:48:22.422986+00:00,1,23,2775.41,120.67,1,0,0.0435,0.0,3,0.068,mobile_ios,debit_card
ACC_004882,RING_00306,2026-12-27T06:22:00.806906+00:00,1,26,1285.7,49.45,1,0,0.0385,0.0,3,0.0377,desktop_chrome,debit_card
ACC_004883,RING_00306,2026-06-30T19:30:51.625843+00:00,31,10,813.9,81.39,0,0,0.0,0.0,1,0.0376,desktop_chrome,debit_card
ACC_004884,RING_00306,2026-08-12T01:46:30.407552+00:00,1,32,2579.52,80.61,1,0,0.0312,0.0,1,0.0429,mobile_ios,credit_card
ACC_004885,RING_00306,2026-09-10T05:09:54.647644+00:00,1,30,3555.9,118.53,2,1,0.0667,0.0333,3,0.0559,mobile_android,debit_card
ACC_004886,RING_00306,2027-05-03T21:57:44.379347+00:00,1,16,1592.8,99.55,0,0,0.0,0.0,1,0.0484,mobile_ios,credit_card
ACC_004887,RING_00306,2026-12-27T09:18:56.870557+00:00,1,24,3767.28,156.97,1,0,0.0417,0.0,3,0.0102,desktop_chrome,credit_card
ACC_004888,RING_00306,2026-07-29T03:27:25.595696+00:00,2,19,932.14,49.06,0,0,0.0,0.0,1,0.0258,desktop_chrome,debit_card
ACC_004889,RING_00306,2027-02-22T18:59:46.009166+00:00,1,20,937.0,46.85,1,0,0.05,0.0,3,0.0261,mobile_android,debit_card
ACC_004890,RING_00306,2027-02-19T19:19:33.472436+00:00,1,24,3269.52,136.23,1,0,0.0417,0.0,3,0.0454,mobile_android,credit_card
ACC_004891,RING_00307,2026-03-08T00:58:07.124021+00:00,145,21,2142.84,102.04,5,2,0.2381,0.0952,3,0.9456,emulator_bot,virtual_card
ACC_004892,RING_00307,2026-03-08T00:36:37.831908+00:00,145,19,1665.54,87.66,3,3,0.1579,0.1579,4,0.7555,emulator_bot,virtual_card
ACC_004893,RING_00307,2026-03-08T01:23:11.439029+00:00,145,14,1298.78,92.77,3,2,0.2143,0.1429,3,0.9001,emulator_bot,virtual_card
ACC_004894,RING_00307,2026-03-08T01:00:31.409042+00:00,145,11,1490.61,135.51,2,2,0.1818,0.1818,4,0.7455,emulator_bot,virtual_card
ACC_004895,RING_00307,2026-03-08T01:08:50.765980+00:00,145,17,3005.77,176.81,2,3,0.1176,0.1765,2,0.9343,emulator_bot,virtual_card
ACC_004896,RING_00307,2026-03-08T00:51:23.998220+00:00,145,13,1753.31,134.87,3,3,0.2308,0.2308,5,0.917,emulator_bot,virtual_card
ACC_004897,RING_00307,2026-03-08T01:27:00.383498+00:00,145,17,2760.97,162.41,2,3,0.1176,0.1765,4,0.848,emulator_bot,virtual_card
ACC_004898,RING_00307,2026-03-08T00:01:52.207026+00:00,145,18,2137.86,118.77,3,4,0.1667,0.2222,2,0.933,emulator_bot,virtual_card
ACC_004899,RING_00307,2026-03-08T00:00:12.097458+00:00,145,9,1289.07,143.23,5,3,0.5556,0.3333,6,0.7476,emulator_bot,virtual_card
ACC_004900,RING_00307,2026-03-08T01:21:56.376251+00:00,145,21,3241.14,154.34,3,3,0.1429,0.1429,6,0.8797,emulator_bot,virtual_card
ACC_004901,RING_00307,2026-03-08T00:03:11.938963+00:00,145,19,3227.91,169.89,3,4,0.1579,0.2105,5,0.8032,emulator_bot,virtual_card
ACC_004902,RING_00307,2026-03-08T00:40:27.757256+00:00,145,19,2369.68,124.72,4,2,0.2105,0.1053,6,0.896,emulator_bot,virtual_card
ACC_004903,RING_00307,2026-03-08T00:43:57.575865+00:00,145,17,3113.72,183.16,5,4,0.2941,0.2353,4,0.722,emulator_bot,virtual_card
ACC_004904,RING_00307,2026-03-08T01:13:39.433741+00:00,145,13,2415.92,185.84,4,2,0.3077,0.1538,2,0.7951,emulator_bot,virtual_card
ACC_004905,RING_00308,2027-04-26T22:35:58.436666+00:00,1,27,1845.72,68.36,3,2,0.1111,0.0741,2,0.0872,mobile_android,credit_card
ACC_004906,RING_00309,2027-01-19T04:23:54.351253+00:00,1,28,1702.68,60.81,1,0,0.0357,0.0,2,0.0365,mobile_ios,debit_card
ACC_004907,RING_00310,2026-10-01T13:43:13.806463+00:00,1,28,3499.44,124.98,1,0,0.0357,0.0,0,0.0649,desktop_chrome,credit_card
ACC_004908,RING_00310,2026-09-02T13:28:57.626534+00:00,1,16,662.4,41.4,0,0,0.0,0.0,1,0.0685,desktop_chrome,credit_card
ACC_004909,RING_00310,2027-05-12T06:54:49.413210+00:00,1,9,1139.04,126.56,0,0,0.0,0.0,1,0.0514,mobile_ios,credit_card
ACC_004910,RING_00310,2026-06-04T05:18:27.555381+00:00,57,25,3720.5,148.82,0,0,0.0,0.0,1,0.0323,desktop_chrome,credit_card
ACC_004911,RING_00310,2026-11-21T12:21:46.026850+00:00,1,14,1684.9,120.35,0,0,0.0,0.0,0,0.0568,mobile_ios,credit_card
ACC_004912,RING_00310,2027-02-02T16:56:33.378018+00:00,1,11,472.78,42.98,0,0,0.0,0.0,1,0.0687,mobile_ios,credit_card
ACC_004913,RING_00310,2026-08-24T04:46:51.430117+00:00,1,27,1215.0,45.0,2,1,0.0741,0.037,0,0.0326,desktop_chrome,credit_card
ACC_004914,RING_00310,2026-07-16T03:14:30.554896+00:00,15,23,1789.63,77.81,0,0,0.0,0.0,2,0.0447,mobile_ios,credit_card
ACC_004915,RING_00310,2026-09-14T04:01:20.951406+00:00,1,32,3716.16,116.13,3,2,0.0938,0.0625,0,0.0265,mobile_ios,credit_card
ACC_004916,RING_00310,2026-08-02T09:09:28.389210+00:00,1,23,2241.58,97.46,2,1,0.087,0.0435,2,0.0414,desktop_chrome,credit_card
ACC_004917,RING_00310,2026-11-18T01:13:52.689555+00:00,1,10,648.1,64.81,0,0,0.0,0.0,2,0.0159,mobile_ios,credit_card
ACC_004918,RING_00310,2026-12-28T01:25:03.696522+00:00,1,18,1521.72,84.54,2,1,0.1111,0.0556,2,0.0484,mobile_ios,credit_card
ACC_004919,RING_00310,2026-10-31T18:31:24.790459+00:00,1,21,1395.66,66.46,1,0,0.0476,0.0,0,0.0401,desktop_chrome,credit_card
ACC_004920,RING_00310,2027-01-04T00:33:10.390540+00:00,1,24,1691.28,70.47,1,0,0.0417,0.0,0,0.0284,mobile_ios,credit_card
ACC_004921,RING_00310,2027-02-17T07:58:18.007451+00:00,1,31,4154.31,134.01,3,1,0.0968,0.0323,1,0.0238,mobile_ios,credit_card
ACC_004922,RING_00310,2026-06-12T18:18:48.904511+00:00,49,13,1500.07,115.39,0,0,0.0,0.0,0,0.0566,mobile_ios,credit_card
ACC_004923,RING_00310,2026-11-13T23:56:45.455202+00:00,1,32,2821.76,88.18,0,0,0.0,0.0,1,0.0585,mobile_ios,credit_card
ACC_004924,RING_00310,2027-03-13T22:28:53.194651+00:00,1,32,4489.92,140.31,1,0,0.0312,0.0,1,0.0415,mobile_ios,credit_card
ACC_004925,RING_00310,2027-04-04T21:47:51.300123+00:00,1,18,1516.86,84.27,0,0,0.0,0.0,1,0.0636,desktop_chrome,credit_card
ACC_004926,RING_00310,2027-03-09T04:55:15.792752+00:00,1,33,4663.56,141.32,1,0,0.0303,0.0,0,0.073,mobile_ios,credit_card
ACC_004927,RING_00311,2026-10-19T15:38:33.525340+00:00,1,14,1552.6,110.9,0,0,0.0,0.0,0,0.0522,desktop_chrome,debit_card
ACC_004928,RING_00312,2026-03-18T02:07:14.335038+00:00,135,14,1695.4,121.1,0,0,0.0,0.0,2,0.0618,mobile_ios,credit_card
ACC_004929,RING_00313,2026-06-27T04:40:53.693774+00:00,34,17,568.65,33.45,0,0,0.0,0.0,1,0.0792,mobile_ios,credit_card
ACC_004930,RING_00313,2026-10-17T11:00:00.528515+00:00,1,26,2453.62,94.37,1,0,0.0385,0.0,0,0.0777,desktop_safari,debit_card
ACC_004931,RING_00313,2026-03-27T17:07:46.340090+00:00,126,19,1348.62,70.98,2,1,0.1053,0.0526,1,0.0715,mobile_ios,credit_card
ACC_004932,RING_00313,2027-01-08T19:11:49.265405+00:00,1,23,1978.46,86.02,2,1,0.087,0.0435,0,0.0423,desktop_chrome,apple_pay
ACC_004933,RING_00313,2026-04-17T00:01:10.283489+00:00,105,17,1089.19,64.07,1,0,0.0588,0.0,0,0.0337,mobile_ios,apple_pay
ACC_004934,RING_00313,2026-05-15T00:39:30.747846+00:00,77,7,377.58,53.94,0,0,0.0,0.0,0,0.0657,mobile_ios,apple_pay
ACC_004935,RING_00313,2026-05-16T17:17:01.865280+00:00,76,18,733.68,40.76,0,0,0.0,0.0,0,0.0427,desktop_chrome,apple_pay
ACC_004936,RING_00313,2026-05-11T03:51:29.898052+00:00,81,16,1126.88,70.43,0,0,0.0,0.0,1,0.0426,desktop_safari,apple_pay
ACC_004937,RING_00313,2026-04-07T15:47:36.106401+00:00,115,15,960.45,64.03,0,0,0.0,0.0,1,0.0426,desktop_safari,debit_card
ACC_004938,RING_00313,2026-07-01T14:36:29.435613+00:00,30,22,829.4,37.7,2,1,0.0909,0.0455,1,0.0468,mobile_ios,debit_card
ACC_004939,RING_00313,2026-02-11T22:30:37.107686+00:00,170,29,2262.58,78.02,3,1,0.1034,0.0345,1,0.0173,desktop_safari,debit_card
ACC_004940,RING_00313,2026-04-02T18:45:47.665150+00:00,120,18,1484.1,82.45,1,0,0.0556,0.0,1,0.0791,desktop_chrome,debit_card
ACC_004941,RING_00313,2026-11-10T14:56:14.521158+00:00,1,8,332.48,41.56,0,0,0.0,0.0,1,0.0623,desktop_safari,credit_card
ACC_004942,RING_00313,2026-03-26T10:47:08.545225+00:00,127,13,1024.92,78.84,1,0,0.0769,0.0,0,0.067,desktop_safari,debit_card
ACC_004943,RING_00313,2026-12-10T08:35:25.556411+00:00,1,24,1704.48,71.02,1,0,0.0417,0.0,0,0.0555,desktop_safari,credit_card
ACC_004944,RING_00313,2026-07-02T00:26:27.304259+00:00,29,9,476.73,52.97,1,0,0.1111,0.0,1,0.0757,desktop_safari,credit_card
ACC_004945,RING_00313,2026-05-03T04:12:08.765453+00:00,89,19,619.97,32.63,1,0,0.0526,0.0,1,0.038,mobile_ios,apple_pay
ACC_004946,RING_00313,2026-08-29T20:29:25.720640+00:00,1,16,1062.72,66.42,0,0,0.0,0.0,0,0.0797,desktop_safari,apple_pay
ACC_004947,RING_00313,2026-12-04T01:46:31.504012+00:00,1,24,1012.32,42.18,1,0,0.0417,0.0,1,0.0475,desktop_chrome,apple_pay
ACC_004948,RING_00313,2026-09-22T07:47:28.580826+00:00,1,9,309.24,34.36,0,0,0.0,0.0,0,0.0588,mobile_ios,apple_pay
ACC_004949,RING_00313,2026-10-10T12:58:46.290709+00:00,1,26,1984.32,76.32,2,1,0.0769,0.0385,1,0.0378,desktop_safari,debit_card
ACC_004950,RING_00313,2026-03-15T15:57:31.908190+00:00,138,20,1295.8,64.79,0,0,0.0,0.0,1,0.0218,desktop_safari,apple_pay
ACC_004951,RING_00313,2026-09-20T14:29:41.529574+00:00,1,12,1025.4,85.45,0,0,0.0,0.0,0,0.0671,desktop_chrome,credit_card
ACC_004952,RING_00313,2026-10-29T03:38:42.260882+00:00,1,22,1488.08,67.64,0,0,0.0,0.0,1,0.0787,desktop_safari,apple_pay
ACC_004953,RING_00313,2026-02-22T14:53:31.324859+00:00,159,13,1010.36,77.72,1,0,0.0769,0.0,0,0.0759,mobile_ios,debit_card
ACC_004954,RING_00313,2026-12-01T00:05:56.162544+00:00,1,17,548.42,32.26,1,0,0.0588,0.0,0,0.0185,desktop_safari,apple_pay
ACC_004955,RING_00313,2026-08-16T11:16:44.830379+00:00,1,25,1830.5,73.22,2,1,0.08,0.04,1,0.0707,mobile_ios,apple_pay
ACC_004956,RING_00313,2026-12-16T05:40:51.728667+00:00,1,13,820.95,63.15,1,0,0.0769,0.0,1,0.0228,mobile_ios,debit_card
ACC_004957,RING_00313,2027-01-11T23:07:52.378117+00:00,1,18,518.4,28.8,2,1,0.1111,0.0556,1,0.0535,mobile_ios,debit_card
ACC_004958,RING_00313,2026-05-29T10:14:52.251131+00:00,63,18,1159.56,64.42,1,0,0.0556,0.0,0,0.053,mobile_ios,credit_card
ACC_004959,RING_00313,2026-02-08T01:12:32.962289+00:00,173,14,943.32,67.38,1,0,0.0714,0.0,1,0.0409,desktop_safari,credit_card
ACC_004960,RING_00313,2026-11-13T06:38:30.459935+00:00,1,26,1790.88,68.88,2,1,0.0769,0.0385,1,0.0244,desktop_safari,debit_card
ACC_004961,RING_00313,2026-03-18T05:53:23.659162+00:00,135,29,773.14,26.66,0,0,0.0,0.0,1,0.0463,mobile_ios,apple_pay
ACC_004962,RING_00313,2026-11-05T04:01:18.994325+00:00,1,28,742.28,26.51,1,0,0.0357,0.0,1,0.0465,desktop_safari,apple_pay
ACC_004963,RING_00313,2027-01-23T01:15:56.855328+00:00,1,13,1023.23,78.71,0,0,0.0,0.0,0,0.0467,mobile_ios,credit_card
ACC_004964,RING_00313,2026-04-11T18:42:49.396442+00:00,111,19,1617.85,85.15,1,0,0.0526,0.0,0,0.0747,desktop_safari,credit_card
ACC_004965,RING_00314,2026-06-02T19:34:55.844820+00:00,59,36,3016.44,83.79,3,1,0.0833,0.0278,2,0.0209,mobile_ios,credit_card
ACC_004966,RING_00314,2026-09-22T01:16:22.198606+00:00,1,34,2973.98,87.47,3,2,0.0882,0.0588,1,0.0549,mobile_ios,credit_card
ACC_004967,RING_00314,2026-04-08T09:05:31.349216+00:00,114,48,2598.24,54.13,5,3,0.1042,0.0625,2,0.057,mobile_ios,credit_card
ACC_004968,RING_00314,2026-11-06T14:27:17.602326+00:00,1,12,1663.68,138.64,1,0,0.0833,0.0,2,0.0144,mobile_ios,credit_card
ACC_004969,RING_00315,2026-12-03T18:24:40.716860+00:00,1,23,1066.74,46.38,0,0,0.0,0.0,2,0.0639,desktop_chrome,credit_card
ACC_004970,RING_00315,2026-03-21T15:15:41.230859+00:00,132,26,3714.62,142.87,1,0,0.0385,0.0,1,0.028,desktop_chrome,credit_card
ACC_004971,RING_00315,2026-12-28T15:54:35.190723+00:00,1,14,834.68,59.62,1,0,0.0714,0.0,1,0.0154,mobile_ios,credit_card
ACC_004972,RING_00315,2026-10-18T03:32:56.314934+00:00,1,23,2357.04,102.48,2,1,0.087,0.0435,1,0.0573,mobile_ios,credit_card
ACC_004973,RING_00315,2026-06-20T13:17:54.130647+00:00,41,27,3836.43,142.09,2,1,0.0741,0.037,0,0.0654,mobile_ios,credit_card
ACC_004974,RING_00315,2026-05-04T06:02:41.887299+00:00,88,18,1377.72,76.54,1,0,0.0556,0.0,1,0.0712,mobile_ios,credit_card
ACC_004975,RING_00315,2026-11-05T02:56:16.335212+00:00,1,16,819.2,51.2,1,0,0.0625,0.0,1,0.0595,desktop_chrome,credit_card
ACC_004976,RING_00315,2026-01-27T01:00:00.476926+00:00,185,7,594.02,84.86,0,0,0.0,0.0,0,0.0755,desktop_chrome,credit_card
ACC_004977,RING_00315,2026-11-27T21:15:26.137500+00:00,1,15,1262.7,84.18,0,0,0.0,0.0,0,0.0723,mobile_ios,credit_card
ACC_004978,RING_00315,2026-10-09T08:45:40.189343+00:00,1,27,1318.95,48.85,0,0,0.0,0.0,0,0.0236,mobile_ios,credit_card
ACC_004979,RING_00315,2026-11-01T18:47:31.520943+00:00,1,23,1567.45,68.15,2,1,0.087,0.0435,0,0.0129,desktop_chrome,credit_card
ACC_004980,RING_00315,2026-05-22T19:47:21.700141+00:00,70,17,2522.8,148.4,1,0,0.0588,0.0,0,0.0756,mobile_ios,credit_card
ACC_004981,RING_00315,2026-07-15T08:41:31.360392+00:00,16,21,2840.88,135.28,1,0,0.0476,0.0,1,0.0156,mobile_ios,credit_card
ACC_004982,RING_00315,2026-12-31T20:05:30.668609+00:00,1,22,3222.34,146.47,2,1,0.0909,0.0455,1,0.0338,desktop_chrome,credit_card
ACC_004983,RING_00315,2026-01-04T23:39:11.687197+00:00,208,17,1544.96,90.88,1,0,0.0588,0.0,0,0.0612,desktop_chrome,credit_card
ACC_004984,RING_00315,2026-01-23T07:11:02.727522+00:00,189,13,998.66,76.82,1,0,0.0769,0.0,1,0.0751,desktop_chrome,credit_card
ACC_004985,RING_00315,2026-02-27T16:13:37.530949+00:00,154,28,2393.72,85.49,2,1,0.0714,0.0357,1,0.0303,mobile_ios,credit_card
ACC_004986,RING_00316,2026-11-18T22:44:26.381460+00:00,1,26,710.84,27.34,0,0,0.0,0.0,0,0.0448,mobile_ios,credit_card
ACC_004987,RING_00316,2026-03-15T05:18:06.495119+00:00,138,5,248.55,49.71,0,0,0.0,0.0,0,0.0754,mobile_ios,credit_card
ACC_004988,RING_00316,2026-10-27T07:57:35.095750+00:00,1,22,1392.16,63.28,0,0,0.0,0.0,1,0.0799,desktop_chrome,apple_pay
ACC_004989,RING_00316,2027-02-01T10:05:39.483711+00:00,1,13,394.16,30.32,0,0,0.0,0.0,0,0.0506,desktop_chrome,apple_pay
ACC_004990,RING_00316,2026-10-31T13:00:20.413049+00:00,1,14,1227.66,87.69,0,0,0.0,0.0,1,0.0708,mobile_ios,credit_card
ACC_004991,RING_00316,2026-06-02T01:23:30.657829+00:00,59,28,1404.2,50.15,3,1,0.1071,0.0357,1,0.0313,desktop_safari,credit_card
ACC_004992,RING_00316,2026-11-09T14:42:08.450109+00:00,1,10,913.6,91.36,1,0,0.1,0.0,1,0.018,desktop_safari,debit_card
ACC_004993,RING_00316,2026-12-14T22:51:28.317381+00:00,1,11,604.34,54.94,0,0,0.0,0.0,1,0.0586,desktop_chrome,apple_pay
ACC_004994,RING_00316,2027-01-26T01:30:27.903382+00:00,1,24,738.48,30.77,0,0,0.0,0.0,0,0.0703,desktop_chrome,apple_pay
ACC_004995,RING_00316,2026-05-17T11:45:37.661458+00:00,75,28,2535.12,90.54,1,0,0.0357,0.0,0,0.0473,desktop_chrome,apple_pay
ACC_004996,RING_00316,2026-05-10T15:41:55.084221+00:00,82,18,1121.04,62.28,1,0,0.0556,0.0,1,0.013,desktop_safari,apple_pay
ACC_004997,RING_00316,2026-04-13T05:59:01.285597+00:00,109,8,288.56,36.07,0,0,0.0,0.0,0,0.0214,mobile_ios,credit_card
ACC_004998,RING_00316,2026-07-06T16:59:01.006614+00:00,25,27,1282.77,47.51,1,0,0.037,0.0,0,0.0533,mobile_ios,debit_card
ACC_004999,RING_00316,2026-07-04T02:13:25.971060+00:00,27,25,1345.75,53.83,0,0,0.0,0.0,1,0.0581,desktop_safari,apple_pay
ACC_005000,RING_00316,2026-10-30T13:07:08.187281+00:00,1,5,397.7,79.54,0,0,0.0,0.0,0,0.0527,desktop_chrome,credit_card
ACC_005001,RING_00316,2026-05-20T00:20:49.746773+00:00,72,12,859.56,71.63,0,0,0.0,0.0,1,0.022,desktop_chrome,apple_pay
ACC_005002,RING_00316,2026-06-14T07:06:51.087456+00:00,47,9,449.28,49.92,0,0,0.0,0.0,1,0.0373,desktop_chrome,apple_pay
ACC_005003,RING_00316,2026-05-17T01:08:46.309807+00:00,75,25,1163.5,46.54,2,1,0.08,0.04,1,0.0582,desktop_safari,apple_pay
ACC_005004,RING_00316,2026-10-09T23:25:17.119152+00:00,1,10,456.0,45.6,1,0,0.1,0.0,0,0.0109,desktop_safari,credit_card
ACC_005005,RING_00316,2026-05-31T16:08:08.274297+00:00,61,27,1520.1,56.3,2,1,0.0741,0.037,0,0.0604,desktop_safari,debit_card
ACC_005006,RING_00316,2027-02-05T18:27:19.871346+00:00,1,6,346.98,57.83,0,0,0.0,0.0,1,0.0208,mobile_ios,debit_card
ACC_005007,RING_00316,2026-05-09T15:55:12.121075+00:00,83,22,1420.32,64.56,1,0,0.0455,0.0,0,0.0702,mobile_ios,credit_card
ACC_005008,RING_00316,2026-08-22T05:52:41.788988+00:00,1,7,354.62,50.66,0,0,0.0,0.0,1,0.0367,desktop_chrome,credit_card
ACC_005009,RING_00316,2026-07-28T01:03:57.492657+00:00,3,7,351.61,50.23,0,0,0.0,0.0,0,0.0755,desktop_safari,debit_card
ACC_005010,RING_00316,2026-04-07T00:36:55.837526+00:00,115,23,1345.73,58.51,0,0,0.0,0.0,1,0.0311,desktop_safari,apple_pay
ACC_005011,RING_00316,2026-05-29T20:03:40.077803+00:00,63,7,593.11,84.73,0,0,0.0,0.0,0,0.0147,desktop_safari,credit_card
ACC_005012,RING_00316,2026-10-29T02:46:40.027822+00:00,1,20,789.2,39.46,0,0,0.0,0.0,1,0.0514,mobile_ios,credit_card
ACC_005013,RING_00316,2026-10-22T15:46:14.776536+00:00,1,16,1254.08,78.38,0,0,0.0,0.0,1,0.0467,mobile_ios,credit_card
ACC_005014,RING_00316,2026-09-01T15:51:33.153271+00:00,1,18,871.38,48.41,1,0,0.0556,0.0,0,0.0286,mobile_ios,credit_card
ACC_005015,RING_00316,2026-12-06T18:07:12.705209+00:00,1,23,837.66,36.42,2,1,0.087,0.0435,1,0.0712,desktop_safari,debit_card
ACC_005016,RING_00316,2026-10-21T18:58:01.395930+00:00,1,21,1992.48,94.88,0,0,0.0,0.0,0,0.0365,mobile_ios,credit_card
ACC_005017,RING_00316,2027-01-04T19:21:18.534117+00:00,1,10,729.4,72.94,0,0,0.0,0.0,0,0.0259,desktop_safari,credit_card
ACC_005018,RING_00316,2026-03-29T02:00:35.631640+00:00,124,27,1614.6,59.8,1,0,0.037,0.0,0,0.0445,desktop_safari,credit_card
ACC_005019,RING_00316,2026-12-26T03:50:35.648969+00:00,1,23,1455.9,63.3,1,0,0.0435,0.0,0,0.0481,mobile_ios,debit_card
ACC_005020,RING_00316,2026-05-09T10:39:39.719198+00:00,83,11,920.04,83.64,1,0,0.0909,0.0,1,0.0668,desktop_chrome,apple_pay
ACC_005021,RING_00316,2026-05-28T05:26:35.940557+00:00,64,13,503.49,38.73,0,0,0.0,0.0,0,0.0583,mobile_ios,debit_card
ACC_005022,RING_00316,2026-05-18T20:27:05.949234+00:00,74,13,1113.84,85.68,0,0,0.0,0.0,1,0.0389,desktop_safari,credit_card
ACC_005023,RING_00316,2027-01-10T23:07:21.877418+00:00,1,15,460.2,30.68,0,0,0.0,0.0,1,0.0547,desktop_chrome,apple_pay
ACC_005024,RING_00316,2026-10-01T03:31:46.970642+00:00,1,22,1275.34,57.97,2,1,0.0909,0.0455,1,0.0562,desktop_chrome,credit_card
ACC_005025,RING_00316,2026-09-15T10:47:45.674336+00:00,1,25,2035.5,81.42,2,1,0.08,0.04,1,0.0216,desktop_safari,credit_card
ACC_005026,RING_00316,2026-11-11T02:42:15.078280+00:00,1,28,2255.96,80.57,0,0,0.0,0.0,1,0.058,desktop_safari,debit_card
ACC_005027,RING_00316,2026-09-07T01:01:15.807259+00:00,1,24,978.72,40.78,2,1,0.0833,0.0417,0,0.0239,desktop_chrome,credit_card
ACC_005028,RING_00316,2026-04-28T05:14:36.210998+00:00,94,24,1194.72,49.78,1,0,0.0417,0.0,1,0.0701,mobile_ios,credit_card
ACC_005029,RING_00316,2026-08-15T23:19:31.554665+00:00,1,25,2191.0,87.64,0,0,0.0,0.0,0,0.0388,mobile_ios,credit_card
ACC_005030,RING_00316,2026-09-28T08:31:08.993763+00:00,1,22,1975.38,89.79,0,0,0.0,0.0,1,0.0446,desktop_chrome,apple_pay
ACC_005031,RING_00316,2026-06-05T05:35:37.687485+00:00,56,6,316.44,52.74,0,0,0.0,0.0,1,0.0412,desktop_chrome,apple_pay
ACC_005032,RING_00316,2026-11-23T22:07:37.722719+00:00,1,10,697.7,69.77,0,0,0.0,0.0,0,0.0169,mobile_ios,debit_card
ACC_005033,RING_00316,2026-06-30T15:56:29.003451+00:00,31,13,958.75,73.75,0,0,0.0,0.0,0,0.0634,mobile_ios,apple_pay
ACC_005034,RING_00316,2026-03-12T13:04:17.973079+00:00,141,24,895.2,37.3,2,1,0.0833,0.0417,0,0.0133,mobile_ios,apple_pay
ACC_005035,RING_00316,2026-12-20T01:10:44.202704+00:00,1,8,253.2,31.65,0,0,0.0,0.0,1,0.0613,desktop_safari,debit_card
ACC_005036,RING_00316,2026-11-01T00:29:45.973058+00:00,1,14,1057.28,75.52,1,0,0.0714,0.0,0,0.013,mobile_ios,apple_pay
