account_id,order_count,return_count,refund_count,total_spend,average_order_value,account_age_days,device_count,ip_count,payment_instrument_count,return_rate,refund_rate,high_value_order_count,suspicious_activity_score,device_type,primary_payment_method,abuse_label
ACC_LEGIT_STD_00143,9,0,0,153.04,16.71,256,1,1,1,0.0,0.0,1,0.0204,mobile_android,apple_pay,0
ACC_LEGIT_STD_00117,12,1,1,931.71,77.33,485,1,1,1,0.0833,0.0833,2,0.0009,mobile_ios,credit_card,0
ACC_LEGIT_STD_00649,13,1,1,794.53,60.28,618,2,2,2,0.0769,0.0769,0,0.2393,mobile_android,credit_card,0
ACC_LEGIT_ACT_00230,43,18,15,3579.64,82.99,151,3,2,1,0.4186,0.3488,7,0.2519,mobile_ios,debit_card,0
ACC_LEGIT_STD_02118,5,0,0,266.45,56.16,388,1,1,1,0.0,0.0,1,0.0431,mobile_android,credit_card,0
ACC_LEGIT_STD_02764,6,2,2,362.97,64.59,543,1,1,2,0.3333,0.3333,1,0.219,desktop_safari,credit_card,0
ACC_LEGIT_STD_01424,5,0,0,266.1,57.0,399,1,1,1,0.0,0.0,0,0.0189,mobile_ios,apple_pay,0
ACC_WARD_00179,35,26,22,9049.21,252.24,56,2,1,2,0.7429,0.6286,17,0.7918,desktop_chrome,virtual_card,1
ACC_LEGIT_STD_02683,2,0,0,145.95,69.35,74,1,1,1,0.0,0.0,0,0.0613,mobile_ios,debit_card,0
ACC_LEGIT_STD_02521,7,1,1,388.72,58.32,483,1,2,1,0.1429,0.1429,0,0.0537,desktop_chrome,debit_card,0
ACC_LEGIT_ACT_00402,35,10,8,2200.05,61.64,292,1,1,1,0.2857,0.2286,9,0.2665,mobile_android,credit_card,0
ACC_LEGIT_STD_01070,3,0,0,269.17,92.8,271,1,3,1,0.0,0.0,0,0.0148,mobile_android,debit_card,0
ACC_LEGIT_STD_02917,11,0,0,632.76,54.7,352,1,1,1,0.0,0.0,2,0.1408,mobile_ios,credit_card,0
ACC_LEGIT_STD_02618,6,0,0,507.89,81.76,250,1,1,1,0.0,0.0,0,0.0246,mobile_ios,paypal,0
ACC_LEGIT_STD_00838,7,1,1,491.27,73.15,415,1,1,1,0.1429,0.1429,1,0.0042,mobile_ios,debit_card,0
ACC_LEGIT_STD_02945,13,0,0,833.85,65.19,613,1,3,1,0.0,0.0,2,0.0088,mobile_android,credit_card,0
ACC_LEGIT_STD_02321,16,2,1,982.29,65.47,632,2,1,2,0.125,0.0625,2,0.0254,mobile_ios,credit_card,0
ACC_LEGIT_STD_01619,7,0,0,547.62,75.25,285,3,1,1,0.0,0.0,2,0.0197,mobile_ios,credit_card,0
ACC_LEGIT_STD_01319,6,1,0,209.23,32.77,384,1,2,1,0.1667,0.0,1,0.0189,mobile_android,debit_card,0
ACC_LEGIT_STD_01345,8,0,0,595.56,77.44,438,1,1,1,0.0,0.0,0,0.0176,mobile_ios,paypal,0
ACC_RING_048_0049,10,8,6,1225.4,122.54,7,3,9,4,0.8,0.6,4,0.7717,emulator_bot,virtual_card,1
ACC_RING_066_0067,26,21,18,2538.64,97.64,25,3,9,5,0.8077,0.6923,14,0.9686,desktop_chrome,crypto_gift_card,1
ACC_LEGIT_ACT_00838,41,11,10,4399.02,104.06,111,1,3,2,0.2683,0.2439,3,0.2977,desktop_chrome,paypal,0
ACC_RING_038_0173,9,7,6,663.21,73.69,4,5,6,5,0.7778,0.6667,6,0.8348,desktop_chrome,crypto_gift_card,1
ACC_LEGIT_NEW_00048,2,0,0,122.2,61.1,13,1,1,1,0.0,0.0,0,0.1523,mobile_android,credit_card,0
ACC_LEGIT_STD_00420,2,0,0,160.99,82.5,308,1,2,1,0.0,0.0,1,0.0931,mobile_android,credit_card,0
ACC_LEGIT_ACT_00265,27,8,7,1961.48,75.96,516,1,3,1,0.2963,0.2593,6,0.1351,desktop_chrome,paypal,0
ACC_LEGIT_NEW_00234,2,1,1,125.92,62.96,6,1,1,1,0.5,0.5,0,0.1459,mobile_ios,debit_card,0
ACC_LEGIT_ACT_00843,32,12,10,2415.01,77.31,492,2,3,3,0.375,0.3125,8,0.1764,desktop_chrome,paypal,0
ACC_LEGIT_STD_02963,18,1,1,278.18,15.0,760,1,3,1,0.0556,0.0556,0,0.0544,mobile_android,credit_card,0
ACC_LEGIT_ACT_00269,21,4,3,1925.2,91.71,810,4,2,1,0.1905,0.1429,5,0.101,mobile_ios,apple_pay,0
ACC_LEGIT_STD_01547,9,0,0,135.8,15.0,625,1,2,1,0.0,0.0,0,0.0268,mobile_ios,credit_card,0
ACC_LEGIT_STD_00113,3,1,0,199.91,63.61,135,1,1,2,0.3333,0.0,0,0.2166,desktop_safari,credit_card,0
ACC_LEGIT_STD_02909,16,0,0,900.54,58.08,713,1,1,2,0.0,0.0,0,0.064,mobile_ios,credit_card,0
ACC_LEGIT_STD_02264,13,0,0,931.21,72.54,464,1,1,2,0.0,0.0,1,0.0056,mobile_android,credit_card,0
ACC_LEGIT_STD_01366,4,0,0,352.18,85.0,240,1,1,1,0.0,0.0,0,0.1032,mobile_ios,debit_card,0
ACC_LEGIT_STD_01529,11,0,0,450.7,42.39,432,1,1,1,0.0,0.0,0,0.0131,mobile_android,credit_card,0
ACC_WARD_00056,35,23,21,5354.31,146.81,102,1,2,1,0.6571,0.6,26,0.7092,mobile_ios,paypal,1
ACC_LEGIT_STD_02085,9,0,0,311.52,32.06,344,2,1,3,0.0,0.0,0,0.1143,mobile_ios,credit_card,0
ACC_WARD_00120,20,16,15,4658.46,222.06,219,1,2,1,0.8,0.75,10,0.6207,mobile_android,credit_card,1
ACC_LEGIT_STD_02142,9,1,1,446.55,52.15,380,1,1,1,0.1111,0.1111,1,0.1762,mobile_ios,credit_card,0
ACC_LEGIT_STD_01271,13,2,1,1115.11,81.19,668,2,1,3,0.1538,0.0769,1,0.0585,mobile_android,credit_card,0
ACC_LEGIT_STD_01600,16,2,1,1020.1,67.16,720,1,1,3,0.125,0.0625,1,0.0931,mobile_android,paypal,0
ACC_LEGIT_STD_02935,14,0,0,1319.27,91.37,650,1,1,3,0.0,0.0,1,0.0102,mobile_ios,debit_card,0
ACC_LEGIT_ACT_00679,40,17,15,4064.27,98.49,258,1,3,1,0.425,0.375,6,0.2093,desktop_chrome,credit_card,0
ACC_LEGIT_ACT_00705,30,13,12,3588.35,115.46,437,1,1,1,0.4333,0.4,4,0.6182,mobile_ios,credit_card,0
ACC_LEGIT_STD_01746,10,0,0,592.32,61.48,348,1,3,2,0.0,0.0,0,0.0552,mobile_android,credit_card,0
ACC_LEGIT_STD_00883,12,0,0,1091.22,90.61,529,1,1,2,0.0,0.0,0,0.0914,desktop_chrome,credit_card,0
ACC_LEGIT_STD_00609,4,0,0,199.19,47.78,168,2,1,1,0.0,0.0,0,0.0916,mobile_android,debit_card,0
ACC_LEGIT_STD_02511,9,1,1,467.48,50.52,610,3,3,1,0.1111,0.1111,1,0.0167,mobile_android,credit_card,0
ACC_LEGIT_STD_01731,7,0,0,653.56,88.5,538,2,2,1,0.0,0.0,0,0.0962,mobile_android,debit_card,0
ACC_LEGIT_STD_01831,12,1,0,492.63,40.1,368,1,1,1,0.0833,0.0,0,0.0439,mobile_ios,paypal,0
ACC_LEGIT_ACT_00506,13,3,2,691.42,52.37,725,3,1,1,0.2308,0.1538,4,0.1565,desktop_chrome,credit_card,0
ACC_LEGIT_STD_02120,13,1,1,985.71,76.79,557,1,1,1,0.0769,0.0769,1,0.1233,mobile_ios,credit_card,0
ACC_RING_052_0053,25,17,14,3336.25,133.45,7,7,4,4,0.68,0.56,10,0.8302,emulator_bot,crypto_gift_card,1
ACC_LEGIT_NEW_00168,1,0,0,48.52,48.52,5,1,1,1,0.0,0.0,0,0.2156,mobile_ios,debit_card,0
ACC_LEGIT_STD_00914,8,2,1,671.78,87.95,355,1,1,1,0.25,0.125,1,0.0343,mobile_ios,apple_pay,0
ACC_LEGIT_STD_02203,3,0,0,138.11,45.56,152,1,2,1,0.0,0.0,0,0.0195,mobile_ios,credit_card,0
ACC_LEGIT_NEW_00425,3,0,0,263.04,87.68,16,1,1,1,0.0,0.0,0,0.0246,mobile_ios,apple_pay,0
ACC_LEGIT_STD_02691,15,1,1,1030.75,70.68,551,1,1,1,0.0667,0.0667,2,0.0404,mobile_ios,credit_card,0
ACC_LEGIT_STD_01802,6,0,0,454.3,72.85,318,1,1,1,0.0,0.0,0,0.0564,mobile_android,apple_pay,0
ACC_LEGIT_STD_02121,12,1,0,495.58,40.88,393,1,2,3,0.0833,0.0,1,0.0016,mobile_android,apple_pay,0
ACC_LEGIT_ACT_00714,52,17,14,3071.48,61.94,725,3,2,2,0.3269,0.2692,7,0.2556,mobile_ios,credit_card,0
ACC_LEGIT_STD_02026,3,0,0,82.23,29.45,349,1,1,2,0.0,0.0,0,0.0258,mobile_android,debit_card,0
ACC_LEGIT_STD_01624,26,1,1,1877.58,75.97,855,1,1,2,0.0385,0.0385,1,0.0742,desktop_chrome,paypal,0
ACC_LEGIT_NEW_00098,2,0,0,105.96,52.98,20,1,1,1,0.0,0.0,0,0.073,mobile_android,debit_card,0
ACC_LEGIT_STD_00365,2,0,0,27.83,15.0,181,1,1,1,0.0,0.0,0,0.0616,mobile_ios,credit_card,0
ACC_RING_045_0113,7,6,5,856.38,122.34,3,5,6,4,0.8571,0.7143,3,0.8798,mobile_android,crypto_gift_card,1
ACC_RING_017_0152,15,14,13,1070.7,71.38,16,3,3,8,0.9333,0.8667,8,0.8842,desktop_chrome,virtual_card,1
ACC_LEGIT_ACT_00839,50,17,16,7184.63,142.58,61,3,3,1,0.34,0.32,7,0.1164,desktop_chrome,debit_card,0
ACC_LEGIT_STD_02778,15,0,0,765.35,49.64,609,1,1,2,0.0,0.0,0,0.0061,mobile_ios,credit_card,0
ACC_LEGIT_STD_01895,8,0,0,870.35,113.6,327,1,1,1,0.0,0.0,1,0.0299,mobile_ios,credit_card,0
ACC_LEGIT_ACT_00231,13,6,5,941.16,69.17,375,3,1,2,0.4615,0.3846,2,0.3464,mobile_ios,credit_card,0
ACC_LEGIT_STD_01503,7,1,1,319.01,45.17,323,1,1,1,0.1429,0.1429,1,0.0794,mobile_ios,credit_card,0
ACC_LEGIT_STD_02968,4,0,0,202.97,53.13,236,2,1,1,0.0,0.0,0,0.0115,mobile_android,credit_card,0
ACC_LEGIT_STD_02014,8,0,0,369.62,48.76,534,1,1,3,0.0,0.0,0,0.0037,mobile_ios,apple_pay,0
ACC_LEGIT_STD_02168,5,1,1,376.62,81.77,198,1,1,3,0.2,0.2,1,0.0067,mobile_ios,apple_pay,0
ACC_LEGIT_ACT_00609,41,8,6,4662.3,110.56,863,2,3,2,0.1951,0.1463,9,0.1779,desktop_chrome,credit_card,0
ACC_LEGIT_STD_01514,9,0,0,1088.07,117.67,491,1,1,2,0.0,0.0,1,0.0083,mobile_ios,credit_card,0
ACC_LEGIT_STD_01032,19,1,0,1279.88,67.4,1106,1,2,1,0.0526,0.0,1,0.1256,mobile_ios,credit_card,0
ACC_LEGIT_STD_00384,7,1,1,396.01,56.51,280,1,1,1,0.1429,0.1429,0,0.1141,mobile_ios,debit_card,0
ACC_LEGIT_NEW_00413,2,0,0,90.78,45.39,8,1,2,1,0.0,0.0,0,0.0852,mobile_android,debit_card,0
ACC_RING_030_0165,7,5,4,1093.26,156.18,26,5,4,8,0.7143,0.5714,4,0.9707,emulator_bot,crypto_gift_card,1
ACC_LEGIT_STD_01656,5,0,0,283.24,56.16,155,1,1,1,0.0,0.0,0,0.0191,mobile_android,credit_card,0
ACC_LEGIT_ACT_00622,35,7,6,3798.2,110.48,358,4,2,1,0.2,0.1714,11,0.1221,mobile_ios,credit_card,0
ACC_LEGIT_STD_01729,11,1,0,478.84,44.23,387,1,3,1,0.0909,0.0,0,0.041,mobile_ios,debit_card,0
ACC_LEGIT_STD_00574,9,1,1,253.48,29.55,249,2,3,2,0.1111,0.1111,1,0.1602,mobile_ios,debit_card,0
ACC_LEGIT_STD_02210,12,0,0,306.04,27.53,360,1,1,1,0.0,0.0,0,0.0678,mobile_android,credit_card,0
ACC_LEGIT_STD_02970,7,0,0,240.86,35.85,433,2,1,2,0.0,0.0,0,0.1065,mobile_android,credit_card,0
ACC_WARD_00174,15,13,12,2535.0,172.62,32,3,2,1,0.8667,0.8,10,0.5277,mobile_android,credit_card,1
ACC_LEGIT_STD_01720,21,2,2,1295.81,61.64,1039,1,2,1,0.0952,0.0952,0,0.0368,mobile_ios,credit_card,0
ACC_LEGIT_STD_01997,3,2,2,232.45,75.79,346,1,1,3,0.6667,0.6667,1,0.0005,mobile_android,debit_card,0
ACC_LEGIT_ACT_00017,39,15,12,2523.64,66.59,671,2,1,2,0.3846,0.3077,11,0.032,desktop_chrome,paypal,0
ACC_LEGIT_STD_02553,7,0,0,289.69,43.79,279,1,1,2,0.0,0.0,0,0.0656,mobile_android,credit_card,0
ACC_LEGIT_STD_02635,15,1,0,799.2,55.2,650,1,1,1,0.0667,0.0,1,0.0801,mobile_ios,debit_card,0
ACC_LEGIT_STD_02462,12,0,0,890.45,75.46,549,1,1,1,0.0,0.0,2,0.0417,mobile_android,credit_card,0
ACC_LEGIT_STD_00460,1,0,0,21.78,20.82,240,1,2,2,0.0,0.0,0,0.062,mobile_android,apple_pay,0
ACC_LEGIT_ACT_00419,17,3,2,1280.47,78.93,125,2,3,3,0.1765,0.1176,3,0.1354,desktop_chrome,credit_card,0
ACC_LEGIT_STD_01210,20,1,1,1012.56,51.23,857,1,1,1,0.05,0.05,0,0.0098,mobile_android,credit_card,0
ACC_LEGIT_STD_02313,19,0,0,1366.7,74.36,624,2,1,2,0.0,0.0,0,0.0757,mobile_android,credit_card,0
ACC_SLOW_00031,18,9,7,694.08,38.56,197,1,1,2,0.5,0.3889,3,0.4978,desktop_chrome,virtual_card,1
ACC_LEGIT_STD_01443,7,0,0,551.83,83.45,350,1,1,1,0.0,0.0,1,0.0093,mobile_android,credit_card,0
ACC_LEGIT_STD_00224,6,1,0,312.94,52.57,419,1,1,1,0.1667,0.0,1,0.0121,mobile_ios,apple_pay,0
ACC_LEGIT_STD_01959,6,1,1,155.88,25.49,233,1,1,1,0.1667,0.1667,1,0.0013,mobile_android,debit_card,0
ACC_LEGIT_STD_00696,5,1,0,306.95,65.44,220,1,1,1,0.2,0.0,1,0.1037,mobile_android,debit_card,0
ACC_LEGIT_STD_00183,8,0,0,446.52,54.78,325,1,1,1,0.0,0.0,1,0.2037,mobile_ios,credit_card,0
ACC_LEGIT_STD_02865,4,0,0,293.46,73.21,221,2,1,1,0.0,0.0,0,0.0285,desktop_safari,paypal,0
ACC_LEGIT_STD_00684,1,0,0,93.84,97.55,180,1,1,1,0.0,0.0,0,0.1317,mobile_ios,credit_card,0
ACC_SLOW_00041,6,2,1,561.0,93.5,77,3,2,1,0.3333,0.1667,1,0.356,mobile_ios,credit_card,1
ACC_RING_021_0223,17,15,14,2397.17,141.01,19,5,3,4,0.8824,0.8235,8,0.8126,emulator_bot,crypto_gift_card,1
ACC_LEGIT_ACT_00247,14,4,3,343.66,25.0,537,1,1,1,0.2857,0.2143,2,0.1732,mobile_ios,credit_card,0
ACC_LEGIT_STD_01748,8,0,0,435.45,58.44,427,2,2,1,0.0,0.0,0,0.0775,mobile_ios,credit_card,0
ACC_LEGIT_NEW_00267,1,0,0,87.43,87.43,42,1,1,1,0.0,0.0,0,0.108,desktop_chrome,credit_card,0
ACC_LEGIT_STD_00056,5,1,1,414.99,84.28,425,1,1,1,0.2,0.2,0,0.0094,desktop_chrome,credit_card,0
ACC_LEGIT_STD_00589,29,0,0,1823.69,65.2,939,1,1,2,0.0,0.0,1,0.0508,mobile_android,debit_card,0
ACC_LEGIT_STD_02632,4,0,0,170.24,43.45,167,2,1,1,0.0,0.0,0,0.0102,mobile_android,credit_card,0
ACC_LEGIT_STD_00616,16,0,0,556.77,35.04,860,1,1,1,0.0,0.0,2,0.014,mobile_android,debit_card,0
ACC_LEGIT_STD_02444,19,0,0,2022.21,106.94,557,2,1,2,0.0,0.0,2,0.0861,mobile_ios,debit_card,0
ACC_LEGIT_STD_02123,6,0,0,364.02,56.68,202,1,1,1,0.0,0.0,0,0.2281,mobile_ios,apple_pay,0
ACC_LEGIT_ACT_00631,30,13,12,1889.64,61.15,367,2,2,3,0.4333,0.4,6,0.1383,mobile_ios,apple_pay,0
ACC_RING_021_0156,13,10,9,997.23,76.71,24,3,4,5,0.7692,0.6923,9,0.849,mobile_android,virtual_card,1
ACC_LEGIT_STD_00431,9,1,1,410.8,47.35,473,1,1,1,0.1111,0.1111,0,0.2724,mobile_ios,apple_pay,0
ACC_LEGIT_NEW_00281,2,0,0,102.88,51.44,37,1,2,1,0.0,0.0,0,0.2878,mobile_ios,apple_pay,0
ACC_LEGIT_STD_02455,12,3,2,558.18,43.29,835,2,1,1,0.25,0.1667,1,0.0511,desktop_chrome,credit_card,0
ACC_LEGIT_STD_02270,2,1,1,92.88,48.4,229,1,2,1,0.5,0.5,0,0.0722,mobile_android,apple_pay,0
ACC_LEGIT_STD_02664,5,1,1,166.25,31.69,251,3,1,1,0.2,0.2,0,0.0336,mobile_ios,debit_card,0
ACC_LEGIT_STD_02441,11,0,0,353.02,30.88,668,1,1,2,0.0,0.0,1,0.0444,mobile_android,paypal,0
ACC_LEGIT_STD_00543,28,2,2,1164.18,43.94,895,1,3,1,0.0714,0.0714,2,0.0108,mobile_ios,credit_card,0
ACC_LEGIT_STD_01474,8,0,0,452.1,60.82,280,1,1,1,0.0,0.0,0,0.0222,mobile_ios,credit_card,0
ACC_RING_048_0250,21,14,11,2554.23,121.63,26,3,4,4,0.6667,0.5238,10,0.8787,mobile_android,credit_card,1
ACC_WARD_00162,43,37,31,8749.72,199.4,321,1,2,2,0.8605,0.7209,29,0.5459,desktop_chrome,credit_card,1
ACC_RING_019_0288,16,14,11,2414.08,150.88,35,4,3,3,0.875,0.6875,10,0.7531,emulator_bot,virtual_card,1
ACC_LEGIT_STD_02451,11,0,0,867.32,80.25,382,1,1,1,0.0,0.0,0,0.0032,desktop_chrome,debit_card,0
ACC_LEGIT_STD_00773,4,0,0,210.87,57.16,205,1,2,1,0.0,0.0,0,0.0362,desktop_chrome,debit_card,0
ACC_WARD_00047,54,48,42,9253.63,172.26,177,2,2,2,0.8889,0.7778,38,0.7349,desktop_chrome,virtual_card,1
ACC_LEGIT_STD_02274,6,1,1,298.76,53.0,332,1,1,2,0.1667,0.1667,0,0.094,mobile_android,debit_card,0
ACC_LEGIT_STD_00073,3,0,0,222.21,76.14,173,1,3,1,0.0,0.0,0,0.0611,mobile_android,debit_card,0
ACC_WARD_00261,55,40,37,7443.92,134.94,339,3,1,1,0.7273,0.6727,23,0.7749,desktop_chrome,credit_card,1
ACC_LEGIT_ACT_00752,42,18,16,2221.11,50.38,836,1,2,3,0.4286,0.381,10,0.296,mobile_android,credit_card,0
ACC_LEGIT_STD_01294,9,4,4,540.75,63.29,463,1,1,1,0.4444,0.4444,0,0.227,mobile_android,credit_card,0
ACC_LEGIT_STD_02598,2,0,0,200.46,98.05,218,1,1,1,0.0,0.0,0,0.0279,mobile_android,credit_card,0
ACC_LEGIT_STD_01957,5,0,0,267.98,57.94,342,3,1,1,0.0,0.0,0,0.0731,mobile_android,credit_card,0
ACC_LEGIT_STD_02867,14,0,0,770.84,55.33,584,1,1,1,0.0,0.0,0,0.1378,mobile_android,credit_card,0
ACC_LEGIT_STD_00184,3,0,0,295.27,94.88,250,1,2,1,0.0,0.0,0,0.0457,desktop_chrome,credit_card,0
ACC_LEGIT_STD_00127,9,0,0,602.07,69.42,687,1,1,1,0.0,0.0,0,0.1546,mobile_ios,credit_card,0
ACC_LEGIT_STD_02158,6,0,0,187.8,29.93,218,1,1,1,0.0,0.0,0,0.048,mobile_android,apple_pay,0
ACC_LEGIT_STD_00651,3,0,0,118.72,40.63,170,2,2,1,0.0,0.0,1,0.1188,desktop_chrome,credit_card,0
ACC_LEGIT_STD_00091,2,0,0,111.03,58.41,139,1,2,1,0.0,0.0,0,0.2037,mobile_ios,credit_card,0
ACC_LEGIT_STD_00266,8,0,0,652.6,77.39,340,1,1,1,0.0,0.0,1,0.0919,mobile_android,credit_card,0
ACC_LEGIT_STD_00286,17,0,0,1622.52,98.79,780,1,1,1,0.0,0.0,1,0.0654,mobile_android,debit_card,0
ACC_LEGIT_STD_01468,20,3,2,950.78,50.14,675,1,1,3,0.15,0.1,1,0.0233,mobile_ios,credit_card,0
ACC_LEGIT_STD_02847,2,0,0,114.28,61.42,201,1,1,1,0.0,0.0,0,0.0135,mobile_android,debit_card,0
ACC_LEGIT_STD_01168,5,0,0,368.11,73.01,292,1,2,1,0.0,0.0,0,0.1573,mobile_ios,credit_card,0
ACC_WARD_00080,24,20,18,4948.63,197.66,98,2,2,2,0.8333,0.75,14,0.5368,mobile_ios,credit_card,1
ACC_WARD_00036,21,12,10,3579.84,173.0,155,1,3,4,0.5714,0.4762,14,0.785,desktop_chrome,paypal,1
ACC_LEGIT_STD_02792,12,0,0,576.99,52.17,634,1,1,1,0.0,0.0,1,0.0454,mobile_android,paypal,0
ACC_LEGIT_ACT_00109,30,9,7,1348.96,46.4,301,1,1,1,0.3,0.2333,4,0.3285,mobile_android,credit_card,0
ACC_LEGIT_STD_01693,4,0,0,249.43,59.25,150,2,2,1,0.0,0.0,0,0.2913,desktop_chrome,credit_card,0
ACC_LEGIT_STD_02513,6,0,0,289.87,52.02,418,2,1,2,0.0,0.0,0,0.0856,mobile_ios,debit_card,0
ACC_LEGIT_NEW_00315,2,0,0,99.4,49.7,43,1,1,1,0.0,0.0,0,0.0416,desktop_chrome,apple_pay,0
ACC_LEGIT_STD_02104,6,0,0,472.1,84.57,452,1,1,1,0.0,0.0,0,0.0053,mobile_android,credit_card,0
ACC_LEGIT_STD_01604,21,1,0,1142.12,56.14,717,1,1,1,0.0476,0.0,2,0.0007,mobile_ios,paypal,0
ACC_LEGIT_STD_02520,6,1,1,249.75,39.14,450,1,1,2,0.1667,0.1667,0,0.0522,mobile_ios,debit_card,0
ACC_LEGIT_ACT_00298,49,18,17,6120.15,126.65,85,1,2,2,0.3673,0.3469,9,0.4375,mobile_ios,credit_card,0
ACC_LEGIT_STD_01013,3,0,0,130.05,42.68,267,1,3,1,0.0,0.0,0,0.0798,mobile_ios,debit_card,0
ACC_LEGIT_STD_01998,2,0,0,141.02,73.28,390,1,1,1,0.0,0.0,0,0.0205,desktop_chrome,debit_card,0
ACC_LEGIT_STD_01484,5,0,0,246.26,48.68,147,1,1,1,0.0,0.0,0,0.0525,mobile_android,debit_card,0
ACC_LEGIT_STD_02605,14,2,2,972.55,70.17,406,1,1,2,0.1429,0.1429,0,0.1606,mobile_android,apple_pay,0
ACC_LEGIT_STD_02193,4,0,0,314.99,75.7,378,1,1,1,0.0,0.0,0,0.1174,desktop_safari,credit_card,0
ACC_LEGIT_STD_01822,14,0,0,1210.08,83.7,468,2,1,1,0.0,0.0,1,0.0296,desktop_safari,credit_card,0
ACC_LEGIT_STD_02882,2,0,0,240.36,127.17,144,1,1,2,0.0,0.0,0,0.0403,mobile_ios,debit_card,0
ACC_LEGIT_STD_00457,7,1,1,639.45,97.69,523,1,1,1,0.1429,0.1429,0,0.0047,mobile_android,credit_card,0
ACC_LEGIT_STD_00867,22,0,0,1216.46,59.22,629,1,1,1,0.0,0.0,0,0.141,desktop_chrome,debit_card,0
ACC_LEGIT_STD_00164,11,2,2,740.07,69.35,250,1,1,1,0.1818,0.1818,2,0.1093,desktop_chrome,debit_card,0
ACC_LEGIT_STD_02061,8,1,1,454.16,61.58,506,1,2,1,0.125,0.125,0,0.0106,desktop_safari,credit_card,0
ACC_LEGIT_STD_00370,17,1,1,1040.57,59.21,657,1,2,1,0.0588,0.0588,1,0.0256,mobile_ios,apple_pay,0
ACC_LEGIT_STD_02620,5,0,0,248.29,47.39,514,1,1,1,0.0,0.0,0,0.0975,desktop_chrome,apple_pay,0
ACC_LEGIT_ACT_00260,21,6,5,2428.47,110.93,294,2,2,1,0.2857,0.2381,7,0.2023,mobile_ios,credit_card,0
ACC_LEGIT_NEW_00349,1,0,0,76.38,76.38,27,1,1,1,0.0,0.0,0,0.2042,desktop_chrome,credit_card,0
ACC_LEGIT_STD_01242,2,0,0,99.04,52.74,275,1,3,1,0.0,0.0,0,0.061,mobile_ios,paypal,0
ACC_LEGIT_NEW_00385,3,1,1,195.6,65.2,23,1,1,1,0.3333,0.3333,0,0.0778,mobile_android,credit_card,0
ACC_LEGIT_STD_00973,4,0,0,433.94,103.79,233,1,3,1,0.0,0.0,0,0.0017,mobile_ios,credit_card,0
ACC_LEGIT_ACT_00549,12,2,1,1333.91,110.68,837,1,1,2,0.1667,0.0833,2,0.2037,mobile_ios,apple_pay,0
ACC_LEGIT_STD_01510,20,2,2,1531.67,77.36,747,1,2,1,0.1,0.1,1,0.0189,mobile_android,credit_card,0
ACC_LEGIT_STD_02095,4,0,0,182.95,47.9,376,2,1,1,0.0,0.0,0,0.0103,mobile_ios,debit_card,0
ACC_RING_063_0265,17,14,12,3747.82,220.46,13,3,3,3,0.8235,0.7059,8,0.91,desktop_chrome,virtual_card,1
ACC_LEGIT_STD_01890,7,0,0,454.46,63.82,609,3,1,2,0.0,0.0,1,0.0327,mobile_ios,apple_pay,0
ACC_LEGIT_STD_02298,21,0,0,1292.73,63.78,712,1,2,1,0.0,0.0,1,0.0877,mobile_android,apple_pay,0
ACC_LEGIT_STD_00878,11,1,1,991.11,88.49,587,1,2,1,0.0909,0.0909,0,0.0211,mobile_ios,credit_card,0
ACC_SLOW_00067,7,2,1,948.5,135.5,190,1,2,3,0.2857,0.1429,2,0.6246,mobile_android,credit_card,1
ACC_WARD_00074,43,29,28,10690.6,238.32,320,2,2,1,0.6744,0.6512,32,0.6373,mobile_ios,credit_card,1
ACC_RING_023_0292,7,4,3,1247.54,178.22,22,5,3,5,0.5714,0.4286,4,0.8525,mobile_android,virtual_card,1
ACC_LEGIT_STD_00234,6,2,2,363.35,57.44,473,1,2,3,0.3333,0.3333,0,0.0057,mobile_ios,credit_card,0
ACC_LEGIT_STD_01401,7,0,0,533.77,78.25,340,1,1,1,0.0,0.0,0,0.1163,desktop_safari,debit_card,0
ACC_LEGIT_STD_02090,13,1,1,1401.85,101.39,365,3,3,1,0.0769,0.0769,0,0.0204,desktop_safari,credit_card,0
ACC_LEGIT_ACT_00523,43,14,13,4504.64,102.28,336,4,1,1,0.3256,0.3023,8,0.3195,mobile_ios,debit_card,0
ACC_RING_052_0321,12,11,10,1456.32,121.36,16,5,3,5,0.9167,0.8333,6,0.7464,mobile_android,credit_card,1
ACC_LEGIT_ACT_00128,38,16,14,1692.03,43.6,236,4,5,2,0.4211,0.3684,7,0.0878,mobile_ios,credit_card,0
ACC_LEGIT_STD_00765,15,0,0,841.63,58.63,846,1,1,1,0.0,0.0,0,0.0342,mobile_ios,credit_card,0
ACC_LEGIT_STD_00119,8,2,2,422.32,52.51,357,3,1,1,0.25,0.25,1,0.1129,mobile_android,debit_card,0
ACC_LEGIT_STD_00098,9,0,0,536.45,64.26,612,1,1,1,0.0,0.0,0,0.0514,mobile_ios,credit_card,0
ACC_LEGIT_STD_01874,15,1,1,1002.4,69.26,487,2,2,1,0.0667,0.0667,0,0.0519,mobile_android,apple_pay,0
ACC_LEGIT_ACT_00228,15,6,4,1176.81,75.93,492,1,3,2,0.4,0.2667,0,0.1736,mobile_android,debit_card,0
ACC_LEGIT_STD_02407,14,0,0,759.03,55.75,501,1,3,1,0.0,0.0,1,0.0562,mobile_ios,debit_card,0
ACC_LEGIT_STD_02088,1,1,1,65.52,62.31,94,1,2,1,1.0,1.0,0,0.0389,mobile_ios,apple_pay,0
ACC_RING_015_0083,18,16,13,810.0,45.0,19,4,6,5,0.8889,0.7222,12,0.8709,desktop_chrome,crypto_gift_card,1
ACC_LEGIT_STD_01040,25,6,5,2031.03,82.14,842,1,1,2,0.24,0.2,3,0.0256,mobile_ios,credit_card,0
ACC_RING_002_0137,21,19,15,3265.29,155.49,31,4,3,4,0.9048,0.7143,12,0.789,emulator_bot,crypto_gift_card,1
ACC_LEGIT_NEW_00280,1,0,0,57.74,57.74,20,1,1,1,0.0,0.0,0,0.2095,mobile_ios,debit_card,0
ACC_LEGIT_ACT_00538,32,8,6,3014.65,90.54,93,2,3,2,0.25,0.1875,8,0.2058,mobile_android,credit_card,0
ACC_LEGIT_ACT_00330,46,13,12,5262.39,111.02,497,1,3,1,0.2826,0.2609,8,0.0464,mobile_ios,credit_card,0
ACC_LEGIT_STD_01659,22,2,1,1120.63,52.03,932,1,2,1,0.0909,0.0455,2,0.0129,mobile_ios,credit_card,0
ACC_LEGIT_ACT_00346,45,13,11,4415.86,100.64,579,2,2,3,0.2889,0.2444,6,0.4172,mobile_android,credit_card,0
ACC_WARD_00141,37,25,24,7345.93,201.73,88,2,1,2,0.6757,0.6486,20,0.6709,mobile_ios,credit_card,1
ACC_LEGIT_STD_02547,3,0,0,376.16,120.31,350,1,1,2,0.0,0.0,1,0.1168,mobile_android,debit_card,0
ACC_LEGIT_STD_01497,17,0,0,1780.62,106.86,665,1,1,1,0.0,0.0,2,0.0545,mobile_android,debit_card,0
ACC_LEGIT_STD_02789,10,2,1,666.29,69.85,669,1,1,1,0.2,0.1,2,0.0693,mobile_ios,debit_card,0
ACC_LEGIT_STD_00988,6,1,1,652.05,106.97,360,1,1,1,0.1667,0.1667,0,0.0702,mobile_ios,debit_card,0
ACC_LEGIT_ACT_00294,52,10,9,4767.41,96.25,170,2,3,2,0.1923,0.1731,10,0.0756,mobile_android,paypal,0
ACC_LEGIT_STD_02596,9,0,0,580.7,69.66,661,1,1,1,0.0,0.0,1,0.1401,mobile_android,credit_card,0
ACC_WARD_00077,46,29,25,7636.82,166.49,309,2,2,1,0.6304,0.5435,31,0.5335,desktop_chrome,credit_card,1
ACC_LEGIT_ACT_00255,50,13,12,3491.27,69.2,479,3,1,1,0.26,0.24,8,0.1314,desktop_chrome,credit_card,0
ACC_LEGIT_ACT_00832,26,11,8,2820.69,109.41,86,4,1,3,0.4231,0.3077,6,0.28,desktop_chrome,paypal,0
ACC_WARD_00232,36,23,21,4155.05,118.3,132,1,1,3,0.6389,0.5833,23,0.7536,desktop_chrome,credit_card,1
ACC_LEGIT_ACT_00307,23,5,4,2612.56,111.23,438,1,2,1,0.2174,0.1739,5,0.2074,mobile_ios,credit_card,0
ACC_LEGIT_STD_02579,5,0,0,118.01,25.19,278,1,2,1,0.0,0.0,0,0.1984,mobile_android,credit_card,0
ACC_LEGIT_STD_01832,4,0,0,311.99,72.52,282,1,1,1,0.0,0.0,0,0.0078,desktop_chrome,credit_card,0
ACC_LEGIT_STD_00456,8,0,0,906.71,108.93,427,1,1,2,0.0,0.0,5,0.1572,mobile_android,credit_card,0
ACC_LEGIT_STD_02016,10,2,2,524.12,55.24,318,1,2,1,0.2,0.2,2,0.1197,desktop_chrome,debit_card,0
ACC_RING_061_0263,12,8,7,1854.72,154.56,23,5,4,4,0.6667,0.5833,8,0.9381,desktop_chrome,virtual_card,1
ACC_LEGIT_STD_02227,6,2,2,602.35,103.49,416,1,1,1,0.3333,0.3333,1,0.0133,desktop_chrome,debit_card,0
ACC_LEGIT_STD_01833,11,0,0,311.36,26.62,317,2,1,1,0.0,0.0,0,0.0412,mobile_android,credit_card,0
ACC_LEGIT_STD_00791,8,2,2,809.31,101.17,475,1,1,1,0.25,0.25,0,0.0529,mobile_ios,debit_card,0
ACC_LEGIT_STD_00240,5,0,0,359.5,69.3,295,1,1,1,0.0,0.0,0,0.0283,mobile_android,credit_card,0
ACC_WARD_00237,29,24,23,5316.44,187.25,61,2,1,2,0.8276,0.7931,16,0.7477,mobile_ios,credit_card,1
ACC_LEGIT_STD_02403,18,5,5,1229.84,69.43,977,1,1,3,0.2778,0.2778,0,0.093,desktop_chrome,paypal,0
ACC_WARD_00214,22,17,14,5116.02,230.01,154,2,1,1,0.7727,0.6364,16,0.8146,mobile_ios,virtual_card,1
ACC_LEGIT_STD_00014,7,0,0,686.46,105.05,323,2,3,1,0.0,0.0,2,0.1829,mobile_ios,debit_card,0
ACC_LEGIT_STD_02595,21,0,0,729.64,34.67,971,1,1,1,0.0,0.0,2,0.012,mobile_ios,apple_pay,0
ACC_LEGIT_ACT_00580,29,9,8,2212.63,76.07,206,2,2,3,0.3103,0.2759,8,0.1091,desktop_chrome,credit_card,0
ACC_LEGIT_STD_00774,11,0,0,484.22,46.64,638,1,2,2,0.0,0.0,1,0.0841,desktop_chrome,debit_card,0
ACC_LEGIT_STD_02402,3,1,0,146.92,46.62,308,2,1,3,0.3333,0.0,0,0.0983,mobile_android,apple_pay,0
ACC_LEGIT_NEW_00078,2,0,0,97.18,48.59,32,1,2,1,0.0,0.0,0,0.0839,mobile_ios,debit_card,0
ACC_LEGIT_NEW_00423,4,1,1,263.56,65.89,17,1,1,1,0.25,0.25,0,0.0248,mobile_android,credit_card,0
ACC_LEGIT_STD_01540,14,1,1,1426.85,101.82,731,1,1,2,0.0714,0.0714,1,0.0389,mobile_ios,debit_card,0
ACC_LEGIT_STD_00029,15,2,2,825.03,54.46,515,1,1,1,0.1333,0.1333,2,0.0047,mobile_ios,credit_card,0
ACC_LEGIT_STD_00339,10,3,2,430.81,44.02,688,1,1,1,0.3,0.2,0,0.0174,mobile_ios,credit_card,0
ACC_LEGIT_ACT_00295,48,20,17,5732.77,120.17,310,2,3,1,0.4167,0.3542,12,0.1824,mobile_android,credit_card,0
ACC_LEGIT_ACT_00404,42,14,12,5704.96,132.31,642,2,1,1,0.3333,0.2857,11,0.1453,mobile_ios,paypal,0
ACC_LEGIT_ACT_00746,49,19,16,7639.52,157.7,731,2,5,2,0.3878,0.3265,8,0.2597,mobile_ios,paypal,0
ACC_LEGIT_ACT_00194,41,16,15,3865.14,93.7,755,1,3,2,0.3902,0.3659,10,0.238,desktop_chrome,apple_pay,0
ACC_WARD_00110,45,33,32,10427.52,236.14,196,1,2,4,0.7333,0.7111,28,0.6858,mobile_ios,paypal,1
ACC_LEGIT_STD_02154,11,2,2,1014.54,93.44,389,1,2,1,0.1818,0.1818,0,0.047,mobile_android,credit_card,0
ACC_LEGIT_STD_00458,4,0,0,157.48,40.57,199,3,2,2,0.0,0.0,0,0.1438,mobile_ios,credit_card,0
ACC_LEGIT_STD_00576,3,0,0,219.73,73.78,184,1,2,2,0.0,0.0,0,0.1468,desktop_chrome,credit_card,0
ACC_LEGIT_STD_01953,9,0,0,438.91,50.0,511,1,2,1,0.0,0.0,0,0.0121,mobile_ios,credit_card,0
ACC_LEGIT_STD_02754,5,0,0,189.55,35.82,402,1,1,1,0.0,0.0,0,0.0356,mobile_ios,debit_card,0
ACC_LEGIT_ACT_00304,47,17,15,5765.37,120.24,564,2,3,1,0.3617,0.3191,12,0.1054,mobile_ios,debit_card,0
ACC_LEGIT_NEW_00011,3,1,1,143.07,47.69,26,2,1,1,0.3333,0.3333,0,0.2013,mobile_android,credit_card,0
ACC_LEGIT_STD_02459,3,0,0,174.94,62.59,186,2,3,1,0.0,0.0,0,0.1937,mobile_ios,credit_card,0
ACC_LEGIT_STD_02320,16,3,3,1030.13,66.64,435,1,3,1,0.1875,0.1875,1,0.1392,mobile_android,credit_card,0
ACC_LEGIT_STD_02045,3,0,0,132.06,46.71,169,1,1,1,0.0,0.0,0,0.0666,desktop_chrome,credit_card,0
ACC_LEGIT_STD_00759,13,1,1,660.05,53.19,572,1,1,1,0.0769,0.0769,0,0.0539,mobile_android,apple_pay,0
ACC_RING_000_0269,20,14,12,2850.0,142.5,29,4,6,4,0.7,0.6,12,0.91,emulator_bot,virtual_card,1
ACC_RING_041_0310,22,16,13,3403.18,154.69,4,4,4,4,0.7273,0.5909,9,0.8158,emulator_bot,crypto_gift_card,1
ACC_LEGIT_ACT_00110,32,11,9,1522.35,46.94,613,4,1,1,0.3438,0.2812,8,0.5648,desktop_chrome,apple_pay,0
ACC_LEGIT_STD_02696,6,1,1,473.18,77.76,247,1,1,3,0.1667,0.1667,2,0.0372,desktop_chrome,debit_card,0
ACC_LEGIT_STD_01520,14,1,1,869.13,65.54,627,1,2,1,0.0714,0.0714,0,0.0196,desktop_chrome,debit_card,0
ACC_LEGIT_STD_02054,7,2,1,572.53,77.17,300,1,1,1,0.2857,0.1429,0,0.0488,mobile_android,credit_card,0
ACC_LEGIT_STD_00716,8,0,0,245.94,28.76,372,1,1,2,0.0,0.0,0,0.0071,mobile_android,credit_card,0
ACC_LEGIT_STD_00998,1,1,1,69.55,72.53,282,1,3,2,1.0,1.0,0,0.0133,mobile_ios,debit_card,0
ACC_LEGIT_STD_01109,7,0,0,509.04,75.56,191,2,1,1,0.0,0.0,1,0.0479,mobile_ios,apple_pay,0
ACC_LEGIT_NEW_00314,1,0,0,41.84,41.84,36,1,2,1,0.0,0.0,0,0.3224,mobile_ios,debit_card,0
ACC_LEGIT_STD_00188,8,0,0,640.43,82.28,329,1,1,1,0.0,0.0,0,0.1213,mobile_ios,credit_card,0
ACC_RING_001_0136,8,6,5,1311.12,163.89,25,4,6,4,0.75,0.625,4,0.8868,desktop_chrome,crypto_gift_card,1
ACC_LEGIT_STD_02143,7,0,0,342.4,47.69,198,1,1,1,0.0,0.0,0,0.069,mobile_ios,apple_pay,0
ACC_LEGIT_STD_01871,14,0,0,914.75,61.93,732,2,1,1,0.0,0.0,1,0.0639,mobile_ios,credit_card,0
ACC_LEGIT_STD_02290,8,0,0,574.66,77.36,333,2,1,1,0.0,0.0,0,0.0032,desktop_chrome,debit_card,0
ACC_LEGIT_ACT_00613,36,8,7,5250.5,145.08,331,1,2,1,0.2222,0.1944,6,0.1723,mobile_ios,credit_card,0
ACC_LEGIT_STD_00885,11,0,0,621.72,52.57,535,1,1,2,0.0,0.0,1,0.007,mobile_android,debit_card,0
ACC_LEGIT_STD_00052,7,0,0,103.0,15.0,230,2,1,1,0.0,0.0,0,0.018,desktop_chrome,paypal,0
ACC_LEGIT_STD_01509,24,6,5,1865.39,73.16,616,1,1,1,0.25,0.2083,0,0.0778,desktop_chrome,paypal,0
ACC_LEGIT_STD_01015,12,0,0,629.7,49.61,688,1,1,1,0.0,0.0,1,0.0004,mobile_android,credit_card,0
ACC_LEGIT_STD_01097,5,1,1,191.96,39.66,232,1,1,1,0.2,0.2,1,0.0915,mobile_android,credit_card,0
ACC_WARD_00128,15,10,8,2537.13,173.93,90,1,3,3,0.6667,0.5333,7,0.5759,desktop_chrome,credit_card,1
ACC_LEGIT_STD_02009,8,0,0,757.88,89.11,685,1,4,3,0.0,0.0,0,0.0787,mobile_ios,credit_card,0
ACC_LEGIT_STD_02516,3,0,0,72.43,25.34,358,1,1,1,0.0,0.0,0,0.0145,mobile_ios,apple_pay,0
ACC_LEGIT_STD_02465,9,0,0,461.04,55.38,508,2,1,2,0.0,0.0,0,0.2162,desktop_chrome,debit_card,0
ACC_RING_053_0188,23,16,13,4193.13,182.31,23,4,4,4,0.6957,0.5652,12,0.8706,mobile_android,crypto_gift_card,1
ACC_LEGIT_STD_00825,3,0,0,291.91,95.42,460,1,1,1,0.0,0.0,1,0.1496,mobile_ios,credit_card,0
ACC_LEGIT_STD_00686,9,0,0,558.99,64.47,298,1,1,2,0.0,0.0,0,0.0424,mobile_android,credit_card,0
ACC_LEGIT_NEW_00411,2,0,0,139.44,69.72,22,1,1,1,0.0,0.0,0,0.2437,mobile_ios,debit_card,0
ACC_LEGIT_STD_02854,6,0,0,239.9,40.98,223,1,1,1,0.0,0.0,0,0.001,mobile_android,credit_card,0
ACC_LEGIT_STD_00274,9,0,0,914.61,97.06,432,1,1,1,0.0,0.0,0,0.0896,desktop_safari,debit_card,0
ACC_LEGIT_STD_01260,9,0,0,599.31,65.52,731,1,1,1,0.0,0.0,0,0.0071,desktop_safari,credit_card,0
ACC_LEGIT_STD_00739,6,1,1,528.28,81.64,285,1,3,1,0.1667,0.1667,1,0.1984,mobile_ios,credit_card,0
ACC_LEGIT_STD_02152,8,0,0,118.1,15.0,362,1,1,1,0.0,0.0,1,0.0509,mobile_ios,paypal,0
ACC_LEGIT_STD_01051,2,0,0,193.72,95.19,323,1,1,1,0.0,0.0,0,0.0752,mobile_android,credit_card,0
ACC_SLOW_00087,14,6,5,1192.52,85.18,85,2,3,2,0.4286,0.3571,3,0.5246,mobile_android,credit_card,1
ACC_WARD_00241,26,15,13,4604.9,171.69,313,1,3,2,0.5769,0.5,18,0.6957,desktop_chrome,paypal,1
ACC_LEGIT_STD_01251,9,1,0,612.73,64.87,248,1,4,3,0.1111,0.0,1,0.0641,mobile_ios,credit_card,0
ACC_LEGIT_ACT_00570,52,22,17,3783.34,71.55,83,1,1,1,0.4231,0.3269,8,0.0873,mobile_ios,credit_card,0
ACC_LEGIT_ACT_00057,15,4,3,845.6,56.63,769,3,2,1,0.2667,0.2,2,0.1154,mobile_android,credit_card,0
ACC_LEGIT_ACT_00318,14,6,5,1262.33,94.69,517,2,1,1,0.4286,0.3571,2,0.1511,desktop_chrome,apple_pay,0
ACC_LEGIT_STD_02084,1,0,0,66.85,71.33,78,1,1,1,0.0,0.0,0,0.0615,mobile_ios,credit_card,0
ACC_WARD_00095,25,21,20,6501.06,268.47,56,2,1,4,0.84,0.8,13,0.7292,desktop_chrome,credit_card,1
ACC_LEGIT_NEW_00056,1,0,0,32.94,32.94,10,2,1,1,0.0,0.0,0,0.0669,mobile_android,debit_card,0
ACC_RING_060_0061,7,5,4,1266.37,180.91,19,4,6,4,0.7143,0.5714,3,0.9379,emulator_bot,crypto_gift_card,1
ACC_LEGIT_STD_02075,7,1,1,350.8,51.34,514,2,1,1,0.1429,0.1429,0,0.0399,mobile_android,credit_card,0
ACC_LEGIT_STD_02308,15,4,4,807.68,58.27,505,1,2,2,0.2667,0.2667,0,0.0793,mobile_ios,credit_card,0
ACC_LEGIT_STD_01201,4,0,0,436.1,104.23,208,2,3,2,0.0,0.0,3,0.0612,mobile_ios,credit_card,0
ACC_LEGIT_STD_01351,5,3,3,296.06,56.09,272,1,2,1,0.6,0.6,0,0.1245,mobile_ios,credit_card,0
ACC_LEGIT_STD_02051,6,0,0,275.18,46.02,374,1,1,2,0.0,0.0,0,0.0983,mobile_ios,paypal,0
ACC_LEGIT_STD_02450,22,1,1,535.95,24.85,753,1,1,1,0.0455,0.0455,2,0.0197,mobile_ios,apple_pay,0
ACC_WARD_00172,32,28,23,6318.34,197.42,273,3,1,1,0.875,0.7188,24,0.704,mobile_ios,paypal,1
ACC_LEGIT_STD_02653,7,0,0,345.79,50.3,254,1,1,1,0.0,0.0,0,0.0679,mobile_android,apple_pay,0
ACC_LEGIT_STD_01747,7,0,0,309.21,42.73,238,1,1,2,0.0,0.0,1,0.0937,mobile_ios,debit_card,0
ACC_LEGIT_STD_02795,5,1,1,337.01,63.55,245,1,3,1,0.2,0.2,0,0.0396,mobile_ios,credit_card,0
ACC_LEGIT_ACT_00395,30,6,4,2734.47,94.83,632,3,3,2,0.2,0.1333,7,0.1529,mobile_ios,credit_card,0
ACC_RING_049_0318,11,9,8,1522.18,138.38,17,4,4,3,0.8182,0.7273,6,0.7767,emulator_bot,virtual_card,1
ACC_LEGIT_STD_01058,9,0,0,573.49,63.5,408,1,3,1,0.0,0.0,0,0.022,mobile_ios,credit_card,0
ACC_LEGIT_STD_01645,12,1,1,934.98,72.21,499,1,2,1,0.0833,0.0833,0,0.0861,mobile_ios,debit_card,0
ACC_LEGIT_NEW_00023,3,0,0,210.6,70.2,37,1,1,1,0.0,0.0,0,0.287,mobile_ios,credit_card,0
ACC_LEGIT_STD_01359,3,0,0,125.98,42.02,324,1,1,1,0.0,0.0,0,0.0242,mobile_ios,apple_pay,0
ACC_RING_042_0311,21,16,15,3102.96,147.76,32,5,4,3,0.7619,0.7143,14,0.8672,emulator_bot,virtual_card,1
ACC_LEGIT_STD_01134,8,2,2,162.18,20.88,414,1,2,2,0.25,0.25,1,0.3335,desktop_safari,debit_card,0
ACC_RING_019_0154,11,9,7,2232.89,202.99,15,7,4,4,0.8182,0.6364,5,0.8677,emulator_bot,virtual_card,1
ACC_LEGIT_STD_01785,10,3,3,873.36,92.2,666,1,3,1,0.3,0.3,0,0.0099,mobile_android,apple_pay,0
ACC_LEGIT_ACT_00494,16,6,5,1231.21,75.61,650,1,2,1,0.375,0.3125,2,0.7023,mobile_ios,paypal,0
ACC_LEGIT_STD_01192,14,0,0,1372.69,99.1,633,1,1,1,0.0,0.0,0,0.0384,mobile_ios,credit_card,0
ACC_LEGIT_ACT_00142,54,24,20,8609.52,160.89,415,2,2,2,0.4444,0.3704,8,0.1213,mobile_ios,paypal,0
ACC_RING_064_0199,15,11,9,1643.7,109.58,32,5,4,5,0.7333,0.6,9,0.921,emulator_bot,virtual_card,1
ACC_LEGIT_NEW_00125,1,0,0,59.17,59.17,4,1,2,1,0.0,0.0,0,0.04,mobile_ios,credit_card,0
ACC_LEGIT_ACT_00725,19,5,4,1889.68,99.39,740,2,1,3,0.2632,0.2105,7,0.0239,desktop_chrome,credit_card,0
ACC_LEGIT_ACT_00050,50,18,15,3095.58,62.98,628,2,3,1,0.36,0.3,9,0.4803,mobile_android,credit_card,0
ACC_LEGIT_STD_00654,12,0,0,728.79,57.7,675,2,3,2,0.0,0.0,0,0.0001,mobile_ios,credit_card,0
ACC_LEGIT_STD_02743,9,0,0,712.96,77.61,308,1,1,2,0.0,0.0,1,0.0038,mobile_android,credit_card,0
ACC_LEGIT_NEW_00038,1,0,0,55.3,55.3,29,1,2,1,0.0,0.0,0,0.0573,desktop_chrome,debit_card,0
ACC_LEGIT_STD_02242,16,1,0,1226.64,72.52,820,1,3,2,0.0625,0.0,1,0.0006,mobile_android,credit_card,0
ACC_RING_058_0059,16,15,13,2639.84,164.99,10,4,3,4,0.9375,0.8125,9,0.8372,mobile_android,credit_card,1
ACC_LEGIT_ACT_00378,40,12,10,1850.77,46.53,113,2,2,2,0.3,0.25,10,0.0609,mobile_ios,paypal,0
ACC_LEGIT_STD_01855,3,0,0,185.84,59.38,310,1,1,2,0.0,0.0,1,0.0403,mobile_android,credit_card,0
ACC_LEGIT_STD_00322,7,0,0,448.61,61.92,304,1,1,1,0.0,0.0,0,0.0444,desktop_chrome,debit_card,0
ACC_LEGIT_STD_02580,8,0,0,229.96,31.04,300,1,1,1,0.0,0.0,1,0.1068,mobile_ios,debit_card,0
ACC_LEGIT_STD_01552,7,1,1,574.33,83.75,347,1,1,1,0.1429,0.1429,0,0.016,mobile_ios,credit_card,0
ACC_LEGIT_STD_02404,8,2,1,713.67,84.31,308,1,1,1,0.25,0.125,0,0.0288,desktop_safari,debit_card,0
ACC_LEGIT_ACT_00343,17,6,5,1307.04,75.73,221,1,2,1,0.3529,0.2941,4,0.1796,mobile_ios,paypal,0
ACC_LEGIT_STD_02049,8,0,0,716.3,90.3,537,1,3,1,0.0,0.0,0,0.0008,mobile_ios,apple_pay,0
ACC_LEGIT_STD_01558,28,0,0,1581.86,53.1,1048,1,1,2,0.0,0.0,2,0.1016,desktop_chrome,debit_card,0
ACC_LEGIT_STD_01653,2,0,0,79.38,42.45,119,1,2,1,0.0,0.0,0,0.0191,mobile_android,credit_card,0
ACC_LEGIT_STD_02788,23,0,0,1744.96,80.64,1395,1,2,1,0.0,0.0,2,0.0134,mobile_ios,credit_card,0
ACC_LEGIT_STD_01707,2,0,0,183.59,93.24,136,1,2,1,0.0,0.0,0,0.0925,mobile_ios,credit_card,0
ACC_LEGIT_STD_00237,18,2,2,571.81,29.95,649,1,1,1,0.1111,0.1111,0,0.0971,mobile_ios,debit_card,0
ACC_LEGIT_STD_00948,4,0,0,191.48,51.52,355,2,1,1,0.0,0.0,1,0.0021,mobile_ios,debit_card,0
ACC_LEGIT_STD_00331,12,0,0,762.86,64.47,380,3,1,1,0.0,0.0,0,0.0412,mobile_ios,debit_card,0
ACC_LEGIT_STD_01801,4,0,0,55.89,15.0,204,1,1,1,0.0,0.0,0,0.1217,mobile_android,debit_card,0
ACC_LEGIT_NEW_00355,2,1,1,99.62,49.81,20,1,2,1,0.5,0.5,0,0.1786,mobile_ios,credit_card,0
ACC_LEGIT_STD_01318,4,0,0,177.32,41.69,177,1,2,1,0.0,0.0,0,0.1117,mobile_ios,credit_card,0
ACC_LEGIT_STD_02839,9,1,1,875.44,97.09,397,1,2,1,0.1111,0.1111,1,0.0217,mobile_ios,apple_pay,0
ACC_LEGIT_STD_02418,4,0,0,233.69,61.56,179,1,3,1,0.0,0.0,0,0.0199,mobile_ios,credit_card,0
ACC_LEGIT_NEW_00177,3,0,0,169.95,56.65,42,1,1,1,0.0,0.0,0,0.0992,mobile_android,debit_card,0
ACC_LEGIT_STD_01862,5,2,2,449.1,83.62,236,2,3,1,0.4,0.4,0,0.0647,desktop_chrome,debit_card,0
ACC_LEGIT_STD_00935,6,1,0,555.12,89.18,389,1,3,2,0.1667,0.0,0,0.0505,mobile_android,debit_card,0
ACC_RING_016_0218,12,10,8,2001.12,166.76,27,5,6,3,0.8333,0.6667,4,0.7509,emulator_bot,crypto_gift_card,1
ACC_LEGIT_STD_00345,5,0,0,265.24,52.71,190,1,2,2,0.0,0.0,0,0.07,desktop_chrome,debit_card,0
ACC_LEGIT_STD_02665,3,0,0,70.2,21.95,225,1,1,1,0.0,0.0,0,0.012,mobile_ios,debit_card,0
ACC_LEGIT_STD_02074,9,0,0,616.7,66.46,671,1,3,3,0.0,0.0,0,0.082,mobile_android,credit_card,0
ACC_LEGIT_STD_00842,5,0,0,428.82,81.33,353,1,1,3,0.0,0.0,1,0.15,mobile_ios,credit_card,0
ACC_LEGIT_STD_00631,9,1,1,680.1,76.04,365,1,1,1,0.1111,0.1111,0,0.0665,mobile_android,apple_pay,0
ACC_LEGIT_ACT_00372,37,13,12,3203.72,88.17,197,1,3,2,0.3514,0.3243,7,0.1588,mobile_ios,debit_card,0
ACC_LEGIT_STD_01188,15,1,1,1191.06,78.88,649,1,1,1,0.0667,0.0667,0,0.031,desktop_chrome,debit_card,0
ACC_LEGIT_STD_00889,2,0,0,153.75,81.39,129,3,1,1,0.0,0.0,0,0.0109,mobile_android,credit_card,0
ACC_LEGIT_STD_02627,4,1,1,167.09,41.2,311,2,1,1,0.25,0.25,0,0.0329,mobile_android,apple_pay,0
ACC_LEGIT_STD_02708,4,1,1,467.67,122.37,280,1,1,3,0.25,0.25,1,0.0587,mobile_android,paypal,0
ACC_LEGIT_NEW_00332,1,0,0,54.07,54.07,21,1,2,1,0.0,0.0,0,0.0597,mobile_ios,credit_card,0
ACC_LEGIT_STD_00836,10,0,0,1089.22,109.08,466,1,2,1,0.0,0.0,4,0.0241,mobile_ios,apple_pay,0
ACC_LEGIT_ACT_00433,43,15,14,4339.51,99.69,231,1,2,2,0.3488,0.3256,8,0.0943,mobile_ios,credit_card,0
ACC_LEGIT_STD_00995,5,0,0,216.2,46.8,267,2,2,1,0.0,0.0,0,0.0426,mobile_ios,credit_card,0
ACC_WARD_00109,23,15,13,2733.65,123.5,216,2,2,1,0.6522,0.5652,12,0.5971,mobile_ios,credit_card,1
ACC_LEGIT_ACT_00449,30,11,8,3563.75,120.53,615,2,3,3,0.3667,0.2667,6,0.1878,desktop_chrome,credit_card,0
ACC_WARD_00220,39,32,29,7409.97,194.28,126,1,2,1,0.8205,0.7436,21,0.7154,mobile_android,credit_card,1
ACC_LEGIT_STD_00141,2,0,0,29.44,15.3,270,1,1,2,0.0,0.0,0,0.1274,mobile_ios,paypal,0
ACC_LEGIT_ACT_00141,49,15,14,4674.64,94.87,160,1,2,1,0.3061,0.2857,11,0.0896,desktop_chrome,paypal,0
ACC_LEGIT_ACT_00222,21,7,5,1378.36,67.39,876,2,1,2,0.3333,0.2381,3,0.1584,mobile_ios,paypal,0
ACC_LEGIT_ACT_00537,32,14,13,2817.29,86.17,208,2,1,1,0.4375,0.4062,5,0.2687,mobile_ios,credit_card,0
ACC_LEGIT_ACT_00054,37,12,10,4415.95,115.62,424,2,5,1,0.3243,0.2703,7,0.2195,mobile_ios,paypal,0
ACC_LEGIT_ACT_00594,20,7,5,3017.92,158.6,851,1,1,2,0.35,0.25,4,0.2097,desktop_chrome,paypal,0
ACC_SLOW_00129,19,7,5,1874.35,98.65,120,2,2,1,0.3684,0.2632,6,0.6473,mobile_ios,paypal,1
ACC_WARD_00033,43,29,28,9376.11,210.84,284,1,2,2,0.6744,0.6512,21,0.7157,mobile_ios,credit_card,1
ACC_WARD_00075,58,39,33,9980.55,175.34,184,1,3,3,0.6724,0.569,26,0.7388,mobile_ios,virtual_card,1
ACC_LEGIT_STD_01574,6,4,2,499.24,88.41,282,1,1,1,0.6667,0.3333,1,0.1704,desktop_chrome,debit_card,0
ACC_LEGIT_STD_01104,7,0,0,334.19,51.23,637,2,1,1,0.0,0.0,1,0.0619,mobile_android,credit_card,0
ACC_LEGIT_NEW_00342,2,0,0,86.86,43.43,20,1,1,1,0.0,0.0,0,0.3429,desktop_chrome,debit_card,0
ACC_LEGIT_STD_01769,9,0,0,405.41,42.15,506,1,1,1,0.0,0.0,0,0.0749,desktop_chrome,credit_card,0
ACC_LEGIT_STD_00856,17,0,0,1446.11,81.23,869,1,1,1,0.0,0.0,0,0.0306,mobile_ios,credit_card,0
ACC_LEGIT_NEW_00291,1,0,0,56.03,56.03,34,1,1,1,0.0,0.0,0,0.1666,mobile_ios,credit_card,0
ACC_LEGIT_ACT_00749,21,4,3,2241.92,102.58,698,2,2,2,0.1905,0.1429,5,0.3457,mobile_ios,paypal,0
ACC_LEGIT_STD_02592,8,1,1,791.56,95.52,456,1,1,1,0.125,0.125,1,0.0878,desktop_chrome,credit_card,0
ACC_LEGIT_STD_00672,3,0,0,171.55,61.14,166,1,3,1,0.0,0.0,0,0.0067,mobile_ios,credit_card,0
ACC_LEGIT_STD_02790,4,0,0,255.83,62.11,322,1,2,1,0.0,0.0,0,0.0055,mobile_android,debit_card,0
ACC_LEGIT_STD_01371,5,1,1,285.0,59.47,331,1,2,1,0.2,0.2,0,0.0475,mobile_android,debit_card,0
ACC_LEGIT_STD_00446,8,0,0,777.12,93.96,504,1,3,1,0.0,0.0,1,0.0052,mobile_android,credit_card,0
ACC_LEGIT_ACT_00770,47,9,8,4614.81,102.69,321,2,3,1,0.1915,0.1702,12,0.1612,mobile_ios,credit_card,0
ACC_LEGIT_ACT_00682,16,3,2,1530.16,93.94,540,2,2,2,0.1875,0.125,2,0.2383,mobile_ios,credit_card,0
ACC_WARD_00093,37,33,31,5132.01,133.39,217,1,3,3,0.8919,0.8378,19,0.6117,desktop_chrome,virtual_card,1
ACC_LEGIT_STD_00761,13,1,1,540.46,41.16,754,1,1,2,0.0769,0.0769,1,0.0181,mobile_android,credit_card,0
ACC_LEGIT_STD_00570,7,0,0,113.41,15.65,256,1,1,1,0.0,0.0,0,0.0148,mobile_ios,credit_card,0
ACC_SLOW_00082,19,8,6,665.0,35.0,216,2,3,3,0.4211,0.3158,5,0.5229,mobile_android,credit_card,1
ACC_LEGIT_ACT_00003,50,10,8,6518.85,136.12,769,3,2,2,0.2,0.16,11,0.2522,desktop_chrome,paypal,0
ACC_LEGIT_STD_02269,13,1,1,1048.13,84.64,421,2,3,1,0.0769,0.0769,0,0.0392,mobile_ios,credit_card,0
ACC_LEGIT_STD_02028,5,0,0,356.43,73.02,151,1,1,2,0.0,0.0,0,0.0834,mobile_android,credit_card,0
ACC_LEGIT_ACT_00408,37,7,6,931.84,25.0,376,2,3,2,0.1892,0.1622,4,0.4605,desktop_chrome,paypal,0
ACC_LEGIT_STD_02806,6,0,0,466.94,84.11,276,1,2,1,0.0,0.0,0,0.186,mobile_ios,debit_card,0
ACC_LEGIT_STD_00793,10,0,0,518.17,56.04,383,1,1,1,0.0,0.0,0,0.1438,mobile_android,credit_card,0
ACC_LEGIT_ACT_00085,19,6,5,2448.23,131.21,512,1,1,2,0.3158,0.2632,6,0.253,mobile_ios,paypal,0
ACC_LEGIT_ACT_00728,39,16,14,3459.08,89.83,694,1,2,1,0.4103,0.359,9,0.1409,desktop_chrome,paypal,0
ACC_LEGIT_STD_00112,5,1,1,255.08,50.57,258,1,2,1,0.2,0.2,0,0.0912,mobile_ios,credit_card,0
ACC_LEGIT_STD_00947,11,1,1,636.74,59.03,613,1,1,2,0.0909,0.0909,0,0.0579,mobile_ios,credit_card,0
ACC_LEGIT_ACT_00787,12,4,3,1281.24,103.77,162,2,5,2,0.3333,0.25,2,0.1247,desktop_chrome,paypal,0
ACC_LEGIT_STD_01378,15,0,0,907.39,57.39,751,1,2,1,0.0,0.0,0,0.1603,mobile_ios,debit_card,0
ACC_LEGIT_STD_01889,14,0,0,1147.57,85.09,585,1,1,3,0.0,0.0,1,0.0243,mobile_android,debit_card,0
ACC_LEGIT_NEW_00244,3,0,0,92.58,30.86,9,1,1,1,0.0,0.0,0,0.11,mobile_ios,debit_card,0
ACC_LEGIT_STD_01448,6,0,0,503.47,85.07,318,1,1,1,0.0,0.0,0,0.17,mobile_ios,credit_card,0
ACC_LEGIT_NEW_00103,2,1,1,84.54,42.27,17,1,1,1,0.5,0.5,0,0.0346,mobile_android,debit_card,0
ACC_LEGIT_NEW_00178,1,1,1,55.58,55.58,42,1,2,1,1.0,1.0,0,0.2784,mobile_android,debit_card,0
ACC_RING_030_0299,10,7,6,1956.4,195.64,15,3,4,5,0.7,0.6,6,0.7521,desktop_chrome,virtual_card,1
ACC_LEGIT_STD_01741,11,1,1,678.21,66.03,495,2,1,3,0.0909,0.0909,0,0.0084,mobile_ios,credit_card,0
ACC_LEGIT_ACT_00312,21,4,3,2769.43,131.07,310,1,5,1,0.1905,0.1429,3,0.4198,mobile_ios,credit_card,0
ACC_LEGIT_STD_00930,8,0,0,416.51,53.51,339,1,1,1,0.0,0.0,0,0.0908,mobile_ios,debit_card,0
ACC_LEGIT_STD_01041,10,0,0,599.05,58.67,365,2,2,1,0.0,0.0,1,0.0959,mobile_android,credit_card,0
ACC_LEGIT_STD_02766,4,0,0,193.56,48.72,345,2,1,1,0.0,0.0,0,0.0465,mobile_ios,credit_card,0
ACC_LEGIT_STD_02658,13,1,1,719.52,55.51,409,1,3,1,0.0769,0.0769,1,0.0207,mobile_android,credit_card,0
ACC_WARD_00126,31,24,21,7110.84,222.09,262,1,3,3,0.7742,0.6774,12,0.5572,mobile_ios,paypal,1
ACC_LEGIT_STD_02272,5,0,0,219.19,43.53,244,1,1,1,0.0,0.0,0,0.0017,mobile_android,debit_card,0
ACC_LEGIT_ACT_00720,46,20,18,4216.25,96.1,738,3,2,1,0.4348,0.3913,9,0.2683,mobile_android,debit_card,0
ACC_LEGIT_ACT_00146,14,3,2,2118.04,146.31,316,2,1,1,0.2143,0.1429,4,0.1498,mobile_ios,debit_card,0
ACC_LEGIT_ACT_00101,40,13,12,1174.26,28.6,890,3,2,1,0.325,0.3,9,0.2038,mobile_ios,debit_card,0
ACC_LEGIT_STD_00784,8,0,0,404.32,52.18,172,1,1,1,0.0,0.0,0,0.0111,mobile_ios,debit_card,0
ACC_LEGIT_STD_01206,9,0,0,432.38,45.0,311,1,1,1,0.0,0.0,0,0.1017,desktop_safari,apple_pay,0
ACC_LEGIT_NEW_00265,1,1,1,28.47,28.47,44,1,1,1,1.0,1.0,0,0.1159,desktop_chrome,debit_card,0
ACC_LEGIT_ACT_00743,50,12,9,7322.9,148.83,233,3,3,1,0.24,0.18,5,0.1735,mobile_ios,debit_card,0
ACC_LEGIT_ACT_00738,19,4,3,2371.11,127.97,357,2,3,1,0.2105,0.1579,2,0.0712,mobile_ios,paypal,0
ACC_WARD_00134,30,22,20,4811.83,164.0,334,1,3,4,0.7333,0.6667,14,0.8041,mobile_ios,credit_card,1
ACC_LEGIT_STD_00260,12,0,0,632.3,50.88,374,2,3,1,0.0,0.0,0,0.1572,mobile_android,credit_card,0
ACC_LEGIT_STD_00587,6,0,0,721.91,122.0,371,1,2,2,0.0,0.0,1,0.1336,desktop_chrome,apple_pay,0
ACC_LEGIT_ACT_00425,38,15,12,2829.22,76.86,566,4,1,3,0.3947,0.3158,8,0.1828,desktop_chrome,paypal,0
ACC_RING_035_0237,6,5,4,1284.54,214.09,35,4,4,4,0.8333,0.6667,3,0.8323,emulator_bot,virtual_card,1
ACC_RING_028_0096,13,11,10,1828.32,140.64,4,5,6,3,0.8462,0.7692,6,0.9229,mobile_android,crypto_gift_card,1
ACC_LEGIT_STD_02818,7,0,0,555.24,83.93,261,2,3,2,0.0,0.0,0,0.1343,desktop_safari,credit_card,0
ACC_LEGIT_STD_01434,10,0,0,690.9,66.37,782,1,1,3,0.0,0.0,0,0.0155,mobile_ios,debit_card,0
ACC_LEGIT_STD_00181,7,0,0,341.43,45.34,408,1,2,1,0.0,0.0,0,0.0423,mobile_ios,credit_card,0
ACC_LEGIT_STD_02737,6,0,0,357.95,56.37,142,1,1,1,0.0,0.0,0,0.123,desktop_chrome,debit_card,0
ACC_LEGIT_NEW_00377,1,0,0,47.04,47.04,18,1,1,1,0.0,0.0,0,0.1266,mobile_android,credit_card,0
ACC_LEGIT_ACT_00175,35,10,9,3677.15,100.12,800,1,1,1,0.2857,0.2571,8,0.1416,mobile_ios,debit_card,0
ACC_LEGIT_ACT_00699,52,10,9,4774.48,88.46,288,1,2,3,0.1923,0.1731,12,0.3076,desktop_chrome,credit_card,0
ACC_LEGIT_STD_02202,12,0,0,741.45,59.74,486,1,1,1,0.0,0.0,1,0.0238,mobile_android,credit_card,0
ACC_LEGIT_ACT_00180,54,18,15,3864.61,70.63,527,1,3,2,0.3333,0.2778,9,0.6336,mobile_ios,credit_card,0
ACC_LEGIT_STD_01329,4,0,0,338.09,83.69,463,1,1,1,0.0,0.0,0,0.0693,desktop_chrome,credit_card,0
ACC_LEGIT_STD_00404,2,0,0,118.97,56.04,487,2,1,1,0.0,0.0,0,0.0267,mobile_android,debit_card,0
ACC_LEGIT_STD_01165,22,1,1,489.68,22.89,1205,1,1,1,0.0455,0.0455,1,0.0143,mobile_android,credit_card,0
ACC_LEGIT_ACT_00783,32,8,6,3736.4,118.89,326,1,1,1,0.25,0.1875,5,0.2765,mobile_android,paypal,0
ACC_LEGIT_STD_02661,10,0,0,479.81,46.17,528,1,1,1,0.0,0.0,1,0.1889,desktop_chrome,apple_pay,0
ACC_LEGIT_STD_02490,9,1,1,507.22,56.89,393,1,2,1,0.1111,0.1111,1,0.1379,mobile_ios,credit_card,0
ACC_LEGIT_STD_00248,7,0,0,676.21,91.11,567,1,4,1,0.0,0.0,0,0.0192,mobile_ios,credit_card,0
ACC_LEGIT_ACT_00821,53,19,16,5584.19,101.07,747,2,2,3,0.3585,0.3019,8,0.3301,mobile_android,paypal,0
ACC_LEGIT_STD_01668,4,0,0,213.75,53.41,424,1,2,3,0.0,0.0,1,0.0148,mobile_ios,debit_card,0
ACC_LEGIT_STD_01116,5,0,0,261.63,56.23,223,1,2,1,0.0,0.0,0,0.0157,mobile_ios,credit_card,0
ACC_LEGIT_STD_02925,7,0,0,668.15,101.29,536,2,4,1,0.0,0.0,0,0.0228,mobile_android,credit_card,0
ACC_LEGIT_NEW_00324,4,0,0,312.84,78.21,26,2,2,1,0.0,0.0,0,0.0518,desktop_chrome,credit_card,0
ACC_LEGIT_NEW_00327,1,0,0,50.52,50.52,27,1,1,1,0.0,0.0,0,0.1852,mobile_ios,apple_pay,0
ACC_WARD_00021,59,47,44,11254.93,199.02,253,1,2,1,0.7966,0.7458,32,0.5653,mobile_android,credit_card,1
ACC_LEGIT_STD_02584,7,0,0,400.81,58.74,256,2,3,2,0.0,0.0,1,0.1299,mobile_ios,paypal,0
ACC_LEGIT_STD_00717,5,0,0,363.44,76.62,340,2,1,1,0.0,0.0,0,0.0117,mobile_ios,credit_card,0
ACC_SLOW_00133,17,7,5,1273.64,74.92,143,1,2,1,0.4118,0.2941,2,0.6647,mobile_android,paypal,1
ACC_LEGIT_STD_01714,9,0,0,600.7,68.97,518,1,2,2,0.0,0.0,2,0.0017,mobile_android,credit_card,0
ACC_WARD_00247,43,36,33,9477.6,218.9,347,3,2,1,0.8372,0.7674,21,0.7804,mobile_ios,credit_card,1
ACC_RING_027_0095,24,18,16,3559.92,148.33,20,3,4,8,0.75,0.6667,10,0.8905,mobile_android,virtual_card,1
ACC_LEGIT_ACT_00285,35,13,12,4525.95,125.62,791,1,2,2,0.3714,0.3429,6,0.2439,desktop_chrome,paypal,0
ACC_LEGIT_ACT_00441,32,7,6,2673.39,80.99,704,1,2,1,0.2188,0.1875,9,0.2213,mobile_ios,credit_card,0
ACC_RING_026_0094,24,18,14,2881.68,120.07,26,5,6,8,0.75,0.5833,8,0.9713,desktop_chrome,virtual_card,1
ACC_LEGIT_STD_00747,8,1,1,863.76,100.39,525,3,2,2,0.125,0.125,0,0.0472,desktop_chrome,apple_pay,0
ACC_LEGIT_NEW_00364,1,0,0,33.95,33.95,25,1,1,1,0.0,0.0,0,0.1776,mobile_android,credit_card,0
ACC_LEGIT_ACT_00500,20,7,6,1568.68,77.25,438,2,1,2,0.35,0.3,4,0.4115,desktop_chrome,paypal,0
ACC_LEGIT_ACT_00400,27,7,6,2116.69,74.67,549,1,2,2,0.2593,0.2222,7,0.247,mobile_ios,credit_card,0
ACC_LEGIT_STD_00424,3,0,0,343.25,110.93,150,1,1,3,0.0,0.0,1,0.0892,desktop_safari,credit_card,0
ACC_LEGIT_STD_00125,6,1,1,321.21,54.32,297,2,3,1,0.1667,0.1667,0,0.0758,mobile_ios,credit_card,0
ACC_LEGIT_ACT_00436,44,11,9,4914.96,111.16,86,1,1,2,0.25,0.2045,5,0.2118,desktop_chrome,credit_card,0
ACC_LEGIT_STD_00661,10,0,0,610.32,64.2,195,1,1,1,0.0,0.0,1,0.0514,mobile_android,credit_card,0
ACC_LEGIT_ACT_00765,46,16,12,2316.05,51.51,472,2,1,1,0.3478,0.2609,11,0.2476,desktop_chrome,credit_card,0
ACC_LEGIT_STD_01774,5,0,0,415.73,87.7,304,1,2,1,0.0,0.0,0,0.0056,mobile_ios,credit_card,0
ACC_LEGIT_STD_01897,6,0,0,284.6,44.22,122,2,2,2,0.0,0.0,0,0.056,mobile_ios,credit_card,0
ACC_LEGIT_STD_00843,12,0,0,1114.97,93.7,715,1,3,2,0.0,0.0,0,0.002,mobile_android,debit_card,0
ACC_LEGIT_STD_01320,6,0,0,679.3,107.57,444,1,1,2,0.0,0.0,1,0.0658,mobile_ios,credit_card,0
ACC_LEGIT_ACT_00815,22,6,5,2003.22,94.72,134,2,2,2,0.2727,0.2273,6,0.2942,mobile_android,paypal,0
ACC_LEGIT_STD_02918,11,0,0,1126.68,103.22,418,2,1,3,0.0,0.0,3,0.0132,mobile_android,credit_card,0
ACC_LEGIT_STD_02489,16,2,2,911.67,59.87,552,1,1,1,0.125,0.125,0,0.1076,mobile_ios,credit_card,0
ACC_LEGIT_ACT_00448,27,11,9,3121.63,111.04,335,2,5,3,0.4074,0.3333,6,0.1964,desktop_chrome,credit_card,0
ACC_LEGIT_STD_00500,12,1,1,1149.45,91.39,598,1,2,1,0.0833,0.0833,0,0.038,mobile_android,credit_card,0
ACC_LEGIT_STD_00952,16,0,0,257.56,15.0,453,2,1,1,0.0,0.0,0,0.121,mobile_android,credit_card,0
ACC_SLOW_00029,19,10,8,1465.09,77.11,207,1,1,3,0.5263,0.4211,3,0.2603,mobile_android,virtual_card,1
ACC_LEGIT_STD_00790,12,0,0,805.23,62.2,623,2,3,1,0.0,0.0,0,0.0174,mobile_ios,debit_card,0
ACC_LEGIT_STD_02429,11,0,0,595.12,52.87,352,1,3,1,0.0,0.0,0,0.0224,mobile_ios,debit_card,0
ACC_LEGIT_STD_02468,18,0,0,1599.01,86.07,622,1,1,1,0.0,0.0,1,0.033,desktop_chrome,credit_card,0
ACC_WARD_00052,49,30,27,6291.09,126.26,98,3,1,4,0.6122,0.551,19,0.751,mobile_ios,credit_card,1
ACC_LEGIT_ACT_00198,48,18,14,3606.24,75.96,323,1,5,1,0.375,0.2917,6,0.1488,mobile_android,apple_pay,0
ACC_RING_008_0277,13,9,7,1707.55,131.35,34,5,9,4,0.6923,0.5385,7,0.8269,emulator_bot,crypto_gift_card,1
ACC_LEGIT_STD_02010,5,0,0,445.02,94.5,349,1,1,1,0.0,0.0,0,0.0868,mobile_android,debit_card,0
ACC_LEGIT_STD_02567,9,0,0,598.24,64.32,369,1,1,1,0.0,0.0,0,0.0599,desktop_chrome,credit_card,0
ACC_LEGIT_STD_00940,6,0,0,303.04,48.86,272,1,1,1,0.0,0.0,0,0.0022,mobile_ios,credit_card,0
ACC_RING_056_0325,18,15,13,2802.96,155.72,14,7,4,3,0.8333,0.7222,11,0.727,desktop_chrome,virtual_card,1
ACC_LEGIT_STD_00019,10,1,1,641.68,66.53,446,1,1,1,0.1,0.1,0,0.0114,mobile_android,debit_card,0
ACC_LEGIT_NEW_00026,2,0,0,122.84,61.42,39,1,1,1,0.0,0.0,0,0.2087,desktop_chrome,debit_card,0
ACC_LEGIT_STD_00421,14,1,1,844.79,61.74,687,1,1,1,0.0714,0.0714,1,0.0898,mobile_android,debit_card,0
ACC_LEGIT_ACT_00747,45,12,11,6111.26,133.25,266,3,1,1,0.2667,0.2444,8,0.1669,desktop_chrome,paypal,0
ACC_LEGIT_STD_02955,3,1,1,255.44,81.03,263,1,2,1,0.3333,0.3333,0,0.0135,mobile_ios,apple_pay,0
ACC_LEGIT_NEW_00371,1,0,0,75.1,75.1,22,2,2,1,0.0,0.0,0,0.1332,mobile_ios,credit_card,0
ACC_LEGIT_ACT_00779,47,18,15,1604.6,33.98,277,1,3,1,0.383,0.3191,10,0.0777,mobile_ios,debit_card,0
ACC_LEGIT_STD_00901,10,0,0,778.34,76.76,450,1,1,1,0.0,0.0,0,0.1494,mobile_ios,credit_card,0
ACC_LEGIT_ACT_00089,16,7,6,1906.71,124.1,263,1,2,1,0.4375,0.375,4,0.228,desktop_chrome,debit_card,0
ACC_LEGIT_STD_02261,9,0,0,770.21,86.62,496,1,1,1,0.0,0.0,0,0.0194,desktop_safari,credit_card,0
ACC_SLOW_00023,11,6,5,508.97,46.27,193,1,4,3,0.5455,0.4545,4,0.5422,mobile_android,credit_card,1
ACC_LEGIT_STD_01048,1,0,0,63.57,68.65,95,1,2,3,0.0,0.0,0,0.0393,mobile_ios,paypal,0
ACC_LEGIT_ACT_00322,28,12,10,3202.61,114.04,422,2,1,1,0.4286,0.3571,6,0.4806,mobile_ios,credit_card,0
ACC_LEGIT_STD_01651,9,0,0,568.13,67.66,420,1,1,1,0.0,0.0,1,0.0279,mobile_android,paypal,0
ACC_LEGIT_STD_02524,4,0,0,460.72,112.87,100,1,1,2,0.0,0.0,0,0.0083,mobile_android,credit_card,0
ACC_LEGIT_STD_02300,17,0,0,1352.72,81.98,925,1,2,1,0.0,0.0,0,0.082,mobile_android,credit_card,0
ACC_LEGIT_ACT_00352,46,12,10,4361.85,97.15,827,1,3,1,0.2609,0.2174,8,0.1798,desktop_chrome,paypal,0
ACC_LEGIT_STD_02692,6,2,1,562.15,99.31,511,1,1,1,0.3333,0.1667,1,0.0769,mobile_android,credit_card,0
ACC_LEGIT_STD_02390,9,0,0,565.25,58.33,369,1,1,1,0.0,0.0,0,0.0382,desktop_safari,credit_card,0
ACC_LEGIT_STD_00679,4,0,0,370.13,88.38,377,1,2,1,0.0,0.0,0,0.0121,mobile_ios,credit_card,0
ACC_LEGIT_STD_01129,11,3,3,673.66,59.55,395,1,2,1,0.2727,0.2727,2,0.0079,desktop_chrome,debit_card,0
ACC_SLOW_00010,9,3,2,1117.71,124.19,149,2,2,1,0.3333,0.2222,2,0.6705,mobile_ios,virtual_card,1
ACC_LEGIT_STD_00200,4,0,0,274.94,66.5,180,1,1,2,0.0,0.0,0,0.0287,mobile_android,paypal,0
ACC_LEGIT_ACT_00552,30,12,10,2415.25,77.79,240,2,5,2,0.4,0.3333,2,0.3245,mobile_android,debit_card,0
ACC_LEGIT_STD_02919,4,1,1,320.27,74.42,82,1,1,1,0.25,0.25,1,0.0365,mobile_android,credit_card,0
ACC_LEGIT_NEW_00152,3,0,0,202.02,67.34,27,1,1,1,0.0,0.0,0,0.0505,mobile_android,credit_card,0
ACC_LEGIT_NEW_00054,2,0,0,134.72,67.36,14,2,1,1,0.0,0.0,0,0.0517,mobile_android,credit_card,0
ACC_LEGIT_ACT_00268,17,3,2,937.92,56.16,811,2,5,2,0.1765,0.1176,2,0.2192,mobile_ios,credit_card,0
ACC_LEGIT_STD_00257,2,0,0,94.11,47.13,77,2,1,1,0.0,0.0,0,0.0123,mobile_ios,credit_card,0
ACC_RING_019_0020,15,14,13,1161.6,77.44,5,3,4,8,0.9333,0.8667,7,0.7377,mobile_android,virtual_card,1
ACC_LEGIT_STD_01992,14,1,1,1200.32,91.44,429,1,1,1,0.0714,0.0714,0,0.1476,mobile_ios,credit_card,0
ACC_LEGIT_STD_00086,16,0,0,1332.33,77.83,658,1,1,1,0.0,0.0,0,0.1072,mobile_ios,credit_card,0
ACC_LEGIT_ACT_00693,20,8,7,2369.99,118.07,300,2,1,1,0.4,0.35,5,0.0933,desktop_chrome,credit_card,0
ACC_LEGIT_STD_01546,12,2,2,814.5,72.68,483,1,1,1,0.1667,0.1667,0,0.143,desktop_chrome,debit_card,0
ACC_LEGIT_STD_02073,2,0,0,82.69,42.44,136,2,2,2,0.0,0.0,0,0.02,mobile_ios,credit_card,0
ACC_LEGIT_STD_01080,15,0,0,1141.3,75.73,757,1,2,1,0.0,0.0,1,0.0449,mobile_android,credit_card,0
ACC_LEGIT_STD_01144,10,0,0,543.76,57.55,345,1,1,1,0.0,0.0,0,0.078,mobile_android,credit_card,0
ACC_LEGIT_STD_02761,7,0,0,513.67,72.96,410,1,1,3,0.0,0.0,0,0.1118,desktop_chrome,apple_pay,0
ACC_LEGIT_STD_00251,11,1,1,836.4,74.39,626,3,1,1,0.0909,0.0909,2,0.0534,mobile_ios,paypal,0
ACC_LEGIT_STD_00992,18,1,1,395.38,20.82,989,1,1,1,0.0556,0.0556,0,0.0267,mobile_android,credit_card,0
ACC_LEGIT_ACT_00155,31,6,4,1341.14,44.99,501,1,2,2,0.1935,0.129,6,0.2913,mobile_android,credit_card,0
ACC_RING_026_0295,17,12,11,2431.34,143.02,13,4,9,3,0.7059,0.6471,12,0.9181,emulator_bot,virtual_card,1
ACC_LEGIT_STD_02846,3,0,0,113.64,35.59,301,1,2,1,0.0,0.0,0,0.0967,mobile_android,debit_card,0
ACC_RING_007_0209,24,18,17,2020.08,84.17,14,3,6,5,0.75,0.7083,12,0.73,emulator_bot,credit_card,1
ACC_LEGIT_STD_00960,8,0,0,417.46,56.55,487,2,2,1,0.0,0.0,0,0.0532,mobile_ios,credit_card,0
ACC_LEGIT_STD_02032,13,0,0,599.87,49.76,537,1,4,1,0.0,0.0,0,0.112,desktop_safari,apple_pay,0
ACC_LEGIT_ACT_00176,17,5,4,1137.63,68.25,77,2,3,2,0.2941,0.2353,2,0.2312,mobile_android,debit_card,0
ACC_LEGIT_STD_00497,8,3,3,778.66,94.31,360,1,1,1,0.375,0.375,0,0.0045,mobile_android,paypal,0
ACC_RING_066_0201,24,19,18,4806.0,200.25,19,3,6,8,0.7917,0.75,9,0.7547,emulator_bot,virtual_card,1
ACC_LEGIT_STD_02700,6,0,0,84.21,15.0,624,1,1,1,0.0,0.0,1,0.0063,mobile_android,paypal,0
ACC_LEGIT_STD_02949,11,0,0,1039.71,87.69,447,1,1,1,0.0,0.0,1,0.0655,mobile_android,debit_card,0
ACC_LEGIT_ACT_00213,54,16,15,6802.22,128.38,223,2,1,3,0.2963,0.2778,13,0.4077,desktop_chrome,apple_pay,0
ACC_LEGIT_NEW_00142,1,0,0,58.25,58.25,7,1,1,1,0.0,0.0,0,0.2197,mobile_ios,apple_pay,0
ACC_RING_029_0097,18,16,15,3556.08,197.56,17,5,3,8,0.8889,0.8333,13,0.9031,mobile_android,virtual_card,1
ACC_RING_033_0168,8,6,5,1726.32,215.79,18,4,4,8,0.75,0.625,5,0.9099,desktop_chrome,crypto_gift_card,1
ACC_RING_002_0070,26,23,18,2121.34,81.59,9,3,4,4,0.8846,0.6923,11,0.9038,emulator_bot,credit_card,1
ACC_LEGIT_ACT_00579,41,11,10,5427.21,131.14,509,2,1,2,0.2683,0.2439,11,0.3805,mobile_ios,credit_card,0
ACC_LEGIT_STD_01814,5,1,1,213.02,44.02,355,2,1,1,0.2,0.2,0,0.1047,mobile_ios,apple_pay,0
ACC_RING_031_0166,12,8,6,2120.04,176.67,3,4,6,8,0.6667,0.5,7,0.8098,mobile_android,crypto_gift_card,1
ACC_LEGIT_STD_02558,4,0,0,276.59,70.94,212,1,1,3,0.0,0.0,0,0.1359,desktop_chrome,apple_pay,0
ACC_SLOW_00097,21,8,7,2508.03,119.43,185,2,1,1,0.381,0.3333,7,0.6697,desktop_chrome,paypal,1
ACC_LEGIT_ACT_00161,49,21,17,6622.82,133.04,770,2,1,1,0.4286,0.3469,10,0.3408,desktop_chrome,credit_card,0
ACC_LEGIT_STD_00124,11,1,0,984.72,87.62,493,1,3,1,0.0909,0.0,0,0.0837,desktop_chrome,debit_card,0
ACC_LEGIT_STD_01898,5,1,1,583.54,110.44,330,1,1,1,0.2,0.2,0,0.0832,mobile_ios,credit_card,0
ACC_WARD_00115,18,13,12,4032.26,235.32,163,1,2,4,0.7222,0.6667,12,0.7605,mobile_ios,paypal,1
ACC_LEGIT_NEW_00409,1,0,0,63.04,63.04,38,1,1,1,0.0,0.0,0,0.3602,mobile_android,debit_card,0
ACC_LEGIT_ACT_00181,18,3,2,794.84,44.71,454,2,3,1,0.1667,0.1111,4,0.1442,desktop_chrome,credit_card,0
ACC_LEGIT_STD_00665,2,1,0,130.03,65.16,232,1,1,1,0.5,0.0,0,0.0101,desktop_chrome,credit_card,0
ACC_LEGIT_ACT_00051,23,6,4,1264.87,53.81,697,2,1,1,0.2609,0.1739,4,0.0158,desktop_chrome,apple_pay,0
ACC_LEGIT_ACT_00444,20,8,6,954.5,48.05,606,1,1,2,0.4,0.3,4,0.19,mobile_ios,credit_card,0
ACC_LEGIT_STD_01505,6,0,0,238.56,36.84,559,1,2,1,0.0,0.0,0,0.0872,mobile_android,credit_card,0
ACC_LEGIT_NEW_00218,2,0,0,139.4,69.7,42,1,1,1,0.0,0.0,0,0.2642,mobile_ios,debit_card,0
ACC_LEGIT_STD_01790,7,0,0,603.63,81.86,558,3,1,1,0.0,0.0,0,0.071,desktop_safari,credit_card,0
ACC_WARD_00234,19,12,10,3213.03,170.77,347,2,2,2,0.6316,0.5263,7,0.5978,desktop_chrome,credit_card,1
ACC_LEGIT_STD_01155,10,1,1,535.9,52.26,404,1,1,3,0.1,0.1,0,0.0073,mobile_ios,paypal,0
ACC_LEGIT_STD_02176,7,0,0,462.75,71.85,258,2,1,1,0.0,0.0,0,0.1346,mobile_android,debit_card,0
ACC_LEGIT_STD_00464,8,1,1,375.61,45.61,494,1,1,1,0.125,0.125,0,0.0718,mobile_android,credit_card,0
ACC_LEGIT_STD_01376,7,1,1,445.6,64.98,359,2,1,1,0.1429,0.1429,0,0.3145,desktop_safari,credit_card,0
ACC_LEGIT_STD_00330,2,0,0,29.66,15.0,179,1,3,1,0.0,0.0,0,0.043,mobile_android,credit_card,0
ACC_LEGIT_NEW_00155,4,0,0,131.84,32.96,11,1,1,1,0.0,0.0,0,0.0823,mobile_ios,debit_card,0
ACC_LEGIT_STD_02612,11,1,1,750.34,66.17,383,1,1,1,0.0909,0.0909,1,0.1656,mobile_android,debit_card,0
ACC_LEGIT_STD_00880,13,0,0,549.8,40.31,752,1,2,1,0.0,0.0,0,0.0055,mobile_ios,debit_card,0
ACC_LEGIT_ACT_00599,40,10,9,3906.55,97.26,468,2,3,1,0.25,0.225,11,0.4236,desktop_chrome,credit_card,0
ACC_LEGIT_STD_02916,10,3,2,316.04,30.14,542,1,3,1,0.3,0.2,0,0.114,mobile_ios,debit_card,0
ACC_WARD_00122,46,37,33,9045.73,206.81,186,3,2,2,0.8043,0.7174,33,0.6395,mobile_ios,paypal,1
ACC_RING_014_0082,23,18,14,3314.53,144.11,10,3,4,5,0.7826,0.6087,15,0.7525,emulator_bot,credit_card,1
ACC_RING_025_0026,12,9,8,1102.92,91.91,24,5,4,3,0.75,0.6667,5,0.7425,mobile_android,virtual_card,1
ACC_LEGIT_STD_01170,4,1,1,234.79,63.05,339,1,1,3,0.25,0.25,0,0.0066,mobile_android,debit_card,0
ACC_LEGIT_STD_02673,3,0,0,276.5,95.69,430,1,2,2,0.0,0.0,0,0.0521,mobile_android,debit_card,0
ACC_LEGIT_ACT_00377,40,10,9,2874.89,73.41,566,1,3,2,0.25,0.225,6,0.0885,mobile_android,apple_pay,0
ACC_LEGIT_STD_00255,19,6,6,930.31,47.24,743,1,1,1,0.3158,0.3158,0,0.1348,desktop_safari,credit_card,0
ACC_WARD_00169,58,51,47,13000.94,223.94,283,2,1,1,0.8793,0.8103,40,0.7137,mobile_android,paypal,1
ACC_RING_051_0320,10,6,5,1715.5,171.55,6,4,4,8,0.6,0.5,5,0.7901,mobile_android,virtual_card,1
ACC_LEGIT_STD_02238,10,1,0,983.13,100.82,325,1,2,1,0.1,0.0,0,0.215,mobile_android,credit_card,0
ACC_LEGIT_STD_01220,8,1,1,475.94,63.24,504,1,1,1,0.125,0.125,0,0.0865,mobile_android,credit_card,0
ACC_LEGIT_STD_00205,8,0,0,733.46,92.61,424,1,1,1,0.0,0.0,0,0.0029,mobile_ios,debit_card,0
ACC_WARD_00107,53,36,31,7844.09,155.69,334,2,2,3,0.6792,0.5849,36,0.6449,mobile_ios,virtual_card,1
ACC_LEGIT_ACT_00355,53,24,19,4291.14,77.48,292,1,2,1,0.4528,0.3585,8,0.1865,desktop_chrome,paypal,0
ACC_LEGIT_ACT_00401,53,16,13,4781.62,87.3,427,3,1,1,0.3019,0.2453,17,0.3296,mobile_ios,debit_card,0
ACC_LEGIT_STD_01861,1,0,0,59.06,62.42,99,1,1,1,0.0,0.0,0,0.0252,mobile_ios,paypal,0
ACC_LEGIT_ACT_00148,44,9,8,6420.61,140.03,503,2,2,3,0.2045,0.1818,17,0.0685,mobile_ios,apple_pay,0
ACC_LEGIT_ACT_00721,54,20,19,4088.11,75.24,732,2,1,1,0.3704,0.3519,15,0.2045,mobile_ios,credit_card,0
ACC_LEGIT_ACT_00575,51,16,15,4783.17,96.9,255,2,1,1,0.3137,0.2941,11,0.0363,mobile_ios,credit_card,0
ACC_LEGIT_STD_02594,6,2,2,508.56,79.35,462,1,1,1,0.3333,0.3333,2,0.0449,mobile_ios,credit_card,0
ACC_LEGIT_STD_00881,7,0,0,795.32,113.66,313,1,2,1,0.0,0.0,0,0.0539,mobile_android,apple_pay,0
ACC_SLOW_00107,21,8,7,1039.5,49.5,97,3,3,1,0.381,0.3333,3,0.6008,desktop_chrome,virtual_card,1
ACC_LEGIT_STD_02666,6,0,0,404.55,62.56,459,1,1,1,0.0,0.0,1,0.1552,desktop_chrome,debit_card,0
ACC_LEGIT_STD_01732,4,0,0,178.67,47.42,314,2,1,1,0.0,0.0,0,0.2979,mobile_ios,paypal,0
ACC_LEGIT_ACT_00670,48,20,18,5839.33,124.77,265,1,2,1,0.4167,0.375,8,0.2582,mobile_ios,paypal,0
ACC_LEGIT_NEW_00003,2,1,1,107.3,53.65,4,1,1,1,0.5,0.5,0,0.0998,mobile_ios,debit_card,0
ACC_LEGIT_STD_00006,10,0,0,368.02,38.85,717,1,2,1,0.0,0.0,2,0.0329,mobile_android,credit_card,0
ACC_LEGIT_ACT_00270,21,7,6,2031.09,96.34,205,3,1,2,0.3333,0.2857,2,0.2624,mobile_ios,credit_card,0
ACC_RING_025_0160,18,16,14,1646.28,91.46,9,5,4,4,0.8889,0.7778,6,0.8243,desktop_chrome,virtual_card,1
ACC_LEGIT_STD_02852,2,0,0,31.62,15.0,153,1,1,1,0.0,0.0,0,0.0589,mobile_android,debit_card,0
ACC_LEGIT_STD_01620,5,1,1,234.72,45.15,411,2,2,1,0.2,0.2,2,0.0299,mobile_ios,debit_card,0
ACC_LEGIT_STD_00154,4,0,0,142.99,38.01,119,1,2,1,0.0,0.0,0,0.0819,mobile_ios,credit_card,0
ACC_SLOW_00125,12,5,3,1143.96,95.33,164,1,2,3,0.4167,0.25,4,0.6075,desktop_chrome,credit_card,1
ACC_LEGIT_ACT_00525,18,8,6,995.78,55.01,583,1,5,2,0.4444,0.3333,6,0.1175,desktop_chrome,credit_card,0
ACC_LEGIT_STD_01441,7,0,0,508.96,71.7,365,3,2,1,0.0,0.0,1,0.1434,mobile_ios,credit_card,0
ACC_LEGIT_ACT_00339,36,16,14,3350.32,88.86,817,1,1,2,0.4444,0.3889,10,0.1246,desktop_chrome,debit_card,0
ACC_LEGIT_STD_02293,7,0,0,424.92,62.25,204,1,1,1,0.0,0.0,0,0.0428,mobile_ios,credit_card,0
ACC_RING_028_0029,11,10,8,967.12,87.92,32,5,4,4,0.9091,0.7273,4,0.7435,desktop_chrome,virtual_card,1
ACC_LEGIT_STD_02601,10,0,0,520.6,52.62,349,1,1,2,0.0,0.0,1,0.0908,mobile_android,credit_card,0
ACC_RING_000_0068,15,13,11,2241.6,149.44,4,4,4,8,0.8667,0.7333,5,0.8908,desktop_chrome,crypto_gift_card,1
ACC_RING_065_0066,23,15,14,3669.19,159.53,13,5,4,3,0.6522,0.6087,10,0.7957,desktop_chrome,crypto_gift_card,1
ACC_LEGIT_ACT_00067,16,7,6,1098.66,67.67,735,1,2,1,0.4375,0.375,4,0.3976,mobile_ios,paypal,0
ACC_LEGIT_STD_02011,8,0,0,402.85,52.86,278,1,1,1,0.0,0.0,0,0.0308,mobile_ios,credit_card,0
ACC_LEGIT_STD_00059,7,0,0,393.98,60.51,510,2,1,2,0.0,0.0,0,0.023,mobile_ios,credit_card,0
ACC_LEGIT_STD_00051,4,0,0,443.46,115.2,291,1,1,1,0.0,0.0,0,0.1002,mobile_android,paypal,0
ACC_LEGIT_ACT_00359,47,10,8,6764.31,148.25,685,2,2,2,0.2128,0.1702,10,0.0864,mobile_ios,credit_card,0
ACC_LEGIT_STD_02277,18,2,1,1225.38,70.25,722,2,2,3,0.1111,0.0556,0,0.0353,mobile_android,credit_card,0
ACC_LEGIT_ACT_00686,36,10,8,943.52,25.0,819,2,2,1,0.2778,0.2222,6,0.2454,mobile_ios,apple_pay,0
ACC_RING_052_0120,22,16,14,3665.86,166.63,7,5,9,5,0.7273,0.6364,15,0.9158,mobile_android,virtual_card,1
ACC_LEGIT_STD_01856,6,1,1,437.81,75.86,299,2,2,1,0.1667,0.1667,0,0.1861,mobile_ios,credit_card,0
ACC_LEGIT_STD_00169,4,0,0,158.06,38.25,363,1,1,1,0.0,0.0,1,0.0851,mobile_ios,credit_card,0
ACC_LEGIT_STD_00010,21,0,0,1508.59,70.33,711,2,1,2,0.0,0.0,3,0.003,desktop_chrome,credit_card,0
ACC_LEGIT_STD_02531,6,1,1,528.04,82.87,334,1,1,2,0.1667,0.1667,0,0.0987,desktop_chrome,credit_card,0
ACC_LEGIT_STD_00161,8,2,2,351.11,40.96,396,1,1,1,0.25,0.25,0,0.0421,mobile_ios,debit_card,0
ACC_LEGIT_ACT_00726,25,9,7,2520.58,99.99,896,1,1,2,0.36,0.28,5,0.0871,mobile_ios,paypal,0
ACC_LEGIT_STD_02318,9,0,0,329.39,34.16,263,1,1,1,0.0,0.0,1,0.0082,mobile_ios,paypal,0
ACC_LEGIT_STD_00847,14,1,1,1016.82,78.58,619,2,1,1,0.0714,0.0714,0,0.0604,desktop_chrome,paypal,0
ACC_LEGIT_STD_00758,21,0,0,1792.89,81.55,1073,1,3,2,0.0,0.0,1,0.0621,mobile_android,debit_card,0
ACC_LEGIT_STD_00923,7,0,0,554.8,84.36,215,1,4,2,0.0,0.0,1,0.0114,mobile_ios,debit_card,0
ACC_RING_038_0039,17,14,11,1142.74,67.22,23,5,3,4,0.8235,0.6471,11,0.7413,emulator_bot,virtual_card,1
ACC_LEGIT_STD_00806,12,4,4,479.23,37.0,611,1,2,1,0.3333,0.3333,0,0.0027,desktop_chrome,credit_card,0
ACC_LEGIT_STD_02642,7,0,0,641.55,97.6,345,1,1,1,0.0,0.0,0,0.117,desktop_chrome,apple_pay,0
ACC_LEGIT_STD_00144,15,0,0,1265.67,89.33,458,1,2,1,0.0,0.0,0,0.05,desktop_chrome,debit_card,0
ACC_LEGIT_STD_02750,3,0,0,163.17,54.97,236,1,3,2,0.0,0.0,0,0.0717,mobile_android,debit_card,0
ACC_RING_000_0202,24,21,18,4049.04,168.71,37,4,6,4,0.875,0.75,8,0.822,desktop_chrome,virtual_card,1
ACC_LEGIT_STD_02347,12,3,2,907.39,74.02,705,2,2,1,0.25,0.1667,2,0.163,mobile_android,credit_card,0
ACC_LEGIT_STD_00377,7,0,0,260.19,35.72,614,1,1,1,0.0,0.0,0,0.0485,mobile_ios,credit_card,0
ACC_LEGIT_STD_02515,3,1,0,107.28,35.58,274,1,1,1,0.3333,0.0,0,0.0072,mobile_ios,debit_card,0
ACC_LEGIT_NEW_00175,2,0,0,70.66,35.33,23,1,1,1,0.0,0.0,0,0.162,mobile_ios,credit_card,0
ACC_LEGIT_NEW_00272,2,0,0,115.7,57.85,16,1,1,1,0.0,0.0,0,0.0405,mobile_android,credit_card,0
ACC_RING_061_0062,13,10,8,1607.58,123.66,8,4,3,4,0.7692,0.6154,5,0.7384,emulator_bot,credit_card,1
ACC_LEGIT_STD_00294,17,2,2,642.78,38.12,475,1,1,1,0.1176,0.1176,1,0.0544,mobile_ios,credit_card,0
ACC_LEGIT_STD_02365,12,3,2,723.37,60.94,537,1,1,1,0.25,0.1667,0,0.0298,mobile_android,debit_card,0
ACC_LEGIT_STD_00727,11,2,2,214.67,20.42,812,1,2,1,0.1818,0.1818,0,0.1157,mobile_android,paypal,0
ACC_LEGIT_STD_02208,2,0,0,197.88,95.5,124,1,1,2,0.0,0.0,0,0.0365,mobile_ios,credit_card,0
ACC_LEGIT_STD_02802,5,0,0,95.58,19.85,307,1,1,1,0.0,0.0,0,0.0327,mobile_ios,credit_card,0
ACC_LEGIT_STD_02844,7,0,0,534.42,74.6,466,1,2,1,0.0,0.0,0,0.0966,mobile_android,credit_card,0
ACC_LEGIT_STD_00832,10,1,1,945.67,95.26,348,1,1,1,0.1,0.1,0,0.0358,mobile_ios,credit_card,0
ACC_LEGIT_ACT_00837,18,7,6,1781.96,95.14,408,2,5,3,0.3889,0.3333,3,0.0687,mobile_ios,credit_card,0
ACC_LEGIT_STD_02640,5,1,1,479.59,100.75,269,2,1,1,0.2,0.2,1,0.0106,mobile_ios,credit_card,0
ACC_LEGIT_ACT_00421,19,5,4,2256.72,120.58,390,2,3,1,0.2632,0.2105,3,0.1912,desktop_chrome,credit_card,0
ACC_LEGIT_STD_02687,7,2,2,507.38,76.52,288,1,2,2,0.2857,0.2857,0,0.0296,mobile_android,debit_card,0
ACC_WARD_00024,17,11,9,3956.14,244.0,91,1,2,1,0.6471,0.5294,10,0.7895,desktop_chrome,credit_card,1
ACC_LEGIT_ACT_00496,41,11,9,1695.99,42.06,103,1,2,2,0.2683,0.2195,8,0.2808,mobile_ios,debit_card,0
ACC_LEGIT_NEW_00015,2,0,0,70.3,35.15,20,1,1,1,0.0,0.0,0,0.7112,mobile_ios,debit_card,0
ACC_LEGIT_NEW_00051,1,0,0,33.13,33.13,17,1,1,1,0.0,0.0,0,0.0375,desktop_chrome,credit_card,0
ACC_LEGIT_STD_02445,4,1,1,174.06,43.09,364,1,1,1,0.25,0.25,0,0.0348,mobile_ios,credit_card,0
ACC_LEGIT_ACT_00305,37,10,8,2960.29,79.17,804,4,2,1,0.2703,0.2162,10,0.1215,desktop_chrome,credit_card,0
ACC_LEGIT_STD_00859,7,0,0,363.92,49.3,444,1,1,2,0.0,0.0,0,0.0548,mobile_ios,debit_card,0
ACC_LEGIT_ACT_00383,41,10,8,3451.86,87.13,799,2,2,1,0.2439,0.1951,5,0.467,desktop_chrome,debit_card,0
ACC_LEGIT_STD_01333,5,0,0,445.53,91.08,332,1,2,1,0.0,0.0,1,0.0206,mobile_ios,apple_pay,0
ACC_LEGIT_ACT_00069,24,10,8,3003.2,128.3,511,1,2,2,0.4167,0.3333,3,0.6487,desktop_chrome,credit_card,0
ACC_LEGIT_STD_00011,9,3,3,386.46,40.87,347,2,1,1,0.3333,0.3333,0,0.0197,mobile_ios,credit_card,0
ACC_LEGIT_STD_01031,2,0,0,159.17,86.26,116,1,1,1,0.0,0.0,1,0.0011,mobile_android,debit_card,0
ACC_LEGIT_STD_01108,7,0,0,506.97,70.63,365,1,1,1,0.0,0.0,0,0.0608,mobile_ios,credit_card,0
ACC_LEGIT_STD_02476,7,1,0,599.55,91.56,358,1,1,1,0.1429,0.0,0,0.068,mobile_ios,credit_card,0
ACC_LEGIT_STD_00337,6,0,0,439.76,68.26,297,2,1,1,0.0,0.0,0,0.0453,mobile_ios,paypal,0
ACC_LEGIT_STD_01580,3,2,1,208.98,72.74,246,3,1,2,0.6667,0.3333,0,0.0737,mobile_ios,debit_card,0
ACC_LEGIT_STD_01905,15,4,4,473.16,33.69,471,1,2,2,0.2667,0.2667,1,0.0238,mobile_android,credit_card,0
ACC_LEGIT_STD_02782,10,0,0,637.33,62.02,594,2,1,1,0.0,0.0,1,0.003,mobile_android,credit_card,0
ACC_LEGIT_STD_00362,4,1,0,354.48,83.17,351,2,2,2,0.25,0.0,0,0.1317,mobile_android,debit_card,0
ACC_LEGIT_STD_00714,1,0,0,72.73,72.16,275,2,1,1,0.0,0.0,0,0.0149,desktop_chrome,credit_card,0
ACC_LEGIT_ACT_00310,29,13,11,2969.15,105.93,261,1,1,1,0.4483,0.3793,7,0.221,desktop_chrome,credit_card,0
ACC_LEGIT_STD_00186,5,1,1,407.39,76.85,328,1,2,2,0.2,0.2,0,0.0593,mobile_android,credit_card,0
ACC_LEGIT_ACT_00653,23,9,8,2901.52,130.4,535,3,3,2,0.3913,0.3478,3,0.7162,mobile_android,debit_card,0
ACC_RING_030_0031,23,19,15,3020.36,131.32,15,5,4,4,0.8261,0.6522,16,0.9227,desktop_chrome,virtual_card,1
ACC_LEGIT_ACT_00616,16,6,5,1590.79,99.52,365,2,2,2,0.375,0.3125,4,0.1431,mobile_ios,paypal,0
ACC_LEGIT_STD_02736,10,0,0,556.89,52.23,270,1,3,1,0.0,0.0,0,0.0099,desktop_safari,credit_card,0
ACC_WARD_00069,15,10,9,1372.89,93.1,194,1,2,2,0.6667,0.6,11,0.5855,mobile_ios,credit_card,1
ACC_LEGIT_STD_02500,12,0,0,690.01,60.15,683,1,1,1,0.0,0.0,0,0.1426,mobile_ios,paypal,0
ACC_LEGIT_STD_00058,5,0,0,384.0,71.41,157,1,1,2,0.0,0.0,0,0.1425,mobile_ios,credit_card,0
ACC_SLOW_00045,13,6,4,1351.61,103.97,173,1,2,2,0.4615,0.3077,2,0.5159,mobile_ios,credit_card,1
ACC_LEGIT_STD_02019,20,2,2,1442.02,71.35,1069,1,2,2,0.1,0.1,4,0.0414,mobile_android,credit_card,0
ACC_SLOW_00032,13,4,3,864.24,66.48,183,2,2,3,0.3077,0.2308,4,0.66,desktop_chrome,credit_card,1
ACC_LEGIT_ACT_00398,48,21,19,2248.23,49.26,342,3,5,2,0.4375,0.3958,11,0.223,desktop_chrome,paypal,0
ACC_LEGIT_NEW_00070,1,0,0,58.53,58.53,5,1,2,1,0.0,0.0,0,0.121,mobile_ios,credit_card,0
ACC_LEGIT_STD_02326,3,0,0,187.44,64.61,220,1,1,2,0.0,0.0,0,0.1216,mobile_android,credit_card,0
ACC_LEGIT_ACT_00455,49,18,16,3171.27,63.64,585,2,5,2,0.3673,0.3265,10,0.2274,mobile_ios,credit_card,0
ACC_LEGIT_STD_00723,8,0,0,634.07,79.64,382,1,1,1,0.0,0.0,1,0.0364,mobile_ios,credit_card,0
ACC_LEGIT_ACT_00426,16,7,6,928.37,60.55,779,2,3,1,0.4375,0.375,3,0.1367,desktop_chrome,credit_card,0
ACC_LEGIT_NEW_00301,1,0,0,55.5,55.5,44,2,2,1,0.0,0.0,0,0.0815,mobile_ios,credit_card,0
ACC_LEGIT_STD_02463,11,1,0,819.44,77.61,605,1,3,1,0.0909,0.0,0,0.1158,desktop_safari,debit_card,0
ACC_RING_040_0108,10,8,7,873.7,87.37,13,5,6,4,0.8,0.7,4,0.7749,desktop_chrome,virtual_card,1
ACC_LEGIT_STD_01202,13,0,0,903.4,71.09,688,1,1,1,0.0,0.0,1,0.0085,desktop_safari,credit_card,0
ACC_LEGIT_ACT_00381,33,6,4,4616.32,133.86,629,2,3,2,0.1818,0.1212,5,0.3483,mobile_ios,credit_card,0
ACC_WARD_00245,56,37,35,12570.35,216.48,239,1,2,2,0.6607,0.625,23,0.617,desktop_chrome,credit_card,1
ACC_LEGIT_STD_00134,6,1,1,319.03,57.46,180,1,1,1,0.1667,0.1667,0,0.0435,desktop_safari,debit_card,0
ACC_LEGIT_STD_00564,10,0,0,212.37,22.84,754,1,1,2,0.0,0.0,1,0.0118,desktop_safari,credit_card,0
ACC_LEGIT_ACT_00182,22,9,8,2258.03,99.67,507,1,2,3,0.4091,0.3636,5,0.2082,mobile_ios,paypal,0
ACC_WARD_00170,34,21,19,8227.18,232.06,214,2,2,1,0.6176,0.5588,15,0.5376,desktop_chrome,credit_card,1
ACC_LEGIT_STD_02518,7,2,2,823.18,112.65,246,1,2,1,0.2857,0.2857,2,0.0153,desktop_chrome,debit_card,0
ACC_LEGIT_NEW_00062,3,0,0,159.03,53.01,13,1,1,1,0.0,0.0,0,0.1279,mobile_ios,apple_pay,0
ACC_LEGIT_STD_01689,9,1,1,695.9,82.47,540,1,1,2,0.1111,0.1111,0,0.0011,desktop_chrome,credit_card,0
ACC_LEGIT_STD_01858,22,0,0,2034.46,85.7,805,1,1,1,0.0,0.0,2,0.0089,desktop_chrome,credit_card,0
ACC_LEGIT_STD_02552,2,0,0,160.2,77.95,88,1,3,3,0.0,0.0,0,0.0001,desktop_chrome,credit_card,0
ACC_LEGIT_ACT_00635,48,13,12,7802.12,156.76,579,1,2,1,0.2708,0.25,8,0.1412,mobile_ios,debit_card,0
ACC_LEGIT_STD_01121,7,0,0,411.23,59.91,538,1,1,1,0.0,0.0,0,0.0851,mobile_android,credit_card,0
ACC_LEGIT_STD_02643,15,0,0,998.43,65.55,395,2,2,3,0.0,0.0,0,0.113,mobile_android,debit_card,0
ACC_LEGIT_STD_00815,18,0,0,489.54,28.16,1305,2,1,1,0.0,0.0,0,0.1473,desktop_chrome,debit_card,0
ACC_LEGIT_NEW_00170,4,0,0,65.52,16.38,28,1,1,1,0.0,0.0,0,0.0249,mobile_ios,apple_pay,0
ACC_WARD_00073,15,11,10,2974.43,192.85,99,1,1,2,0.7333,0.6667,9,0.7827,mobile_ios,paypal,1
ACC_LEGIT_STD_00989,2,0,0,133.25,64.75,240,2,1,1,0.0,0.0,0,0.0895,mobile_android,credit_card,0
ACC_LEGIT_STD_02027,8,0,0,535.55,65.92,565,1,3,1,0.0,0.0,0,0.0566,mobile_ios,credit_card,0
ACC_LEGIT_STD_02284,11,0,0,542.82,47.76,537,2,1,1,0.0,0.0,1,0.206,mobile_ios,credit_card,0
ACC_LEGIT_STD_01827,2,0,0,95.63,51.69,205,1,2,1,0.0,0.0,0,0.0304,mobile_ios,debit_card,0
ACC_LEGIT_NEW_00313,2,0,0,120.58,60.29,39,1,1,1,0.0,0.0,0,0.518,mobile_android,debit_card,0
ACC_LEGIT_STD_00197,3,0,0,42.52,15.0,276,1,2,1,0.0,0.0,0,0.0229,desktop_chrome,credit_card,0
ACC_LEGIT_STD_02305,4,1,0,320.58,83.94,176,1,1,1,0.25,0.0,0,0.05,mobile_ios,credit_card,0
ACC_LEGIT_STD_02889,11,0,0,1088.91,92.07,489,1,1,1,0.0,0.0,1,0.0687,mobile_ios,apple_pay,0
ACC_LEGIT_STD_02597,12,2,2,1167.21,94.17,1095,2,1,1,0.1667,0.1667,0,0.0226,mobile_ios,credit_card,0
ACC_LEGIT_STD_02460,5,0,0,362.43,69.48,189,1,1,1,0.0,0.0,2,0.0316,mobile_android,credit_card,0
ACC_LEGIT_STD_01362,11,2,2,785.19,71.15,572,1,1,1,0.1818,0.1818,0,0.0516,mobile_ios,debit_card,0
ACC_LEGIT_STD_02645,8,1,1,327.24,43.08,312,1,2,1,0.125,0.125,0,0.0019,desktop_safari,credit_card,0
ACC_WARD_00200,58,49,43,12294.27,201.94,79,1,1,2,0.8448,0.7414,39,0.8005,mobile_ios,virtual_card,1
ACC_LEGIT_STD_02211,2,0,0,115.17,57.33,268,1,1,1,0.0,0.0,1,0.0477,mobile_android,credit_card,0
ACC_LEGIT_STD_00682,7,1,0,554.04,79.69,424,1,4,2,0.1429,0.0,0,0.0602,mobile_ios,credit_card,0
ACC_LEGIT_ACT_00577,12,4,3,1178.19,99.81,524,2,2,3,0.3333,0.25,2,0.2141,mobile_android,debit_card,0
ACC_LEGIT_ACT_00617,13,4,3,1078.37,85.13,769,1,5,1,0.3077,0.2308,0,0.4039,desktop_chrome,paypal,0
ACC_LEGIT_NEW_00253,2,1,1,106.94,53.47,26,1,1,1,0.5,0.5,0,0.0606,mobile_ios,apple_pay,0
ACC_LEGIT_ACT_00286,51,20,18,6164.24,120.48,287,2,3,3,0.3922,0.3529,5,0.2641,mobile_android,credit_card,0
ACC_LEGIT_STD_02206,8,0,0,452.46,55.21,482,1,1,1,0.0,0.0,0,0.0219,mobile_android,apple_pay,0
ACC_RING_054_0323,15,11,10,2080.95,138.73,21,3,9,3,0.7333,0.6667,9,0.946,emulator_bot,virtual_card,1
ACC_LEGIT_STD_00276,12,0,0,857.14,73.27,465,1,1,1,0.0,0.0,0,0.0796,desktop_chrome,credit_card,0
ACC_LEGIT_STD_00526,2,0,0,151.58,82.16,350,1,1,1,0.0,0.0,0,0.1517,mobile_android,credit_card,0
ACC_LEGIT_STD_00069,12,0,0,949.26,76.07,605,1,2,2,0.0,0.0,1,0.0045,mobile_android,credit_card,0
ACC_LEGIT_STD_00482,7,0,0,534.93,76.17,232,1,2,2,0.0,0.0,0,0.0811,desktop_safari,credit_card,0
ACC_LEGIT_ACT_00279,37,11,9,5295.95,139.54,343,2,2,2,0.2973,0.2432,5,0.1795,mobile_ios,paypal,0
ACC_RING_044_0246,24,20,17,2277.6,94.9,11,5,3,3,0.8333,0.7083,14,0.803,desktop_chrome,virtual_card,1
ACC_SLOW_00046,13,5,4,1087.32,83.64,134,3,1,1,0.3846,0.3077,2,0.6335,mobile_ios,virtual_card,1
ACC_RING_010_0078,10,8,7,958.9,95.89,17,5,3,5,0.8,0.7,4,0.8578,mobile_android,credit_card,1
ACC_LEGIT_ACT_00811,33,7,5,2681.16,84.89,580,1,2,1,0.2121,0.1515,11,0.0977,mobile_android,apple_pay,0
ACC_LEGIT_ACT_00131,22,7,6,1218.01,56.73,667,1,2,1,0.3182,0.2727,5,0.2512,mobile_ios,debit_card,0
ACC_RING_045_0180,21,14,11,3133.41,149.21,7,3,6,4,0.6667,0.5238,15,0.9425,desktop_chrome,virtual_card,1
ACC_LEGIT_STD_02063,2,1,1,163.47,88.29,249,1,1,1,0.5,0.5,0,0.0414,mobile_android,credit_card,0
ACC_LEGIT_STD_01639,4,0,0,260.49,61.63,432,1,3,1,0.0,0.0,1,0.1305,mobile_android,credit_card,0
ACC_LEGIT_NEW_00401,1,0,0,66.46,66.46,9,1,1,1,0.0,0.0,0,0.1183,mobile_ios,credit_card,0
ACC_LEGIT_STD_01055,17,1,1,624.02,39.01,851,1,2,1,0.0588,0.0588,0,0.0783,mobile_ios,credit_card,0
ACC_LEGIT_STD_02235,9,4,4,503.6,57.23,396,1,1,1,0.4444,0.4444,0,0.0421,mobile_ios,debit_card,0
ACC_LEGIT_STD_01923,11,0,0,1006.94,90.59,704,2,1,1,0.0,0.0,2,0.025,mobile_android,paypal,0
ACC_LEGIT_STD_00984,14,1,1,546.79,37.89,642,1,2,1,0.0714,0.0714,1,0.0105,mobile_ios,debit_card,0
ACC_LEGIT_ACT_00846,22,9,8,2762.64,123.6,878,1,2,1,0.4091,0.3636,5,0.3586,mobile_ios,credit_card,0
ACC_LEGIT_STD_02813,10,1,1,586.32,54.84,565,1,1,2,0.1,0.1,0,0.2357,mobile_ios,debit_card,0
ACC_LEGIT_ACT_00275,22,4,3,2674.05,127.72,181,1,1,2,0.1818,0.1364,3,0.2967,mobile_ios,debit_card,0
ACC_LEGIT_STD_02329,10,0,0,784.87,80.5,398,1,1,1,0.0,0.0,1,0.0365,desktop_chrome,apple_pay,0
ACC_LEGIT_ACT_00440,26,10,9,2692.65,107.32,770,2,2,1,0.3846,0.3462,9,0.2802,mobile_ios,paypal,0
ACC_LEGIT_STD_01213,6,0,0,543.2,94.08,217,1,1,1,0.0,0.0,0,0.0356,desktop_safari,paypal,0
ACC_WARD_00026,38,29,26,6375.98,167.32,320,2,4,1,0.7632,0.6842,17,0.6252,mobile_ios,paypal,1
ACC_RING_024_0159,11,8,7,1923.46,174.86,31,5,4,8,0.7273,0.6364,6,0.937,emulator_bot,virtual_card,1
ACC_LEGIT_ACT_00281,52,15,13,3064.37,56.23,391,3,1,1,0.2885,0.25,10,0.1939,mobile_ios,paypal,0
ACC_LEGIT_NEW_00305,2,0,0,58.1,29.05,44,1,1,1,0.0,0.0,0,0.3027,mobile_android,credit_card,0
ACC_LEGIT_STD_02762,8,2,2,801.4,95.6,470,1,2,1,0.25,0.25,0,0.0561,mobile_ios,apple_pay,0
ACC_WARD_00019,58,51,48,9988.36,167.06,288,2,1,4,0.8793,0.8276,23,0.7825,mobile_ios,paypal,1
ACC_LEGIT_STD_01332,15,2,0,1222.88,85.29,693,1,1,1,0.1333,0.0,1,0.013,desktop_safari,credit_card,0
ACC_LEGIT_STD_00174,2,0,0,98.49,47.72,207,2,1,3,0.0,0.0,0,0.0091,mobile_ios,debit_card,0
ACC_LEGIT_STD_01389,7,1,1,657.65,93.65,359,1,2,2,0.1429,0.1429,0,0.1515,mobile_android,debit_card,0
ACC_LEGIT_STD_00863,14,1,1,742.79,50.1,551,1,4,1,0.0714,0.0714,0,0.0475,mobile_android,debit_card,0
ACC_LEGIT_STD_00455,8,0,0,898.22,105.97,550,1,1,1,0.0,0.0,3,0.024,mobile_ios,apple_pay,0
ACC_WARD_00070,36,27,24,5672.76,164.36,336,2,1,3,0.75,0.6667,20,0.7572,mobile_ios,virtual_card,1
ACC_LEGIT_STD_00754,9,1,1,612.45,66.98,541,1,1,2,0.1111,0.1111,0,0.0476,mobile_android,credit_card,0
ACC_LEGIT_STD_02791,13,0,0,1080.31,80.37,517,1,1,1,0.0,0.0,1,0.0553,mobile_android,credit_card,0
ACC_LEGIT_STD_01986,4,0,0,147.35,35.51,226,1,2,1,0.0,0.0,0,0.0049,mobile_ios,paypal,0
ACC_RING_002_0003,15,10,9,1648.5,109.9,30,7,6,4,0.6667,0.6,9,0.7509,emulator_bot,virtual_card,1
ACC_LEGIT_ACT_00351,20,8,6,1980.21,95.58,375,3,2,1,0.4,0.3,2,0.0646,desktop_chrome,credit_card,0
ACC_SLOW_00035,13,5,4,1211.21,93.17,171,1,2,1,0.3846,0.3077,3,0.1105,desktop_chrome,debit_card,1
ACC_LEGIT_STD_02339,12,0,0,1043.13,90.67,689,2,1,1,0.0,0.0,0,0.0705,desktop_chrome,debit_card,0
ACC_WARD_00098,18,14,12,2564.3,142.64,67,1,1,2,0.7778,0.6667,13,0.6759,desktop_chrome,credit_card,1
ACC_LEGIT_STD_01679,9,1,1,661.11,69.6,495,1,1,1,0.1111,0.1111,0,0.0008,mobile_ios,credit_card,0
ACC_LEGIT_STD_01409,5,0,0,175.08,36.4,250,2,1,1,0.0,0.0,0,0.1023,mobile_ios,credit_card,0
ACC_RING_060_0195,11,7,6,1426.59,129.69,24,4,4,4,0.6364,0.5455,4,0.7296,emulator_bot,credit_card,1
ACC_LEGIT_STD_00035,9,2,2,919.62,96.63,422,1,2,2,0.2222,0.2222,0,0.0294,desktop_chrome,debit_card,0
ACC_WARD_00138,58,36,31,9166.2,161.28,219,2,2,1,0.6207,0.5345,42,0.6642,desktop_chrome,credit_card,1
ACC_LEGIT_STD_01153,7,0,0,531.04,74.46,237,2,3,1,0.0,0.0,0,0.0816,mobile_ios,credit_card,0
ACC_LEGIT_STD_00361,9,0,0,870.5,101.07,403,1,2,1,0.0,0.0,2,0.0444,mobile_ios,credit_card,0
ACC_SLOW_00126,6,2,1,443.82,73.97,178,2,4,1,0.3333,0.1667,0,0.5842,mobile_ios,credit_card,1
ACC_LEGIT_STD_01146,5,0,0,381.28,80.25,391,1,2,1,0.0,0.0,0,0.0609,desktop_chrome,debit_card,0
ACC_LEGIT_STD_01553,6,0,0,84.49,15.0,365,1,1,2,0.0,0.0,0,0.0843,desktop_chrome,debit_card,0
ACC_LEGIT_STD_00508,7,0,0,873.58,122.44,455,1,2,1,0.0,0.0,2,0.0171,mobile_android,paypal,0
ACC_LEGIT_STD_01637,10,0,0,611.14,57.24,469,1,1,1,0.0,0.0,0,0.0483,mobile_ios,debit_card,0
ACC_LEGIT_STD_02699,10,0,0,774.27,74.32,452,1,1,1,0.0,0.0,0,0.0015,mobile_android,debit_card,0
ACC_LEGIT_STD_01248,9,2,2,871.52,95.82,601,1,1,1,0.2222,0.2222,1,0.0023,desktop_safari,credit_card,0
ACC_LEGIT_NEW_00251,1,1,1,70.47,70.47,11,1,1,1,1.0,1.0,0,0.452,mobile_ios,debit_card,0
ACC_LEGIT_ACT_00660,25,8,6,2235.18,91.76,811,1,2,1,0.32,0.24,4,0.2087,desktop_chrome,credit_card,0
ACC_LEGIT_STD_01664,4,0,0,249.89,60.48,138,2,1,2,0.0,0.0,0,0.101,mobile_android,credit_card,0
ACC_LEGIT_STD_00003,7,0,0,533.82,82.45,267,1,1,1,0.0,0.0,0,0.1224,mobile_ios,apple_pay,0
ACC_LEGIT_STD_00206,5,0,0,409.26,83.21,205,1,1,2,0.0,0.0,0,0.0188,mobile_android,credit_card,0
ACC_RING_014_0149,10,8,6,1543.6,154.36,10,5,4,4,0.8,0.6,5,0.9563,desktop_chrome,crypto_gift_card,1
ACC_LEGIT_ACT_00084,17,7,5,1690.18,95.36,562,1,2,1,0.4118,0.2941,5,0.0628,mobile_android,credit_card,0
ACC_LEGIT_STD_01101,8,0,0,289.28,38.7,471,2,1,1,0.0,0.0,0,0.0743,mobile_ios,credit_card,0
ACC_LEGIT_STD_02058,16,2,2,1024.57,67.65,579,1,2,2,0.125,0.125,0,0.1035,mobile_android,credit_card,0
ACC_LEGIT_NEW_00410,1,0,0,22.8,22.8,31,1,1,1,0.0,0.0,0,0.0175,desktop_chrome,credit_card,0
ACC_LEGIT_ACT_00739,37,14,11,3925.96,110.47,614,2,2,1,0.3784,0.2973,6,0.428,desktop_chrome,apple_pay,0
ACC_RING_020_0088,14,12,10,2364.46,168.89,30,5,6,4,0.8571,0.7143,8,0.8245,emulator_bot,virtual_card,1
ACC_LEGIT_ACT_00290,50,13,11,4443.14,91.42,827,1,2,2,0.26,0.22,13,0.1533,mobile_ios,credit_card,0
ACC_LEGIT_NEW_00076,2,1,1,72.72,36.36,44,1,1,1,0.5,0.5,0,0.3078,desktop_chrome,debit_card,0
ACC_RING_011_0012,23,20,17,3284.63,142.81,24,3,4,3,0.8696,0.7391,13,0.9284,emulator_bot,virtual_card,1
ACC_LEGIT_ACT_00513,22,9,8,2393.17,109.23,518,2,2,2,0.4091,0.3636,5,0.1444,mobile_android,paypal,0
ACC_LEGIT_STD_00321,9,0,0,559.99,61.35,362,3,1,1,0.0,0.0,1,0.0627,desktop_safari,credit_card,0
ACC_LEGIT_STD_01946,6,0,0,369.14,61.25,369,1,1,1,0.0,0.0,0,0.116,desktop_chrome,debit_card,0
ACC_LEGIT_NEW_00310,2,0,0,126.86,63.43,35,1,1,1,0.0,0.0,0,0.1337,mobile_android,debit_card,0
ACC_LEGIT_ACT_00784,38,18,15,3748.27,103.0,216,1,1,1,0.4737,0.3947,7,0.3935,mobile_android,credit_card,0
ACC_LEGIT_STD_00618,3,0,0,113.85,37.99,221,1,2,2,0.0,0.0,0,0.0697,desktop_chrome,credit_card,0
ACC_LEGIT_STD_02378,10,0,0,643.05,62.94,577,1,1,1,0.0,0.0,0,0.093,mobile_android,debit_card,0
ACC_LEGIT_STD_01340,20,0,0,787.7,38.62,1032,1,3,1,0.0,0.0,2,0.0364,desktop_chrome,apple_pay,0
ACC_LEGIT_STD_02366,2,0,0,163.71,84.61,202,1,1,1,0.0,0.0,0,0.1464,desktop_safari,credit_card,0
ACC_WARD_00010,37,27,24,6689.67,185.35,151,2,3,1,0.7297,0.6486,21,0.7075,desktop_chrome,credit_card,1
ACC_LEGIT_STD_02234,12,1,1,632.3,55.98,454,1,1,1,0.0833,0.0833,1,0.1348,mobile_ios,debit_card,0
ACC_LEGIT_STD_00087,1,0,0,49.81,52.38,169,1,2,3,0.0,0.0,0,0.0703,mobile_ios,debit_card,0
ACC_WARD_00171,29,24,21,6775.06,235.89,341,2,3,4,0.8276,0.7241,13,0.749,mobile_android,virtual_card,1
ACC_LEGIT_STD_01118,4,1,1,349.66,88.05,316,1,2,1,0.25,0.25,0,0.0017,mobile_android,credit_card,0
ACC_LEGIT_STD_00253,8,2,2,246.93,32.66,591,1,2,1,0.25,0.25,1,0.0368,mobile_ios,credit_card,0
ACC_LEGIT_STD_00650,8,0,0,398.13,52.29,218,1,1,1,0.0,0.0,1,0.082,mobile_android,debit_card,0
ACC_LEGIT_STD_01262,7,2,1,717.14,101.94,456,3,1,1,0.2857,0.1429,1,0.0007,desktop_chrome,paypal,0
ACC_LEGIT_STD_00013,8,1,1,208.0,26.35,388,2,3,1,0.125,0.125,0,0.0375,mobile_android,apple_pay,0
ACC_LEGIT_ACT_00487,20,6,5,3004.26,143.94,252,2,3,1,0.3,0.25,6,0.1378,mobile_ios,paypal,0
ACC_LEGIT_STD_00518,1,0,0,83.76,82.4,90,1,1,2,0.0,0.0,0,0.051,mobile_android,paypal,0
ACC_LEGIT_ACT_00463,31,8,6,3358.48,108.25,359,2,2,2,0.2581,0.1935,6,0.1751,mobile_android,credit_card,0
ACC_LEGIT_STD_00031,3,0,0,125.21,40.37,159,1,1,1,0.0,0.0,0,0.0029,desktop_chrome,credit_card,0
ACC_WARD_00218,44,32,27,7923.36,183.54,47,2,1,2,0.7273,0.6136,20,0.6212,desktop_chrome,paypal,1
ACC_LEGIT_STD_01056,10,2,2,894.44,96.27,348,1,1,1,0.2,0.2,0,0.0276,desktop_chrome,apple_pay,0
ACC_LEGIT_STD_02424,8,0,0,350.46,46.37,332,1,2,1,0.0,0.0,0,0.0301,mobile_android,credit_card,0
ACC_LEGIT_NEW_00336,1,0,0,60.98,60.98,6,1,1,1,0.0,0.0,0,0.1094,mobile_android,debit_card,0
ACC_LEGIT_STD_00734,10,0,0,1001.11,107.42,542,1,1,1,0.0,0.0,3,0.0524,mobile_ios,debit_card,0
ACC_LEGIT_STD_00021,7,0,0,400.71,53.04,584,1,1,1,0.0,0.0,0,0.0263,desktop_safari,debit_card,0
ACC_LEGIT_STD_00888,2,0,0,143.85,70.77,254,1,1,1,0.0,0.0,0,0.0289,desktop_chrome,credit_card,0
ACC_LEGIT_STD_00435,8,1,0,457.97,59.7,321,2,1,2,0.125,0.0,0,0.0935,desktop_chrome,apple_pay,0
ACC_LEGIT_ACT_00319,13,6,5,1198.84,88.37,812,2,1,1,0.4615,0.3846,2,0.3532,mobile_android,debit_card,0
ACC_LEGIT_STD_01646,16,3,3,768.09,51.27,853,1,2,1,0.1875,0.1875,2,0.1012,mobile_ios,debit_card,0
ACC_LEGIT_ACT_00731,48,18,15,7312.77,147.21,575,2,1,1,0.375,0.3125,9,0.3103,mobile_ios,credit_card,0
ACC_LEGIT_STD_01698,4,0,0,114.32,29.3,307,1,1,2,0.0,0.0,1,0.0806,mobile_ios,debit_card,0
ACC_WARD_00084,48,30,29,7740.07,167.22,103,2,3,2,0.625,0.6042,28,0.5206,desktop_chrome,credit_card,1
ACC_LEGIT_STD_00865,22,1,1,1232.05,56.46,936,1,3,1,0.0455,0.0455,0,0.1506,mobile_ios,credit_card,0
ACC_LEGIT_ACT_00209,46,18,16,5238.36,108.72,626,2,2,1,0.3913,0.3478,9,0.2,mobile_android,credit_card,0
ACC_LEGIT_ACT_00774,38,9,7,5746.21,147.77,602,2,3,1,0.2368,0.1842,10,0.3158,mobile_ios,apple_pay,0
ACC_SLOW_00135,13,4,3,988.13,76.01,75,3,1,2,0.3077,0.2308,4,0.5483,mobile_ios,credit_card,1
ACC_LEGIT_ACT_00219,46,12,11,3829.17,84.71,611,3,2,2,0.2609,0.2391,14,0.2616,mobile_android,credit_card,0
ACC_LEGIT_STD_00613,24,4,3,1402.84,62.61,993,3,1,1,0.1667,0.125,1,0.0787,mobile_ios,credit_card,0
ACC_LEGIT_STD_00897,3,0,0,187.49,58.69,339,1,1,3,0.0,0.0,1,0.0367,mobile_ios,debit_card,0
ACC_LEGIT_STD_01224,3,0,0,184.77,65.02,226,1,2,1,0.0,0.0,1,0.0017,mobile_android,apple_pay,0
ACC_RING_007_0142,26,18,17,3234.92,124.42,30,4,4,3,0.6923,0.6538,13,0.8247,emulator_bot,virtual_card,1
ACC_LEGIT_STD_01307,9,0,0,475.16,57.09,303,2,1,1,0.0,0.0,0,0.0144,mobile_ios,credit_card,0
ACC_LEGIT_STD_02862,8,1,1,525.38,67.61,382,1,1,1,0.125,0.125,0,0.0323,desktop_chrome,credit_card,0
ACC_LEGIT_ACT_00133,27,12,9,3444.43,124.04,721,1,2,1,0.4444,0.3333,5,0.1891,mobile_ios,credit_card,0
ACC_LEGIT_STD_02117,12,2,1,827.51,65.32,518,2,1,1,0.1667,0.0833,1,0.0893,mobile_android,credit_card,0
ACC_LEGIT_STD_00225,3,0,0,187.62,66.67,379,1,1,1,0.0,0.0,0,0.0206,desktop_safari,credit_card,0
ACC_LEGIT_ACT_00022,16,6,5,1139.8,68.5,656,2,3,1,0.375,0.3125,3,0.243,mobile_android,credit_card,0
ACC_LEGIT_STD_02742,5,0,0,628.44,121.82,290,1,1,1,0.0,0.0,1,0.0189,mobile_android,paypal,0
ACC_LEGIT_STD_02317,8,1,1,665.76,86.13,262,1,1,1,0.125,0.125,0,0.1141,mobile_ios,paypal,0
ACC_LEGIT_STD_02827,8,1,1,530.08,65.06,352,1,1,1,0.125,0.125,0,0.0045,mobile_android,credit_card,0
ACC_LEGIT_STD_01722,17,1,0,1593.07,95.57,583,1,3,2,0.0588,0.0,0,0.0197,mobile_ios,debit_card,0
ACC_LEGIT_ACT_00528,51,10,8,7187.36,135.97,750,2,2,1,0.1961,0.1569,9,0.3508,mobile_android,debit_card,0
ACC_LEGIT_ACT_00586,27,11,9,1520.88,55.82,823,2,1,2,0.4074,0.3333,3,0.0242,mobile_ios,paypal,0
ACC_LEGIT_STD_00115,5,2,2,126.05,25.92,305,1,1,1,0.4,0.4,0,0.1451,mobile_ios,debit_card,0
ACC_LEGIT_ACT_00015,36,13,11,1636.12,46.15,412,3,1,2,0.3611,0.3056,9,0.018,mobile_ios,paypal,0
ACC_LEGIT_STD_01892,7,0,0,437.43,65.27,376,1,1,3,0.0,0.0,0,0.031,mobile_android,apple_pay,0
ACC_LEGIT_ACT_00174,46,12,10,3733.07,84.51,277,2,2,2,0.2609,0.2174,12,0.1168,mobile_ios,credit_card,0
ACC_LEGIT_STD_01429,10,2,1,393.87,42.19,569,1,1,2,0.2,0.1,0,0.0268,mobile_android,credit_card,0
ACC_LEGIT_STD_02083,2,0,0,114.73,54.29,326,2,2,1,0.0,0.0,0,0.0225,mobile_ios,debit_card,0
ACC_LEGIT_STD_00620,14,2,1,1240.58,82.34,429,1,1,2,0.1429,0.0714,0,0.027,mobile_android,debit_card,0
ACC_LEGIT_ACT_00424,29,13,11,4626.47,153.07,295,1,2,1,0.4483,0.3793,8,0.1117,desktop_chrome,credit_card,0
ACC_LEGIT_STD_01099,4,0,0,334.52,86.73,162,2,1,1,0.0,0.0,0,0.1406,desktop_chrome,credit_card,0
ACC_LEGIT_ACT_00080,49,18,17,2774.41,55.41,800,1,1,2,0.3673,0.3469,11,0.0698,desktop_chrome,credit_card,0
ACC_LEGIT_ACT_00190,19,5,4,1730.92,90.44,501,4,2,2,0.2632,0.2105,3,0.3015,mobile_ios,credit_card,0
ACC_WARD_00071,37,28,27,4153.74,111.22,100,1,1,3,0.7568,0.7297,28,0.7091,desktop_chrome,paypal,1
ACC_LEGIT_STD_01005,10,2,2,409.57,40.56,431,1,1,1,0.2,0.2,1,0.0305,mobile_android,apple_pay,0
ACC_SLOW_00094,9,4,3,1240.92,137.88,184,2,2,2,0.4444,0.3333,1,0.5821,mobile_ios,credit_card,1
ACC_LEGIT_STD_01950,6,3,3,315.67,56.96,190,1,1,1,0.5,0.5,1,0.0451,mobile_ios,apple_pay,0
ACC_WARD_00246,31,27,25,5311.29,170.53,153,1,2,2,0.871,0.8065,12,0.7095,mobile_android,credit_card,1
ACC_LEGIT_STD_00342,7,0,0,654.76,92.53,495,1,2,2,0.0,0.0,0,0.018,mobile_ios,debit_card,0
ACC_LEGIT_NEW_00421,2,0,0,92.48,46.24,44,1,1,1,0.0,0.0,0,0.1054,mobile_ios,debit_card,0
ACC_LEGIT_STD_00652,12,3,1,444.31,37.49,700,2,1,3,0.25,0.0833,0,0.0293,mobile_ios,credit_card,0
ACC_LEGIT_STD_00287,2,0,0,149.29,78.45,152,1,1,1,0.0,0.0,0,0.0003,mobile_ios,apple_pay,0
ACC_LEGIT_NEW_00333,1,0,0,67.14,67.14,17,1,2,1,0.0,0.0,0,0.0732,mobile_android,credit_card,0
ACC_LEGIT_STD_00502,6,0,0,439.56,77.64,289,1,1,1,0.0,0.0,0,0.1377,mobile_android,debit_card,0
ACC_LEGIT_STD_00250,7,0,0,425.81,59.63,507,1,1,2,0.0,0.0,0,0.1599,mobile_android,credit_card,0
ACC_LEGIT_STD_00562,20,0,0,472.21,23.77,909,2,1,1,0.0,0.0,0,0.0304,desktop_chrome,credit_card,0
ACC_LEGIT_STD_02467,13,0,0,226.42,17.28,557,1,3,2,0.0,0.0,1,0.0001,mobile_android,credit_card,0
ACC_LEGIT_STD_00976,1,0,0,58.16,61.65,245,3,1,1,0.0,0.0,0,0.0548,mobile_ios,apple_pay,0
ACC_LEGIT_ACT_00160,17,4,3,1488.41,88.91,331,1,3,1,0.2353,0.1765,4,0.4621,mobile_ios,credit_card,0
ACC_LEGIT_STD_01944,6,0,0,161.26,26.82,298,1,3,2,0.0,0.0,1,0.0009,mobile_ios,credit_card,0
ACC_LEGIT_STD_00352,11,2,2,618.26,53.68,427,1,1,1,0.1818,0.1818,0,0.1079,mobile_ios,apple_pay,0
ACC_LEGIT_STD_00476,3,0,0,90.55,29.16,219,1,1,1,0.0,0.0,0,0.008,desktop_safari,credit_card,0
ACC_LEGIT_STD_00795,13,0,0,1360.77,99.56,571,1,1,1,0.0,0.0,0,0.0593,desktop_safari,credit_card,0
ACC_LEGIT_STD_00297,9,3,3,628.52,68.1,655,1,1,1,0.3333,0.3333,0,0.0317,mobile_android,apple_pay,0
ACC_LEGIT_STD_02060,10,0,0,147.99,15.0,318,1,1,1,0.0,0.0,0,0.0606,mobile_android,debit_card,0
ACC_WARD_00114,43,36,32,5201.6,122.74,107,2,2,2,0.8372,0.7442,23,0.5619,mobile_ios,paypal,1
ACC_LEGIT_STD_01047,9,0,0,720.61,74.89,571,2,1,1,0.0,0.0,1,0.0108,mobile_ios,credit_card,0
ACC_LEGIT_STD_00261,9,0,0,860.76,94.17,526,2,1,1,0.0,0.0,0,0.0653,mobile_ios,credit_card,0
ACC_LEGIT_STD_01663,12,1,1,1070.94,90.49,507,1,1,1,0.0833,0.0833,1,0.0434,mobile_android,debit_card,0
ACC_RING_016_0084,15,10,8,1263.75,84.25,7,4,4,4,0.6667,0.5333,6,0.8674,desktop_chrome,crypto_gift_card,1
ACC_LEGIT_STD_01726,6,1,1,633.42,99.21,334,2,1,1,0.1667,0.1667,0,0.0253,mobile_android,paypal,0
ACC_RING_030_0098,27,24,20,4028.67,149.21,36,5,6,4,0.8889,0.7407,10,0.8361,emulator_bot,crypto_gift_card,1
ACC_LEGIT_STD_02587,17,1,1,966.8,55.27,844,1,1,2,0.0588,0.0588,2,0.0171,desktop_safari,credit_card,0
ACC_LEGIT_STD_02517,9,0,0,342.27,38.98,527,1,1,1,0.0,0.0,0,0.0319,mobile_android,debit_card,0
ACC_LEGIT_STD_02776,13,4,4,849.05,70.17,533,1,1,1,0.3077,0.3077,0,0.0589,desktop_chrome,apple_pay,0
ACC_LEGIT_STD_02551,7,0,0,199.1,27.8,512,1,1,1,0.0,0.0,0,0.0176,mobile_android,debit_card,0
ACC_LEGIT_STD_02956,7,1,0,528.55,78.99,570,1,1,1,0.1429,0.0,0,0.0461,mobile_android,apple_pay,0
ACC_LEGIT_STD_01012,11,1,1,737.84,64.01,375,1,1,1,0.0909,0.0909,1,0.1211,desktop_chrome,debit_card,0
ACC_LEGIT_ACT_00267,27,6,5,2532.98,95.76,867,1,1,2,0.2222,0.1852,4,0.1148,mobile_android,apple_pay,0
ACC_WARD_00197,27,23,20,5372.71,191.4,111,1,1,1,0.8519,0.7407,20,0.695,mobile_ios,paypal,1
ACC_RING_062_0197,16,14,11,2774.4,173.4,26,3,4,4,0.875,0.6875,9,0.7421,emulator_bot,crypto_gift_card,1
ACC_LEGIT_STD_01272,10,0,0,582.56,55.04,324,1,1,1,0.0,0.0,0,0.1534,desktop_chrome,paypal,0
ACC_LEGIT_STD_00247,21,6,3,1291.78,65.49,941,1,2,2,0.2857,0.1429,2,0.1437,desktop_chrome,credit_card,0
ACC_LEGIT_NEW_00334,1,0,0,45.17,45.17,34,1,1,1,0.0,0.0,0,0.075,mobile_android,apple_pay,0
ACC_LEGIT_STD_01687,2,0,0,120.08,63.28,218,1,1,2,0.0,0.0,0,0.0552,mobile_ios,credit_card,0
ACC_LEGIT_STD_02472,14,0,0,1263.69,87.86,599,2,1,1,0.0,0.0,1,0.1369,mobile_android,debit_card,0
ACC_SLOW_00104,17,6,5,936.87,55.11,202,2,1,2,0.3529,0.2941,4,0.3082,mobile_android,paypal,1
ACC_RING_013_0282,16,14,12,2155.04,134.69,10,3,4,3,0.875,0.75,9,0.8369,mobile_android,credit_card,1
ACC_LEGIT_STD_00045,10,1,1,581.31,54.96,471,1,1,3,0.1,0.1,1,0.029,mobile_android,paypal,0
ACC_LEGIT_STD_02505,4,0,0,253.09,63.76,229,1,3,1,0.0,0.0,0,0.0028,mobile_ios,credit_card,0
ACC_LEGIT_STD_00312,4,0,0,342.84,84.97,357,2,2,2,0.0,0.0,0,0.233,mobile_android,credit_card,0
ACC_LEGIT_STD_01149,18,0,0,1639.4,86.6,739,2,2,1,0.0,0.0,1,0.0317,mobile_android,credit_card,0
ACC_LEGIT_STD_01336,10,2,1,694.31,65.67,301,1,3,1,0.2,0.1,0,0.1384,mobile_android,credit_card,0
ACC_LEGIT_NEW_00044,1,1,1,37.35,37.35,9,1,1,1,1.0,1.0,0,0.3349,mobile_android,credit_card,0
ACC_LEGIT_STD_00422,1,0,0,50.06,51.2,128,2,1,1,0.0,0.0,0,0.016,mobile_ios,credit_card,0
ACC_RING_001_0270,7,5,4,827.47,118.21,9,5,3,5,0.7143,0.5714,4,0.742,desktop_chrome,virtual_card,1
ACC_LEGIT_STD_01734,10,1,1,966.06,90.11,352,1,1,1,0.1,0.1,0,0.1738,mobile_android,credit_card,0
ACC_LEGIT_STD_01745,5,0,0,357.42,66.98,453,2,1,1,0.0,0.0,0,0.0589,desktop_chrome,credit_card,0
ACC_WARD_00111,31,21,20,3053.29,101.54,122,1,2,1,0.6774,0.6452,23,0.6948,desktop_chrome,credit_card,1
ACC_LEGIT_STD_02260,17,0,0,995.79,58.64,977,1,3,1,0.0,0.0,0,0.0045,mobile_android,debit_card,0
ACC_LEGIT_ACT_00451,27,7,6,3556.75,136.22,100,1,1,1,0.2593,0.2222,6,0.1349,mobile_ios,credit_card,0
ACC_SLOW_00131,8,3,2,625.12,78.14,57,1,1,2,0.375,0.25,2,0.4449,desktop_chrome,paypal,1
ACC_LEGIT_STD_00590,17,7,7,364.7,22.03,795,1,1,1,0.4118,0.4118,0,0.0144,desktop_chrome,credit_card,0
ACC_LEGIT_STD_00750,4,0,0,176.13,47.21,405,1,1,1,0.0,0.0,0,0.0644,mobile_android,credit_card,0
ACC_LEGIT_STD_02663,5,0,0,475.78,99.25,331,1,1,1,0.0,0.0,1,0.0116,desktop_chrome,debit_card,0
ACC_LEGIT_ACT_00276,13,4,3,1092.84,86.32,298,3,1,1,0.3077,0.2308,1,0.2458,mobile_ios,credit_card,0
ACC_LEGIT_NEW_00033,1,0,0,50.92,50.92,16,1,1,1,0.0,0.0,0,0.0658,mobile_ios,credit_card,0
ACC_LEGIT_STD_01686,8,1,1,600.36,72.54,314,2,1,1,0.125,0.125,0,0.1031,mobile_ios,paypal,0
ACC_RING_022_0291,25,20,16,2667.5,106.7,16,3,4,4,0.8,0.64,9,0.7623,emulator_bot,credit_card,1
ACC_LEGIT_STD_00077,9,0,0,286.06,32.06,389,1,1,1,0.0,0.0,0,0.0016,mobile_android,credit_card,0
ACC_LEGIT_STD_00813,12,1,1,175.06,15.0,641,1,1,1,0.0833,0.0833,0,0.0296,mobile_android,credit_card,0
ACC_LEGIT_STD_01114,9,1,1,631.71,66.48,419,1,2,1,0.1111,0.1111,0,0.0734,mobile_android,credit_card,0
ACC_RING_017_0219,14,12,11,1477.84,105.56,38,7,9,3,0.8571,0.7857,8,0.8543,emulator_bot,crypto_gift_card,1
ACC_LEGIT_ACT_00831,47,21,19,7189.5,151.79,598,1,1,1,0.4468,0.4043,8,0.0835,mobile_ios,credit_card,0
ACC_WARD_00045,18,11,10,3475.29,187.69,53,2,2,2,0.6111,0.5556,14,0.664,mobile_ios,paypal,1
ACC_LEGIT_STD_02702,15,0,0,1018.85,66.31,1022,1,2,1,0.0,0.0,1,0.0077,mobile_ios,credit_card,0
ACC_LEGIT_STD_01283,4,1,1,362.39,84.66,397,1,1,1,0.25,0.25,0,0.0206,mobile_android,credit_card,0
ACC_LEGIT_STD_01650,14,5,4,1185.46,85.88,733,1,1,1,0.3571,0.2857,0,0.0163,desktop_chrome,debit_card,0
ACC_LEGIT_STD_00079,8,1,0,130.27,17.57,296,2,1,2,0.125,0.0,0,0.2454,desktop_safari,apple_pay,0
ACC_LEGIT_NEW_00220,2,1,1,152.86,76.43,14,1,2,1,0.5,0.5,0,0.0081,mobile_ios,debit_card,0
ACC_LEGIT_ACT_00582,26,8,6,1775.6,69.65,463,3,1,1,0.3077,0.2308,9,0.0988,desktop_chrome,credit_card,0
ACC_LEGIT_STD_00778,3,1,1,217.2,73.4,227,2,1,2,0.3333,0.3333,0,0.0142,mobile_android,credit_card,0
ACC_LEGIT_STD_01806,5,0,0,370.85,71.4,319,2,2,1,0.0,0.0,0,0.1015,mobile_android,credit_card,0
ACC_LEGIT_STD_00821,3,1,1,354.74,110.21,235,2,3,2,0.3333,0.3333,1,0.0226,mobile_ios,debit_card,0
ACC_LEGIT_STD_02174,14,1,1,1097.28,83.58,596,1,2,1,0.0714,0.0714,1,0.0009,mobile_android,credit_card,0
ACC_LEGIT_STD_00928,8,0,0,812.61,100.34,404,1,1,1,0.0,0.0,1,0.119,mobile_ios,debit_card,0
ACC_LEGIT_STD_00300,7,1,1,212.12,32.13,343,1,2,1,0.1429,0.1429,0,0.0623,desktop_chrome,credit_card,0
ACC_LEGIT_STD_01778,5,1,0,448.37,83.16,158,1,1,1,0.2,0.0,0,0.0437,mobile_android,credit_card,0
ACC_LEGIT_STD_01697,6,0,0,378.55,63.68,405,2,1,1,0.0,0.0,0,0.0645,mobile_ios,debit_card,0
ACC_LEGIT_STD_02550,13,0,0,1293.72,107.88,413,2,1,1,0.0,0.0,0,0.0079,desktop_chrome,credit_card,0
ACC_LEGIT_STD_01960,3,0,0,142.17,50.73,191,1,2,2,0.0,0.0,0,0.0786,mobile_ios,debit_card,0
ACC_LEGIT_NEW_00246,3,1,1,118.59,39.53,5,1,1,1,0.3333,0.3333,0,0.1945,mobile_ios,credit_card,0
ACC_LEGIT_STD_02904,9,0,0,652.72,70.62,752,1,2,1,0.0,0.0,0,0.0155,mobile_ios,debit_card,0
ACC_LEGIT_ACT_00397,26,8,6,2162.5,87.19,537,3,2,3,0.3077,0.2308,5,0.2197,mobile_ios,debit_card,0
ACC_LEGIT_STD_00623,5,0,0,199.0,41.46,235,1,1,3,0.0,0.0,0,0.2371,mobile_ios,paypal,0
ACC_LEGIT_ACT_00162,16,5,4,1450.92,88.88,183,2,3,2,0.3125,0.25,4,0.1406,mobile_ios,paypal,0
ACC_LEGIT_STD_01375,14,0,0,1177.58,86.23,362,1,1,1,0.0,0.0,0,0.0374,mobile_ios,credit_card,0
ACC_LEGIT_STD_00991,24,0,0,1437.98,64.66,910,1,4,2,0.0,0.0,2,0.0222,mobile_ios,debit_card,0
ACC_LEGIT_ACT_00841,24,5,4,1133.25,46.33,453,2,2,1,0.2083,0.1667,5,0.2586,desktop_chrome,credit_card,0
ACC_LEGIT_STD_00731,11,1,1,730.04,66.28,696,1,3,1,0.0909,0.0909,0,0.0246,mobile_ios,debit_card,0
ACC_RING_042_0110,26,24,22,3605.16,138.66,25,5,9,5,0.9231,0.8462,15,0.9587,emulator_bot,virtual_card,1
ACC_LEGIT_STD_01493,2,0,0,110.98,56.14,299,1,3,1,0.0,0.0,0,0.0765,mobile_android,credit_card,0
ACC_RING_039_0040,18,13,10,2491.2,138.4,31,4,6,3,0.7222,0.5556,7,0.7746,emulator_bot,crypto_gift_card,1
ACC_LEGIT_STD_02094,6,0,0,425.15,69.16,218,1,1,2,0.0,0.0,0,0.0441,mobile_android,debit_card,0
ACC_LEGIT_STD_02900,5,2,2,259.19,54.83,237,1,1,1,0.4,0.4,0,0.0547,desktop_safari,debit_card,0
ACC_LEGIT_ACT_00115,21,4,3,2552.45,120.82,295,3,2,3,0.1905,0.1429,5,0.5515,mobile_ios,credit_card,0
ACC_LEGIT_STD_01582,8,3,2,591.05,79.27,618,1,1,1,0.375,0.25,0,0.0473,mobile_android,paypal,0
ACC_SLOW_00085,15,7,6,1175.1,78.34,99,1,1,3,0.4667,0.4,4,0.5345,mobile_android,virtual_card,1
ACC_LEGIT_STD_01350,10,3,3,248.96,23.08,461,1,1,1,0.3,0.3,1,0.2424,mobile_ios,credit_card,0
ACC_RING_065_0200,25,20,17,2783.0,111.32,26,7,6,3,0.8,0.68,9,0.8515,emulator_bot,credit_card,1
ACC_LEGIT_STD_01816,5,0,0,271.49,58.15,288,1,1,1,0.0,0.0,0,0.0461,mobile_android,debit_card,0
ACC_LEGIT_NEW_00258,1,0,0,46.94,46.94,30,1,1,1,0.0,0.0,0,0.0655,mobile_android,credit_card,0
ACC_LEGIT_STD_00354,4,1,1,255.15,63.07,306,1,1,1,0.25,0.25,0,0.2039,mobile_android,credit_card,0
ACC_LEGIT_STD_00568,8,0,0,268.61,32.86,535,1,1,1,0.0,0.0,1,0.0009,mobile_android,paypal,0
ACC_SLOW_00146,13,5,4,954.98,73.46,218,1,1,1,0.3846,0.3077,4,0.7407,mobile_android,paypal,1
ACC_LEGIT_ACT_00673,31,7,5,2522.5,85.24,156,2,5,3,0.2258,0.1613,6,0.2637,mobile_android,paypal,0
ACC_LEGIT_ACT_00615,28,8,6,2690.53,100.72,295,1,2,2,0.2857,0.2143,6,0.3003,mobile_ios,credit_card,0
ACC_LEGIT_STD_01432,14,0,0,692.31,50.91,636,1,1,1,0.0,0.0,0,0.0911,desktop_chrome,credit_card,0
ACC_LEGIT_STD_01142,9,0,0,368.8,38.54,363,1,1,1,0.0,0.0,2,0.0625,desktop_safari,credit_card,0
ACC_LEGIT_STD_01200,2,0,0,88.76,46.8,211,1,2,1,0.0,0.0,0,0.1963,mobile_ios,credit_card,0
ACC_LEGIT_STD_01352,4,0,0,281.68,72.09,409,1,3,1,0.0,0.0,0,0.0001,desktop_chrome,credit_card,0
ACC_LEGIT_STD_01050,4,0,0,136.52,36.69,266,1,2,1,0.0,0.0,0,0.0888,mobile_ios,debit_card,0
ACC_LEGIT_ACT_00473,17,5,4,1403.8,80.33,205,1,3,1,0.2941,0.2353,4,0.4183,mobile_android,apple_pay,0
ACC_LEGIT_STD_01633,2,0,0,96.88,46.66,152,1,3,1,0.0,0.0,0,0.0278,mobile_android,apple_pay,0
ACC_LEGIT_STD_02279,3,0,0,211.29,76.24,148,1,2,2,0.0,0.0,0,0.2437,mobile_ios,paypal,0
ACC_LEGIT_STD_01444,7,0,0,436.23,65.49,373,1,1,1,0.0,0.0,0,0.1035,mobile_android,debit_card,0
ACC_LEGIT_ACT_00735,51,23,22,8114.96,155.74,478,1,3,1,0.451,0.4314,11,0.5458,desktop_chrome,debit_card,0
ACC_LEGIT_STD_00602,5,0,0,443.4,88.36,318,1,1,1,0.0,0.0,0,0.0017,mobile_ios,debit_card,0
ACC_LEGIT_ACT_00546,49,16,12,6224.59,122.63,560,2,2,2,0.3265,0.2449,7,0.3996,mobile_android,credit_card,0
ACC_WARD_00006,55,33,32,10600.05,201.99,235,2,2,1,0.6,0.5818,35,0.7202,desktop_chrome,virtual_card,1
ACC_LEGIT_ACT_00835,25,10,8,3250.16,133.23,471,2,3,2,0.4,0.32,2,0.0788,desktop_chrome,credit_card,0
ACC_LEGIT_NEW_00204,4,0,0,255.24,63.81,44,1,1,1,0.0,0.0,0,0.131,mobile_android,debit_card,0
ACC_LEGIT_NEW_00359,1,1,1,102.89,102.89,38,1,1,1,1.0,1.0,1,0.1916,mobile_ios,credit_card,0
ACC_LEGIT_STD_00028,3,0,0,94.16,29.46,141,1,1,2,0.0,0.0,0,0.0061,desktop_chrome,credit_card,0
ACC_LEGIT_ACT_00773,19,8,6,644.27,32.4,291,2,5,2,0.4211,0.3158,5,0.0923,desktop_chrome,apple_pay,0
ACC_LEGIT_STD_02765,8,2,1,565.37,71.36,422,1,2,1,0.25,0.125,0,0.0008,desktop_chrome,credit_card,0
ACC_LEGIT_ACT_00655,32,12,10,3022.64,92.12,343,3,1,1,0.375,0.3125,6,0.1936,mobile_ios,credit_card,0
ACC_LEGIT_STD_00733,13,1,0,960.36,75.45,497,1,1,1,0.0769,0.0,0,0.0807,mobile_ios,debit_card,0
ACC_LEGIT_STD_00026,6,0,0,437.59,70.92,473,1,2,1,0.0,0.0,1,0.0666,desktop_chrome,credit_card,0
ACC_LEGIT_STD_02151,12,1,1,925.18,77.07,592,1,2,1,0.0833,0.0833,0,0.0326,mobile_android,credit_card,0
ACC_LEGIT_STD_00388,7,0,0,122.7,16.37,227,1,1,3,0.0,0.0,0,0.1349,mobile_ios,paypal,0
ACC_LEGIT_NEW_00212,1,0,0,69.33,69.33,26,1,1,1,0.0,0.0,0,0.0581,mobile_ios,debit_card,0
ACC_LEGIT_ACT_00123,43,14,11,2160.97,52.26,82,2,3,1,0.3256,0.2558,4,0.1614,mobile_ios,credit_card,0
ACC_LEGIT_NEW_00032,1,1,1,44.44,44.44,34,2,1,1,1.0,1.0,0,0.0638,mobile_android,credit_card,0
ACC_LEGIT_STD_02774,21,0,0,1842.05,88.45,674,1,3,1,0.0,0.0,3,0.0619,mobile_ios,credit_card,0
ACC_LEGIT_ACT_00562,43,9,7,2521.74,60.55,680,4,1,3,0.2093,0.1628,10,0.371,mobile_android,credit_card,0
ACC_RING_053_0121,24,20,16,4240.08,176.67,32,3,4,3,0.8333,0.6667,17,0.7256,emulator_bot,crypto_gift_card,1
ACC_LEGIT_STD_01302,10,0,0,814.02,77.2,680,1,1,1,0.0,0.0,0,0.0235,mobile_ios,credit_card,0
ACC_LEGIT_STD_00258,13,0,0,716.64,57.86,610,1,1,2,0.0,0.0,0,0.0223,mobile_android,apple_pay,0
ACC_LEGIT_STD_00451,13,0,0,1078.51,86.88,295,2,1,1,0.0,0.0,0,0.0626,mobile_ios,debit_card,0
ACC_LEGIT_STD_00953,19,0,0,1514.12,81.12,678,1,2,1,0.0,0.0,2,0.1053,mobile_ios,debit_card,0
ACC_LEGIT_ACT_00541,22,9,8,1207.39,55.05,612,2,2,3,0.4091,0.3636,2,0.205,desktop_chrome,credit_card,0
ACC_LEGIT_STD_02674,5,0,0,341.63,66.33,124,3,2,1,0.0,0.0,1,0.0883,mobile_ios,credit_card,0
ACC_WARD_00147,48,42,41,8026.9,166.29,100,1,1,2,0.875,0.8542,30,0.7734,mobile_ios,credit_card,1
ACC_LEGIT_STD_01554,12,1,1,632.4,52.12,426,1,1,1,0.0833,0.0833,1,0.0003,desktop_chrome,apple_pay,0
ACC_WARD_00028,18,15,14,3038.55,163.91,313,2,2,3,0.8333,0.7778,14,0.8025,mobile_android,paypal,1
ACC_LEGIT_STD_02364,7,0,0,519.45,70.0,225,1,1,1,0.0,0.0,0,0.0968,mobile_ios,paypal,0
ACC_LEGIT_STD_01087,4,0,0,246.39,58.69,594,2,1,2,0.0,0.0,0,0.0365,mobile_ios,apple_pay,0
ACC_LEGIT_STD_00064,15,2,2,955.47,60.86,703,1,2,1,0.1333,0.1333,1,0.0487,desktop_safari,apple_pay,0
ACC_LEGIT_STD_02029,8,0,0,288.34,38.36,399,1,1,2,0.0,0.0,0,0.0933,desktop_chrome,debit_card,0
ACC_LEGIT_STD_01150,8,0,0,481.39,65.14,485,2,1,1,0.0,0.0,0,0.0659,mobile_ios,debit_card,0
ACC_LEGIT_STD_02126,2,0,0,162.07,82.5,352,1,3,1,0.0,0.0,0,0.0251,mobile_ios,apple_pay,0
ACC_LEGIT_STD_00529,11,0,0,420.25,40.27,576,3,1,1,0.0,0.0,1,0.0742,mobile_ios,debit_card,0
ACC_LEGIT_STD_00779,5,0,0,393.02,73.56,228,1,2,1,0.0,0.0,1,0.0458,mobile_android,debit_card,0
ACC_WARD_00034,18,10,9,3503.45,187.44,265,1,1,3,0.5556,0.5,7,0.5628,mobile_ios,paypal,1
ACC_RING_035_0304,21,17,16,3093.51,147.31,21,5,4,4,0.8095,0.7619,9,0.8777,mobile_android,virtual_card,1
ACC_LEGIT_ACT_00041,30,13,10,3295.37,109.27,613,2,3,3,0.4333,0.3333,7,0.1778,mobile_ios,credit_card,0
ACC_LEGIT_ACT_00170,37,9,8,5194.09,137.99,450,2,3,2,0.2432,0.2162,13,0.2406,mobile_ios,apple_pay,0
ACC_LEGIT_STD_01482,5,0,0,494.52,100.49,214,2,3,1,0.0,0.0,2,0.018,mobile_android,credit_card,0
ACC_LEGIT_STD_01479,12,2,2,464.42,38.37,441,2,4,2,0.1667,0.1667,0,0.2385,desktop_chrome,credit_card,0
ACC_LEGIT_STD_01629,7,0,0,134.55,20.37,421,1,3,1,0.0,0.0,0,0.019,mobile_ios,apple_pay,0
ACC_LEGIT_STD_02282,8,0,0,661.23,84.88,340,1,1,1,0.0,0.0,0,0.1563,mobile_ios,apple_pay,0
ACC_LEGIT_STD_00282,7,1,1,274.58,41.1,306,1,1,1,0.1429,0.1429,0,0.0212,mobile_android,credit_card,0
ACC_LEGIT_ACT_00403,28,9,8,3129.95,109.71,884,2,1,2,0.3214,0.2857,7,0.3975,mobile_ios,credit_card,0
ACC_LEGIT_ACT_00347,24,10,8,2585.73,104.78,168,2,1,1,0.4167,0.3333,5,0.0288,mobile_ios,debit_card,0
ACC_LEGIT_STD_01754,17,1,1,1297.89,73.08,652,1,2,1,0.0588,0.0588,0,0.1087,mobile_ios,credit_card,0
ACC_LEGIT_NEW_00215,3,0,0,179.76,59.92,23,1,1,1,0.0,0.0,0,0.2875,mobile_ios,credit_card,0
ACC_LEGIT_STD_02849,11,1,0,920.2,88.59,457,2,2,1,0.0909,0.0,0,0.0462,mobile_android,debit_card,0
ACC_LEGIT_STD_00301,9,0,0,751.89,85.0,408,1,1,2,0.0,0.0,0,0.0381,desktop_chrome,debit_card,0
ACC_LEGIT_ACT_00439,26,6,5,3066.1,114.07,452,2,2,3,0.2308,0.1923,5,0.1908,mobile_ios,debit_card,0
ACC_RING_025_0093,24,19,16,4981.44,207.56,38,4,3,3,0.7917,0.6667,11,0.7379,emulator_bot,virtual_card,1
ACC_WARD_00059,41,36,31,5867.48,146.95,130,2,4,3,0.878,0.7561,18,0.5383,mobile_ios,paypal,1
ACC_LEGIT_STD_01727,20,5,5,1319.96,70.59,729,1,2,2,0.25,0.25,2,0.0015,mobile_android,credit_card,0
ACC_LEGIT_STD_02162,8,0,0,384.85,48.54,354,2,3,1,0.0,0.0,0,0.1125,mobile_ios,paypal,0
ACC_LEGIT_STD_00525,11,3,3,548.44,47.59,518,1,1,1,0.2727,0.2727,0,0.0013,mobile_ios,debit_card,0
ACC_LEGIT_ACT_00490,46,10,8,3111.99,69.01,102,3,2,1,0.2174,0.1739,12,0.1716,desktop_chrome,credit_card,0
ACC_LEGIT_ACT_00759,49,12,9,1940.31,41.24,201,1,5,3,0.2449,0.1837,13,0.6432,mobile_android,paypal,0
ACC_WARD_00223,19,14,13,2335.66,127.07,324,2,2,2,0.7368,0.6842,12,0.6204,desktop_chrome,credit_card,1
ACC_LEGIT_STD_02400,15,2,2,1016.0,70.32,555,1,2,2,0.1333,0.1333,1,0.0799,desktop_chrome,credit_card,0
ACC_LEGIT_STD_00489,12,0,0,447.14,40.23,606,1,1,3,0.0,0.0,2,0.0145,mobile_android,credit_card,0
ACC_LEGIT_STD_01995,1,0,0,52.59,52.47,104,1,1,1,0.0,0.0,0,0.0248,mobile_ios,paypal,0
ACC_LEGIT_STD_01628,5,1,1,260.36,48.93,371,1,1,2,0.2,0.2,0,0.0794,mobile_android,credit_card,0
ACC_SLOW_00095,7,3,2,551.6,78.8,187,3,2,2,0.4286,0.2857,1,0.6559,mobile_ios,paypal,1
ACC_LEGIT_STD_00978,9,0,0,494.49,52.96,537,1,3,1,0.0,0.0,0,0.1038,mobile_ios,credit_card,0
ACC_LEGIT_STD_00635,12,0,0,1207.74,98.13,398,1,2,1,0.0,0.0,0,0.0812,mobile_ios,apple_pay,0
ACC_LEGIT_ACT_00047,36,13,11,1341.7,38.99,757,3,1,1,0.3611,0.3056,6,0.4281,mobile_ios,paypal,0
ACC_LEGIT_STD_01418,3,1,1,191.22,67.75,89,1,2,3,0.3333,0.3333,0,0.0491,mobile_ios,credit_card,0
ACC_LEGIT_STD_02851,10,1,1,619.15,62.16,376,1,1,2,0.1,0.1,1,0.0461,mobile_ios,credit_card,0
ACC_LEGIT_STD_00314,7,0,0,579.47,89.94,251,1,1,1,0.0,0.0,1,0.0926,desktop_chrome,credit_card,0
ACC_LEGIT_STD_01671,3,1,0,100.76,36.36,308,1,1,2,0.3333,0.0,1,0.0353,mobile_ios,credit_card,0
ACC_LEGIT_STD_02771,3,0,0,256.93,89.25,161,1,1,1,0.0,0.0,0,0.0697,desktop_chrome,paypal,0
ACC_LEGIT_STD_02393,8,0,0,561.24,73.05,280,2,3,1,0.0,0.0,1,0.1637,desktop_chrome,apple_pay,0
ACC_LEGIT_STD_00005,8,0,0,457.06,57.54,543,1,1,1,0.0,0.0,1,0.0795,mobile_ios,credit_card,0
ACC_LEGIT_NEW_00221,3,0,0,164.67,54.89,27,1,1,1,0.0,0.0,0,0.0455,mobile_android,debit_card,0
ACC_LEGIT_STD_01718,3,0,0,166.24,52.83,446,2,2,1,0.0,0.0,0,0.1325,mobile_android,apple_pay,0
ACC_WARD_00215,46,28,27,6532.42,141.48,70,2,3,2,0.6087,0.587,23,0.8086,desktop_chrome,credit_card,1
ACC_LEGIT_ACT_00820,33,11,9,2803.81,88.67,686,1,2,2,0.3333,0.2727,6,0.3631,desktop_chrome,paypal,0
ACC_LEGIT_STD_02499,11,0,0,458.39,40.84,446,1,1,2,0.0,0.0,0,0.0114,mobile_ios,credit_card,0
ACC_LEGIT_STD_02268,22,2,2,1003.79,43.56,892,1,1,1,0.0909,0.0909,1,0.0132,mobile_ios,credit_card,0
ACC_LEGIT_NEW_00124,1,1,1,15.0,15.0,13,1,2,1,1.0,1.0,0,0.0825,mobile_ios,credit_card,0
ACC_LEGIT_ACT_00282,52,22,20,4532.07,83.3,116,2,1,2,0.4231,0.3846,7,0.7402,desktop_chrome,apple_pay,0
ACC_LEGIT_STD_02427,10,0,0,802.91,86.05,440,1,2,1,0.0,0.0,0,0.0392,mobile_ios,apple_pay,0
ACC_LEGIT_ACT_00713,27,7,6,2897.38,105.85,245,2,2,2,0.2593,0.2222,4,0.1829,desktop_chrome,credit_card,0
ACC_LEGIT_NEW_00071,1,1,1,30.7,30.7,38,1,1,1,1.0,1.0,0,0.0203,mobile_android,credit_card,0
ACC_LEGIT_STD_00552,16,0,0,448.61,29.58,721,1,1,1,0.0,0.0,1,0.0356,mobile_android,credit_card,0
ACC_RING_029_0030,19,13,12,2583.24,135.96,36,3,6,4,0.6842,0.6316,14,0.7461,mobile_android,virtual_card,1
ACC_LEGIT_STD_02141,8,0,0,563.25,73.85,373,1,2,1,0.0,0.0,0,0.0379,mobile_ios,apple_pay,0
ACC_LEGIT_STD_00324,5,1,1,206.46,39.96,251,2,1,1,0.2,0.2,0,0.0797,mobile_ios,paypal,0
ACC_SLOW_00069,11,4,3,911.24,82.84,114,3,2,1,0.3636,0.2727,3,0.5574,mobile_android,virtual_card,1
ACC_LEGIT_STD_01850,5,0,0,356.65,72.12,484,1,1,2,0.0,0.0,0,0.0246,desktop_chrome,debit_card,0
ACC_LEGIT_STD_01036,2,0,0,150.06,71.44,322,1,2,1,0.0,0.0,0,0.0317,mobile_ios,apple_pay,0
ACC_LEGIT_STD_02938,9,1,1,478.5,54.18,339,1,1,1,0.1111,0.1111,0,0.0642,mobile_android,credit_card,0
ACC_LEGIT_STD_02662,5,0,0,135.65,25.34,348,1,1,2,0.0,0.0,0,0.0131,desktop_chrome,credit_card,0
ACC_LEGIT_STD_02672,2,0,0,142.45,73.45,128,1,1,1,0.0,0.0,0,0.0204,mobile_android,apple_pay,0
ACC_LEGIT_STD_00042,6,3,3,514.05,81.18,217,1,3,1,0.5,0.5,0,0.0876,mobile_android,credit_card,0
ACC_LEGIT_STD_00593,9,2,2,723.45,75.57,482,1,1,1,0.2222,0.2222,1,0.1575,desktop_chrome,debit_card,0
ACC_LEGIT_STD_02837,14,1,1,656.16,46.95,663,1,1,1,0.0714,0.0714,2,0.0371,mobile_ios,credit_card,0
ACC_LEGIT_ACT_00769,38,17,14,5284.29,138.64,538,2,1,1,0.4474,0.3684,7,0.3882,mobile_android,credit_card,0
ACC_LEGIT_STD_02898,8,0,0,384.11,50.58,602,1,1,1,0.0,0.0,0,0.0645,mobile_ios,credit_card,0
ACC_LEGIT_STD_00401,10,0,0,307.64,31.07,398,1,1,1,0.0,0.0,1,0.0201,mobile_ios,credit_card,0
ACC_LEGIT_STD_02432,4,0,0,327.59,78.37,486,1,2,1,0.0,0.0,0,0.0414,mobile_android,credit_card,0
ACC_LEGIT_STD_01713,5,0,0,290.39,54.9,481,1,1,1,0.0,0.0,1,0.0393,mobile_android,credit_card,0
ACC_LEGIT_STD_00211,12,0,0,368.23,28.67,616,1,1,1,0.0,0.0,1,0.1076,mobile_ios,credit_card,0
ACC_LEGIT_ACT_00217,13,5,4,637.75,46.85,497,1,1,2,0.3846,0.3077,2,0.0854,mobile_ios,credit_card,0
ACC_LEGIT_NEW_00093,2,1,1,75.88,37.94,3,2,1,1,0.5,0.5,0,0.1662,mobile_android,apple_pay,0
ACC_LEGIT_STD_02602,5,1,1,168.32,31.38,240,1,1,1,0.2,0.2,0,0.1005,desktop_chrome,credit_card,0
ACC_LEGIT_STD_01842,7,0,0,364.7,52.86,245,1,1,1,0.0,0.0,0,0.0051,mobile_ios,credit_card,0
ACC_LEGIT_STD_01334,17,1,1,1215.7,75.76,751,1,1,1,0.0588,0.0588,0,0.0035,mobile_android,debit_card,0
ACC_LEGIT_NEW_00047,1,0,0,57.65,57.65,21,1,1,1,0.0,0.0,0,0.0689,mobile_android,apple_pay,0
ACC_WARD_00217,23,16,14,3810.45,164.12,291,1,2,3,0.6957,0.6087,18,0.7958,desktop_chrome,credit_card,1
ACC_LEGIT_NEW_00017,2,0,0,112.62,56.31,20,1,1,1,0.0,0.0,0,0.4086,mobile_ios,debit_card,0
ACC_LEGIT_STD_00271,6,1,0,238.55,37.12,283,1,1,1,0.1667,0.0,0,0.0428,desktop_safari,paypal,0
ACC_LEGIT_STD_02410,14,2,1,862.64,58.91,529,1,2,3,0.1429,0.0714,0,0.0847,mobile_ios,credit_card,0
ACC_LEGIT_STD_00506,6,5,5,535.36,86.24,225,1,1,1,0.8333,0.8333,0,0.0643,mobile_ios,credit_card,0
ACC_LEGIT_ACT_00037,27,8,7,4399.42,167.87,544,1,1,2,0.2963,0.2593,6,0.1391,mobile_android,paypal,0
ACC_LEGIT_ACT_00685,47,18,15,6047.48,128.28,358,2,1,1,0.383,0.3191,6,0.1494,desktop_chrome,paypal,0
ACC_WARD_00057,41,27,24,8301.28,212.1,227,1,1,2,0.6585,0.5854,29,0.7045,desktop_chrome,credit_card,1
ACC_LEGIT_NEW_00248,2,0,0,67.68,33.84,5,1,2,1,0.0,0.0,0,0.0781,desktop_chrome,credit_card,0
ACC_LEGIT_STD_00594,8,1,1,681.72,87.47,442,1,2,1,0.125,0.125,1,0.1041,mobile_android,credit_card,0
ACC_LEGIT_ACT_00348,23,5,4,2607.63,115.84,548,2,1,1,0.2174,0.1739,6,0.132,mobile_android,credit_card,0
ACC_WARD_00204,29,19,17,6490.7,222.03,272,2,1,3,0.6552,0.5862,18,0.8026,desktop_chrome,paypal,1
ACC_LEGIT_STD_01618,2,0,0,72.67,37.93,159,1,1,1,0.0,0.0,0,0.0189,mobile_ios,credit_card,0
ACC_LEGIT_STD_00270,4,0,0,220.56,55.09,314,2,1,1,0.0,0.0,0,0.1598,mobile_ios,apple_pay,0
ACC_LEGIT_ACT_00665,18,5,4,1445.38,83.68,394,3,2,2,0.2778,0.2222,5,0.2012,desktop_chrome,paypal,0
ACC_LEGIT_ACT_00776,51,15,12,4935.74,94.51,869,1,2,1,0.2941,0.2353,9,0.3902,mobile_android,paypal,0
ACC_LEGIT_STD_01887,7,0,0,355.18,51.55,405,1,3,1,0.0,0.0,1,0.0622,mobile_android,apple_pay,0
ACC_LEGIT_ACT_00489,17,6,5,1705.24,95.55,408,1,1,1,0.3529,0.2941,2,0.1605,mobile_ios,credit_card,0
ACC_LEGIT_STD_01680,6,1,1,282.5,45.01,499,2,1,1,0.1667,0.1667,2,0.103,mobile_android,credit_card,0
ACC_LEGIT_NEW_00208,1,0,0,97.37,97.37,38,1,1,1,0.0,0.0,0,0.1514,mobile_ios,debit_card,0
ACC_LEGIT_STD_00644,6,0,0,519.0,90.47,376,1,1,2,0.0,0.0,1,0.0746,mobile_ios,apple_pay,0
ACC_LEGIT_STD_01164,1,0,0,72.37,71.16,384,1,2,2,0.0,0.0,0,0.0463,mobile_android,credit_card,0
ACC_LEGIT_STD_01489,8,0,0,564.38,70.3,343,1,1,1,0.0,0.0,1,0.0001,desktop_chrome,debit_card,0
ACC_LEGIT_STD_01078,12,2,2,579.98,46.85,487,1,3,1,0.1667,0.1667,0,0.0318,mobile_ios,debit_card,0
ACC_LEGIT_STD_02660,7,0,0,630.53,85.78,164,2,2,1,0.0,0.0,0,0.0776,mobile_ios,debit_card,0
ACC_LEGIT_STD_01470,4,0,0,324.47,76.49,322,1,1,2,0.0,0.0,0,0.1884,mobile_ios,debit_card,0
ACC_LEGIT_STD_01394,2,0,0,108.14,58.08,207,1,2,1,0.0,0.0,0,0.0992,desktop_chrome,credit_card,0
ACC_LEGIT_STD_00440,11,1,1,453.07,42.6,861,1,2,2,0.0909,0.0909,0,0.0908,desktop_chrome,apple_pay,0
ACC_LEGIT_STD_01019,7,2,2,472.2,73.19,371,1,3,1,0.2857,0.2857,1,0.0233,desktop_chrome,credit_card,0
ACC_LEGIT_ACT_00736,41,18,16,3329.05,80.79,174,2,2,3,0.439,0.3902,6,0.112,mobile_android,credit_card,0
ACC_LEGIT_NEW_00185,1,0,0,58.92,58.92,11,1,1,1,0.0,0.0,0,0.1236,mobile_ios,credit_card,0
ACC_LEGIT_ACT_00447,41,11,9,2450.04,61.97,261,1,1,1,0.2683,0.2195,12,0.4361,mobile_android,credit_card,0
ACC_LEGIT_ACT_00534,46,19,17,7140.31,158.1,226,2,2,1,0.413,0.3696,11,0.0646,mobile_ios,debit_card,0
ACC_LEGIT_NEW_00354,1,1,1,76.78,76.78,4,1,1,1,1.0,1.0,0,0.2403,mobile_ios,credit_card,0
ACC_LEGIT_STD_01575,4,0,0,147.68,37.75,230,1,1,2,0.0,0.0,1,0.0632,desktop_chrome,debit_card,0
ACC_LEGIT_STD_02187,18,0,0,993.38,58.09,783,1,1,2,0.0,0.0,1,0.0774,mobile_android,debit_card,0
ACC_RING_020_0289,25,17,13,2773.75,110.95,11,5,6,4,0.68,0.52,14,0.8848,desktop_chrome,virtual_card,1
ACC_LEGIT_STD_01299,6,0,0,361.36,62.9,351,2,1,1,0.0,0.0,0,0.0,mobile_android,debit_card,0
ACC_LEGIT_NEW_00416,1,0,0,76.66,76.66,16,1,1,1,0.0,0.0,0,0.0446,mobile_ios,debit_card,0
ACC_LEGIT_STD_01395,4,0,0,240.0,64.01,253,2,1,1,0.0,0.0,0,0.0013,mobile_android,credit_card,0
ACC_LEGIT_ACT_00785,46,19,15,5945.73,126.7,786,3,2,1,0.413,0.3261,7,0.194,mobile_android,paypal,0
ACC_LEGIT_ACT_00627,12,3,2,1006.33,87.9,505,1,1,1,0.25,0.1667,3,0.0239,mobile_android,credit_card,0
ACC_WARD_00229,31,24,21,5881.19,195.05,34,1,2,2,0.7742,0.6774,24,0.6848,mobile_ios,credit_card,1
ACC_LEGIT_STD_00470,3,1,0,268.25,88.63,250,1,2,1,0.3333,0.0,0,0.0092,mobile_ios,credit_card,0
ACC_LEGIT_STD_00658,1,0,0,69.73,74.69,197,1,3,1,0.0,0.0,0,0.037,desktop_safari,credit_card,0
ACC_SLOW_00093,9,3,2,1082.61,120.29,109,3,2,2,0.3333,0.2222,1,0.795,mobile_ios,credit_card,1
ACC_RING_014_0216,17,14,11,2655.91,156.23,17,3,4,4,0.8235,0.6471,12,0.7517,desktop_chrome,crypto_gift_card,1
ACC_LEGIT_STD_00044,3,1,0,149.61,53.99,102,1,1,1,0.3333,0.0,0,0.1026,desktop_chrome,apple_pay,0
ACC_LEGIT_STD_00468,6,0,0,418.91,65.39,283,1,3,1,0.0,0.0,0,0.0095,mobile_android,credit_card,0
ACC_LEGIT_STD_01743,12,0,0,899.21,75.86,521,1,1,3,0.0,0.0,1,0.0911,mobile_android,credit_card,0
ACC_LEGIT_STD_02908,10,1,1,623.69,65.48,381,2,2,2,0.1,0.1,0,0.0691,mobile_android,credit_card,0
ACC_LEGIT_STD_01963,5,1,1,215.66,40.72,291,1,2,1,0.2,0.2,0,0.2529,mobile_ios,credit_card,0
ACC_LEGIT_ACT_00650,34,6,5,2219.03,64.65,129,2,3,1,0.1765,0.1471,4,0.3263,mobile_ios,credit_card,0
ACC_LEGIT_STD_00378,3,0,0,294.93,96.37,97,1,1,1,0.0,0.0,0,0.0957,mobile_ios,paypal,0
ACC_LEGIT_STD_02549,6,0,0,366.18,66.01,251,2,1,1,0.0,0.0,0,0.0235,mobile_android,debit_card,0
ACC_LEGIT_STD_01983,6,0,0,338.64,54.8,279,1,3,1,0.0,0.0,0,0.0876,desktop_chrome,debit_card,0
ACC_LEGIT_ACT_00639,49,17,16,4942.63,102.02,558,2,2,2,0.3469,0.3265,11,0.1778,mobile_android,paypal,0
ACC_SLOW_00061,18,9,7,1241.64,68.98,150,2,2,1,0.5,0.3889,2,0.6033,mobile_android,debit_card,1
ACC_RING_036_0305,8,7,6,1284.8,160.6,18,5,4,5,0.875,0.75,4,0.7365,desktop_chrome,credit_card,1
ACC_LEGIT_STD_02654,14,1,0,888.77,61.42,514,1,1,2,0.0714,0.0,1,0.1223,mobile_ios,credit_card,0
ACC_LEGIT_ACT_00497,53,18,17,7221.81,135.23,688,2,2,3,0.3396,0.3208,7,0.1421,desktop_chrome,debit_card,0
ACC_LEGIT_STD_00730,20,3,2,1150.81,60.65,882,1,1,1,0.15,0.1,2,0.0685,mobile_ios,debit_card,0
ACC_LEGIT_STD_01935,9,1,1,484.3,57.15,472,1,1,2,0.1111,0.1111,2,0.0134,mobile_ios,credit_card,0
ACC_LEGIT_STD_02884,12,0,0,649.63,57.04,445,1,3,1,0.0,0.0,0,0.0291,mobile_ios,credit_card,0
ACC_LEGIT_STD_00039,12,2,1,470.41,41.32,957,1,1,1,0.1667,0.0833,0,0.0302,mobile_android,credit_card,0
ACC_LEGIT_STD_02893,4,0,0,145.79,34.81,159,1,1,2,0.0,0.0,1,0.0571,mobile_android,apple_pay,0
ACC_LEGIT_NEW_00034,3,1,1,159.33,53.11,12,1,1,1,0.3333,0.3333,0,0.0859,mobile_ios,debit_card,0
ACC_LEGIT_ACT_00626,45,16,13,2029.87,46.65,614,2,2,1,0.3556,0.2889,10,0.2158,desktop_chrome,credit_card,0
ACC_LEGIT_STD_00406,15,0,0,1030.85,68.72,670,1,2,1,0.0,0.0,0,0.2385,mobile_android,credit_card,0
ACC_LEGIT_STD_02354,20,1,1,297.03,15.0,835,2,1,1,0.05,0.05,0,0.0153,mobile_android,paypal,0
ACC_LEGIT_NEW_00021,1,0,0,64.34,64.34,24,1,1,1,0.0,0.0,0,0.1406,mobile_android,credit_card,0
ACC_LEGIT_STD_02537,12,1,1,491.37,42.52,558,1,1,1,0.0833,0.0833,0,0.0156,mobile_ios,debit_card,0
ACC_LEGIT_STD_01881,26,1,1,1759.02,73.41,900,1,1,2,0.0385,0.0385,3,0.0274,mobile_android,debit_card,0
ACC_LEGIT_STD_00108,16,2,2,1164.63,74.67,759,1,1,1,0.125,0.125,1,0.0836,mobile_android,debit_card,0
ACC_LEGIT_STD_00514,13,0,0,765.43,55.5,560,2,1,1,0.0,0.0,1,0.043,mobile_ios,credit_card,0
ACC_LEGIT_STD_02452,5,0,0,280.62,52.85,402,3,1,1,0.0,0.0,0,0.0267,desktop_safari,apple_pay,0
ACC_RING_015_0150,19,17,16,2388.68,125.72,9,5,4,4,0.8947,0.8421,13,0.9719,emulator_bot,virtual_card,1
ACC_RING_041_0042,13,9,7,1151.02,88.54,22,3,6,3,0.6923,0.5385,7,0.8406,desktop_chrome,crypto_gift_card,1
ACC_LEGIT_STD_00379,1,0,0,85.74,79.42,141,2,1,1,0.0,0.0,0,0.034,desktop_safari,credit_card,0
ACC_RING_061_0196,14,10,9,1291.5,92.25,7,4,3,4,0.7143,0.6429,6,0.9778,mobile_android,virtual_card,1
ACC_LEGIT_STD_01232,8,1,1,460.45,53.3,158,1,1,3,0.125,0.125,0,0.0099,desktop_chrome,debit_card,0
ACC_LEGIT_NEW_00059,4,0,0,350.32,87.58,32,1,2,1,0.0,0.0,0,0.0858,mobile_ios,credit_card,0
ACC_LEGIT_STD_02668,9,0,0,425.22,51.17,543,1,1,1,0.0,0.0,0,0.0155,mobile_android,debit_card,0
ACC_LEGIT_STD_01407,4,0,0,252.35,59.59,283,1,1,1,0.0,0.0,0,0.0092,mobile_android,debit_card,0
ACC_LEGIT_STD_02036,10,0,0,973.28,90.39,622,1,2,2,0.0,0.0,0,0.0,mobile_ios,apple_pay,0
ACC_LEGIT_ACT_00536,48,18,15,4576.28,98.05,575,3,2,2,0.375,0.3125,7,0.2213,desktop_chrome,credit_card,0
ACC_LEGIT_STD_00241,11,0,0,993.28,84.11,650,3,1,1,0.0,0.0,0,0.0395,mobile_ios,apple_pay,0
ACC_WARD_00061,41,35,29,6501.68,160.82,228,2,2,3,0.8537,0.7073,31,0.6568,mobile_ios,credit_card,1
ACC_LEGIT_ACT_00341,17,6,4,1650.72,96.6,420,3,3,2,0.3529,0.2353,3,0.0585,mobile_ios,apple_pay,0
ACC_LEGIT_ACT_00316,50,11,10,4140.9,79.96,530,4,2,3,0.22,0.2,15,0.4266,mobile_ios,credit_card,0
ACC_LEGIT_STD_02340,9,2,2,936.3,107.01,472,1,2,2,0.2222,0.2222,2,0.0609,mobile_android,paypal,0
ACC_LEGIT_ACT_00338,24,7,6,2406.94,104.4,719,1,3,1,0.2917,0.25,6,0.1973,mobile_ios,paypal,0
ACC_LEGIT_ACT_00014,40,17,15,2570.04,61.42,514,1,2,2,0.425,0.375,8,0.0455,desktop_chrome,debit_card,0
ACC_RING_010_0279,16,10,9,1378.08,86.13,22,4,6,4,0.625,0.5625,9,0.831,emulator_bot,virtual_card,1
ACC_LEGIT_ACT_00232,54,25,23,4377.22,82.09,699,3,2,1,0.463,0.4259,10,0.1512,desktop_chrome,debit_card,0
ACC_LEGIT_ACT_00644,36,7,6,5237.17,151.13,417,1,2,2,0.1944,0.1667,10,0.3244,mobile_ios,credit_card,0
ACC_LEGIT_STD_01700,15,0,0,981.06,67.39,893,2,1,2,0.0,0.0,0,0.1075,mobile_android,apple_pay,0
ACC_LEGIT_STD_02689,1,0,0,66.83,68.92,148,1,1,2,0.0,0.0,0,0.0491,mobile_ios,credit_card,0
ACC_WARD_00195,44,32,29,9129.97,211.88,185,1,1,2,0.7273,0.6591,32,0.6958,mobile_ios,credit_card,1
ACC_LEGIT_STD_01796,24,0,0,1634.86,72.59,909,2,2,3,0.0,0.0,1,0.0675,mobile_android,paypal,0
ACC_LEGIT_ACT_00306,54,19,18,6940.79,127.23,128,1,2,1,0.3519,0.3333,12,0.2351,mobile_android,paypal,0
ACC_LEGIT_ACT_00373,13,4,3,1636.57,122.37,144,2,2,2,0.3077,0.2308,1,0.1948,desktop_chrome,credit_card,0
ACC_LEGIT_STD_00133,11,0,0,445.72,43.28,576,1,1,1,0.0,0.0,0,0.0184,mobile_ios,paypal,0
ACC_LEGIT_ACT_00157,44,15,12,4629.24,102.88,70,1,2,1,0.3409,0.2727,4,0.1171,mobile_ios,credit_card,0
ACC_LEGIT_STD_00121,6,0,0,325.2,50.41,377,1,1,1,0.0,0.0,0,0.0641,mobile_android,apple_pay,0
ACC_LEGIT_STD_02555,4,0,0,263.67,71.65,221,3,2,1,0.0,0.0,0,0.1577,mobile_android,debit_card,0
ACC_LEGIT_STD_00974,7,2,2,282.06,42.28,490,1,2,2,0.2857,0.2857,0,0.0465,mobile_android,credit_card,0
ACC_LEGIT_STD_02855,8,0,0,1078.2,128.93,295,1,3,1,0.0,0.0,1,0.0244,desktop_chrome,credit_card,0
ACC_LEGIT_STD_02569,5,0,0,490.17,101.01,255,1,1,2,0.0,0.0,0,0.0791,mobile_ios,debit_card,0
ACC_LEGIT_STD_00548,6,1,0,460.63,80.69,496,1,1,1,0.1667,0.0,0,0.0578,mobile_android,credit_card,0
ACC_LEGIT_NEW_00284,2,1,1,148.74,74.37,33,1,2,1,0.5,0.5,0,0.1796,desktop_chrome,debit_card,0
ACC_LEGIT_STD_00227,15,1,1,1247.52,86.09,695,1,1,2,0.0667,0.0667,0,0.0203,desktop_chrome,credit_card,0
ACC_LEGIT_ACT_00185,52,14,13,3658.96,73.8,877,1,2,1,0.2692,0.25,13,0.2477,mobile_ios,apple_pay,0
ACC_LEGIT_STD_01846,8,0,0,395.2,52.95,349,1,1,1,0.0,0.0,0,0.0632,mobile_ios,paypal,0
ACC_LEGIT_ACT_00001,15,6,4,1848.48,119.28,548,2,1,2,0.4,0.2667,6,0.3733,mobile_android,credit_card,0
ACC_LEGIT_STD_00690,12,1,1,940.76,72.61,533,1,1,1,0.0833,0.0833,0,0.0108,mobile_android,credit_card,0
ACC_LEGIT_STD_02038,11,0,0,796.29,72.81,616,1,1,1,0.0,0.0,1,0.0878,mobile_ios,debit_card,0
ACC_LEGIT_ACT_00201,23,10,9,2187.38,92.48,569,1,5,2,0.4348,0.3913,1,0.3462,mobile_android,apple_pay,0
ACC_SLOW_00121,17,5,4,1094.12,64.36,163,2,4,3,0.2941,0.2353,6,0.5408,mobile_ios,paypal,1
ACC_LEGIT_STD_02276,8,1,1,302.84,39.23,269,2,1,1,0.125,0.125,1,0.1916,mobile_ios,credit_card,0
ACC_LEGIT_STD_02128,7,0,0,642.76,85.57,328,1,1,3,0.0,0.0,2,0.0228,mobile_android,paypal,0
ACC_LEGIT_STD_02629,3,0,0,164.1,51.8,275,1,1,1,0.0,0.0,0,0.0608,desktop_chrome,debit_card,0
ACC_LEGIT_STD_00375,11,2,2,431.91,39.29,501,1,2,1,0.1818,0.1818,1,0.125,mobile_ios,credit_card,0
ACC_LEGIT_STD_01030,4,0,0,253.53,59.96,376,1,3,1,0.0,0.0,0,0.0124,mobile_android,credit_card,0
ACC_RING_032_0301,9,7,6,1218.42,135.38,14,4,3,3,0.7778,0.6667,3,0.9749,desktop_chrome,virtual_card,1
ACC_LEGIT_STD_01342,10,1,1,714.26,72.9,371,2,1,1,0.1,0.1,0,0.0277,desktop_chrome,debit_card,0
ACC_LEGIT_STD_00643,13,2,2,649.84,48.92,583,1,1,1,0.1538,0.1538,0,0.0644,desktop_chrome,credit_card,0
ACC_LEGIT_STD_01991,2,0,0,107.28,56.85,134,1,1,2,0.0,0.0,0,0.0183,mobile_ios,debit_card,0
ACC_LEGIT_ACT_00081,48,12,10,1961.66,40.44,700,3,2,1,0.25,0.2083,11,0.2582,desktop_chrome,debit_card,0
ACC_WARD_00252,35,30,29,6997.86,207.82,80,2,3,2,0.8571,0.8286,14,0.7244,mobile_ios,credit_card,1
ACC_LEGIT_ACT_00803,13,4,3,1087.22,83.61,670,1,3,2,0.3077,0.2308,1,0.2374,desktop_chrome,credit_card,0
ACC_LEGIT_STD_01100,8,0,0,590.09,69.11,389,1,3,1,0.0,0.0,0,0.0558,mobile_android,credit_card,0
ACC_LEGIT_STD_02967,6,0,0,458.27,71.9,243,1,1,1,0.0,0.0,0,0.0246,mobile_ios,credit_card,0
ACC_LEGIT_ACT_00138,31,13,11,2889.28,92.61,84,1,1,1,0.4194,0.3548,3,0.5688,desktop_chrome,apple_pay,0
ACC_LEGIT_STD_00719,16,3,3,1912.46,120.09,919,1,1,2,0.1875,0.1875,0,0.0008,mobile_android,debit_card,0
ACC_LEGIT_STD_00414,1,0,0,29.53,28.8,162,1,1,1,0.0,0.0,0,0.0868,mobile_ios,credit_card,0
ACC_LEGIT_STD_01163,11,1,1,748.27,65.88,342,1,1,1,0.0909,0.0909,0,0.0753,mobile_android,credit_card,0
ACC_LEGIT_STD_01585,10,2,2,309.88,32.43,661,3,1,1,0.2,0.2,0,0.0312,desktop_safari,paypal,0
ACC_LEGIT_ACT_00548,39,13,11,4912.11,131.46,478,1,2,1,0.3333,0.2821,10,0.3201,mobile_android,paypal,0
ACC_LEGIT_STD_01665,8,1,1,856.67,115.19,526,1,1,1,0.125,0.125,2,0.0053,mobile_android,credit_card,0
ACC_LEGIT_ACT_00127,48,14,12,3366.37,69.03,814,4,1,3,0.2917,0.25,7,0.3227,desktop_chrome,credit_card,0
ACC_LEGIT_STD_02443,10,0,0,904.45,93.58,749,1,1,2,0.0,0.0,1,0.0091,mobile_android,credit_card,0
ACC_LEGIT_STD_02659,3,0,0,321.31,99.99,547,1,2,1,0.0,0.0,0,0.0683,mobile_android,apple_pay,0
ACC_LEGIT_STD_02548,10,0,0,676.17,69.18,335,1,1,1,0.0,0.0,0,0.0027,desktop_chrome,credit_card,0
ACC_LEGIT_STD_02314,11,1,1,685.88,62.71,388,1,2,3,0.0909,0.0909,0,0.0384,desktop_safari,credit_card,0
ACC_LEGIT_ACT_00501,29,6,5,3668.32,132.91,246,1,1,2,0.2069,0.1724,11,0.2528,mobile_ios,paypal,0
ACC_LEGIT_STD_02679,12,1,1,679.39,60.67,353,1,1,1,0.0833,0.0833,0,0.1001,mobile_android,debit_card,0
ACC_LEGIT_STD_00692,5,0,0,371.27,71.26,324,1,1,1,0.0,0.0,1,0.0117,mobile_ios,credit_card,0
ACC_LEGIT_STD_01373,9,1,1,362.05,38.0,247,1,1,2,0.1111,0.1111,0,0.0218,mobile_ios,debit_card,0
ACC_LEGIT_STD_01062,10,0,0,404.22,39.01,453,1,2,1,0.0,0.0,0,0.069,mobile_android,debit_card,0
ACC_LEGIT_STD_00934,12,1,1,893.94,79.76,278,1,1,1,0.0833,0.0833,0,0.1647,mobile_android,credit_card,0
ACC_LEGIT_ACT_00163,39,18,17,5250.45,129.51,310,2,2,2,0.4615,0.4359,9,0.467,mobile_ios,debit_card,0
ACC_LEGIT_STD_01154,3,0,0,216.24,71.65,190,2,1,1,0.0,0.0,0,0.0186,mobile_android,credit_card,0
ACC_LEGIT_STD_01305,4,0,0,239.22,57.46,234,1,1,1,0.0,0.0,0,0.0442,mobile_ios,credit_card,0
ACC_LEGIT_ACT_00055,38,13,11,3531.85,94.44,377,4,2,1,0.3421,0.2895,11,0.2019,desktop_chrome,credit_card,0
ACC_LEGIT_STD_02705,9,1,1,547.51,62.78,471,2,1,1,0.1111,0.1111,3,0.0407,mobile_android,credit_card,0
ACC_LEGIT_STD_00494,3,0,0,149.98,46.72,274,2,1,1,0.0,0.0,0,0.1684,mobile_ios,credit_card,0
ACC_WARD_00078,30,18,15,4584.94,158.82,294,2,2,1,0.6,0.5,23,0.5518,mobile_ios,credit_card,1
ACC_LEGIT_STD_02650,13,0,0,923.22,67.45,585,2,1,1,0.0,0.0,1,0.0613,mobile_ios,debit_card,0
ACC_LEGIT_STD_01915,4,1,1,64.46,16.3,218,1,3,1,0.25,0.25,0,0.0176,mobile_android,debit_card,0
ACC_LEGIT_STD_01551,9,0,0,398.9,45.65,697,1,1,1,0.0,0.0,0,0.0282,mobile_ios,credit_card,0
ACC_LEGIT_NEW_00296,1,0,0,83.65,83.65,35,1,1,1,0.0,0.0,0,0.2113,mobile_android,credit_card,0
ACC_LEGIT_STD_01123,12,1,1,420.24,33.77,364,2,1,1,0.0833,0.0833,2,0.0251,mobile_android,debit_card,0
ACC_LEGIT_STD_02950,4,0,0,175.59,45.78,301,2,1,1,0.0,0.0,0,0.0004,desktop_chrome,debit_card,0
ACC_LEGIT_STD_01148,13,2,1,1011.02,84.35,852,1,2,2,0.1538,0.0769,0,0.0413,mobile_android,apple_pay,0
ACC_LEGIT_STD_02351,5,0,0,229.69,48.85,250,1,1,1,0.0,0.0,0,0.0668,mobile_ios,apple_pay,0
ACC_SLOW_00084,19,9,7,1580.23,83.17,57,3,1,1,0.4737,0.3684,7,0.4455,desktop_chrome,paypal,1
ACC_LEGIT_ACT_00540,37,8,7,2602.27,74.03,325,3,2,1,0.2162,0.1892,10,0.4044,desktop_chrome,debit_card,0
ACC_LEGIT_STD_00478,2,0,0,84.05,45.65,145,1,1,1,0.0,0.0,0,0.0404,mobile_android,debit_card,0
ACC_LEGIT_STD_00501,9,1,1,562.04,65.91,324,1,2,1,0.1111,0.1111,0,0.0379,mobile_android,apple_pay,0
ACC_LEGIT_STD_01744,5,0,0,132.77,27.85,303,3,1,1,0.0,0.0,0,0.0074,mobile_ios,apple_pay,0
ACC_LEGIT_ACT_00271,33,14,12,4426.01,128.05,409,1,2,2,0.4242,0.3636,11,0.1573,mobile_ios,credit_card,0
ACC_LEGIT_STD_01073,11,0,0,845.71,75.55,517,1,1,1,0.0,0.0,1,0.0281,desktop_safari,debit_card,0
ACC_LEGIT_STD_01194,13,2,2,798.49,64.07,615,1,1,1,0.1538,0.1538,1,0.0273,mobile_ios,credit_card,0
ACC_LEGIT_ACT_00568,48,10,9,2355.36,47.41,89,1,1,1,0.2083,0.1875,6,0.2218,mobile_ios,credit_card,0
ACC_LEGIT_NEW_00058,2,1,1,163.56,81.78,24,1,1,1,0.5,0.5,0,0.1772,mobile_ios,apple_pay,0
ACC_WARD_00207,49,32,28,11798.29,232.4,57,2,2,1,0.6531,0.5714,22,0.754,desktop_chrome,credit_card,1
ACC_LEGIT_STD_02810,5,0,0,482.79,101.84,449,1,1,1,0.0,0.0,1,0.0337,mobile_android,credit_card,0
ACC_WARD_00181,36,24,22,8025.8,234.25,65,1,2,1,0.6667,0.6111,20,0.602,desktop_chrome,virtual_card,1
ACC_LEGIT_ACT_00475,37,17,15,2561.66,71.41,248,1,2,2,0.4595,0.4054,6,0.299,desktop_chrome,debit_card,0
ACC_LEGIT_STD_02383,4,1,1,397.56,92.4,411,2,1,1,0.25,0.25,0,0.0535,desktop_chrome,debit_card,0
ACC_LEGIT_STD_00092,16,1,1,661.29,43.02,938,1,1,1,0.0625,0.0625,1,0.1785,desktop_chrome,credit_card,0
ACC_LEGIT_STD_00817,6,0,0,404.2,63.55,350,1,1,1,0.0,0.0,1,0.0913,mobile_android,paypal,0
ACC_LEGIT_STD_00226,5,0,0,381.11,78.66,226,1,1,1,0.0,0.0,1,0.104,mobile_android,debit_card,0
ACC_LEGIT_ACT_00066,46,12,10,3352.6,72.64,846,2,2,3,0.2609,0.2174,5,0.3116,mobile_ios,credit_card,0
ACC_LEGIT_STD_02808,14,0,0,1050.27,71.97,692,1,2,1,0.0,0.0,1,0.1804,desktop_chrome,credit_card,0
ACC_WARD_00072,38,25,24,7074.8,192.35,333,2,2,4,0.6579,0.6316,24,0.6895,mobile_android,credit_card,1
ACC_LEGIT_STD_02372,9,1,1,567.25,65.34,387,1,1,1,0.1111,0.1111,1,0.0237,mobile_ios,apple_pay,0
ACC_SLOW_00060,19,10,8,1678.27,88.33,52,2,1,1,0.5263,0.4211,7,0.6023,desktop_chrome,virtual_card,1
ACC_LEGIT_ACT_00606,17,7,6,1945.81,113.34,877,2,3,2,0.4118,0.3529,3,0.5327,mobile_ios,credit_card,0
ACC_RING_058_0193,22,18,17,4539.7,206.35,20,4,3,3,0.8182,0.7727,15,0.7873,desktop_chrome,virtual_card,1
ACC_LEGIT_STD_02545,11,0,0,797.65,68.78,428,1,1,1,0.0,0.0,1,0.0556,mobile_ios,credit_card,0
ACC_LEGIT_STD_01275,3,0,0,222.64,72.32,300,1,4,1,0.0,0.0,0,0.0054,mobile_ios,paypal,0
ACC_SLOW_00070,7,3,2,675.08,96.44,98,2,2,2,0.4286,0.2857,2,0.5216,mobile_android,paypal,1
ACC_LEGIT_NEW_00335,3,0,0,251.91,83.97,11,1,1,1,0.0,0.0,0,0.2123,mobile_ios,apple_pay,0
ACC_LEGIT_STD_00490,5,0,0,202.76,42.03,300,2,2,2,0.0,0.0,0,0.0195,desktop_chrome,debit_card,0
ACC_RING_026_0027,27,22,20,3531.06,130.78,26,4,3,3,0.8148,0.7407,10,0.9434,emulator_bot,virtual_card,1
ACC_LEGIT_STD_02895,6,0,0,252.27,39.71,222,1,3,1,0.0,0.0,0,0.0043,mobile_android,paypal,0
ACC_LEGIT_STD_02055,18,2,2,1291.09,71.19,686,1,3,2,0.1111,0.1111,0,0.3046,mobile_android,credit_card,0
ACC_LEGIT_STD_02369,23,0,0,609.0,27.73,795,1,2,1,0.0,0.0,2,0.0468,mobile_android,credit_card,0
ACC_LEGIT_STD_00303,4,0,0,223.48,52.4,298,1,1,3,0.0,0.0,0,0.0118,mobile_ios,paypal,0
ACC_LEGIT_ACT_00813,19,6,5,1680.93,90.39,246,1,2,2,0.3158,0.2632,1,0.0992,mobile_ios,debit_card,0
ACC_LEGIT_STD_01662,21,0,0,1249.48,60.17,687,1,1,3,0.0,0.0,1,0.0065,mobile_android,credit_card,0
ACC_LEGIT_STD_00737,1,0,0,68.11,66.49,226,1,1,1,0.0,0.0,1,0.1073,mobile_ios,paypal,0
ACC_LEGIT_STD_02108,9,0,0,807.31,85.85,264,1,1,1,0.0,0.0,1,0.0007,desktop_chrome,credit_card,0
ACC_LEGIT_STD_01160,2,0,0,162.82,85.67,137,1,1,2,0.0,0.0,0,0.1222,mobile_android,debit_card,0
ACC_LEGIT_NEW_00213,1,0,0,66.15,66.15,9,1,2,1,0.0,0.0,0,0.0446,desktop_chrome,debit_card,0
ACC_LEGIT_NEW_00250,1,1,1,34.46,34.46,41,1,1,1,1.0,1.0,0,0.0728,desktop_chrome,debit_card,0
ACC_RING_013_0081,12,10,9,933.96,77.83,34,4,4,3,0.8333,0.75,4,0.8082,desktop_chrome,virtual_card,1
ACC_RING_006_0074,16,14,13,2595.2,162.2,29,3,4,3,0.875,0.8125,8,0.9727,emulator_bot,crypto_gift_card,1
ACC_WARD_00165,37,23,19,3972.29,109.53,95,2,1,3,0.6216,0.5135,19,0.8019,mobile_android,paypal,1
ACC_LEGIT_STD_00729,18,1,1,950.43,52.71,549,1,2,1,0.0556,0.0556,1,0.0434,desktop_safari,paypal,0
ACC_LEGIT_ACT_00179,26,12,11,1786.85,68.96,503,2,2,1,0.4615,0.4231,4,0.3688,mobile_ios,credit_card,0
ACC_LEGIT_NEW_00020,2,0,0,80.18,40.09,32,1,1,1,0.0,0.0,0,0.1864,mobile_ios,apple_pay,0
ACC_RING_046_0248,11,9,7,1884.96,171.36,22,4,4,8,0.8182,0.6364,6,0.8587,emulator_bot,crypto_gift_card,1
ACC_RING_027_0028,26,20,19,4430.14,170.39,35,4,3,5,0.7692,0.7308,10,0.9195,mobile_android,credit_card,1
ACC_LEGIT_STD_00289,19,1,1,1185.98,65.25,893,2,2,1,0.0526,0.0526,2,0.0411,desktop_safari,credit_card,0
ACC_LEGIT_NEW_00115,1,0,0,15.0,15.0,3,2,1,1,0.0,0.0,0,0.0946,desktop_chrome,debit_card,0
ACC_RING_033_0235,27,18,17,2780.73,102.99,31,4,3,4,0.6667,0.6296,13,0.8318,desktop_chrome,crypto_gift_card,1
ACC_LEGIT_STD_01038,4,0,0,163.95,38.69,221,2,1,3,0.0,0.0,0,0.0829,mobile_android,credit_card,0
ACC_LEGIT_ACT_00788,29,12,10,2486.09,88.88,125,3,1,1,0.4138,0.3448,3,0.2947,mobile_ios,apple_pay,0
ACC_LEGIT_STD_01777,11,1,1,726.17,70.1,490,1,3,1,0.0909,0.0909,0,0.0001,mobile_ios,apple_pay,0
ACC_LEGIT_STD_02619,10,1,1,538.5,52.99,658,1,2,1,0.1,0.1,0,0.0397,mobile_android,credit_card,0
ACC_LEGIT_STD_01724,6,2,1,466.99,79.75,383,2,1,1,0.3333,0.1667,1,0.0008,mobile_ios,credit_card,0
ACC_LEGIT_STD_00487,9,1,1,466.12,55.08,446,1,1,2,0.1111,0.1111,1,0.0085,mobile_android,debit_card,0
ACC_LEGIT_STD_02437,15,0,0,922.65,64.53,763,1,1,1,0.0,0.0,1,0.0126,mobile_android,debit_card,0
ACC_RING_031_0032,24,18,15,2760.96,115.04,8,4,9,3,0.75,0.625,15,0.8833,emulator_bot,virtual_card,1
ACC_LEGIT_STD_02975,7,1,1,533.4,72.32,435,1,2,1,0.1429,0.1429,0,0.3022,desktop_chrome,debit_card,0
ACC_LEGIT_STD_00766,3,0,0,188.72,63.0,207,1,1,2,0.0,0.0,0,0.054,mobile_android,debit_card,0
ACC_LEGIT_STD_01326,6,0,0,461.45,83.28,399,1,1,1,0.0,0.0,0,0.0062,mobile_android,credit_card,0
ACC_LEGIT_STD_02431,10,1,1,818.19,76.12,476,2,2,2,0.1,0.1,0,0.0035,mobile_android,debit_card,0
ACC_WARD_00060,35,26,25,5203.89,149.72,306,2,1,2,0.7429,0.7143,25,0.7295,mobile_ios,paypal,1
ACC_LEGIT_STD_00634,7,0,0,471.18,65.63,270,1,1,2,0.0,0.0,1,0.0951,desktop_chrome,credit_card,0
ACC_LEGIT_STD_02218,10,0,0,599.79,63.09,396,1,1,2,0.0,0.0,1,0.0196,mobile_android,credit_card,0
ACC_LEGIT_NEW_00260,1,0,0,40.88,40.88,25,1,1,1,0.0,0.0,0,0.0543,mobile_ios,debit_card,0
ACC_LEGIT_NEW_00206,1,0,0,27.52,27.52,7,1,2,1,0.0,0.0,0,0.0808,mobile_ios,apple_pay,0
ACC_LEGIT_ACT_00396,23,7,6,2941.12,130.11,849,1,2,2,0.3043,0.2609,6,0.1634,mobile_ios,paypal,0
ACC_LEGIT_STD_01106,6,1,0,733.73,116.69,430,2,1,1,0.1667,0.0,0,0.0185,mobile_android,debit_card,0
ACC_LEGIT_STD_02811,15,1,1,1349.91,87.61,597,2,1,1,0.0667,0.0667,0,0.1018,mobile_ios,apple_pay,0
ACC_LEGIT_ACT_00638,27,8,6,1428.12,55.61,302,1,2,2,0.2963,0.2222,5,0.1393,desktop_chrome,credit_card,0
ACC_RING_047_0249,9,6,5,1229.49,136.61,30,4,4,4,0.6667,0.5556,4,0.9688,mobile_android,credit_card,1
ACC_LEGIT_ACT_00259,20,4,3,895.37,44.59,217,2,2,2,0.2,0.15,5,0.3621,mobile_android,paypal,0
ACC_LEGIT_STD_01875,6,0,0,349.96,62.69,222,1,2,2,0.0,0.0,0,0.0605,mobile_android,credit_card,0
ACC_LEGIT_STD_02169,3,0,0,136.49,48.28,294,1,3,2,0.0,0.0,1,0.1932,mobile_ios,credit_card,0
ACC_LEGIT_STD_02796,3,0,0,227.36,81.05,282,1,2,1,0.0,0.0,1,0.1102,mobile_ios,credit_card,0
ACC_LEGIT_NEW_00069,1,0,0,62.54,62.54,34,1,2,1,0.0,0.0,0,0.2805,mobile_android,debit_card,0
ACC_RING_064_0132,13,11,10,1760.46,135.42,24,4,6,8,0.8462,0.7692,5,0.9628,desktop_chrome,virtual_card,1
ACC_LEGIT_STD_00610,4,0,0,235.39,62.9,355,1,1,2,0.0,0.0,0,0.0587,mobile_ios,credit_card,0
ACC_LEGIT_STD_01812,10,0,0,981.38,96.79,482,2,1,1,0.0,0.0,0,0.0461,mobile_android,credit_card,0
ACC_LEGIT_STD_01638,4,0,0,273.07,70.71,328,1,3,1,0.0,0.0,0,0.0267,mobile_android,credit_card,0
ACC_LEGIT_STD_02042,14,0,0,876.91,62.17,603,1,3,1,0.0,0.0,1,0.0851,mobile_android,credit_card,0
ACC_LEGIT_NEW_00079,2,0,0,85.14,42.57,36,1,1,1,0.0,0.0,0,0.2403,mobile_android,credit_card,0
ACC_LEGIT_ACT_00153,41,12,11,3808.46,91.56,886,2,2,2,0.2927,0.2683,7,0.3107,desktop_chrome,credit_card,0
ACC_LEGIT_STD_01749,13,3,3,449.37,34.81,614,1,3,1,0.2308,0.2308,0,0.0256,mobile_ios,credit_card,0
ACC_SLOW_00018,9,3,2,599.04,66.56,210,1,1,1,0.3333,0.2222,3,0.5083,mobile_ios,debit_card,1
ACC_LEGIT_NEW_00192,3,0,0,130.47,43.49,19,1,2,1,0.0,0.0,0,0.0754,mobile_android,credit_card,0
ACC_LEGIT_STD_02255,13,0,0,954.57,69.17,668,1,2,1,0.0,0.0,2,0.1166,mobile_ios,credit_card,0
ACC_LEGIT_STD_00194,14,0,0,876.68,63.16,610,1,4,2,0.0,0.0,1,0.0961,mobile_ios,debit_card,0
ACC_LEGIT_STD_00538,3,1,1,237.62,80.48,229,2,2,1,0.3333,0.3333,0,0.0396,mobile_android,credit_card,0
ACC_LEGIT_ACT_00053,35,15,13,3928.27,117.6,690,2,3,3,0.4286,0.3714,10,0.3625,mobile_ios,paypal,0
ACC_LEGIT_STD_00744,13,0,0,913.48,71.18,464,1,1,1,0.0,0.0,0,0.0723,mobile_android,credit_card,0
ACC_LEGIT_ACT_00778,35,9,8,3118.78,91.9,283,4,1,2,0.2571,0.2286,8,0.0676,mobile_ios,apple_pay,0
ACC_LEGIT_STD_01573,1,0,0,33.7,31.25,112,1,1,2,0.0,0.0,0,0.1664,desktop_chrome,debit_card,0
ACC_SLOW_00138,21,8,6,2134.86,101.66,88,1,1,2,0.381,0.2857,7,0.5875,mobile_ios,debit_card,1
ACC_LEGIT_STD_01234,6,1,1,436.73,77.43,474,1,2,1,0.1667,0.1667,0,0.1458,mobile_ios,paypal,0
ACC_LEGIT_NEW_00162,2,0,0,117.32,58.66,44,1,1,1,0.0,0.0,0,0.2344,mobile_android,credit_card,0
ACC_LEGIT_STD_01559,7,1,1,452.26,66.74,357,1,1,1,0.1429,0.1429,0,0.1034,mobile_android,credit_card,0
ACC_WARD_00130,51,41,35,11866.28,222.75,234,1,1,4,0.8039,0.6863,34,0.8066,mobile_ios,credit_card,1
ACC_LEGIT_STD_01253,10,1,1,486.88,46.96,244,1,4,1,0.1,0.1,0,0.1199,desktop_chrome,paypal,0
ACC_LEGIT_NEW_00049,2,0,0,56.5,28.25,26,1,2,1,0.0,0.0,0,0.0491,mobile_android,debit_card,0
ACC_WARD_00025,51,38,36,10828.89,212.13,290,2,3,3,0.7451,0.7059,23,0.6515,desktop_chrome,credit_card,1
ACC_LEGIT_ACT_00068,42,13,12,6067.19,139.93,444,2,2,3,0.3095,0.2857,7,0.2593,mobile_android,debit_card,0
ACC_LEGIT_STD_02449,20,3,3,1822.83,86.2,745,2,2,1,0.15,0.15,1,0.0436,desktop_chrome,debit_card,0
ACC_LEGIT_ACT_00757,12,4,3,1136.87,96.39,257,1,3,1,0.3333,0.25,2,0.3056,desktop_chrome,credit_card,0
ACC_LEGIT_STD_02373,11,0,0,588.94,53.97,352,1,2,2,0.0,0.0,1,0.053,mobile_android,apple_pay,0
ACC_LEGIT_ACT_00118,13,2,1,1092.97,82.64,877,1,3,1,0.1538,0.0769,2,0.2741,desktop_chrome,apple_pay,0
ACC_LEGIT_ACT_00491,22,6,5,2316.71,100.52,329,2,1,2,0.2727,0.2273,5,0.2987,mobile_ios,apple_pay,0
ACC_LEGIT_STD_00986,14,2,2,842.92,61.69,495,1,2,1,0.1429,0.1429,1,0.0418,desktop_chrome,apple_pay,0
ACC_LEGIT_STD_00291,9,1,1,534.43,56.69,597,2,1,1,0.1111,0.1111,1,0.0063,mobile_ios,credit_card,0
ACC_LEGIT_STD_02382,4,3,3,265.17,64.76,290,1,1,1,0.75,0.75,0,0.0056,mobile_ios,debit_card,0
ACC_LEGIT_ACT_00789,49,19,17,5397.16,109.65,741,1,1,2,0.3878,0.3469,12,0.1424,desktop_chrome,credit_card,0
ACC_LEGIT_STD_02325,14,0,0,1088.9,78.92,463,1,1,2,0.0,0.0,1,0.0061,mobile_ios,credit_card,0
ACC_LEGIT_STD_01303,13,1,1,930.7,67.62,532,1,2,2,0.0769,0.0769,3,0.0296,mobile_ios,credit_card,0
ACC_LEGIT_STD_00308,10,1,1,605.45,64.02,341,1,1,1,0.1,0.1,0,0.0374,mobile_android,debit_card,0
ACC_LEGIT_STD_02076,5,0,0,237.95,49.72,403,1,1,1,0.0,0.0,1,0.0078,mobile_ios,apple_pay,0
ACC_LEGIT_STD_00607,4,0,0,377.53,90.24,127,1,1,3,0.0,0.0,1,0.0095,desktop_chrome,paypal,0
ACC_LEGIT_STD_02535,19,5,4,2302.26,115.89,683,2,1,2,0.2632,0.2105,1,0.0594,mobile_android,credit_card,0
ACC_LEGIT_STD_02825,28,3,2,2404.85,80.34,1233,1,1,1,0.1071,0.0714,2,0.0677,mobile_ios,paypal,0
ACC_LEGIT_STD_02779,5,1,1,293.61,60.1,299,1,1,1,0.2,0.2,0,0.0381,mobile_ios,credit_card,0
ACC_RING_040_0242,10,8,6,1357.9,135.79,6,4,9,4,0.8,0.6,3,0.857,desktop_chrome,virtual_card,1
ACC_LEGIT_STD_01526,3,0,0,242.38,82.87,139,1,3,2,0.0,0.0,0,0.0011,desktop_chrome,credit_card,0
ACC_LEGIT_NEW_00113,1,1,1,71.08,71.08,21,1,1,1,1.0,1.0,0,0.1282,mobile_ios,debit_card,0
ACC_LEGIT_STD_00898,10,0,0,916.52,88.48,334,2,1,1,0.0,0.0,0,0.0796,mobile_android,credit_card,0
ACC_LEGIT_STD_02840,12,1,1,873.54,71.09,589,1,1,2,0.0833,0.0833,2,0.0176,desktop_chrome,credit_card,0
ACC_WARD_00001,58,50,46,12654.88,221.35,241,1,4,4,0.8621,0.7931,25,0.7096,desktop_chrome,paypal,1
ACC_LEGIT_STD_00196,2,0,0,177.5,88.74,252,1,1,1,0.0,0.0,0,0.0286,mobile_android,credit_card,0
ACC_LEGIT_NEW_00242,1,0,0,15.0,15.0,10,1,2,1,0.0,0.0,0,0.1087,desktop_chrome,apple_pay,0
ACC_LEGIT_STD_01913,8,0,0,506.7,67.76,420,2,2,3,0.0,0.0,0,0.08,desktop_chrome,credit_card,0
ACC_LEGIT_STD_02842,6,0,0,92.21,15.0,212,1,1,1,0.0,0.0,0,0.1629,mobile_ios,credit_card,0
ACC_LEGIT_STD_01783,2,0,0,49.41,25.31,212,1,2,1,0.0,0.0,0,0.0004,mobile_ios,credit_card,0
ACC_LEGIT_ACT_00345,39,16,15,1941.58,50.76,262,2,2,3,0.4103,0.3846,7,0.2323,desktop_chrome,credit_card,0
ACC_LEGIT_ACT_00058,37,8,6,4401.3,113.99,821,1,2,1,0.2162,0.1622,8,0.5424,mobile_android,credit_card,0
ACC_LEGIT_STD_02749,4,0,0,224.85,54.79,251,1,1,1,0.0,0.0,0,0.059,mobile_android,credit_card,0
ACC_LEGIT_STD_02361,9,0,0,125.15,15.01,549,2,1,2,0.0,0.0,0,0.0093,mobile_ios,credit_card,0
ACC_LEGIT_STD_02731,8,0,0,417.85,53.67,301,1,1,1,0.0,0.0,0,0.1879,mobile_ios,debit_card,0
ACC_LEGIT_ACT_00564,24,7,5,2429.96,100.01,698,2,5,1,0.2917,0.2083,5,0.2868,mobile_ios,paypal,0
ACC_LEGIT_STD_01001,3,0,0,205.48,64.88,220,1,1,1,0.0,0.0,0,0.0611,mobile_android,credit_card,0
ACC_LEGIT_STD_00861,1,0,0,75.95,76.98,192,1,2,3,0.0,0.0,0,0.0568,mobile_ios,debit_card,0
ACC_LEGIT_STD_00062,10,0,0,672.6,64.7,453,1,1,2,0.0,0.0,0,0.1028,mobile_ios,credit_card,0
ACC_LEGIT_STD_01672,25,2,1,991.5,41.27,658,1,2,2,0.08,0.04,2,0.0625,mobile_ios,credit_card,0
ACC_LEGIT_STD_01557,7,0,0,605.38,87.95,303,1,1,1,0.0,0.0,0,0.0088,mobile_ios,credit_card,0
ACC_LEGIT_STD_01519,5,1,1,447.26,83.42,436,1,4,1,0.2,0.2,0,0.0813,mobile_android,apple_pay,0
ACC_LEGIT_STD_00244,4,0,0,229.31,61.7,294,1,1,1,0.0,0.0,0,0.0344,mobile_ios,credit_card,0
ACC_LEGIT_STD_02461,10,1,1,307.16,30.83,435,1,1,1,0.1,0.1,1,0.1483,mobile_android,debit_card,0
ACC_LEGIT_STD_00447,18,1,1,1164.66,62.83,638,1,1,1,0.0556,0.0556,1,0.0512,mobile_ios,apple_pay,0
ACC_WARD_00143,43,36,30,7492.85,169.28,262,2,4,2,0.8372,0.6977,23,0.6173,mobile_ios,paypal,1
ACC_LEGIT_STD_01186,10,1,1,632.93,64.5,406,1,1,1,0.1,0.1,0,0.1013,mobile_android,debit_card,0
ACC_LEGIT_STD_01658,6,0,0,408.82,65.01,280,1,3,1,0.0,0.0,0,0.0645,mobile_android,credit_card,0
ACC_RING_018_0019,22,18,16,1331.0,60.5,26,5,9,4,0.8182,0.7273,15,0.8955,emulator_bot,virtual_card,1
ACC_LEGIT_STD_02533,7,0,0,442.06,58.84,348,1,1,2,0.0,0.0,0,0.001,mobile_android,credit_card,0
ACC_LEGIT_STD_00554,3,0,0,241.88,80.63,165,1,1,1,0.0,0.0,0,0.0277,mobile_android,debit_card,0
ACC_LEGIT_STD_00081,5,0,0,204.76,37.99,175,1,1,1,0.0,0.0,0,0.106,mobile_android,paypal,0
ACC_LEGIT_ACT_00782,18,5,4,1136.8,66.3,233,1,3,1,0.2778,0.2222,3,0.3052,desktop_chrome,debit_card,0
ACC_LEGIT_ACT_00420,44,11,10,2493.18,57.01,416,2,2,1,0.25,0.2273,11,0.1827,mobile_ios,debit_card,0
ACC_LEGIT_STD_00958,1,0,0,87.91,94.93,220,2,3,1,0.0,0.0,1,0.0926,desktop_chrome,credit_card,0
ACC_LEGIT_STD_01297,3,0,0,173.15,54.79,178,1,1,1,0.0,0.0,0,0.0167,mobile_android,credit_card,0
ACC_LEGIT_STD_00070,15,1,1,876.51,60.0,460,1,1,1,0.0667,0.0667,1,0.0674,desktop_chrome,credit_card,0
ACC_LEGIT_NEW_00004,2,0,0,63.22,31.61,32,1,2,1,0.0,0.0,0,0.284,mobile_ios,apple_pay,0
ACC_LEGIT_STD_02286,2,0,0,115.69,57.03,192,1,1,2,0.0,0.0,0,0.0135,mobile_ios,credit_card,0
ACC_LEGIT_ACT_00311,41,8,7,4988.92,127.98,858,2,3,2,0.1951,0.1707,10,0.1496,mobile_ios,debit_card,0
ACC_LEGIT_ACT_00326,46,17,15,5842.65,122.38,110,1,1,2,0.3696,0.3261,10,0.199,desktop_chrome,credit_card,0
ACC_LEGIT_STD_01920,5,2,0,309.39,62.04,440,2,1,1,0.4,0.0,0,0.0003,mobile_android,credit_card,0
ACC_LEGIT_STD_02510,4,0,0,327.62,82.79,152,1,1,1,0.0,0.0,0,0.0163,mobile_android,credit_card,0
ACC_LEGIT_ACT_00633,33,7,6,3410.89,98.72,654,2,1,1,0.2121,0.1818,8,0.2616,mobile_ios,credit_card,0
ACC_LEGIT_STD_02177,2,0,0,144.69,75.43,260,1,1,1,0.0,0.0,0,0.1107,mobile_android,credit_card,0
ACC_LEGIT_STD_00804,7,0,0,658.52,90.59,242,2,2,1,0.0,0.0,0,0.0197,mobile_android,credit_card,0
ACC_LEGIT_STD_01536,15,2,1,824.9,58.82,941,1,1,1,0.1333,0.0667,0,0.0093,desktop_safari,apple_pay,0
ACC_LEGIT_STD_01987,13,0,0,619.51,51.24,767,1,1,3,0.0,0.0,1,0.0389,mobile_android,credit_card,0
ACC_LEGIT_STD_02251,3,2,2,266.69,92.0,197,1,1,1,0.6667,0.6667,1,0.0343,desktop_safari,debit_card,0
ACC_LEGIT_STD_01543,8,0,0,495.2,61.22,346,1,2,1,0.0,0.0,3,0.0131,mobile_android,debit_card,0
ACC_RING_009_0278,6,4,3,860.22,143.37,32,4,6,8,0.6667,0.5,2,0.9073,emulator_bot,virtual_card,1
ACC_LEGIT_ACT_00336,47,13,10,3399.59,69.8,393,1,2,1,0.2766,0.2128,15,0.1885,mobile_ios,credit_card,0
ACC_LEGIT_STD_02030,7,0,0,230.96,34.27,357,1,1,1,0.0,0.0,0,0.0262,mobile_ios,apple_pay,0
ACC_LEGIT_STD_00670,8,0,0,592.6,69.24,338,1,2,1,0.0,0.0,0,0.0624,mobile_ios,credit_card,0
ACC_LEGIT_ACT_00458,36,11,10,3794.44,101.35,156,2,2,1,0.3056,0.2778,8,0.1655,mobile_ios,paypal,0
ACC_LEGIT_STD_02568,8,0,0,693.6,88.26,404,1,1,2,0.0,0.0,0,0.041,desktop_chrome,debit_card,0
ACC_LEGIT_STD_01273,11,1,0,871.38,76.74,474,1,1,3,0.0909,0.0,2,0.0555,mobile_android,credit_card,0
ACC_LEGIT_STD_01046,6,1,1,147.91,26.72,296,1,1,1,0.1667,0.1667,0,0.0036,mobile_ios,debit_card,0
ACC_LEGIT_STD_00236,5,1,0,73.96,15.0,479,1,1,1,0.2,0.0,0,0.0507,mobile_ios,paypal,0
ACC_LEGIT_NEW_00092,1,0,0,64.22,64.22,38,1,1,1,0.0,0.0,0,0.0535,mobile_ios,credit_card,0
ACC_RING_022_0023,10,7,5,618.7,61.87,12,7,4,4,0.7,0.5,6,0.8591,emulator_bot,credit_card,1
ACC_LEGIT_STD_00667,6,2,2,266.19,43.96,273,1,2,1,0.3333,0.3333,0,0.0641,mobile_android,debit_card,0
ACC_RING_057_0058,10,9,7,980.7,98.07,3,5,3,3,0.9,0.7,5,0.8231,emulator_bot,virtual_card,1
ACC_LEGIT_ACT_00262,52,16,13,3433.38,64.12,667,2,1,1,0.3077,0.25,9,0.2092,mobile_ios,credit_card,0
ACC_LEGIT_STD_00987,9,0,0,726.41,74.97,519,3,1,1,0.0,0.0,0,0.1677,mobile_android,apple_pay,0
ACC_LEGIT_ACT_00722,12,5,4,848.01,67.39,458,1,2,2,0.4167,0.3333,3,0.1888,mobile_ios,credit_card,0
ACC_LEGIT_STD_01968,11,0,0,482.53,40.74,558,1,1,1,0.0,0.0,1,0.1039,mobile_ios,credit_card,0
ACC_LEGIT_STD_01286,13,0,0,908.36,65.7,621,1,1,1,0.0,0.0,1,0.0591,mobile_android,credit_card,0
ACC_LEGIT_STD_01304,19,3,3,453.87,24.24,900,2,1,1,0.1579,0.1579,1,0.0148,desktop_chrome,credit_card,0
ACC_LEGIT_STD_01487,7,0,0,460.31,62.74,296,1,1,1,0.0,0.0,0,0.024,desktop_safari,paypal,0
ACC_LEGIT_STD_01392,2,0,0,79.22,39.26,204,1,2,1,0.0,0.0,0,0.0013,mobile_ios,paypal,0
ACC_RING_026_0161,9,8,7,1346.13,149.57,8,4,3,4,0.8889,0.7778,5,0.8032,desktop_chrome,virtual_card,1
ACC_LEGIT_ACT_00836,53,25,23,4484.36,87.02,829,3,2,2,0.4717,0.434,8,0.102,mobile_ios,credit_card,0
ACC_SLOW_00027,20,10,8,1096.0,54.8,170,3,1,2,0.5,0.4,7,0.6277,mobile_ios,credit_card,1
ACC_LEGIT_STD_01172,10,0,0,937.67,87.56,668,3,1,1,0.0,0.0,1,0.0977,mobile_ios,debit_card,0
ACC_LEGIT_STD_02838,2,0,0,139.51,71.82,88,2,2,1,0.0,0.0,0,0.1767,mobile_android,credit_card,0
ACC_SLOW_00050,20,7,5,1518.6,75.93,46,2,2,1,0.35,0.25,4,0.3658,mobile_ios,credit_card,1
ACC_LEGIT_ACT_00071,48,15,12,3013.98,64.49,303,3,3,1,0.3125,0.25,7,0.1519,mobile_ios,paypal,0
ACC_LEGIT_STD_00179,9,0,0,494.73,55.25,353,1,2,1,0.0,0.0,0,0.0452,mobile_ios,credit_card,0
ACC_LEGIT_STD_02874,4,0,0,272.48,67.0,216,1,1,1,0.0,0.0,0,0.0132,mobile_android,debit_card,0
ACC_LEGIT_STD_01440,5,0,0,266.93,53.89,186,2,2,2,0.0,0.0,0,0.0334,mobile_ios,credit_card,0
ACC_LEGIT_STD_00586,4,0,0,222.34,58.37,166,1,1,2,0.0,0.0,0,0.0046,mobile_android,credit_card,0
ACC_LEGIT_NEW_00201,2,0,0,95.22,47.61,3,1,1,1,0.0,0.0,0,0.1035,mobile_android,debit_card,0
ACC_LEGIT_STD_00780,16,3,2,235.6,15.0,586,1,2,2,0.1875,0.125,0,0.014,mobile_android,debit_card,0
ACC_LEGIT_ACT_00505,30,8,7,2005.23,64.0,344,2,3,2,0.2667,0.2333,8,0.0785,mobile_ios,debit_card,0
ACC_LEGIT_STD_02052,3,0,0,159.88,55.92,167,1,2,1,0.0,0.0,1,0.0211,mobile_android,credit_card,0
ACC_LEGIT_STD_01517,16,0,0,1290.69,79.53,998,1,1,2,0.0,0.0,1,0.0168,mobile_ios,credit_card,0
ACC_LEGIT_STD_01293,10,1,1,632.43,58.76,334,1,1,2,0.1,0.1,1,0.1624,mobile_ios,credit_card,0
ACC_LEGIT_STD_00265,21,2,2,1840.4,87.16,867,1,2,1,0.0952,0.0952,1,0.018,mobile_android,credit_card,0
ACC_RING_036_0104,27,25,23,3666.33,135.79,12,3,4,3,0.9259,0.8519,17,0.7968,mobile_android,virtual_card,1
ACC_LEGIT_STD_01570,12,0,0,489.23,39.98,464,1,1,2,0.0,0.0,2,0.0135,mobile_ios,paypal,0
ACC_LEGIT_STD_02848,8,1,1,509.19,60.93,286,3,1,1,0.125,0.125,0,0.0357,mobile_android,paypal,0
ACC_LEGIT_STD_02860,6,1,1,427.07,73.92,511,1,2,2,0.1667,0.1667,2,0.1485,mobile_ios,debit_card,0
ACC_RING_038_0106,10,7,5,636.5,63.65,21,5,4,3,0.7,0.5,6,0.9756,mobile_android,virtual_card,1
ACC_LEGIT_STD_00015,10,0,0,740.17,74.11,511,1,1,2,0.0,0.0,1,0.1423,mobile_ios,credit_card,0
ACC_LEGIT_ACT_00824,25,7,6,3338.01,127.59,224,1,3,2,0.28,0.24,3,0.1338,mobile_ios,debit_card,0
ACC_LEGIT_STD_01815,16,2,2,856.54,56.82,749,1,1,2,0.125,0.125,0,0.1005,mobile_ios,credit_card,0
ACC_LEGIT_STD_00800,3,0,0,276.41,85.41,246,1,3,1,0.0,0.0,1,0.0069,mobile_android,credit_card,0
ACC_LEGIT_ACT_00476,19,6,5,1259.93,64.17,532,1,3,2,0.3158,0.2632,4,0.3327,mobile_ios,credit_card,0
ACC_LEGIT_STD_00368,6,0,0,96.73,16.81,469,1,3,1,0.0,0.0,0,0.0212,mobile_ios,credit_card,0
ACC_LEGIT_STD_02726,2,0,0,93.95,51.02,284,1,3,1,0.0,0.0,1,0.0653,mobile_ios,credit_card,0
ACC_LEGIT_ACT_00044,36,8,7,2747.87,78.21,435,2,1,1,0.2222,0.1944,8,0.5567,mobile_ios,debit_card,0
ACC_LEGIT_STD_02636,9,0,0,711.07,75.57,386,1,3,2,0.0,0.0,0,0.124,desktop_chrome,credit_card,0
ACC_LEGIT_STD_01606,4,0,0,224.47,53.58,257,1,2,3,0.0,0.0,0,0.124,mobile_android,credit_card,0
ACC_LEGIT_STD_01937,10,0,0,690.96,72.99,655,1,1,3,0.0,0.0,1,0.2408,desktop_safari,credit_card,0
ACC_WARD_00055,34,28,27,5243.47,161.75,217,1,2,1,0.8235,0.7941,26,0.6882,desktop_chrome,credit_card,1
ACC_LEGIT_NEW_00105,4,0,0,265.52,66.38,7,1,1,1,0.0,0.0,0,0.1646,desktop_chrome,debit_card,0
ACC_LEGIT_STD_00743,7,1,1,168.19,25.3,342,1,2,1,0.1429,0.1429,1,0.0376,mobile_ios,debit_card,0
ACC_LEGIT_STD_02254,26,1,1,870.03,33.87,797,2,1,1,0.0385,0.0385,5,0.1735,mobile_android,credit_card,0
ACC_LEGIT_STD_01549,14,0,0,641.55,47.24,837,1,3,1,0.0,0.0,0,0.0023,mobile_android,debit_card,0
ACC_LEGIT_STD_02732,1,0,0,84.28,86.22,125,1,2,1,0.0,0.0,0,0.0037,mobile_ios,apple_pay,0
ACC_LEGIT_STD_00560,10,0,0,506.87,53.04,399,2,1,1,0.0,0.0,0,0.2227,desktop_safari,credit_card,0
ACC_WARD_00032,59,50,46,8646.85,140.48,333,1,3,1,0.8475,0.7797,37,0.6727,desktop_chrome,paypal,1
ACC_LEGIT_NEW_00353,2,0,0,165.06,82.53,10,2,1,1,0.0,0.0,0,0.1665,mobile_ios,credit_card,0
ACC_LEGIT_STD_00290,10,0,0,510.43,54.3,657,1,1,1,0.0,0.0,0,0.05,desktop_chrome,credit_card,0
ACC_LEGIT_NEW_00146,4,0,0,323.56,80.89,36,1,2,1,0.0,0.0,0,0.2569,mobile_ios,credit_card,0
ACC_LEGIT_STD_01338,8,0,0,716.32,87.64,562,1,1,2,0.0,0.0,1,0.0683,mobile_android,credit_card,0
ACC_LEGIT_STD_00614,9,3,3,595.9,67.21,499,1,1,2,0.3333,0.3333,1,0.071,mobile_android,credit_card,0
ACC_LEGIT_STD_00853,6,0,0,333.18,57.84,343,2,1,1,0.0,0.0,0,0.0737,desktop_chrome,debit_card,0
ACC_LEGIT_STD_02794,8,0,0,670.27,82.16,346,1,2,1,0.0,0.0,0,0.1166,mobile_ios,credit_card,0
ACC_LEGIT_STD_01175,7,1,1,704.6,95.12,343,1,1,1,0.1429,0.1429,0,0.0481,mobile_android,credit_card,0
ACC_LEGIT_ACT_00328,42,12,9,4947.89,114.38,65,2,1,2,0.2857,0.2143,9,0.4323,mobile_ios,paypal,0
ACC_RING_003_0272,23,21,17,3834.1,166.7,27,4,3,5,0.913,0.7391,13,0.7437,desktop_chrome,virtual_card,1
ACC_LEGIT_STD_01212,17,4,3,645.09,40.8,567,1,1,1,0.2353,0.1765,4,0.0081,mobile_ios,credit_card,0
ACC_WARD_00259,50,40,38,10567.57,219.93,341,3,1,3,0.8,0.76,28,0.7084,mobile_ios,virtual_card,1
ACC_WARD_00051,38,28,24,6833.01,187.19,207,2,2,1,0.7368,0.6316,16,0.7657,mobile_android,virtual_card,1
ACC_WARD_00182,18,11,9,2298.91,129.45,168,3,3,3,0.6111,0.5,11,0.5932,desktop_chrome,credit_card,1
ACC_LEGIT_STD_00162,11,0,0,727.88,66.24,732,1,1,1,0.0,0.0,0,0.1172,mobile_ios,credit_card,0
ACC_LEGIT_STD_01730,2,0,0,46.58,24.86,209,1,1,1,0.0,0.0,0,0.0843,desktop_chrome,credit_card,0
ACC_WARD_00250,33,28,24,5911.05,186.16,177,2,2,2,0.8485,0.7273,24,0.5643,mobile_ios,paypal,1
ACC_LEGIT_STD_00425,10,1,1,510.85,47.39,490,1,1,1,0.1,0.1,0,0.0327,mobile_ios,credit_card,0
ACC_LEGIT_STD_02474,7,0,0,589.24,78.05,297,2,1,1,0.0,0.0,0,0.0053,mobile_ios,credit_card,0
ACC_LEGIT_ACT_00763,18,7,5,1759.4,101.52,186,1,1,2,0.3889,0.2778,3,0.3761,mobile_ios,paypal,0
ACC_LEGIT_STD_00284,13,1,1,1319.09,97.57,338,1,1,1,0.0769,0.0769,1,0.0133,mobile_ios,paypal,0
ACC_SLOW_00124,8,3,2,869.44,108.68,195,1,2,1,0.375,0.25,2,0.3216,mobile_ios,debit_card,1
ACC_LEGIT_STD_01386,6,0,0,212.75,33.02,377,1,3,1,0.0,0.0,0,0.1115,mobile_ios,paypal,0
ACC_RING_013_0148,6,4,3,830.94,138.49,18,5,3,5,0.6667,0.5,4,0.8774,desktop_chrome,virtual_card,1
ACC_LEGIT_STD_01681,5,0,0,485.41,104.56,217,1,1,1,0.0,0.0,1,0.0103,mobile_android,debit_card,0
ACC_LEGIT_STD_00828,20,0,0,857.03,46.25,631,1,1,1,0.0,0.0,2,0.0101,mobile_ios,debit_card,0
ACC_LEGIT_STD_01965,3,0,0,146.07,46.78,187,1,1,1,0.0,0.0,0,0.0472,mobile_ios,credit_card,0
ACC_LEGIT_STD_01147,2,0,0,176.56,84.97,140,1,3,1,0.0,0.0,0,0.0437,mobile_ios,credit_card,0
ACC_WARD_00038,41,30,25,8832.85,216.48,55,3,2,1,0.7317,0.6098,16,0.6313,desktop_chrome,paypal,1
ACC_LEGIT_STD_00537,11,2,2,733.04,64.61,835,1,3,2,0.1818,0.1818,0,0.1219,mobile_ios,credit_card,0
ACC_LEGIT_STD_02195,13,2,2,716.53,53.36,587,1,4,2,0.1538,0.1538,3,0.1517,mobile_android,debit_card,0
ACC_SLOW_00038,15,8,6,691.05,46.07,163,1,1,1,0.5333,0.4,5,0.4612,mobile_ios,paypal,1
ACC_LEGIT_STD_00799,19,2,2,1155.9,58.05,566,2,2,1,0.1053,0.1053,0,0.0573,mobile_ios,credit_card,0
ACC_LEGIT_STD_01337,7,0,0,505.82,72.87,405,1,1,1,0.0,0.0,0,0.0918,mobile_android,credit_card,0
ACC_LEGIT_STD_02135,14,2,2,822.47,60.35,437,1,1,2,0.1429,0.1429,0,0.1115,desktop_chrome,credit_card,0
ACC_LEGIT_STD_01125,3,0,0,184.32,58.09,253,1,1,1,0.0,0.0,0,0.0186,desktop_chrome,credit_card,0
ACC_LEGIT_STD_00820,7,0,0,296.56,43.16,365,1,1,1,0.0,0.0,0,0.1346,mobile_android,paypal,0
ACC_LEGIT_STD_02937,2,1,1,130.93,64.73,218,1,1,1,0.5,0.5,0,0.0719,mobile_ios,credit_card,0
ACC_SLOW_00048,9,4,3,501.3,55.7,214,3,2,2,0.4444,0.3333,3,0.5619,mobile_android,debit_card,1
ACC_LEGIT_NEW_00207,3,0,0,199.95,66.65,15,1,1,1,0.0,0.0,0,0.1769,mobile_ios,credit_card,0
ACC_LEGIT_STD_01627,2,0,0,128.87,67.81,169,1,2,2,0.0,0.0,0,0.0258,mobile_ios,credit_card,0
ACC_LEGIT_STD_00626,9,0,0,456.24,51.22,275,1,1,1,0.0,0.0,1,0.023,mobile_android,apple_pay,0
ACC_RING_046_0181,10,9,7,2136.3,213.63,20,4,6,4,0.9,0.7,3,0.8401,desktop_chrome,virtual_card,1
ACC_LEGIT_NEW_00087,3,0,0,190.98,63.66,20,1,1,1,0.0,0.0,0,0.2631,mobile_android,credit_card,0
ACC_LEGIT_STD_02492,3,0,0,215.24,77.38,215,2,1,2,0.0,0.0,1,0.0118,mobile_ios,debit_card,0
ACC_LEGIT_STD_02856,18,2,2,1418.99,76.68,1039,1,1,2,0.1111,0.1111,0,0.0454,desktop_safari,credit_card,0
ACC_LEGIT_STD_00638,11,0,0,684.5,61.53,641,1,1,1,0.0,0.0,0,0.0289,mobile_ios,paypal,0
ACC_LEGIT_STD_01999,8,0,0,365.39,46.66,333,1,2,1,0.0,0.0,0,0.0002,mobile_ios,credit_card,0
ACC_LEGIT_STD_01335,9,0,0,767.05,79.6,337,1,1,1,0.0,0.0,0,0.0209,mobile_android,credit_card,0
ACC_LEGIT_ACT_00076,39,13,11,4167.31,104.22,288,4,3,1,0.3333,0.2821,12,0.291,mobile_ios,paypal,0
ACC_LEGIT_NEW_00398,2,0,0,97.56,48.78,12,2,1,1,0.0,0.0,0,0.0464,mobile_ios,debit_card,0
ACC_LEGIT_STD_00061,6,0,0,592.67,96.65,647,2,1,2,0.0,0.0,0,0.0593,mobile_android,credit_card,0
ACC_LEGIT_STD_01486,6,0,0,303.39,47.74,260,1,1,1,0.0,0.0,0,0.0765,desktop_chrome,credit_card,0
ACC_LEGIT_NEW_00317,2,0,0,166.14,83.07,25,2,1,1,0.0,0.0,0,0.0839,mobile_android,debit_card,0
ACC_LEGIT_STD_02008,4,0,0,577.3,136.92,235,1,3,1,0.0,0.0,0,0.0144,mobile_ios,credit_card,0
ACC_LEGIT_STD_02175,8,1,0,475.14,62.56,538,1,1,1,0.125,0.0,0,0.0172,mobile_android,credit_card,0
ACC_LEGIT_STD_02532,7,0,0,441.63,66.38,473,1,1,1,0.0,0.0,0,0.0937,mobile_ios,debit_card,0
ACC_RING_050_0051,24,18,14,4339.2,180.8,7,5,4,5,0.75,0.5833,15,0.9186,emulator_bot,virtual_card,1
ACC_LEGIT_NEW_00243,3,0,0,223.95,74.65,19,1,1,1,0.0,0.0,0,0.1925,mobile_android,credit_card,0
ACC_LEGIT_STD_02630,14,2,1,1175.14,78.91,645,1,1,1,0.1429,0.0714,2,0.0035,mobile_android,apple_pay,0
ACC_LEGIT_STD_00163,7,0,0,251.46,35.95,335,1,1,1,0.0,0.0,1,0.0456,mobile_android,credit_card,0
ACC_LEGIT_STD_00382,4,0,0,232.09,59.04,277,1,1,2,0.0,0.0,0,0.0626,mobile_ios,debit_card,0
ACC_WARD_00011,59,39,38,9655.79,160.91,272,2,3,2,0.661,0.6441,26,0.6144,desktop_chrome,virtual_card,1
ACC_LEGIT_STD_02078,1,0,0,64.86,65.63,317,1,1,1,0.0,0.0,1,0.0398,mobile_android,apple_pay,0
ACC_LEGIT_STD_01198,6,1,1,471.5,77.14,345,1,2,2,0.1667,0.1667,0,0.047,mobile_android,debit_card,0
ACC_LEGIT_STD_02148,5,0,0,372.52,74.12,360,1,2,1,0.0,0.0,0,0.1498,mobile_android,credit_card,0
ACC_LEGIT_STD_02824,6,0,0,593.75,93.4,376,1,1,1,0.0,0.0,0,0.1034,mobile_android,debit_card,0
ACC_LEGIT_STD_02670,6,0,0,462.3,71.45,465,1,1,1,0.0,0.0,2,0.0159,mobile_android,credit_card,0
ACC_LEGIT_STD_01411,6,0,0,476.7,75.06,302,2,1,1,0.0,0.0,0,0.2333,mobile_android,credit_card,0
ACC_WARD_00157,46,33,32,8213.24,177.86,120,2,1,2,0.7174,0.6957,33,0.6957,desktop_chrome,credit_card,1
ACC_LEGIT_STD_01034,6,0,0,262.3,44.02,208,1,1,1,0.0,0.0,0,0.0075,desktop_chrome,debit_card,0
ACC_LEGIT_STD_00208,6,0,0,90.8,15.0,266,1,1,2,0.0,0.0,0,0.0241,mobile_android,apple_pay,0
ACC_LEGIT_NEW_00418,1,0,0,47.76,47.76,44,1,2,1,0.0,0.0,0,0.2455,mobile_ios,credit_card,0
ACC_LEGIT_STD_00701,4,2,2,84.82,21.36,247,1,1,1,0.5,0.5,1,0.0183,mobile_android,credit_card,0
ACC_LEGIT_STD_02198,6,0,0,394.03,63.29,276,1,1,1,0.0,0.0,0,0.0118,desktop_safari,credit_card,0
ACC_LEGIT_STD_00068,25,4,4,1985.78,77.7,1316,2,1,1,0.16,0.16,0,0.1437,desktop_chrome,debit_card,0
ACC_LEGIT_STD_00326,4,0,0,58.13,15.0,299,1,1,1,0.0,0.0,0,0.0375,mobile_ios,apple_pay,0
ACC_LEGIT_STD_01949,2,0,0,69.76,33.62,241,1,1,1,0.0,0.0,0,0.0191,mobile_ios,apple_pay,0
ACC_LEGIT_STD_00317,3,0,0,152.66,54.88,75,1,1,2,0.0,0.0,1,0.0452,mobile_android,credit_card,0
ACC_LEGIT_STD_00279,10,0,0,155.35,15.0,350,1,2,2,0.0,0.0,0,0.0864,mobile_android,debit_card,0
ACC_LEGIT_STD_01985,2,0,0,114.02,57.73,157,1,1,1,0.0,0.0,0,0.0598,desktop_chrome,debit_card,0
ACC_LEGIT_STD_02233,9,0,0,563.87,58.69,317,1,1,1,0.0,0.0,0,0.0701,mobile_android,credit_card,0
ACC_LEGIT_STD_01278,1,0,0,68.58,65.83,280,1,2,2,0.0,0.0,0,0.1064,mobile_android,debit_card,0
ACC_LEGIT_STD_00004,3,0,0,184.92,65.27,264,1,1,3,0.0,0.0,0,0.0809,desktop_safari,debit_card,0
ACC_SLOW_00017,19,8,6,1605.5,84.5,173,2,1,2,0.4211,0.3158,6,0.587,mobile_ios,virtual_card,1
ACC_LEGIT_NEW_00323,4,0,0,224.68,56.17,17,1,1,1,0.0,0.0,0,0.1208,mobile_ios,credit_card,0
ACC_LEGIT_STD_01127,18,1,1,806.35,46.91,627,1,3,1,0.0556,0.0556,5,0.002,mobile_android,debit_card,0
ACC_LEGIT_ACT_00520,32,10,9,4545.94,136.04,334,2,1,1,0.3125,0.2812,6,0.2406,mobile_ios,apple_pay,0
ACC_LEGIT_ACT_00645,32,8,6,1975.26,61.16,568,2,2,2,0.25,0.1875,9,0.1855,mobile_android,apple_pay,0
ACC_LEGIT_STD_01311,20,3,2,2213.81,110.29,1202,2,1,1,0.15,0.1,2,0.1691,desktop_safari,paypal,0
ACC_LEGIT_STD_02819,4,0,0,317.91,75.2,221,1,1,1,0.0,0.0,1,0.0285,mobile_ios,credit_card,0
ACC_LEGIT_NEW_00288,3,0,0,134.91,44.97,25,1,1,1,0.0,0.0,0,0.2444,mobile_android,debit_card,0
ACC_LEGIT_STD_02156,5,0,0,358.27,70.65,353,1,2,1,0.0,0.0,0,0.0357,mobile_ios,credit_card,0
ACC_WARD_00089,35,28,26,4971.8,135.49,216,1,2,2,0.8,0.7429,24,0.7899,mobile_android,credit_card,1
ACC_LEGIT_ACT_00092,46,17,15,2762.42,62.07,848,2,5,1,0.3696,0.3261,11,0.2719,mobile_ios,paypal,0
ACC_WARD_00124,52,33,30,4155.06,80.64,212,2,2,2,0.6346,0.5769,39,0.5349,mobile_ios,paypal,1
ACC_LEGIT_STD_00413,7,0,0,507.29,74.72,355,1,1,2,0.0,0.0,1,0.1723,desktop_chrome,apple_pay,0
ACC_LEGIT_STD_01417,6,0,0,643.49,99.95,370,1,1,1,0.0,0.0,1,0.0694,desktop_chrome,credit_card,0
ACC_LEGIT_STD_01227,27,3,2,1136.1,44.08,1153,1,1,2,0.1111,0.0741,2,0.1162,mobile_ios,apple_pay,0
ACC_LEGIT_STD_01859,6,0,0,378.14,63.32,281,1,2,1,0.0,0.0,0,0.0268,mobile_android,credit_card,0
ACC_LEGIT_STD_01405,7,0,0,454.76,66.99,601,1,2,1,0.0,0.0,0,0.0089,mobile_ios,credit_card,0
ACC_LEGIT_STD_00400,11,0,0,402.0,38.13,632,1,1,1,0.0,0.0,3,0.0014,mobile_android,credit_card,0
ACC_LEGIT_STD_01284,14,0,0,1232.75,85.94,345,1,1,2,0.0,0.0,0,0.0828,mobile_android,credit_card,0
ACC_LEGIT_STD_00955,4,0,0,225.08,58.71,258,1,1,1,0.0,0.0,0,0.0839,desktop_safari,credit_card,0
ACC_LEGIT_STD_00946,11,0,0,341.3,30.45,367,1,1,1,0.0,0.0,2,0.1139,mobile_android,credit_card,0
ACC_LEGIT_STD_00642,7,0,0,306.36,46.37,453,1,1,1,0.0,0.0,2,0.115,mobile_android,credit_card,0
ACC_LEGIT_STD_00166,6,0,0,281.24,50.07,201,1,2,2,0.0,0.0,0,0.0632,mobile_ios,apple_pay,0
ACC_LEGIT_STD_02360,18,1,1,1271.94,75.23,661,2,2,1,0.0556,0.0556,1,0.0762,mobile_ios,debit_card,0
ACC_LEGIT_ACT_00065,33,15,13,3765.41,110.65,826,2,3,1,0.4545,0.3939,6,0.0886,mobile_android,credit_card,0
ACC_LEGIT_STD_01608,17,1,1,1099.08,65.14,735,3,1,1,0.0588,0.0588,1,0.0527,mobile_ios,debit_card,0
ACC_LEGIT_NEW_00198,2,0,0,105.7,52.85,14,1,1,1,0.0,0.0,0,0.2008,mobile_ios,debit_card,0
ACC_LEGIT_STD_00358,12,1,1,731.01,65.77,608,1,1,1,0.0833,0.0833,0,0.0572,mobile_android,debit_card,0
ACC_LEGIT_STD_02522,11,0,0,748.62,66.51,494,1,2,1,0.0,0.0,2,0.0205,mobile_ios,paypal,0
ACC_LEGIT_ACT_00030,22,4,3,4239.7,188.37,658,2,1,3,0.1818,0.1364,4,0.0987,desktop_chrome,credit_card,0
ACC_LEGIT_STD_01617,3,0,0,329.61,103.55,387,2,2,1,0.0,0.0,0,0.0805,mobile_ios,credit_card,0
ACC_LEGIT_STD_02693,8,1,0,780.33,93.84,577,1,1,3,0.125,0.0,0,0.0711,desktop_chrome,debit_card,0
ACC_SLOW_00049,14,7,6,1263.36,90.24,210,3,1,2,0.5,0.4286,5,0.6071,desktop_chrome,credit_card,1
ACC_LEGIT_STD_00254,17,2,2,1450.84,87.57,550,3,1,1,0.1176,0.1176,1,0.0526,mobile_android,credit_card,0
ACC_LEGIT_NEW_00163,1,0,0,76.0,76.0,26,2,2,1,0.0,0.0,0,0.1453,mobile_android,debit_card,0
ACC_LEGIT_NEW_00116,1,0,0,50.41,50.41,24,1,1,1,0.0,0.0,0,0.1822,mobile_android,debit_card,0
ACC_LEGIT_STD_02528,15,1,1,1458.56,103.34,407,1,1,1,0.0667,0.0667,2,0.2901,mobile_android,apple_pay,0
ACC_LEGIT_STD_00484,15,1,1,846.87,59.78,825,1,3,1,0.0667,0.0667,1,0.0267,mobile_android,credit_card,0
ACC_LEGIT_NEW_00046,1,1,1,35.63,35.63,7,1,1,1,1.0,1.0,0,0.0555,mobile_android,debit_card,0
ACC_LEGIT_STD_01670,9,1,1,575.66,63.67,353,1,2,3,0.1111,0.1111,1,0.03,mobile_ios,debit_card,0
ACC_LEGIT_STD_00764,5,0,0,462.17,95.34,213,1,2,1,0.0,0.0,1,0.0172,mobile_android,debit_card,0
ACC_LEGIT_NEW_00195,2,0,0,91.4,45.7,40,1,2,1,0.0,0.0,0,0.0215,mobile_android,debit_card,0
ACC_LEGIT_STD_01374,4,0,0,272.83,70.72,181,1,3,1,0.0,0.0,0,0.0403,mobile_android,credit_card,0
ACC_LEGIT_STD_00697,5,0,0,175.22,32.74,237,2,4,2,0.0,0.0,1,0.0356,mobile_android,debit_card,0
ACC_LEGIT_STD_01562,2,0,0,58.26,30.33,249,1,1,1,0.0,0.0,1,0.0137,mobile_android,debit_card,0
ACC_LEGIT_STD_02167,14,1,1,1422.31,98.08,489,1,2,2,0.0714,0.0714,0,0.0336,mobile_android,debit_card,0
ACC_LEGIT_STD_02100,3,0,0,147.54,47.19,271,1,1,1,0.0,0.0,0,0.1568,desktop_chrome,apple_pay,0
ACC_LEGIT_STD_01315,4,0,0,168.84,42.97,301,1,2,1,0.0,0.0,0,0.0332,mobile_ios,credit_card,0
ACC_SLOW_00009,12,4,3,1077.96,89.83,46,1,2,1,0.3333,0.25,4,0.5516,desktop_chrome,virtual_card,1
ACC_LEGIT_STD_00757,9,2,2,685.36,71.36,455,1,1,1,0.2222,0.2222,1,0.0298,mobile_android,credit_card,0
ACC_LEGIT_ACT_00240,45,18,17,3264.12,73.3,364,1,5,2,0.4,0.3778,8,0.4849,mobile_ios,paypal,0
ACC_LEGIT_STD_01643,10,1,0,391.53,40.43,540,1,1,1,0.1,0.0,0,0.002,mobile_android,paypal,0
ACC_LEGIT_STD_02501,17,1,1,583.11,34.16,930,1,1,1,0.0588,0.0588,2,0.1082,mobile_android,apple_pay,0
ACC_LEGIT_STD_00585,3,0,0,91.25,29.05,204,1,2,1,0.0,0.0,1,0.0223,desktop_safari,credit_card,0
ACC_LEGIT_ACT_00517,31,14,11,2418.88,76.83,767,1,1,2,0.4516,0.3548,4,0.1225,mobile_ios,paypal,0
ACC_LEGIT_STD_01024,3,0,0,273.56,98.94,300,2,2,1,0.0,0.0,0,0.1783,mobile_ios,credit_card,0
ACC_LEGIT_ACT_00100,13,4,3,942.62,73.87,428,1,1,1,0.3077,0.2308,3,0.5977,desktop_chrome,paypal,0
ACC_RING_033_0302,6,4,3,831.48,138.58,6,3,9,4,0.6667,0.5,2,0.8638,emulator_bot,virtual_card,1
ACC_LEGIT_ACT_00399,23,9,7,1992.62,88.94,697,2,3,2,0.3913,0.3043,5,0.3551,mobile_ios,credit_card,0
ACC_LEGIT_ACT_00454,37,8,6,3675.45,96.08,375,1,5,2,0.2162,0.1622,9,0.1423,mobile_ios,paypal,0
ACC_LEGIT_STD_02735,5,0,0,286.59,57.55,110,1,1,1,0.0,0.0,0,0.0505,mobile_ios,credit_card,0
ACC_LEGIT_ACT_00581,53,24,22,6364.14,117.78,471,2,5,2,0.4528,0.4151,8,0.1243,desktop_chrome,credit_card,0
ACC_RING_066_0268,6,5,4,381.9,63.65,19,4,3,4,0.8333,0.6667,3,0.8912,desktop_chrome,virtual_card,1
ACC_LEGIT_STD_02772,3,0,0,196.19,61.47,371,1,1,1,0.0,0.0,0,0.0293,mobile_ios,apple_pay,0
ACC_LEGIT_STD_02872,10,1,1,400.37,37.54,640,1,1,1,0.1,0.1,0,0.0676,desktop_chrome,debit_card,0
ACC_LEGIT_STD_02297,7,0,0,521.02,74.65,466,1,1,1,0.0,0.0,0,0.047,mobile_android,apple_pay,0
ACC_WARD_00226,58,38,33,11924.93,197.93,88,1,3,4,0.6552,0.569,30,0.5432,mobile_android,credit_card,1
ACC_SLOW_00116,16,8,6,1334.72,83.42,184,3,2,2,0.5,0.375,4,0.8245,mobile_android,credit_card,1
ACC_RING_044_0179,6,4,3,790.02,131.67,17,4,3,4,0.6667,0.5,2,0.7304,desktop_chrome,crypto_gift_card,1
ACC_LEGIT_ACT_00327,19,5,4,2422.68,132.84,683,4,2,2,0.2632,0.2105,4,0.4013,desktop_chrome,credit_card,0
ACC_RING_040_0309,8,6,5,1176.16,147.02,7,3,6,8,0.75,0.625,2,0.9403,emulator_bot,credit_card,1
ACC_LEGIT_ACT_00049,35,7,6,1513.76,42.69,695,2,2,3,0.2,0.1714,4,0.253,mobile_android,credit_card,0
ACC_LEGIT_STD_02178,8,0,0,481.45,58.94,248,1,1,1,0.0,0.0,0,0.2775,mobile_android,credit_card,0
ACC_LEGIT_STD_00884,13,0,0,1342.35,107.57,250,1,1,1,0.0,0.0,1,0.0023,mobile_ios,paypal,0
ACC_LEGIT_STD_00900,4,0,0,198.81,52.0,209,1,2,1,0.0,0.0,0,0.0061,mobile_android,debit_card,0
ACC_LEGIT_STD_01545,3,0,0,132.7,41.23,200,1,2,1,0.0,0.0,0,0.0267,mobile_ios,credit_card,0
ACC_LEGIT_NEW_00285,1,0,0,69.4,69.4,24,1,2,1,0.0,0.0,0,0.0761,mobile_ios,apple_pay,0
ACC_LEGIT_NEW_00415,1,0,0,87.68,87.68,20,1,2,1,0.0,0.0,0,0.375,mobile_android,apple_pay,0
ACC_LEGIT_STD_02301,7,0,0,682.44,91.5,389,1,1,1,0.0,0.0,0,0.0529,mobile_ios,paypal,0
ACC_LEGIT_STD_00172,7,0,0,458.01,61.79,725,1,1,2,0.0,0.0,0,0.0016,mobile_ios,credit_card,0
ACC_LEGIT_NEW_00114,4,0,0,135.4,33.85,6,1,2,1,0.0,0.0,0,0.0552,mobile_android,credit_card,0
ACC_SLOW_00081,21,9,7,2569.56,122.36,106,1,1,2,0.4286,0.3333,3,0.4672,mobile_ios,virtual_card,1
ACC_LEGIT_STD_00318,6,1,1,481.01,80.07,305,1,2,2,0.1667,0.1667,0,0.1186,mobile_android,apple_pay,0
ACC_LEGIT_ACT_00598,53,13,12,6057.54,111.93,818,1,3,1,0.2453,0.2264,14,0.4493,mobile_android,paypal,0
ACC_LEGIT_STD_00138,4,0,0,297.65,78.65,304,1,2,2,0.0,0.0,1,0.0529,mobile_android,paypal,0
ACC_WARD_00104,33,21,20,5107.18,148.22,57,3,2,1,0.6364,0.6061,19,0.5335,desktop_chrome,paypal,1
ACC_RING_022_0157,22,15,14,2945.58,133.89,19,7,4,4,0.6818,0.6364,12,0.8606,emulator_bot,crypto_gift_card,1
ACC_LEGIT_STD_02793,8,0,0,687.27,88.5,307,1,1,1,0.0,0.0,1,0.0135,mobile_android,credit_card,0
ACC_LEGIT_ACT_00732,34,7,5,3178.54,98.39,149,2,2,3,0.2059,0.1471,8,0.191,mobile_ios,credit_card,0
ACC_LEGIT_STD_00157,6,0,0,456.31,81.51,298,1,1,1,0.0,0.0,0,0.0493,mobile_ios,credit_card,0
ACC_LEGIT_STD_02252,2,0,0,54.76,26.33,112,1,1,1,0.0,0.0,0,0.2839,mobile_android,credit_card,0
ACC_LEGIT_STD_00316,10,1,1,508.24,51.58,595,1,1,1,0.1,0.1,0,0.0728,mobile_ios,credit_card,0
ACC_LEGIT_NEW_00055,3,0,0,158.91,52.97,5,2,1,1,0.0,0.0,0,0.1254,mobile_ios,debit_card,0
ACC_WARD_00118,38,25,24,7417.73,201.02,265,2,2,1,0.6579,0.6316,17,0.5716,mobile_ios,credit_card,1
ACC_LEGIT_STD_01739,11,0,0,404.76,37.07,364,1,1,1,0.0,0.0,0,0.0166,mobile_ios,apple_pay,0
ACC_WARD_00164,25,17,15,4407.6,179.5,115,2,3,2,0.68,0.6,13,0.5287,desktop_chrome,credit_card,1
ACC_LEGIT_ACT_00550,43,10,8,5086.64,117.62,149,1,2,2,0.2326,0.186,6,0.2444,desktop_chrome,credit_card,0
ACC_RING_048_0317,27,21,17,4219.02,156.26,32,3,9,5,0.7778,0.6296,9,0.9274,mobile_android,crypto_gift_card,1
ACC_LEGIT_STD_01463,11,0,0,348.82,29.73,449,1,2,1,0.0,0.0,0,0.0287,mobile_ios,credit_card,0
ACC_WARD_00163,24,16,15,4674.68,188.75,289,1,3,1,0.6667,0.625,9,0.5948,mobile_android,paypal,1
ACC_LEGIT_STD_01826,7,0,0,603.65,84.81,323,2,1,1,0.0,0.0,0,0.0083,mobile_ios,credit_card,0
ACC_WARD_00102,35,25,21,4781.58,139.28,293,2,3,2,0.7143,0.6,23,0.5733,mobile_android,credit_card,1
ACC_SLOW_00074,18,7,5,1342.08,74.56,206,1,3,1,0.3889,0.2778,5,0.4663,desktop_chrome,credit_card,1
ACC_LEGIT_STD_01471,17,0,0,1339.04,77.1,756,1,1,1,0.0,0.0,0,0.0102,mobile_android,credit_card,0
ACC_LEGIT_STD_02071,4,0,0,198.15,47.2,258,1,1,1,0.0,0.0,1,0.0434,mobile_ios,credit_card,0
ACC_LEGIT_STD_01888,23,3,3,1662.64,73.41,1093,1,1,2,0.1304,0.1304,0,0.023,desktop_safari,credit_card,0
ACC_WARD_00262,39,33,28,5646.75,149.98,101,2,1,2,0.8462,0.7179,28,0.7013,mobile_ios,credit_card,1
ACC_RING_010_0011,14,12,11,1376.48,98.32,4,7,4,4,0.8571,0.7857,9,0.8213,emulator_bot,virtual_card,1
ACC_LEGIT_STD_00418,22,1,0,1326.23,56.48,1249,1,1,1,0.0455,0.0,0,0.0191,mobile_android,credit_card,0
ACC_LEGIT_STD_01863,7,0,0,642.19,87.61,443,1,1,1,0.0,0.0,0,0.0504,desktop_chrome,credit_card,0
ACC_LEGIT_STD_00833,10,1,1,538.83,57.8,360,1,1,1,0.1,0.1,0,0.1431,mobile_android,credit_card,0
ACC_LEGIT_STD_01498,9,3,1,418.66,50.01,324,1,1,1,0.3333,0.1111,0,0.0419,mobile_ios,debit_card,0
ACC_LEGIT_STD_01911,25,2,2,1910.29,71.46,881,1,1,1,0.08,0.08,0,0.1436,mobile_ios,apple_pay,0
ACC_LEGIT_STD_01829,9,0,0,541.21,59.42,767,1,4,1,0.0,0.0,0,0.0908,mobile_android,apple_pay,0
ACC_LEGIT_STD_01414,6,0,0,438.47,75.6,394,1,1,1,0.0,0.0,0,0.107,mobile_ios,debit_card,0
ACC_LEGIT_STD_02000,2,0,0,91.7,49.46,125,1,1,1,0.0,0.0,0,0.0862,desktop_safari,credit_card,0
ACC_LEGIT_STD_02930,1,0,0,69.6,70.17,106,1,2,1,0.0,0.0,0,0.0757,mobile_ios,debit_card,0
ACC_LEGIT_NEW_00228,2,0,0,53.84,26.92,8,1,1,1,0.0,0.0,0,0.2049,mobile_ios,credit_card,0
ACC_LEGIT_STD_01528,7,0,0,698.44,93.75,312,1,1,1,0.0,0.0,0,0.0609,mobile_ios,credit_card,0
ACC_LEGIT_STD_02017,14,0,0,479.91,36.75,575,2,3,1,0.0,0.0,0,0.0877,mobile_ios,credit_card,0
ACC_LEGIT_NEW_00136,2,0,0,34.0,17.0,16,1,1,1,0.0,0.0,0,0.081,mobile_ios,apple_pay,0
ACC_RING_008_0210,18,16,13,3033.0,168.5,4,7,6,4,0.8889,0.7222,10,0.8153,mobile_android,crypto_gift_card,1
ACC_LEGIT_ACT_00263,20,6,5,502.78,25.0,757,3,2,2,0.3,0.25,1,0.3036,mobile_ios,debit_card,0
ACC_LEGIT_NEW_00399,2,1,1,88.94,44.47,4,1,1,1,0.5,0.5,0,0.118,mobile_ios,credit_card,0
ACC_LEGIT_STD_02322,1,0,0,75.86,72.7,195,1,3,1,0.0,0.0,0,0.0484,mobile_android,debit_card,0
ACC_LEGIT_STD_01541,7,0,0,477.68,65.93,482,1,1,1,0.0,0.0,1,0.005,mobile_ios,paypal,0
ACC_RING_060_0262,11,9,7,1792.45,162.95,34,4,6,4,0.8182,0.6364,5,0.7477,desktop_chrome,virtual_card,1
ACC_LEGIT_STD_02573,9,1,1,867.07,91.59,347,1,2,1,0.1111,0.1111,0,0.0301,desktop_safari,credit_card,0
ACC_LEGIT_STD_01964,14,2,2,763.45,58.7,534,2,1,1,0.1429,0.1429,0,0.0899,desktop_chrome,debit_card,0
ACC_LEGIT_ACT_00480,13,4,3,1729.84,138.78,329,1,2,3,0.3077,0.2308,2,0.2511,mobile_ios,paypal,0
ACC_SLOW_00020,19,7,6,2054.66,108.14,175,3,2,1,0.3684,0.3158,7,0.6423,desktop_chrome,credit_card,1
ACC_LEGIT_STD_02475,16,2,2,1973.77,117.01,737,1,1,1,0.125,0.125,4,0.0425,mobile_android,debit_card,0
ACC_LEGIT_STD_02358,12,1,1,718.09,59.56,500,1,3,1,0.0833,0.0833,0,0.1207,desktop_chrome,debit_card,0
ACC_LEGIT_STD_00633,4,2,2,352.16,87.28,245,1,1,1,0.5,0.5,0,0.0226,mobile_ios,credit_card,0
ACC_LEGIT_STD_01929,7,0,0,317.95,43.07,324,2,2,1,0.0,0.0,0,0.0262,mobile_android,credit_card,0
ACC_LEGIT_ACT_00761,30,8,6,4131.14,135.24,117,3,1,2,0.2667,0.2,4,0.1847,desktop_chrome,apple_pay,0
ACC_LEGIT_STD_02648,14,0,0,1247.53,86.53,445,1,1,1,0.0,0.0,0,0.0209,mobile_android,debit_card,0
ACC_LEGIT_STD_02583,4,1,1,369.1,87.7,503,1,2,1,0.25,0.25,0,0.1344,mobile_ios,apple_pay,0
ACC_LEGIT_ACT_00729,14,4,3,1092.05,75.66,877,2,3,2,0.2857,0.2143,3,0.2608,mobile_ios,credit_card,0
ACC_LEGIT_STD_02119,2,0,0,200.06,100.43,156,1,1,1,0.0,0.0,0,0.0594,desktop_chrome,credit_card,0
ACC_LEGIT_STD_00323,16,2,1,1892.3,112.14,633,1,1,1,0.125,0.0625,2,0.1767,mobile_ios,credit_card,0
ACC_LEGIT_ACT_00258,39,11,10,4188.98,111.49,239,2,2,3,0.2821,0.2564,12,0.4511,mobile_ios,credit_card,0
ACC_LEGIT_ACT_00461,37,17,16,2161.58,57.56,881,2,1,2,0.4595,0.4324,6,0.3592,desktop_chrome,paypal,0
ACC_LEGIT_STD_01295,11,0,0,809.84,75.56,654,1,1,1,0.0,0.0,0,0.0311,mobile_ios,apple_pay,0
ACC_LEGIT_STD_02799,4,1,1,275.17,72.75,349,1,1,1,0.25,0.25,0,0.0458,mobile_ios,apple_pay,0
ACC_LEGIT_STD_01237,6,0,0,241.82,43.73,455,1,1,2,0.0,0.0,0,0.1718,mobile_ios,apple_pay,0
ACC_LEGIT_STD_01902,1,0,0,52.27,50.58,149,2,3,1,0.0,0.0,0,0.077,mobile_ios,debit_card,0
ACC_LEGIT_STD_02944,16,0,0,892.93,53.25,797,1,1,1,0.0,0.0,0,0.0424,mobile_ios,debit_card,0
ACC_LEGIT_STD_01189,2,0,0,37.1,18.56,257,1,3,1,0.0,0.0,0,0.0288,desktop_chrome,paypal,0
ACC_LEGIT_STD_02805,6,1,1,564.83,93.15,423,1,4,1,0.1667,0.1667,1,0.0953,desktop_chrome,debit_card,0
ACC_SLOW_00026,14,5,4,1259.58,89.97,45,2,1,2,0.3571,0.2857,3,0.4885,desktop_chrome,paypal,1
ACC_LEGIT_STD_01767,6,0,0,364.4,60.12,558,2,2,2,0.0,0.0,0,0.0544,mobile_android,credit_card,0
ACC_LEGIT_STD_01951,5,0,0,361.9,77.09,319,1,1,1,0.0,0.0,0,0.1777,mobile_ios,credit_card,0
ACC_LEGIT_STD_02905,8,0,0,734.48,92.83,508,1,2,1,0.0,0.0,2,0.3057,mobile_ios,debit_card,0
ACC_LEGIT_STD_02634,5,1,1,403.09,81.52,353,1,2,1,0.2,0.2,0,0.0862,mobile_ios,credit_card,0
ACC_LEGIT_STD_00578,5,0,0,457.78,88.4,167,1,1,2,0.0,0.0,0,0.0973,mobile_ios,credit_card,0
ACC_LEGIT_STD_01197,8,1,1,634.78,74.53,477,1,3,1,0.125,0.125,0,0.0822,mobile_android,credit_card,0
ACC_LEGIT_STD_00146,4,1,1,370.05,88.74,190,1,1,2,0.25,0.25,0,0.0836,mobile_ios,paypal,0
ACC_LEGIT_STD_00349,10,0,0,998.76,99.45,549,1,1,1,0.0,0.0,1,0.0095,desktop_chrome,apple_pay,0
ACC_LEGIT_STD_02546,14,1,0,1465.16,106.79,395,2,1,2,0.0714,0.0,1,0.0719,mobile_ios,debit_card,0
ACC_LEGIT_STD_01569,5,0,0,73.11,15.0,186,1,1,1,0.0,0.0,0,0.0908,mobile_ios,credit_card,0
ACC_LEGIT_ACT_00243,50,12,11,1961.12,37.96,730,1,2,1,0.24,0.22,14,0.2123,desktop_chrome,credit_card,0
ACC_LEGIT_ACT_00823,50,18,15,3451.86,72.3,175,2,5,1,0.36,0.3,9,0.1231,mobile_ios,paypal,0
ACC_LEGIT_STD_00055,4,0,0,59.21,15.0,108,1,1,1,0.0,0.0,1,0.1053,mobile_ios,debit_card,0
ACC_LEGIT_STD_02220,14,0,0,1291.98,88.79,506,1,2,1,0.0,0.0,1,0.0988,mobile_ios,credit_card,0
ACC_LEGIT_STD_00944,5,0,0,393.08,74.74,137,1,2,1,0.0,0.0,0,0.0154,mobile_ios,credit_card,0
ACC_WARD_00151,36,30,26,8096.24,220.28,43,2,3,2,0.8333,0.7222,23,0.5322,mobile_ios,credit_card,1
ACC_LEGIT_ACT_00754,19,7,5,1324.36,70.45,490,1,2,1,0.3684,0.2632,1,0.3678,desktop_chrome,paypal,0
ACC_LEGIT_ACT_00367,17,6,5,1836.95,103.1,171,2,2,3,0.3529,0.2941,3,0.2631,desktop_chrome,paypal,0
ACC_RING_001_0069,8,7,6,1296.8,162.1,29,3,6,3,0.875,0.75,3,0.8568,mobile_android,crypto_gift_card,1
ACC_SLOW_00120,18,8,6,1942.92,107.94,114,3,2,2,0.4444,0.3333,5,0.5904,mobile_android,debit_card,1
ACC_LEGIT_NEW_00013,2,0,0,201.04,100.52,12,1,1,1,0.0,0.0,1,0.1175,mobile_ios,credit_card,0
ACC_SLOW_00003,7,3,2,407.26,58.18,67,1,3,1,0.4286,0.2857,1,0.6594,mobile_ios,credit_card,1
ACC_RING_035_0103,8,7,6,1448.56,181.07,21,7,6,8,0.875,0.75,2,0.9295,mobile_android,credit_card,1
ACC_LEGIT_ACT_00661,54,24,22,4413.11,84.07,693,4,5,2,0.4444,0.4074,6,0.302,mobile_android,paypal,0
ACC_LEGIT_STD_01258,7,1,1,548.14,83.23,332,1,1,1,0.1429,0.1429,0,0.0319,mobile_ios,debit_card,0
ACC_LEGIT_STD_02878,15,0,0,840.09,51.99,415,1,1,1,0.0,0.0,0,0.0235,mobile_ios,credit_card,0
ACC_LEGIT_STD_01886,11,4,4,541.67,49.55,542,1,1,1,0.3636,0.3636,0,0.0083,mobile_ios,debit_card,0
ACC_LEGIT_STD_00639,5,0,0,368.06,72.58,510,1,1,1,0.0,0.0,1,0.0501,mobile_ios,debit_card,0
ACC_LEGIT_STD_01939,7,0,0,720.3,107.87,736,1,4,1,0.0,0.0,0,0.0195,mobile_android,apple_pay,0
ACC_LEGIT_ACT_00393,51,20,17,8865.59,171.93,648,2,5,1,0.3922,0.3333,7,0.2691,desktop_chrome,credit_card,0
ACC_LEGIT_NEW_00205,2,0,0,133.38,66.69,27,1,1,1,0.0,0.0,0,0.1327,mobile_android,apple_pay,0
ACC_LEGIT_STD_01184,13,1,0,1723.38,124.93,304,1,1,1,0.0769,0.0,2,0.1363,desktop_chrome,credit_card,0
ACC_SLOW_00057,11,4,3,1143.67,103.97,109,2,1,1,0.3636,0.2727,3,0.2966,mobile_ios,paypal,1
ACC_LEGIT_STD_00523,7,1,1,461.74,68.93,343,1,1,1,0.1429,0.1429,0,0.0009,mobile_ios,apple_pay,0
ACC_LEGIT_STD_02205,9,2,2,673.73,73.63,550,1,1,1,0.2222,0.2222,1,0.0598,mobile_ios,debit_card,0
ACC_LEGIT_STD_01779,15,1,1,759.04,53.09,488,1,1,1,0.0667,0.0667,0,0.0538,mobile_ios,credit_card,0
ACC_LEGIT_STD_01399,5,0,0,374.85,80.19,243,1,1,1,0.0,0.0,0,0.038,mobile_android,credit_card,0
ACC_WARD_00096,33,22,19,6981.7,208.31,198,1,2,2,0.6667,0.5758,23,0.7003,mobile_ios,paypal,1
ACC_LEGIT_STD_00238,7,0,0,389.79,53.82,359,1,2,1,0.0,0.0,0,0.008,mobile_android,credit_card,0
ACC_LEGIT_STD_01596,4,1,1,351.92,82.38,210,1,1,1,0.25,0.25,0,0.0461,desktop_chrome,debit_card,0
ACC_LEGIT_STD_02933,5,0,0,156.9,29.97,297,2,1,1,0.0,0.0,0,0.086,desktop_chrome,credit_card,0
ACC_LEGIT_STD_00768,10,0,0,319.87,31.86,430,1,2,1,0.0,0.0,0,0.0286,mobile_ios,debit_card,0
ACC_LEGIT_STD_00191,13,3,3,690.76,54.92,696,2,1,1,0.2308,0.2308,1,0.0631,mobile_ios,credit_card,0
ACC_LEGIT_STD_01230,5,0,0,195.19,39.9,303,2,2,1,0.0,0.0,0,0.103,mobile_ios,credit_card,0
ACC_LEGIT_STD_01766,1,0,0,14.73,15.0,352,1,3,2,0.0,0.0,0,0.053,desktop_chrome,paypal,0
ACC_LEGIT_ACT_00171,35,7,5,2552.39,75.02,233,1,2,2,0.2,0.1429,6,0.4928,desktop_chrome,credit_card,0
ACC_LEGIT_STD_02624,4,0,0,365.25,96.23,182,1,1,1,0.0,0.0,0,0.0446,mobile_ios,apple_pay,0
ACC_LEGIT_STD_00896,2,1,1,135.87,73.74,205,1,1,2,0.5,0.5,0,0.0758,desktop_safari,debit_card,0
ACC_LEGIT_STD_01254,2,0,0,155.59,82.37,270,2,1,1,0.0,0.0,0,0.0581,mobile_android,debit_card,0
ACC_SLOW_00134,8,4,3,754.8,94.35,134,2,1,1,0.5,0.375,3,0.2844,mobile_ios,paypal,1
ACC_LEGIT_NEW_00424,3,0,0,130.05,43.35,7,2,1,1,0.0,0.0,0,0.2948,mobile_ios,credit_card,0
ACC_LEGIT_NEW_00010,2,1,1,106.28,53.14,41,1,1,1,0.5,0.5,0,0.1117,mobile_ios,credit_card,0
ACC_LEGIT_ACT_00291,25,11,10,3875.66,151.39,879,1,1,3,0.44,0.4,6,0.0762,mobile_ios,paypal,0
ACC_SLOW_00012,9,3,2,523.26,58.14,91,1,1,1,0.3333,0.2222,3,0.4626,desktop_chrome,credit_card,1
ACC_RING_054_0122,25,18,14,3327.75,133.11,13,3,6,5,0.72,0.56,9,0.8051,emulator_bot,crypto_gift_card,1
ACC_LEGIT_STD_02971,8,0,0,737.27,88.72,222,1,1,1,0.0,0.0,1,0.1785,mobile_ios,debit_card,0
ACC_LEGIT_STD_01145,5,1,1,352.71,72.1,207,1,2,1,0.2,0.2,0,0.0872,mobile_android,debit_card,0
ACC_LEGIT_STD_00819,6,1,1,263.8,45.87,193,1,2,2,0.1667,0.1667,1,0.0091,mobile_android,debit_card,0
ACC_LEGIT_STD_00981,1,0,0,55.0,52.44,100,1,1,1,0.0,0.0,0,0.0128,desktop_chrome,credit_card,0
ACC_LEGIT_ACT_00086,34,10,8,4397.55,127.79,259,1,2,1,0.2941,0.2353,7,0.2487,mobile_ios,credit_card,0
ACC_LEGIT_ACT_00252,26,6,5,2477.52,93.21,765,1,2,1,0.2308,0.1923,4,0.473,desktop_chrome,paypal,0
ACC_LEGIT_STD_02777,1,0,0,50.46,51.35,104,1,1,2,0.0,0.0,0,0.0374,mobile_ios,credit_card,0
ACC_LEGIT_ACT_00094,53,20,19,6844.14,124.76,94,2,2,3,0.3774,0.3585,13,0.3817,desktop_chrome,credit_card,0
ACC_LEGIT_STD_01250,8,0,0,853.95,100.57,352,1,1,1,0.0,0.0,1,0.0126,mobile_ios,credit_card,0
ACC_LEGIT_STD_00192,6,2,2,322.21,50.35,356,1,1,1,0.3333,0.3333,0,0.1614,mobile_ios,credit_card,0
ACC_LEGIT_STD_00517,5,0,0,491.0,94.48,346,1,2,2,0.0,0.0,2,0.0119,mobile_ios,credit_card,0
ACC_LEGIT_STD_00783,8,0,0,619.67,76.39,412,1,2,1,0.0,0.0,0,0.0411,mobile_android,credit_card,0
ACC_LEGIT_STD_01851,7,0,0,611.08,85.73,273,1,1,3,0.0,0.0,0,0.0016,mobile_ios,credit_card,0
ACC_LEGIT_NEW_00001,1,0,0,40.55,40.55,24,1,2,1,0.0,0.0,0,0.2115,mobile_ios,apple_pay,0
ACC_LEGIT_STD_00871,7,1,1,412.47,63.7,355,1,1,3,0.1429,0.1429,0,0.0206,mobile_ios,credit_card,0
ACC_LEGIT_STD_01466,7,0,0,606.19,84.54,250,2,1,2,0.0,0.0,1,0.0541,mobile_android,credit_card,0
ACC_LEGIT_STD_02166,13,2,1,369.54,26.98,550,1,1,1,0.1538,0.0769,2,0.0343,mobile_android,debit_card,0
ACC_LEGIT_NEW_00374,3,1,1,257.55,85.85,7,2,2,1,0.3333,0.3333,0,0.1833,mobile_ios,debit_card,0
ACC_LEGIT_NEW_00252,4,1,1,201.76,50.44,23,1,2,1,0.25,0.25,0,0.2342,mobile_ios,credit_card,0
ACC_LEGIT_STD_00399,4,0,0,266.7,64.06,328,2,1,1,0.0,0.0,1,0.0479,mobile_ios,debit_card,0
ACC_LEGIT_NEW_00066,3,1,1,279.75,93.25,22,2,1,1,0.3333,0.3333,0,0.0704,mobile_ios,debit_card,0
ACC_LEGIT_STD_01711,11,2,1,918.27,79.62,397,1,1,1,0.1818,0.0909,1,0.0454,desktop_safari,debit_card,0
ACC_LEGIT_NEW_00397,1,0,0,16.86,16.86,44,1,2,1,0.0,0.0,0,0.2993,mobile_ios,credit_card,0
ACC_LEGIT_STD_01838,15,0,0,696.64,43.41,559,2,2,1,0.0,0.0,0,0.0469,mobile_ios,credit_card,0
ACC_LEGIT_STD_00407,4,2,2,310.64,81.23,159,1,3,1,0.5,0.5,0,0.1671,mobile_android,paypal,0
ACC_LEGIT_STD_02681,2,0,0,194.53,96.09,143,1,1,1,0.0,0.0,0,0.0195,mobile_ios,debit_card,0
ACC_LEGIT_STD_02237,5,0,0,402.63,76.82,383,1,1,1,0.0,0.0,0,0.0138,mobile_android,credit_card,0
ACC_LEGIT_ACT_00659,48,22,18,3628.88,79.42,322,2,2,2,0.4583,0.375,6,0.2057,mobile_ios,apple_pay,0
ACC_LEGIT_STD_01209,17,3,3,993.81,59.36,685,2,1,1,0.1765,0.1765,0,0.0028,mobile_android,credit_card,0
ACC_WARD_00081,17,14,13,3948.54,234.01,46,2,2,3,0.8235,0.7647,7,0.8093,mobile_ios,credit_card,1
ACC_LEGIT_STD_02081,2,0,0,196.41,99.08,221,1,2,3,0.0,0.0,0,0.0201,desktop_chrome,debit_card,0
ACC_LEGIT_STD_00474,4,0,0,225.48,58.51,281,1,1,1,0.0,0.0,0,0.0517,desktop_chrome,credit_card,0
ACC_LEGIT_STD_02395,9,0,0,682.32,74.48,361,1,1,1,0.0,0.0,1,0.0314,mobile_android,credit_card,0
ACC_LEGIT_STD_01791,12,0,0,772.41,62.25,796,2,3,2,0.0,0.0,0,0.0426,mobile_ios,paypal,0
ACC_LEGIT_STD_02890,3,1,1,256.17,81.9,230,1,1,1,0.3333,0.3333,0,0.0165,desktop_chrome,apple_pay,0
ACC_LEGIT_STD_02386,2,0,0,168.78,86.47,173,1,1,1,0.0,0.0,0,0.0294,desktop_chrome,apple_pay,0
ACC_LEGIT_ACT_00578,31,7,6,3761.77,115.74,137,1,3,2,0.2258,0.1935,8,0.2343,mobile_android,paypal,0
ACC_LEGIT_STD_02239,11,0,0,460.77,40.55,595,1,1,1,0.0,0.0,1,0.086,mobile_android,credit_card,0
ACC_LEGIT_ACT_00236,20,5,4,2833.54,147.76,470,1,2,1,0.25,0.2,7,0.3284,desktop_chrome,credit_card,0
ACC_LEGIT_STD_02747,1,0,0,108.9,108.07,66,1,3,2,0.0,0.0,0,0.0121,mobile_ios,apple_pay,0
ACC_RING_052_0187,18,14,11,1921.68,106.76,14,7,6,8,0.7778,0.6111,8,0.8016,emulator_bot,virtual_card,1
ACC_LEGIT_STD_02730,4,0,0,216.31,55.35,212,1,2,1,0.0,0.0,0,0.0142,mobile_ios,credit_card,0
ACC_LEGIT_STD_00209,12,0,0,987.01,82.17,566,1,1,2,0.0,0.0,0,0.1197,mobile_ios,credit_card,0
ACC_LEGIT_STD_01279,7,0,0,589.87,80.41,239,1,1,1,0.0,0.0,0,0.0719,mobile_android,debit_card,0
ACC_LEGIT_NEW_00080,1,0,0,17.54,17.54,6,1,1,1,0.0,0.0,0,0.0645,mobile_ios,credit_card,0
ACC_LEGIT_NEW_00045,2,0,0,59.38,29.69,37,1,1,1,0.0,0.0,0,0.0301,mobile_ios,debit_card,0
ACC_LEGIT_STD_00787,5,0,0,174.22,36.57,339,1,1,1,0.0,0.0,0,0.0423,desktop_safari,credit_card,0
ACC_LEGIT_STD_02954,3,1,1,233.12,84.41,240,1,1,1,0.3333,0.3333,0,0.0562,desktop_safari,debit_card,0
ACC_LEGIT_STD_00893,15,0,0,710.14,49.31,477,1,4,1,0.0,0.0,3,0.0475,mobile_ios,credit_card,0
ACC_LEGIT_STD_02316,6,0,0,330.59,51.45,249,1,1,1,0.0,0.0,0,0.1203,mobile_ios,credit_card,0
ACC_LEGIT_STD_01825,12,3,3,904.71,70.8,731,1,1,1,0.25,0.25,1,0.0502,mobile_ios,credit_card,0
ACC_LEGIT_STD_01972,15,0,0,1260.82,91.34,641,2,1,1,0.0,0.0,0,0.0433,desktop_chrome,debit_card,0
ACC_LEGIT_STD_00816,13,5,2,870.68,62.63,752,2,1,2,0.3846,0.1538,1,0.0608,mobile_android,apple_pay,0
ACC_LEGIT_STD_02138,11,0,0,1163.46,110.94,602,1,2,3,0.0,0.0,3,0.1245,desktop_chrome,credit_card,0
ACC_LEGIT_STD_00107,5,0,0,428.29,82.32,234,2,2,1,0.0,0.0,0,0.1635,mobile_ios,apple_pay,0
ACC_LEGIT_STD_01666,6,2,2,443.28,74.91,405,1,1,2,0.3333,0.3333,1,0.0674,mobile_ios,credit_card,0
ACC_SLOW_00042,17,8,6,2247.91,132.23,69,1,1,3,0.4706,0.3529,5,0.6509,mobile_android,credit_card,1
ACC_LEGIT_NEW_00081,2,0,0,76.58,38.29,27,1,1,1,0.0,0.0,0,0.1797,mobile_android,credit_card,0
ACC_LEGIT_STD_01793,5,0,0,370.53,69.24,296,1,2,1,0.0,0.0,0,0.0651,mobile_ios,credit_card,0
ACC_LEGIT_STD_02486,11,1,1,945.33,79.97,454,1,1,1,0.0909,0.0909,0,0.0003,mobile_android,credit_card,0
ACC_LEGIT_STD_02901,1,0,0,28.87,27.05,255,1,1,1,0.0,0.0,0,0.0568,mobile_ios,paypal,0
ACC_LEGIT_STD_00695,6,0,0,692.54,110.67,414,1,2,1,0.0,0.0,0,0.0206,mobile_android,debit_card,0
ACC_LEGIT_ACT_00097,38,12,11,3969.03,100.29,685,2,2,1,0.3158,0.2895,9,0.0577,mobile_ios,paypal,0
ACC_LEGIT_STD_01112,1,0,0,54.92,53.42,164,1,2,1,0.0,0.0,0,0.0028,mobile_android,debit_card,0
ACC_LEGIT_STD_00892,9,2,2,401.24,41.56,474,1,1,1,0.2222,0.2222,1,0.0034,mobile_android,credit_card,0
ACC_LEGIT_STD_01312,10,0,0,530.7,55.78,453,3,2,2,0.0,0.0,2,0.1048,mobile_ios,credit_card,0
ACC_LEGIT_STD_01684,3,1,1,352.84,117.01,197,1,1,1,0.3333,0.3333,0,0.0094,mobile_ios,debit_card,0
ACC_LEGIT_STD_01636,20,0,0,1650.71,80.56,833,2,1,1,0.0,0.0,1,0.1023,mobile_ios,apple_pay,0
ACC_LEGIT_STD_00053,8,0,0,450.65,54.39,345,2,1,1,0.0,0.0,1,0.0089,desktop_chrome,debit_card,0
ACC_SLOW_00147,6,2,1,705.24,117.54,156,1,3,3,0.3333,0.1667,1,0.4217,desktop_chrome,credit_card,1
ACC_LEGIT_STD_00803,5,0,0,410.11,78.21,380,2,1,1,0.0,0.0,0,0.0364,mobile_ios,credit_card,0
ACC_WARD_00142,16,11,10,3787.65,226.77,199,2,1,4,0.6875,0.625,9,0.7436,mobile_ios,paypal,1
ACC_LEGIT_STD_02181,6,0,0,248.05,42.81,249,1,1,1,0.0,0.0,0,0.0138,mobile_ios,debit_card,0
ACC_LEGIT_ACT_00535,18,4,3,2075.05,118.29,755,2,1,1,0.2222,0.1667,2,0.2918,desktop_chrome,debit_card,0
ACC_WARD_00035,27,22,20,4268.48,159.19,39,2,2,2,0.8148,0.7407,11,0.6756,mobile_android,credit_card,1
ACC_LEGIT_STD_01425,3,0,0,274.39,89.11,310,1,1,1,0.0,0.0,0,0.0146,desktop_safari,credit_card,0
ACC_LEGIT_STD_00532,12,0,0,880.39,71.07,834,1,3,1,0.0,0.0,2,0.1231,mobile_android,paypal,0
ACC_RING_017_0085,16,12,11,1486.4,92.9,28,5,9,4,0.75,0.6875,10,0.8585,emulator_bot,crypto_gift_card,1
ACC_LEGIT_NEW_00024,1,0,0,80.42,80.42,19,1,1,1,0.0,0.0,0,0.1744,mobile_ios,debit_card,0
ACC_LEGIT_NEW_00271,2,1,1,119.46,59.73,42,1,2,1,0.5,0.5,0,0.1612,mobile_ios,credit_card,0
ACC_LEGIT_STD_02034,8,0,0,741.26,90.97,403,1,1,2,0.0,0.0,1,0.0067,mobile_android,credit_card,0
ACC_LEGIT_STD_01452,5,1,1,173.55,33.7,283,1,1,1,0.2,0.2,0,0.0566,mobile_android,credit_card,0
ACC_WARD_00007,43,35,32,7630.64,183.43,143,2,3,2,0.814,0.7442,24,0.5872,mobile_ios,credit_card,1
ACC_LEGIT_ACT_00498,37,11,9,2385.65,66.84,307,1,3,1,0.2973,0.2432,7,0.3028,mobile_ios,paypal,0
ACC_LEGIT_ACT_00469,23,10,8,3427.57,144.93,488,2,1,2,0.4348,0.3478,5,0.0831,mobile_ios,paypal,0
ACC_LEGIT_STD_02961,3,0,0,111.76,38.85,284,1,1,1,0.0,0.0,0,0.0129,desktop_chrome,debit_card,0
ACC_RING_034_0236,27,19,16,1999.35,74.05,19,4,3,4,0.7037,0.5926,14,0.7922,emulator_bot,crypto_gift_card,1
ACC_LEGIT_STD_00114,6,1,1,493.76,87.87,356,1,2,1,0.1667,0.1667,1,0.2306,mobile_android,debit_card,0
ACC_LEGIT_ACT_00302,37,16,15,3272.92,90.42,550,2,2,2,0.4324,0.4054,2,0.0681,mobile_ios,paypal,0
ACC_LEGIT_STD_00268,17,2,1,846.48,53.93,606,1,1,1,0.1176,0.0588,0,0.0559,mobile_android,apple_pay,0
ACC_LEGIT_STD_02288,6,1,1,469.62,82.29,414,1,1,1,0.1667,0.1667,0,0.0286,desktop_chrome,credit_card,0
ACC_RING_051_0052,11,10,8,1183.16,107.56,35,3,3,4,0.9091,0.7273,5,0.9657,emulator_bot,credit_card,1
ACC_LEGIT_STD_02333,5,0,0,438.05,93.0,391,1,1,1,0.0,0.0,1,0.0494,mobile_ios,debit_card,0
ACC_LEGIT_NEW_00120,1,1,1,68.18,68.18,21,1,2,1,1.0,1.0,0,0.0681,mobile_ios,debit_card,0
ACC_LEGIT_STD_02891,9,0,0,645.63,70.85,365,1,1,1,0.0,0.0,0,0.0415,mobile_android,credit_card,0
ACC_LEGIT_STD_02613,5,0,0,409.7,82.04,162,1,1,1,0.0,0.0,1,0.0932,mobile_ios,paypal,0
ACC_RING_057_0326,13,10,9,2072.33,159.41,16,4,3,4,0.7692,0.6923,8,0.9534,mobile_android,credit_card,1
ACC_LEGIT_ACT_00593,27,12,10,1605.52,57.59,405,2,3,1,0.4444,0.3704,5,0.1195,mobile_android,credit_card,0
ACC_LEGIT_STD_02086,15,1,1,504.43,33.13,619,2,1,2,0.0667,0.0667,2,0.0348,mobile_ios,apple_pay,0
ACC_LEGIT_STD_00904,10,4,4,828.5,83.96,332,1,1,2,0.4,0.4,0,0.0116,mobile_android,paypal,0
ACC_LEGIT_NEW_00008,1,0,0,60.32,60.32,21,2,1,1,0.0,0.0,0,0.052,mobile_ios,credit_card,0
ACC_RING_051_0119,6,4,3,509.22,84.87,28,5,3,4,0.6667,0.5,3,0.9779,emulator_bot,crypto_gift_card,1
ACC_LEGIT_STD_00588,5,0,0,496.46,95.55,194,2,1,1,0.0,0.0,0,0.0325,mobile_ios,credit_card,0
ACC_LEGIT_STD_01161,4,0,0,57.09,15.0,141,1,1,1,0.0,0.0,1,0.0273,mobile_ios,debit_card,0
ACC_LEGIT_STD_01527,5,0,0,422.59,90.04,321,3,1,1,0.0,0.0,2,0.1859,mobile_android,credit_card,0
ACC_LEGIT_NEW_00022,2,0,0,72.28,36.14,11,1,1,1,0.0,0.0,0,0.0355,desktop_chrome,apple_pay,0
ACC_LEGIT_ACT_00545,26,5,4,3056.55,113.94,110,2,2,1,0.1923,0.1538,4,0.4626,desktop_chrome,paypal,0
ACC_LEGIT_STD_00534,5,1,1,312.78,58.65,268,2,2,1,0.2,0.2,0,0.0208,mobile_ios,credit_card,0
ACC_LEGIT_STD_01877,12,0,0,704.46,57.23,420,1,1,1,0.0,0.0,1,0.0211,mobile_ios,credit_card,0
ACC_LEGIT_STD_00405,11,0,0,971.13,82.17,784,2,1,1,0.0,0.0,0,0.001,mobile_ios,credit_card,0
ACC_LEGIT_STD_02817,5,0,0,483.13,103.95,415,1,3,1,0.0,0.0,2,0.059,mobile_ios,credit_card,0
ACC_LEGIT_STD_01382,10,1,1,984.86,107.04,621,1,1,3,0.1,0.1,1,0.0022,mobile_ios,credit_card,0
ACC_LEGIT_STD_01469,4,0,0,381.36,90.26,121,1,1,1,0.0,0.0,0,0.1882,mobile_ios,paypal,0
ACC_LEGIT_STD_00850,14,1,1,468.33,35.36,619,1,3,3,0.0714,0.0714,2,0.1986,desktop_chrome,debit_card,0
ACC_LEGIT_ACT_00652,38,10,9,2586.65,70.42,665,2,1,1,0.2632,0.2368,8,0.4656,desktop_chrome,credit_card,0
ACC_LEGIT_ACT_00790,53,12,10,3092.11,60.47,623,1,2,1,0.2264,0.1887,6,0.1853,mobile_ios,paypal,0
ACC_LEGIT_STD_02157,8,1,0,464.78,55.25,408,2,1,1,0.125,0.0,0,0.0694,mobile_ios,debit_card,0
ACC_LEGIT_STD_00777,10,0,0,301.53,29.96,579,1,1,1,0.0,0.0,0,0.1341,mobile_android,credit_card,0
ACC_LEGIT_STD_00959,15,0,0,1069.12,70.84,758,1,1,2,0.0,0.0,2,0.0026,mobile_android,apple_pay,0
ACC_LEGIT_STD_01141,10,0,0,648.9,65.28,463,1,2,1,0.0,0.0,1,0.1817,mobile_ios,credit_card,0
ACC_LEGIT_NEW_00151,3,0,0,90.21,30.07,18,1,1,1,0.0,0.0,0,0.0645,mobile_android,apple_pay,0
ACC_LEGIT_ACT_00696,38,14,11,4379.31,119.48,219,2,2,1,0.3684,0.2895,5,0.199,desktop_chrome,paypal,0
ACC_RING_059_0261,8,5,4,963.52,120.44,32,7,4,8,0.625,0.5,2,0.7519,emulator_bot,crypto_gift_card,1
ACC_LEGIT_ACT_00751,33,12,11,1682.44,48.83,529,3,2,3,0.3636,0.3333,6,0.5252,desktop_chrome,paypal,0
ACC_LEGIT_STD_02231,15,0,0,973.74,62.82,641,1,1,1,0.0,0.0,0,0.0396,desktop_chrome,credit_card,0
ACC_LEGIT_STD_01675,9,0,0,273.11,28.96,482,1,1,1,0.0,0.0,0,0.1091,desktop_chrome,debit_card,0
ACC_LEGIT_STD_02111,4,0,0,64.45,16.79,194,1,1,1,0.0,0.0,0,0.0735,mobile_android,debit_card,0
ACC_LEGIT_STD_00193,1,0,0,70.33,71.89,134,1,1,2,0.0,0.0,0,0.0548,mobile_android,debit_card,0
ACC_LEGIT_ACT_00805,17,5,4,1334.21,75.58,871,1,3,1,0.2941,0.2353,4,0.385,desktop_chrome,credit_card,0
ACC_LEGIT_STD_02603,12,1,1,939.62,73.52,391,2,1,1,0.0833,0.0833,0,0.0146,mobile_ios,debit_card,0
ACC_LEGIT_STD_01568,6,1,0,379.75,63.68,382,1,1,2,0.1667,0.0,0,0.0973,desktop_chrome,debit_card,0
ACC_LEGIT_STD_00343,5,0,0,390.69,73.63,480,2,1,1,0.0,0.0,0,0.0994,mobile_android,paypal,0
ACC_LEGIT_ACT_00250,19,4,3,2327.65,120.08,784,2,1,1,0.2105,0.1579,5,0.1686,mobile_ios,credit_card,0
ACC_LEGIT_STD_01759,4,1,1,155.93,40.51,355,1,2,1,0.25,0.25,0,0.1061,desktop_chrome,debit_card,0
ACC_LEGIT_STD_02376,8,0,0,632.37,81.99,349,2,2,1,0.0,0.0,1,0.1166,mobile_ios,apple_pay,0
ACC_LEGIT_STD_01773,18,0,0,1450.88,78.22,629,1,1,1,0.0,0.0,0,0.0051,mobile_ios,credit_card,0
ACC_LEGIT_STD_01313,2,0,0,152.98,79.56,223,1,2,2,0.0,0.0,0,0.1453,mobile_ios,credit_card,0
ACC_WARD_00040,43,35,33,5653.91,135.37,132,2,1,2,0.814,0.7674,27,0.7776,mobile_android,virtual_card,1
ACC_LEGIT_ACT_00486,26,10,8,1171.26,45.56,257,3,2,2,0.3846,0.3077,7,0.4614,mobile_ios,credit_card,0
ACC_LEGIT_NEW_00127,2,0,0,85.82,42.91,36,1,2,1,0.0,0.0,0,0.3137,mobile_android,apple_pay,0
ACC_RING_031_0099,21,16,14,3365.88,160.28,22,3,4,3,0.7619,0.6667,11,0.9572,desktop_chrome,crypto_gift_card,1
ACC_LEGIT_NEW_00166,2,1,1,137.82,68.91,43,2,2,1,0.5,0.5,0,0.0397,mobile_ios,credit_card,0
ACC_LEGIT_STD_01961,18,1,1,1077.78,55.51,496,1,1,1,0.0556,0.0556,1,0.014,mobile_ios,debit_card,0
ACC_LEGIT_STD_00938,9,0,0,578.56,59.59,252,1,1,1,0.0,0.0,0,0.0495,mobile_ios,credit_card,0
ACC_LEGIT_ACT_00261,15,6,4,1237.45,83.16,504,1,2,1,0.4,0.2667,3,0.2711,desktop_chrome,credit_card,0
ACC_WARD_00108,20,16,14,4393.9,226.67,199,2,1,2,0.8,0.7,15,0.6609,mobile_android,credit_card,1
ACC_LEGIT_STD_02304,10,1,0,957.83,89.49,399,1,1,1,0.1,0.0,1,0.0197,mobile_ios,apple_pay,0
ACC_LEGIT_STD_00417,4,0,0,182.49,48.52,267,2,1,1,0.0,0.0,0,0.2036,mobile_android,debit_card,0
ACC_LEGIT_STD_00160,5,0,0,291.41,57.99,221,1,1,1,0.0,0.0,0,0.0099,mobile_android,credit_card,0
ACC_LEGIT_STD_00957,7,0,0,489.73,71.57,358,1,2,1,0.0,0.0,0,0.0833,mobile_ios,credit_card,0
ACC_LEGIT_STD_01477,6,4,4,446.08,77.98,565,1,1,1,0.6667,0.6667,0,0.1932,mobile_ios,debit_card,0
ACC_LEGIT_STD_00718,9,0,0,594.26,61.61,517,1,2,1,0.0,0.0,1,0.0486,mobile_android,credit_card,0
ACC_WARD_00213,21,15,14,2510.16,121.48,277,2,2,4,0.7143,0.6667,15,0.5282,mobile_android,paypal,1
ACC_LEGIT_STD_01914,4,0,0,114.54,26.8,242,2,1,1,0.0,0.0,1,0.094,mobile_ios,credit_card,0
ACC_LEGIT_STD_00664,4,0,0,205.06,52.63,228,2,1,1,0.0,0.0,0,0.0276,mobile_ios,credit_card,0
ACC_RING_055_0257,7,4,3,1006.53,143.79,4,4,3,4,0.5714,0.4286,3,0.7637,emulator_bot,virtual_card,1
ACC_LEGIT_STD_02278,14,0,0,406.47,30.4,634,1,2,1,0.0,0.0,0,0.0336,desktop_chrome,credit_card,0
ACC_LEGIT_STD_01346,4,0,0,187.38,44.74,262,1,1,1,0.0,0.0,0,0.0495,mobile_android,apple_pay,0
ACC_LEGIT_ACT_00210,44,14,11,2858.47,64.93,835,2,2,1,0.3182,0.25,13,0.0588,mobile_ios,apple_pay,0
ACC_LEGIT_STD_01457,1,0,0,75.71,70.59,228,1,3,1,0.0,0.0,0,0.0557,mobile_ios,debit_card,0
ACC_LEGIT_ACT_00409,18,5,4,1565.19,88.72,582,1,2,3,0.2778,0.2222,6,0.0403,mobile_ios,paypal,0
ACC_SLOW_00149,9,4,3,1221.12,135.68,194,2,2,2,0.4444,0.3333,1,0.4869,mobile_android,credit_card,1
ACC_LEGIT_STD_01023,6,0,0,518.45,89.78,452,1,1,1,0.0,0.0,0,0.0432,mobile_ios,credit_card,0
ACC_LEGIT_STD_02832,10,1,1,637.65,65.41,457,1,1,1,0.1,0.1,0,0.1391,mobile_android,credit_card,0
ACC_RING_061_0129,14,11,10,1968.68,140.62,34,3,3,5,0.7857,0.7143,5,0.8188,desktop_chrome,crypto_gift_card,1
ACC_LEGIT_STD_01274,11,0,0,625.92,55.1,437,1,2,3,0.0,0.0,1,0.0388,desktop_safari,credit_card,0
ACC_LEGIT_STD_02707,8,1,1,668.85,79.11,538,1,2,1,0.125,0.125,1,0.0962,mobile_ios,credit_card,0
ACC_LEGIT_STD_02453,6,0,0,219.2,38.68,295,1,1,1,0.0,0.0,0,0.0795,desktop_chrome,credit_card,0
ACC_LEGIT_STD_00002,3,0,0,235.54,79.31,242,1,1,1,0.0,0.0,0,0.0096,desktop_chrome,credit_card,0
ACC_LEGIT_STD_00262,12,0,0,788.09,61.22,615,1,1,1,0.0,0.0,1,0.0208,mobile_android,credit_card,0
ACC_LEGIT_STD_00584,3,0,0,251.51,80.76,179,1,1,1,0.0,0.0,1,0.0141,desktop_chrome,apple_pay,0
ACC_LEGIT_STD_01502,4,1,1,435.31,101.83,166,1,3,1,0.25,0.25,1,0.0332,mobile_android,apple_pay,0
ACC_LEGIT_STD_00110,11,4,4,703.42,61.59,813,3,2,1,0.3636,0.3636,1,0.0692,desktop_chrome,debit_card,0
ACC_WARD_00202,16,13,11,2918.14,176.5,151,1,1,2,0.8125,0.6875,9,0.6196,mobile_ios,credit_card,1
ACC_LEGIT_STD_00084,4,1,1,274.18,68.5,202,2,1,1,0.25,0.25,0,0.084,desktop_safari,credit_card,0
ACC_WARD_00161,48,42,38,5834.12,123.41,280,1,2,2,0.875,0.7917,21,0.5594,mobile_ios,credit_card,1
ACC_LEGIT_STD_02244,4,0,0,186.76,47.61,259,3,1,2,0.0,0.0,0,0.0069,mobile_android,debit_card,0
ACC_LEGIT_ACT_00024,36,10,8,4236.22,113.31,291,2,2,2,0.2778,0.2222,8,0.3441,mobile_ios,credit_card,0
ACC_LEGIT_STD_02384,5,0,0,355.98,68.42,287,2,1,2,0.0,0.0,0,0.003,mobile_ios,debit_card,0
ACC_LEGIT_STD_02841,4,0,0,279.37,75.34,165,1,3,1,0.0,0.0,1,0.0617,mobile_android,debit_card,0
ACC_WARD_00079,17,12,11,2706.85,160.37,44,2,4,2,0.7059,0.6471,8,0.7647,mobile_android,credit_card,1
ACC_LEGIT_STD_02302,5,0,0,298.88,55.45,203,1,1,1,0.0,0.0,1,0.0197,desktop_chrome,credit_card,0
ACC_LEGIT_STD_02149,1,0,0,50.94,50.59,184,1,3,1,0.0,0.0,0,0.0478,mobile_android,credit_card,0
ACC_LEGIT_STD_02684,17,3,3,1074.33,61.31,1056,2,2,1,0.1765,0.1765,1,0.0149,mobile_ios,debit_card,0
ACC_LEGIT_STD_00535,5,1,0,317.97,60.63,346,1,1,1,0.2,0.0,0,0.0561,desktop_chrome,credit_card,0
ACC_LEGIT_STD_00876,15,1,1,754.19,47.83,516,1,3,1,0.0667,0.0667,1,0.0154,mobile_android,debit_card,0
ACC_LEGIT_STD_02631,8,1,1,276.38,32.95,306,1,1,1,0.125,0.125,0,0.0558,mobile_ios,debit_card,0
ACC_LEGIT_STD_02291,7,1,1,593.51,78.99,334,2,2,1,0.1429,0.1429,0,0.0487,desktop_chrome,apple_pay,0
ACC_LEGIT_ACT_00719,39,18,17,5332.78,141.52,871,3,2,1,0.4615,0.4359,7,0.3046,desktop_chrome,paypal,0
ACC_LEGIT_ACT_00667,50,13,12,4478.31,91.85,677,2,1,1,0.26,0.24,6,0.2478,desktop_chrome,credit_card,0
ACC_LEGIT_STD_02554,3,0,0,227.7,73.05,381,1,1,1,0.0,0.0,0,0.0321,desktop_chrome,credit_card,0
ACC_LEGIT_STD_00751,6,0,0,311.01,53.51,348,1,1,1,0.0,0.0,1,0.0836,mobile_ios,debit_card,0
ACC_LEGIT_STD_00685,7,0,0,513.4,69.84,202,1,1,3,0.0,0.0,0,0.0185,mobile_ios,debit_card,0
ACC_LEGIT_STD_01177,1,0,0,63.4,68.72,250,1,1,1,0.0,0.0,0,0.2021,mobile_ios,credit_card,0
ACC_LEGIT_NEW_00378,1,0,0,63.56,63.56,5,2,1,1,0.0,0.0,0,0.1019,mobile_android,apple_pay,0
ACC_WARD_00219,28,23,20,3911.81,141.15,281,1,4,1,0.8214,0.7143,11,0.7373,mobile_android,credit_card,1
ACC_LEGIT_ACT_00349,28,6,5,2399.12,82.67,792,1,2,1,0.2143,0.1786,5,0.2804,desktop_chrome,paypal,0
ACC_LEGIT_STD_00398,11,0,0,1072.27,100.87,526,1,1,1,0.0,0.0,0,0.0057,mobile_android,credit_card,0
ACC_SLOW_00103,6,2,1,606.12,101.02,121,2,2,2,0.3333,0.1667,1,0.642,mobile_ios,debit_card,1
ACC_SLOW_00113,12,5,4,420.0,35.0,173,3,4,2,0.4167,0.3333,4,0.4023,mobile_android,credit_card,1
ACC_LEGIT_STD_00681,8,0,0,701.61,91.67,298,1,2,1,0.0,0.0,0,0.0132,mobile_android,credit_card,0
ACC_LEGIT_STD_00145,10,1,0,770.89,77.11,398,3,2,2,0.1,0.0,0,0.0079,mobile_android,credit_card,0
ACC_LEGIT_STD_01640,11,1,1,715.88,64.56,380,1,1,1,0.0909,0.0909,0,0.0437,mobile_android,credit_card,0
ACC_LEGIT_NEW_00241,1,0,0,43.47,43.47,21,1,2,1,0.0,0.0,0,0.1191,desktop_chrome,debit_card,0
ACC_LEGIT_ACT_00589,17,5,4,2169.83,128.61,748,2,3,1,0.2941,0.2353,3,0.2593,desktop_chrome,debit_card,0
ACC_LEGIT_STD_01415,6,2,2,189.99,30.49,286,1,1,1,0.3333,0.3333,0,0.0153,desktop_chrome,debit_card,0
ACC_LEGIT_ACT_00465,40,8,6,3696.85,95.24,731,4,3,1,0.2,0.15,11,0.395,mobile_ios,credit_card,0
ACC_LEGIT_STD_02447,9,0,0,521.6,59.95,514,1,2,1,0.0,0.0,1,0.0045,mobile_android,apple_pay,0
ACC_LEGIT_STD_00970,3,0,0,279.31,98.33,278,1,2,1,0.0,0.0,0,0.061,desktop_safari,credit_card,0
ACC_LEGIT_NEW_00156,1,0,0,48.79,48.79,42,1,2,1,0.0,0.0,0,0.1608,mobile_ios,debit_card,0
ACC_LEGIT_STD_00561,6,0,0,417.77,70.11,271,1,1,2,0.0,0.0,0,0.003,mobile_ios,credit_card,0
ACC_WARD_00013,34,28,27,4950.38,152.76,105,2,4,2,0.8235,0.7941,18,0.7221,mobile_android,paypal,1
ACC_LEGIT_NEW_00370,2,0,0,74.06,37.03,42,1,2,1,0.0,0.0,0,0.0476,mobile_android,apple_pay,0
ACC_LEGIT_STD_02337,6,1,0,628.55,99.47,435,1,2,1,0.1667,0.0,0,0.0236,mobile_ios,credit_card,0
ACC_LEGIT_STD_00868,7,1,1,558.47,85.05,354,1,1,1,0.1429,0.1429,0,0.0012,desktop_chrome,credit_card,0
ACC_LEGIT_ACT_00467,53,21,20,3346.64,65.55,345,2,2,2,0.3962,0.3774,6,0.0837,desktop_chrome,paypal,0
ACC_LEGIT_ACT_00137,38,15,12,3514.07,95.52,604,4,1,3,0.3947,0.3158,2,0.2194,mobile_android,credit_card,0
ACC_LEGIT_ACT_00574,39,17,15,4045.42,100.52,721,4,2,1,0.4359,0.3846,9,0.2922,mobile_android,paypal,0
ACC_LEGIT_STD_00721,5,0,0,282.42,56.49,261,1,1,1,0.0,0.0,1,0.2665,mobile_ios,debit_card,0
ACC_WARD_00196,24,18,16,4655.41,190.06,305,1,1,1,0.75,0.6667,17,0.7963,mobile_android,virtual_card,1
ACC_LEGIT_STD_02656,5,0,0,486.19,99.16,255,1,1,1,0.0,0.0,0,0.0591,mobile_android,credit_card,0
ACC_LEGIT_STD_00975,12,0,0,220.53,18.21,619,1,1,2,0.0,0.0,1,0.063,desktop_chrome,credit_card,0
ACC_LEGIT_STD_02803,9,0,0,400.77,45.94,319,1,1,1,0.0,0.0,0,0.0006,desktop_chrome,credit_card,0
ACC_LEGIT_STD_01840,7,0,0,536.74,74.92,445,1,1,1,0.0,0.0,0,0.0616,mobile_ios,credit_card,0
ACC_LEGIT_ACT_00619,24,9,7,3396.1,143.17,90,2,1,1,0.375,0.2917,5,0.4074,desktop_chrome,paypal,0
ACC_LEGIT_ACT_00056,45,11,10,6305.05,146.1,86,1,2,2,0.2444,0.2222,12,0.4233,mobile_ios,credit_card,0
ACC_LEGIT_STD_00083,5,1,1,394.05,73.6,384,3,1,1,0.2,0.2,1,0.0353,desktop_safari,credit_card,0
ACC_RING_034_0035,17,14,12,1469.82,86.46,22,3,9,4,0.8235,0.7059,11,0.9347,desktop_chrome,credit_card,1
ACC_WARD_00178,22,19,18,3542.27,165.26,275,1,2,1,0.8636,0.8182,14,0.5446,desktop_chrome,credit_card,1
ACC_LEGIT_ACT_00274,34,7,6,888.91,25.0,230,2,1,1,0.2059,0.1765,3,0.6965,mobile_ios,paypal,0
ACC_LEGIT_STD_00968,1,0,0,62.39,64.07,184,1,1,1,0.0,0.0,0,0.0027,mobile_ios,debit_card,0
ACC_LEGIT_STD_00922,2,0,0,37.59,18.38,372,1,1,1,0.0,0.0,0,0.0197,mobile_ios,debit_card,0
ACC_LEGIT_ACT_00657,51,20,17,3350.71,64.15,417,3,2,2,0.3922,0.3333,9,0.1019,mobile_ios,credit_card,0
ACC_LEGIT_STD_00348,7,0,0,503.2,75.11,430,2,1,2,0.0,0.0,0,0.0726,desktop_chrome,debit_card,0
ACC_LEGIT_STD_00156,8,0,0,219.04,28.33,298,1,2,1,0.0,0.0,1,0.1991,mobile_android,credit_card,0
ACC_LEGIT_ACT_00204,40,8,6,1879.24,45.68,809,2,3,1,0.2,0.15,7,0.2949,desktop_chrome,apple_pay,0
ACC_LEGIT_STD_02131,7,0,0,429.44,60.2,324,2,1,2,0.0,0.0,0,0.0489,mobile_android,debit_card,0
ACC_WARD_00212,54,35,33,12780.23,246.65,215,2,2,2,0.6481,0.6111,33,0.7924,desktop_chrome,credit_card,1
ACC_LEGIT_STD_02657,12,0,0,457.1,37.4,529,2,1,1,0.0,0.0,1,0.1811,mobile_android,credit_card,0
ACC_LEGIT_STD_02385,10,2,1,910.05,96.06,563,1,1,1,0.2,0.1,1,0.1107,mobile_ios,debit_card,0
ACC_LEGIT_ACT_00248,44,12,10,4896.25,110.05,94,1,2,2,0.2727,0.2273,6,0.1571,desktop_chrome,debit_card,0
ACC_LEGIT_ACT_00733,40,9,7,3027.75,75.77,522,1,3,1,0.225,0.175,10,0.1876,mobile_android,credit_card,0
ACC_LEGIT_STD_02037,4,0,0,328.11,87.93,324,2,1,1,0.0,0.0,0,0.0733,mobile_ios,credit_card,0
ACC_LEGIT_ACT_00503,21,5,4,1265.29,61.43,722,1,1,2,0.2381,0.1905,1,0.7721,mobile_ios,debit_card,0
ACC_WARD_00050,54,34,30,7047.5,128.52,44,2,3,1,0.6296,0.5556,40,0.664,mobile_ios,virtual_card,1
ACC_LEGIT_STD_02179,6,0,0,301.06,51.55,277,1,1,1,0.0,0.0,0,0.0044,desktop_safari,credit_card,0
ACC_RING_007_0008,25,19,18,3315.0,132.6,21,5,3,4,0.76,0.72,16,0.7676,emulator_bot,crypto_gift_card,1
ACC_LEGIT_STD_02780,9,1,1,852.22,89.54,664,1,1,1,0.1111,0.1111,0,0.009,mobile_android,apple_pay,0
ACC_RING_006_0141,6,5,4,976.5,162.75,4,4,6,8,0.8333,0.6667,2,0.798,desktop_chrome,virtual_card,1
ACC_LEGIT_ACT_00112,28,10,9,1683.91,58.06,212,2,1,1,0.3571,0.3214,6,0.1729,mobile_ios,paypal,0
ACC_LEGIT_STD_01641,7,0,0,261.51,37.02,300,1,1,1,0.0,0.0,0,0.0214,mobile_ios,debit_card,0
ACC_LEGIT_ACT_00526,15,4,3,1919.13,131.16,250,1,3,1,0.2667,0.2,4,0.1666,desktop_chrome,debit_card,0
ACC_LEGIT_NEW_00063,2,0,0,89.0,44.5,37,1,2,1,0.0,0.0,0,0.087,mobile_ios,debit_card,0
ACC_LEGIT_STD_00671,8,2,2,680.19,80.21,426,2,3,1,0.25,0.25,1,0.0909,desktop_chrome,debit_card,0
ACC_WARD_00046,19,14,13,3472.85,180.73,168,1,3,1,0.7368,0.6842,8,0.5561,mobile_android,credit_card,1
ACC_LEGIT_STD_02077,10,2,1,1039.8,104.24,512,1,4,1,0.2,0.1,1,0.2119,mobile_android,paypal,0
ACC_LEGIT_STD_00887,11,0,0,864.27,78.07,331,1,2,1,0.0,0.0,1,0.0387,mobile_ios,credit_card,0
ACC_LEGIT_STD_00702,10,2,2,478.81,44.37,459,2,1,2,0.2,0.2,1,0.0247,desktop_chrome,credit_card,0
ACC_SLOW_00130,9,3,2,764.19,84.91,176,1,1,2,0.3333,0.2222,2,0.205,desktop_chrome,paypal,1
ACC_LEGIT_STD_02381,3,0,0,176.09,55.95,169,1,1,1,0.0,0.0,0,0.2023,desktop_chrome,credit_card,0
ACC_LEGIT_ACT_00431,51,14,11,4395.78,88.76,413,1,3,3,0.2745,0.2157,10,0.1406,desktop_chrome,paypal,0
ACC_LEGIT_ACT_00212,21,9,7,1495.58,68.57,728,1,2,1,0.4286,0.3333,3,0.4503,mobile_ios,credit_card,0
ACC_LEGIT_STD_02139,11,0,0,824.87,73.42,469,1,2,1,0.0,0.0,0,0.0426,mobile_ios,credit_card,0
ACC_LEGIT_NEW_00050,1,1,1,33.49,33.49,10,1,1,1,1.0,1.0,0,0.1669,mobile_ios,credit_card,0
ACC_SLOW_00144,18,8,7,1372.5,76.25,82,2,1,2,0.4444,0.3889,3,0.5926,mobile_ios,paypal,1
ACC_LEGIT_STD_02715,5,1,1,203.51,39.59,201,2,1,1,0.2,0.2,0,0.0306,mobile_ios,credit_card,0
ACC_LEGIT_STD_00319,12,1,1,677.39,52.72,689,1,1,1,0.0833,0.0833,2,0.0126,mobile_android,credit_card,0
ACC_LEGIT_STD_00966,3,1,1,197.49,63.5,489,1,1,1,0.3333,0.3333,0,0.0414,mobile_android,debit_card,0
ACC_WARD_00239,28,21,20,7286.9,247.93,230,2,1,4,0.75,0.7143,19,0.5703,mobile_ios,paypal,1
ACC_LEGIT_STD_00725,6,0,0,111.42,19.53,240,2,2,1,0.0,0.0,1,0.0897,desktop_safari,debit_card,0
ACC_LEGIT_STD_01369,4,1,1,303.89,75.82,283,1,1,1,0.25,0.25,0,0.0775,desktop_chrome,credit_card,0
ACC_RING_043_0044,13,10,9,1539.72,118.44,30,5,4,3,0.7692,0.6923,4,0.8018,emulator_bot,crypto_gift_card,1
ACC_RING_014_0015,17,15,12,2653.87,156.11,25,3,3,4,0.8824,0.7059,11,0.9648,emulator_bot,credit_card,1
ACC_LEGIT_STD_00082,5,0,0,330.96,70.24,325,1,2,1,0.0,0.0,0,0.0013,mobile_ios,apple_pay,0
ACC_LEGIT_NEW_00130,4,0,0,161.16,40.29,40,1,2,1,0.0,0.0,0,0.1509,mobile_ios,apple_pay,0
ACC_LEGIT_STD_00034,2,0,0,155.14,73.61,206,1,1,1,0.0,0.0,0,0.0149,desktop_safari,credit_card,0
ACC_WARD_00167,16,11,9,3294.06,205.91,344,1,1,3,0.6875,0.5625,11,0.7604,desktop_chrome,credit_card,1
ACC_LEGIT_ACT_00113,15,5,4,1091.94,71.77,617,2,2,1,0.3333,0.2667,2,0.1284,mobile_ios,credit_card,0
ACC_LEGIT_ACT_00692,28,11,8,2997.14,107.83,601,2,2,1,0.3929,0.2857,5,0.3557,mobile_ios,paypal,0
ACC_LEGIT_STD_01117,5,0,0,120.29,23.28,340,1,1,2,0.0,0.0,0,0.0403,mobile_ios,debit_card,0
ACC_LEGIT_STD_02433,17,0,0,818.92,52.36,934,1,1,1,0.0,0.0,1,0.1365,mobile_ios,debit_card,0
ACC_LEGIT_STD_02677,2,2,2,181.83,95.2,153,2,1,1,1.0,1.0,0,0.2578,mobile_ios,debit_card,0
ACC_LEGIT_STD_02888,13,0,0,512.09,41.41,653,1,2,1,0.0,0.0,0,0.0809,desktop_chrome,credit_card,0
ACC_LEGIT_STD_00101,15,0,0,1184.85,77.67,607,1,1,1,0.0,0.0,0,0.0725,mobile_ios,credit_card,0
ACC_LEGIT_STD_01723,4,0,0,350.97,85.68,235,1,1,2,0.0,0.0,0,0.0803,desktop_chrome,credit_card,0
ACC_LEGIT_STD_01834,9,0,0,488.93,55.45,282,1,1,1,0.0,0.0,0,0.1068,mobile_ios,debit_card,0
ACC_LEGIT_STD_01079,6,0,0,391.26,66.57,241,1,4,1,0.0,0.0,1,0.0993,mobile_ios,credit_card,0
ACC_LEGIT_ACT_00709,49,23,18,5282.63,110.41,709,1,1,2,0.4694,0.3673,7,0.1966,mobile_ios,paypal,0
ACC_LEGIT_STD_01594,33,1,1,2223.74,66.73,1501,1,1,1,0.0303,0.0303,0,0.0202,desktop_chrome,debit_card,0
ACC_LEGIT_ACT_00120,14,4,3,1045.4,73.71,532,2,2,2,0.2857,0.2143,2,0.027,desktop_chrome,debit_card,0
ACC_RING_048_0183,20,14,13,3027.6,151.38,10,3,4,3,0.7,0.65,14,0.7278,emulator_bot,virtual_card,1
ACC_LEGIT_STD_01824,1,0,0,87.96,90.97,140,1,1,1,0.0,0.0,0,0.0171,mobile_android,debit_card,0
ACC_LEGIT_NEW_00249,3,0,0,132.66,44.22,4,1,1,1,0.0,0.0,0,0.0522,mobile_ios,credit_card,0
ACC_LEGIT_ACT_00029,49,12,10,4897.18,96.15,529,2,3,2,0.2449,0.2041,11,0.254,mobile_android,credit_card,0
ACC_LEGIT_STD_00927,6,0,0,361.49,58.89,422,1,1,1,0.0,0.0,0,0.0504,mobile_ios,apple_pay,0
ACC_LEGIT_STD_01203,13,1,1,829.99,59.4,575,1,4,1,0.0769,0.0769,0,0.0647,mobile_ios,apple_pay,0
ACC_LEGIT_STD_00936,12,0,0,443.4,39.96,435,1,1,1,0.0,0.0,2,0.0638,mobile_android,debit_card,0
ACC_LEGIT_STD_02328,9,1,1,600.19,72.06,581,1,1,1,0.1111,0.1111,0,0.0472,mobile_ios,credit_card,0
ACC_SLOW_00059,15,6,5,647.4,43.16,193,3,3,3,0.4,0.3333,3,0.4802,mobile_ios,credit_card,1
ACC_LEGIT_ACT_00485,22,9,7,1755.46,78.4,192,2,1,2,0.4091,0.3182,5,0.1163,desktop_chrome,debit_card,0
ACC_LEGIT_NEW_00274,1,0,0,57.5,57.5,29,1,1,1,0.0,0.0,0,0.1349,mobile_ios,credit_card,0
ACC_LEGIT_STD_00648,5,0,0,375.62,77.97,333,1,2,1,0.0,0.0,0,0.0872,mobile_android,credit_card,0
ACC_LEGIT_NEW_00030,4,0,0,243.68,60.92,28,1,2,1,0.0,0.0,0,0.0834,mobile_ios,credit_card,0
ACC_LEGIT_STD_00437,10,0,0,472.37,47.58,464,2,2,1,0.0,0.0,1,0.026,desktop_chrome,debit_card,0
ACC_LEGIT_STD_02007,13,1,1,774.95,60.65,576,1,1,1,0.0769,0.0769,0,0.0172,mobile_android,debit_card,0
ACC_LEGIT_STD_02146,19,0,0,1150.19,57.87,995,1,2,1,0.0,0.0,2,0.1814,mobile_ios,paypal,0
ACC_LEGIT_STD_00918,13,0,0,451.46,33.15,655,1,1,1,0.0,0.0,2,0.0418,mobile_ios,apple_pay,0
ACC_LEGIT_STD_02101,7,1,0,514.24,76.67,411,1,1,2,0.1429,0.0,0,0.0112,mobile_android,credit_card,0
ACC_LEGIT_STD_00313,4,0,0,327.88,77.08,178,1,2,1,0.0,0.0,0,0.0158,mobile_ios,credit_card,0
ACC_LEGIT_STD_00520,6,0,0,454.26,75.4,307,2,1,1,0.0,0.0,0,0.0243,mobile_android,credit_card,0
ACC_LEGIT_NEW_00321,2,0,0,95.8,47.9,39,1,1,1,0.0,0.0,0,0.0632,mobile_ios,debit_card,0
ACC_LEGIT_NEW_00139,1,0,0,15.0,15.0,13,1,2,1,0.0,0.0,0,0.2214,mobile_android,debit_card,0
ACC_RING_032_0167,18,12,10,2619.54,145.53,19,4,4,3,0.6667,0.5556,9,0.871,mobile_android,virtual_card,1
ACC_LEGIT_STD_00135,1,0,0,50.48,51.98,143,1,1,2,0.0,0.0,0,0.0357,mobile_ios,credit_card,0
ACC_SLOW_00071,13,5,4,933.92,71.84,198,3,2,2,0.3846,0.3077,3,0.4054,mobile_ios,debit_card,1
ACC_LEGIT_STD_02396,15,0,0,942.06,67.34,538,1,1,1,0.0,0.0,0,0.0751,mobile_android,credit_card,0
ACC_LEGIT_STD_02606,1,0,0,48.08,47.96,160,1,2,2,0.0,0.0,0,0.0276,mobile_android,credit_card,0
ACC_LEGIT_ACT_00771,23,7,5,2209.07,101.02,663,2,2,1,0.3043,0.2174,7,0.1559,mobile_ios,paypal,0
ACC_LEGIT_ACT_00266,22,6,5,968.98,45.18,628,4,1,2,0.2727,0.2273,3,0.4241,mobile_ios,credit_card,0
ACC_LEGIT_ACT_00786,33,13,12,3890.12,123.66,605,2,2,2,0.3939,0.3636,5,0.3316,desktop_chrome,paypal,0
ACC_LEGIT_NEW_00189,1,0,0,65.35,65.35,16,1,2,1,0.0,0.0,0,0.0418,mobile_android,credit_card,0
ACC_RING_042_0043,26,20,17,2882.1,110.85,11,4,6,4,0.7692,0.6538,12,0.9526,emulator_bot,crypto_gift_card,1
ACC_LEGIT_STD_01642,7,0,0,527.5,74.48,498,1,1,1,0.0,0.0,0,0.0774,mobile_android,apple_pay,0
ACC_LEGIT_ACT_00767,33,9,7,4061.96,120.78,344,1,2,2,0.2727,0.2121,6,0.3709,mobile_ios,paypal,0
ACC_LEGIT_STD_00994,7,1,0,539.74,71.89,422,1,1,1,0.1429,0.0,0,0.047,mobile_android,credit_card,0
ACC_LEGIT_ACT_00559,51,24,21,4369.32,84.77,319,1,2,2,0.4706,0.4118,7,0.2556,desktop_chrome,paypal,0
ACC_LEGIT_STD_00037,3,0,0,167.3,56.05,165,1,1,1,0.0,0.0,0,0.1025,desktop_safari,paypal,0
ACC_LEGIT_STD_02280,3,0,0,99.28,34.17,156,1,1,1,0.0,0.0,1,0.0028,desktop_chrome,credit_card,0
ACC_LEGIT_STD_01473,7,0,0,650.38,97.93,207,1,1,3,0.0,0.0,0,0.0665,mobile_android,credit_card,0
ACC_LEGIT_ACT_00253,50,14,12,3626.52,75.92,632,2,2,1,0.28,0.24,16,0.225,mobile_ios,apple_pay,0
ACC_LEGIT_NEW_00128,2,0,0,128.28,64.14,22,2,1,1,0.0,0.0,0,0.3239,mobile_ios,debit_card,0
ACC_SLOW_00014,10,5,4,929.2,92.92,51,2,3,3,0.5,0.4,2,0.5248,mobile_android,paypal,1
ACC_LEGIT_STD_01308,14,1,1,577.5,38.39,511,1,1,1,0.0714,0.0714,1,0.0336,mobile_android,credit_card,0
ACC_LEGIT_STD_01178,5,0,0,181.86,37.58,100,1,2,1,0.0,0.0,0,0.013,mobile_ios,credit_card,0
ACC_LEGIT_STD_00854,11,0,0,896.9,76.75,328,1,1,3,0.0,0.0,0,0.0609,desktop_safari,debit_card,0
ACC_LEGIT_STD_01654,5,0,0,369.61,71.27,325,1,1,1,0.0,0.0,0,0.0523,desktop_chrome,credit_card,0
ACC_LEGIT_NEW_00306,1,0,0,19.41,19.41,16,1,1,1,0.0,0.0,0,0.0967,mobile_android,debit_card,0
ACC_LEGIT_STD_00612,18,2,2,537.15,28.97,1097,1,1,2,0.1111,0.1111,1,0.0796,mobile_android,paypal,0
ACC_LEGIT_NEW_00236,2,1,1,203.6,101.8,40,1,1,1,0.5,0.5,1,0.2312,mobile_ios,credit_card,0
ACC_LEGIT_STD_01626,11,1,1,752.27,63.82,498,1,1,1,0.0909,0.0909,2,0.0033,desktop_chrome,credit_card,0
ACC_LEGIT_STD_01277,5,0,0,348.06,70.76,519,1,4,1,0.0,0.0,0,0.0455,mobile_ios,apple_pay,0
ACC_LEGIT_STD_01398,3,1,1,132.24,41.68,295,3,3,1,0.3333,0.3333,0,0.0227,mobile_android,debit_card,0
ACC_LEGIT_ACT_00417,36,14,12,4081.28,113.12,855,2,1,1,0.3889,0.3333,7,0.0925,mobile_android,credit_card,0
ACC_LEGIT_STD_02843,5,1,1,474.42,88.82,509,1,2,2,0.2,0.2,0,0.0365,mobile_ios,credit_card,0
ACC_LEGIT_NEW_00074,1,0,0,44.15,44.15,3,1,1,1,0.0,0.0,0,0.1653,mobile_android,credit_card,0
ACC_RING_050_0118,9,8,7,1309.32,145.48,4,3,6,3,0.8889,0.7778,6,0.9643,emulator_bot,crypto_gift_card,1
ACC_LEGIT_ACT_00083,16,3,2,1336.24,81.95,690,1,1,1,0.1875,0.125,1,0.2091,desktop_chrome,apple_pay,0
ACC_RING_066_0134,13,10,8,1500.46,115.42,11,3,3,4,0.7692,0.6154,7,0.882,emulator_bot,crypto_gift_card,1
ACC_LEGIT_STD_02526,4,0,0,145.93,38.1,212,1,1,1,0.0,0.0,1,0.1443,mobile_ios,credit_card,0
ACC_LEGIT_STD_00808,3,0,0,155.95,49.04,236,2,1,1,0.0,0.0,0,0.0396,mobile_ios,credit_card,0
ACC_LEGIT_STD_01804,9,0,0,564.53,63.51,596,1,2,2,0.0,0.0,0,0.0839,desktop_chrome,credit_card,0
ACC_LEGIT_NEW_00348,1,0,0,44.52,44.52,18,1,1,1,0.0,0.0,0,0.1354,desktop_chrome,debit_card,0
ACC_LEGIT_STD_00848,22,2,2,2173.42,94.87,920,1,2,1,0.0909,0.0909,1,0.0184,mobile_ios,credit_card,0
ACC_RING_039_0107,12,9,7,1623.6,135.3,26,5,3,4,0.75,0.5833,4,0.9685,desktop_chrome,virtual_card,1
ACC_LEGIT_STD_02336,1,0,0,30.5,31.21,132,1,2,1,0.0,0.0,0,0.0735,desktop_chrome,debit_card,0
ACC_RING_058_0327,21,16,15,2489.76,118.56,32,5,4,4,0.7619,0.7143,8,0.8217,desktop_chrome,crypto_gift_card,1
ACC_LEGIT_NEW_00277,4,0,0,259.36,64.84,21,1,1,1,0.0,0.0,0,0.0312,mobile_ios,credit_card,0
ACC_LEGIT_STD_00481,4,1,1,261.6,66.85,413,1,1,1,0.25,0.25,0,0.0214,mobile_ios,credit_card,0
ACC_SLOW_00007,18,10,8,944.82,52.49,77,1,1,1,0.5556,0.4444,6,0.799,mobile_ios,credit_card,1
ACC_LEGIT_STD_02136,6,0,0,458.99,73.73,298,1,1,1,0.0,0.0,0,0.0239,mobile_ios,apple_pay,0
ACC_WARD_00209,43,27,23,6736.59,155.21,120,2,1,1,0.6279,0.5349,23,0.6793,desktop_chrome,paypal,1
ACC_LEGIT_STD_02087,5,0,0,171.17,35.41,435,1,2,1,0.0,0.0,1,0.1113,mobile_ios,apple_pay,0
ACC_LEGIT_STD_01577,6,1,1,353.08,56.83,258,2,1,2,0.1667,0.1667,0,0.2689,desktop_chrome,credit_card,0
ACC_RING_024_0025,7,5,4,632.31,90.33,27,7,6,4,0.7143,0.5714,3,0.9051,emulator_bot,virtual_card,1
ACC_LEGIT_ACT_00313,20,8,7,1596.66,80.08,161,4,3,3,0.4,0.35,5,0.2518,desktop_chrome,credit_card,0
ACC_LEGIT_STD_02184,11,1,1,835.32,71.62,476,1,2,1,0.0909,0.0909,1,0.0521,mobile_ios,debit_card,0
ACC_LEGIT_STD_01247,4,0,0,73.79,18.53,218,1,2,1,0.0,0.0,1,0.2224,mobile_android,credit_card,0
ACC_LEGIT_STD_02113,6,0,0,261.1,41.94,144,2,1,1,0.0,0.0,0,0.0121,desktop_chrome,paypal,0
ACC_LEGIT_STD_02223,7,0,0,318.69,45.38,195,1,1,1,0.0,0.0,1,0.0688,mobile_ios,debit_card,0
ACC_LEGIT_ACT_00522,24,8,7,2094.81,87.58,126,1,5,2,0.3333,0.2917,7,0.1396,mobile_ios,credit_card,0
ACC_RING_043_0245,27,25,22,3447.09,127.67,11,7,3,3,0.9259,0.8148,19,0.9563,emulator_bot,virtual_card,1
ACC_LEGIT_STD_02576,12,0,0,1117.8,90.32,530,2,1,2,0.0,0.0,1,0.0401,mobile_android,credit_card,0
ACC_LEGIT_ACT_00021,15,7,6,1924.07,131.61,716,2,3,2,0.4667,0.4,0,0.1007,mobile_ios,apple_pay,0
ACC_LEGIT_ACT_00502,54,22,21,4336.98,81.37,801,3,2,2,0.4074,0.3889,11,0.4156,mobile_android,paypal,0
ACC_LEGIT_STD_00924,10,0,0,724.82,75.69,251,1,1,2,0.0,0.0,2,0.0518,mobile_ios,credit_card,0
ACC_LEGIT_STD_01925,9,0,0,713.2,74.4,469,2,4,2,0.0,0.0,0,0.0248,mobile_ios,debit_card,0
ACC_LEGIT_STD_00074,4,1,1,230.97,61.83,213,1,1,1,0.25,0.25,0,0.082,mobile_android,debit_card,0
ACC_LEGIT_ACT_00272,27,7,6,2976.44,108.42,425,1,2,2,0.2593,0.2222,5,0.2126,mobile_ios,apple_pay,0
ACC_LEGIT_STD_00305,4,0,0,205.43,50.09,185,1,1,1,0.0,0.0,0,0.0921,mobile_ios,debit_card,0
ACC_LEGIT_NEW_00153,1,1,1,57.31,57.31,40,1,2,1,1.0,1.0,0,0.0313,desktop_chrome,credit_card,0
ACC_LEGIT_STD_02483,32,1,1,1774.09,55.48,1384,1,1,1,0.0312,0.0312,0,0.064,mobile_ios,credit_card,0
ACC_LEGIT_STD_00580,4,0,0,365.45,91.44,458,1,3,1,0.0,0.0,0,0.0102,desktop_safari,apple_pay,0
ACC_LEGIT_STD_00932,17,0,0,1228.12,72.67,771,2,1,1,0.0,0.0,1,0.0568,mobile_ios,apple_pay,0
ACC_LEGIT_STD_02798,5,0,0,393.87,73.91,308,1,2,1,0.0,0.0,1,0.0959,mobile_ios,debit_card,0
ACC_LEGIT_STD_00102,2,0,0,127.84,67.22,92,1,2,1,0.0,0.0,0,0.0775,mobile_ios,paypal,0
ACC_LEGIT_STD_00046,10,0,0,704.46,66.36,741,1,2,1,0.0,0.0,0,0.0803,desktop_safari,credit_card,0
ACC_LEGIT_STD_01035,6,0,0,417.45,69.64,226,1,1,1,0.0,0.0,0,0.0041,desktop_chrome,credit_card,0
ACC_LEGIT_STD_02508,5,0,0,234.66,47.32,218,1,1,1,0.0,0.0,1,0.0073,mobile_android,credit_card,0
ACC_LEGIT_NEW_00121,2,0,0,30.0,15.0,15,2,1,1,0.0,0.0,0,0.2172,mobile_ios,apple_pay,0
ACC_LEGIT_STD_00449,1,0,0,62.18,59.25,142,3,1,1,0.0,0.0,0,0.1122,mobile_android,debit_card,0
ACC_LEGIT_STD_01605,12,0,0,827.24,65.79,361,2,1,1,0.0,0.0,2,0.1135,mobile_android,debit_card,0
ACC_LEGIT_STD_00715,9,0,0,704.41,78.44,245,1,3,1,0.0,0.0,1,0.0647,mobile_android,apple_pay,0
ACC_LEGIT_STD_01531,7,0,0,448.33,66.91,580,1,1,3,0.0,0.0,1,0.0405,mobile_android,debit_card,0
ACC_LEGIT_STD_00394,5,1,1,256.05,50.11,261,1,2,1,0.2,0.2,0,0.0474,mobile_android,paypal,0
ACC_LEGIT_ACT_00078,33,7,6,3897.17,114.26,671,3,2,1,0.2121,0.1818,10,0.1434,mobile_android,credit_card,0
ACC_RING_019_0087,26,18,15,3903.9,150.15,35,4,6,3,0.6923,0.5769,9,0.7983,emulator_bot,credit_card,1
ACC_LEGIT_STD_00408,15,0,0,1996.0,128.77,640,2,1,1,0.0,0.0,3,0.0758,mobile_ios,apple_pay,0
ACC_LEGIT_STD_01936,11,3,3,993.68,85.9,857,1,2,1,0.2727,0.2727,0,0.0117,mobile_ios,credit_card,0
ACC_RING_063_0064,25,17,16,3298.5,131.94,30,5,6,4,0.68,0.64,14,0.8527,emulator_bot,crypto_gift_card,1
ACC_LEGIT_STD_00185,18,1,1,1401.93,72.33,901,1,2,2,0.0556,0.0556,1,0.0626,desktop_safari,credit_card,0
ACC_LEGIT_STD_01004,11,0,0,807.17,69.7,250,1,1,2,0.0,0.0,0,0.004,desktop_chrome,credit_card,0
ACC_LEGIT_STD_01592,2,1,1,200.33,92.95,189,1,1,1,0.5,0.5,0,0.0133,mobile_ios,debit_card,0
ACC_WARD_00106,51,41,35,7917.62,149.23,337,1,2,1,0.8039,0.6863,28,0.7336,mobile_ios,credit_card,1
ACC_LEGIT_ACT_00325,17,3,2,1539.12,93.98,519,2,2,2,0.1765,0.1176,3,0.1842,mobile_ios,apple_pay,0
ACC_LEGIT_STD_02335,12,0,0,668.0,55.58,591,1,1,1,0.0,0.0,0,0.1595,mobile_ios,debit_card,0
ACC_LEGIT_STD_01762,2,0,0,126.8,62.3,193,1,1,1,0.0,0.0,0,0.0777,mobile_ios,credit_card,0
ACC_WARD_00221,33,23,21,6609.77,194.11,178,2,2,1,0.697,0.6364,14,0.7786,mobile_ios,paypal,1
ACC_RING_035_0170,23,15,14,2922.15,127.05,21,5,6,5,0.6522,0.6087,11,0.9722,emulator_bot,virtual_card,1
ACC_WARD_00193,39,34,31,6713.16,179.03,37,1,1,4,0.8718,0.7949,29,0.6858,mobile_ios,paypal,1
ACC_LEGIT_STD_01388,6,1,1,349.82,62.57,311,1,2,3,0.1667,0.1667,1,0.0118,desktop_chrome,credit_card,0
ACC_LEGIT_STD_01763,6,1,1,479.46,86.27,362,1,1,1,0.1667,0.1667,0,0.0327,desktop_chrome,debit_card,0
ACC_LEGIT_ACT_00375,29,6,4,2345.92,77.79,506,3,3,2,0.2069,0.1379,4,0.2197,desktop_chrome,credit_card,0
ACC_LEGIT_STD_00866,8,0,0,730.4,92.25,297,2,1,2,0.0,0.0,0,0.0619,mobile_ios,credit_card,0
ACC_LEGIT_STD_01413,3,1,1,82.17,26.15,282,1,1,1,0.3333,0.3333,0,0.1447,desktop_safari,debit_card,0
ACC_LEGIT_NEW_00122,3,0,0,86.7,28.9,36,1,1,1,0.0,0.0,0,0.2343,desktop_chrome,apple_pay,0
ACC_WARD_00100,19,12,10,5774.36,304.5,193,2,1,1,0.6316,0.5263,12,0.7789,desktop_chrome,virtual_card,1
ACC_LEGIT_STD_01598,8,0,0,430.59,55.38,449,1,2,1,0.0,0.0,1,0.0315,mobile_ios,credit_card,0
ACC_LEGIT_STD_01813,1,0,0,30.55,32.68,119,2,1,1,0.0,0.0,0,0.0656,mobile_ios,credit_card,0
ACC_LEGIT_STD_01167,18,2,2,821.53,45.27,652,1,2,3,0.1111,0.1111,0,0.0134,mobile_ios,paypal,0
ACC_LEGIT_NEW_00193,2,0,0,132.1,66.05,32,1,1,1,0.0,0.0,0,0.1317,mobile_android,credit_card,0
ACC_LEGIT_STD_01400,45,6,6,4947.82,111.38,1731,1,1,1,0.1333,0.1333,7,0.1015,mobile_ios,debit_card,0
ACC_LEGIT_STD_00187,9,0,0,661.86,72.12,469,1,1,3,0.0,0.0,1,0.0205,mobile_android,credit_card,0
ACC_LEGIT_STD_00381,6,0,0,399.46,62.37,253,2,3,3,0.0,0.0,0,0.0949,mobile_ios,apple_pay,0
ACC_LEGIT_STD_00151,13,2,2,1238.09,97.08,729,1,1,1,0.1538,0.1538,0,0.1089,mobile_android,credit_card,0
ACC_LEGIT_STD_02375,17,2,2,1205.75,66.93,736,1,2,1,0.1176,0.1176,1,0.0202,desktop_chrome,apple_pay,0
ACC_LEGIT_STD_01940,19,0,0,892.15,48.02,864,1,1,1,0.0,0.0,1,0.053,mobile_ios,paypal,0
ACC_RING_037_0038,11,10,8,846.45,76.95,15,5,6,3,0.9091,0.7273,8,0.7707,desktop_chrome,virtual_card,1
ACC_LEGIT_STD_00367,1,1,1,90.29,86.03,159,1,2,2,1.0,1.0,0,0.0293,mobile_android,credit_card,0
ACC_LEGIT_STD_00242,14,2,2,996.19,67.92,501,1,1,1,0.1429,0.1429,2,0.0143,mobile_android,apple_pay,0
ACC_LEGIT_STD_01989,10,1,1,379.84,36.98,606,2,1,1,0.1,0.1,0,0.0129,desktop_chrome,debit_card,0
ACC_SLOW_00062,13,6,5,1073.8,82.6,89,3,3,1,0.4615,0.3846,3,0.5981,desktop_chrome,credit_card,1
ACC_LEGIT_STD_02214,3,0,0,179.7,55.86,138,1,1,1,0.0,0.0,0,0.0452,mobile_android,apple_pay,0
ACC_LEGIT_STD_01903,7,0,0,564.01,75.66,525,1,1,1,0.0,0.0,1,0.0524,mobile_ios,apple_pay,0
ACC_LEGIT_NEW_00331,1,0,0,52.03,52.03,38,1,1,1,0.0,0.0,0,0.1326,mobile_ios,debit_card,0
ACC_LEGIT_NEW_00420,2,0,0,116.64,58.32,36,1,1,1,0.0,0.0,0,0.3535,mobile_android,credit_card,0
ACC_LEGIT_STD_00597,16,0,0,1184.04,68.53,552,1,1,1,0.0,0.0,1,0.096,mobile_android,debit_card,0
ACC_LEGIT_STD_00024,2,0,0,146.12,70.76,265,1,3,2,0.0,0.0,1,0.1639,mobile_android,debit_card,0
ACC_RING_031_0300,18,13,12,2926.44,162.58,15,4,3,4,0.7222,0.6667,9,0.8018,desktop_chrome,virtual_card,1
ACC_LEGIT_STD_01912,2,0,0,170.37,90.6,188,2,1,1,0.0,0.0,0,0.0287,desktop_safari,debit_card,0
ACC_LEGIT_ACT_00492,27,10,9,2442.09,94.99,553,2,2,1,0.3704,0.3333,4,0.2366,mobile_android,paypal,0
ACC_LEGIT_ACT_00218,30,8,6,3189.06,110.58,559,3,2,3,0.2667,0.2,3,0.3087,desktop_chrome,paypal,0
ACC_LEGIT_STD_01974,5,0,0,351.23,72.3,145,1,1,1,0.0,0.0,0,0.0596,mobile_ios,credit_card,0
ACC_LEGIT_STD_00147,5,0,0,278.86,58.13,452,1,2,1,0.0,0.0,1,0.003,mobile_android,credit_card,0
ACC_LEGIT_ACT_00005,39,14,12,3544.57,93.49,114,1,2,1,0.359,0.3077,8,0.1383,mobile_ios,paypal,0
ACC_LEGIT_STD_02741,20,4,4,1467.99,68.61,708,1,1,1,0.2,0.2,2,0.0038,mobile_ios,credit_card,0
ACC_LEGIT_STD_00325,8,2,2,273.34,36.25,229,1,2,1,0.25,0.25,1,0.1514,mobile_ios,credit_card,0
ACC_LEGIT_ACT_00073,26,9,8,3521.76,129.66,809,1,3,2,0.3462,0.3077,5,0.5422,mobile_android,apple_pay,0
ACC_RING_028_0297,8,7,5,1044.16,130.52,29,3,4,3,0.875,0.625,4,0.9715,desktop_chrome,credit_card,1
ACC_LEGIT_STD_01324,5,0,0,354.35,73.97,183,1,1,3,0.0,0.0,0,0.0026,mobile_ios,credit_card,0
ACC_LEGIT_STD_00385,10,3,2,451.07,45.7,467,1,1,2,0.3,0.2,0,0.0997,mobile_android,debit_card,0
ACC_LEGIT_STD_02616,4,0,0,369.12,86.07,137,3,3,1,0.0,0.0,0,0.173,mobile_ios,credit_card,0
ACC_LEGIT_ACT_00495,49,14,12,4882.99,104.32,616,1,3,2,0.2857,0.2449,11,0.0283,mobile_ios,apple_pay,0
ACC_LEGIT_STD_01942,12,0,0,806.9,66.77,667,1,1,1,0.0,0.0,0,0.1078,mobile_android,credit_card,0
ACC_LEGIT_ACT_00826,45,14,11,3772.19,82.68,833,2,1,2,0.3111,0.2444,6,0.1173,mobile_android,paypal,0
ACC_LEGIT_STD_02377,8,3,3,560.85,74.12,385,1,1,2,0.375,0.375,2,0.012,mobile_android,debit_card,0
ACC_LEGIT_ACT_00669,16,6,5,576.1,34.99,175,3,3,2,0.375,0.3125,5,0.5223,mobile_ios,credit_card,0
ACC_WARD_00139,23,18,15,4669.16,201.65,53,1,2,1,0.7826,0.6522,12,0.6005,desktop_chrome,paypal,1
ACC_WARD_00198,25,20,17,4407.25,169.43,36,1,1,1,0.8,0.68,19,0.5685,desktop_chrome,credit_card,1
ACC_LEGIT_STD_01699,10,1,1,580.33,61.64,477,1,2,1,0.1,0.1,1,0.2193,mobile_ios,credit_card,0
ACC_LEGIT_STD_00811,11,1,1,865.51,73.27,709,1,1,1,0.0909,0.0909,1,0.0278,mobile_ios,paypal,0
ACC_LEGIT_STD_02758,2,0,0,137.25,69.97,140,1,1,1,0.0,0.0,1,0.0051,mobile_android,credit_card,0
ACC_LEGIT_STD_01515,12,0,0,899.83,75.64,482,1,1,1,0.0,0.0,0,0.0214,mobile_android,credit_card,0
ACC_LEGIT_STD_00533,3,1,1,287.48,94.36,246,1,2,1,0.3333,0.3333,0,0.0984,desktop_chrome,credit_card,0
ACC_LEGIT_STD_00364,9,1,1,366.9,40.15,485,2,1,2,0.1111,0.1111,0,0.0036,mobile_android,credit_card,0
ACC_LEGIT_STD_00997,8,0,0,452.86,58.31,394,1,1,1,0.0,0.0,0,0.0457,mobile_android,debit_card,0
ACC_LEGIT_STD_01009,3,0,0,153.49,48.87,298,1,1,1,0.0,0.0,2,0.0415,mobile_android,apple_pay,0
ACC_LEGIT_ACT_00167,14,3,2,1539.83,108.65,277,4,2,2,0.2143,0.1429,2,0.5102,mobile_android,debit_card,0
ACC_RING_007_0276,10,8,7,1044.2,104.42,18,4,4,8,0.8,0.7,5,0.933,desktop_chrome,virtual_card,1
ACC_LEGIT_STD_00917,11,1,0,335.4,28.65,751,1,1,1,0.0909,0.0,1,0.2174,mobile_android,credit_card,0
ACC_LEGIT_NEW_00160,2,0,0,109.56,54.78,19,1,2,1,0.0,0.0,0,0.1034,mobile_ios,debit_card,0
ACC_WARD_00068,56,48,44,11708.95,204.23,175,2,2,1,0.8571,0.7857,22,0.6145,mobile_ios,paypal,1
ACC_LEGIT_ACT_00515,17,6,5,1603.61,95.66,320,1,2,2,0.3529,0.2941,3,0.4783,desktop_chrome,credit_card,0
ACC_LEGIT_STD_02374,6,0,0,346.97,55.24,279,1,1,1,0.0,0.0,1,0.0239,mobile_android,debit_card,0
ACC_LEGIT_ACT_00199,15,3,2,1738.18,113.09,870,3,3,2,0.2,0.1333,3,0.504,desktop_chrome,paypal,0
ACC_LEGIT_STD_00369,12,2,2,723.96,63.58,434,1,2,1,0.1667,0.1667,2,0.0804,mobile_android,credit_card,0
ACC_LEGIT_STD_00054,7,0,0,480.2,70.51,382,1,1,3,0.0,0.0,1,0.3078,mobile_android,apple_pay,0
ACC_LEGIT_STD_02349,23,0,0,1815.67,73.23,716,1,2,1,0.0,0.0,1,0.0876,desktop_chrome,credit_card,0
ACC_WARD_00133,32,24,23,6341.97,200.19,348,2,3,2,0.75,0.7188,14,0.6675,desktop_chrome,paypal,1
ACC_RING_012_0147,15,13,11,2904.45,193.63,34,5,3,3,0.8667,0.7333,10,0.9114,emulator_bot,virtual_card,1
ACC_LEGIT_STD_01837,12,0,0,404.87,33.48,438,1,2,1,0.0,0.0,1,0.0939,mobile_ios,apple_pay,0
ACC_RING_051_0253,22,20,17,3887.18,176.69,23,3,3,4,0.9091,0.7727,16,0.726,desktop_chrome,crypto_gift_card,1
ACC_LEGIT_STD_00126,11,1,1,521.22,48.23,313,1,1,1,0.0909,0.0909,1,0.0589,mobile_android,debit_card,0
ACC_LEGIT_STD_00951,9,0,0,634.69,74.93,423,1,1,1,0.0,0.0,0,0.0827,mobile_ios,credit_card,0
ACC_WARD_00187,47,30,27,9161.53,191.83,37,1,2,3,0.6383,0.5745,34,0.801,desktop_chrome,credit_card,1
ACC_LEGIT_ACT_00716,48,13,12,4716.52,96.18,254,3,1,1,0.2708,0.25,13,0.3342,mobile_ios,apple_pay,0
ACC_RING_032_0100,14,11,10,1974.0,141.0,21,7,6,3,0.7857,0.7143,10,0.9066,emulator_bot,virtual_card,1
ACC_LEGIT_STD_02069,6,0,0,316.16,53.0,180,1,2,1,0.0,0.0,0,0.2291,mobile_ios,paypal,0
ACC_LEGIT_STD_02207,3,1,1,92.68,32.61,303,2,1,2,0.3333,0.3333,0,0.0136,mobile_ios,credit_card,0
ACC_LEGIT_NEW_00255,4,0,0,448.8,112.2,3,2,1,1,0.0,0.0,1,0.0238,mobile_ios,apple_pay,0
ACC_LEGIT_NEW_00239,3,1,1,198.87,66.29,16,2,1,1,0.3333,0.3333,0,0.2867,mobile_ios,apple_pay,0
ACC_LEGIT_ACT_00040,34,11,10,4130.11,115.92,801,3,3,1,0.3235,0.2941,6,0.0593,mobile_ios,credit_card,0
ACC_RING_040_0175,20,17,16,1352.0,67.6,25,3,4,3,0.85,0.8,14,0.9562,desktop_chrome,credit_card,1
ACC_LEGIT_NEW_00191,1,0,0,50.06,50.06,37,2,2,1,0.0,0.0,0,0.2011,mobile_ios,debit_card,0
ACC_LEGIT_STD_02191,15,0,0,406.82,27.09,463,1,3,1,0.0,0.0,1,0.1363,mobile_android,credit_card,0
ACC_WARD_00225,23,13,12,3671.1,158.58,142,2,2,1,0.5652,0.5217,14,0.8097,mobile_android,credit_card,1
ACC_LEGIT_STD_01757,1,0,0,64.1,65.24,308,1,1,1,0.0,0.0,0,0.0089,mobile_ios,apple_pay,0
ACC_LEGIT_ACT_00035,36,11,9,2981.42,83.96,67,2,3,3,0.3056,0.25,13,0.204,mobile_ios,debit_card,0
ACC_LEGIT_STD_00341,1,0,0,90.86,92.44,338,1,3,2,0.0,0.0,0,0.069,mobile_ios,debit_card,0
ACC_LEGIT_ACT_00370,37,9,7,3477.0,95.23,641,2,1,2,0.2432,0.1892,5,0.4115,desktop_chrome,paypal,0
ACC_LEGIT_STD_00872,13,4,4,659.26,50.97,812,1,1,1,0.3077,0.3077,1,0.0357,mobile_ios,debit_card,0
ACC_LEGIT_STD_02876,4,0,0,323.18,80.29,287,1,1,1,0.0,0.0,0,0.0074,mobile_android,debit_card,0
ACC_LEGIT_STD_00845,1,0,0,46.31,45.0,124,1,1,1,0.0,0.0,0,0.1289,mobile_android,credit_card,0
ACC_LEGIT_STD_00450,9,0,0,770.5,80.51,642,1,2,1,0.0,0.0,0,0.157,desktop_chrome,credit_card,0
ACC_LEGIT_STD_02370,6,0,0,382.96,66.29,385,1,1,1,0.0,0.0,0,0.0343,mobile_android,paypal,0
ACC_LEGIT_STD_00411,8,0,0,195.21,23.61,386,1,1,3,0.0,0.0,2,0.0379,mobile_ios,credit_card,0
ACC_LEGIT_STD_02871,8,0,0,764.02,90.96,447,1,1,1,0.0,0.0,0,0.0527,mobile_ios,credit_card,0
ACC_LEGIT_ACT_00557,48,19,18,5934.14,127.1,760,2,1,2,0.3958,0.375,10,0.3374,mobile_ios,debit_card,0
ACC_LEGIT_STD_00201,5,0,0,561.25,108.49,301,1,1,1,0.0,0.0,1,0.205,mobile_ios,debit_card,0
ACC_LEGIT_STD_00131,7,0,0,349.73,53.42,428,1,1,1,0.0,0.0,1,0.0123,mobile_android,debit_card,0
ACC_LEGIT_NEW_00372,3,0,0,151.02,50.34,37,2,2,1,0.0,0.0,0,0.0279,desktop_chrome,debit_card,0
ACC_LEGIT_STD_00689,18,1,1,897.85,49.23,642,1,1,1,0.0556,0.0556,1,0.0179,mobile_android,credit_card,0
ACC_RING_000_0001,12,11,8,2037.0,169.75,17,4,4,4,0.9167,0.6667,8,0.7275,desktop_chrome,virtual_card,1
ACC_LEGIT_ACT_00392,54,21,19,4457.25,81.79,610,2,2,2,0.3889,0.3519,11,0.2303,mobile_ios,credit_card,0
ACC_SLOW_00025,13,5,4,712.14,54.78,47,1,1,2,0.3846,0.3077,2,0.2313,desktop_chrome,credit_card,1
ACC_LEGIT_STD_01603,6,2,1,124.69,21.91,284,1,2,3,0.3333,0.1667,0,0.0497,mobile_android,credit_card,0
ACC_LEGIT_STD_01476,8,3,2,243.49,32.84,513,1,2,1,0.375,0.25,0,0.0039,mobile_ios,debit_card,0
ACC_RING_036_0037,20,17,14,3240.6,162.03,12,7,3,4,0.85,0.7,14,0.7492,mobile_android,crypto_gift_card,1
ACC_RING_065_0267,7,5,4,500.29,71.47,33,4,3,5,0.7143,0.5714,3,0.8138,emulator_bot,virtual_card,1
ACC_LEGIT_STD_02783,11,1,1,571.3,52.65,524,1,1,1,0.0909,0.0909,0,0.0818,mobile_ios,credit_card,0
ACC_LEGIT_STD_01630,5,1,1,485.48,94.86,333,1,1,1,0.2,0.2,0,0.0093,mobile_ios,debit_card,0
ACC_LEGIT_STD_01868,1,0,0,53.19,53.3,192,2,2,1,0.0,0.0,0,0.0082,mobile_ios,credit_card,0
ACC_LEGIT_STD_00419,14,0,0,1180.57,79.18,693,1,1,1,0.0,0.0,2,0.0381,mobile_android,apple_pay,0
ACC_LEGIT_ACT_00482,26,9,7,1969.84,74.03,466,2,1,1,0.3462,0.2692,3,0.2602,mobile_ios,paypal,0
ACC_RING_001_0203,10,8,7,1377.1,137.71,30,4,9,4,0.8,0.7,4,0.7346,mobile_android,virtual_card,1
ACC_RING_050_0185,19,17,15,1748.57,92.03,29,3,9,8,0.8947,0.7895,10,0.894,emulator_bot,crypto_gift_card,1
ACC_LEGIT_ACT_00551,40,12,11,2691.18,67.27,732,2,2,2,0.3,0.275,14,0.2538,mobile_ios,credit_card,0
ACC_LEGIT_ACT_00456,42,16,15,4754.88,112.38,250,2,2,3,0.381,0.3571,7,0.1548,desktop_chrome,debit_card,0
ACC_LEGIT_STD_00545,7,0,0,526.82,78.58,239,2,3,1,0.0,0.0,0,0.1053,mobile_ios,credit_card,0
ACC_WARD_00236,50,38,35,12949.29,250.91,276,1,1,3,0.76,0.7,37,0.692,mobile_android,paypal,1
ACC_RING_015_0284,25,19,17,5218.0,208.72,25,4,9,4,0.76,0.68,17,0.8095,desktop_chrome,crypto_gift_card,1
ACC_LEGIT_ACT_00565,44,12,9,4993.38,115.17,835,2,2,1,0.2727,0.2045,6,0.3247,mobile_ios,debit_card,0
ACC_LEGIT_STD_02068,8,1,1,629.59,78.73,264,1,1,1,0.125,0.125,0,0.0309,mobile_android,debit_card,0
ACC_LEGIT_STD_01256,2,0,0,89.95,41.72,243,3,1,2,0.0,0.0,1,0.0362,mobile_android,credit_card,0
ACC_LEGIT_STD_01667,9,0,0,550.15,59.31,619,1,1,1,0.0,0.0,0,0.2756,mobile_android,credit_card,0
ACC_RING_003_0004,16,14,11,1855.52,115.97,8,4,3,4,0.875,0.6875,5,0.9321,emulator_bot,virtual_card,1
ACC_LEGIT_NEW_00094,3,0,0,195.69,65.23,7,1,1,1,0.0,0.0,0,0.2591,desktop_chrome,credit_card,0
ACC_LEGIT_STD_00095,4,0,0,258.26,68.04,194,1,1,1,0.0,0.0,1,0.0018,mobile_ios,credit_card,0
ACC_LEGIT_STD_01880,11,0,0,909.78,77.46,625,1,1,1,0.0,0.0,1,0.112,mobile_android,apple_pay,0
ACC_WARD_00189,31,23,20,4439.35,141.91,313,2,4,2,0.7419,0.6452,12,0.8018,mobile_ios,credit_card,1
ACC_LEGIT_STD_01750,6,0,0,599.34,95.55,316,1,1,1,0.0,0.0,0,0.0662,desktop_chrome,credit_card,0
ACC_RING_005_0073,20,15,12,2519.8,125.99,30,3,4,3,0.75,0.6,7,0.9173,desktop_chrome,virtual_card,1
ACC_LEGIT_STD_01077,20,1,1,1385.38,69.35,737,2,1,1,0.05,0.05,1,0.0202,mobile_android,debit_card,0
ACC_LEGIT_STD_02056,11,0,0,641.21,57.38,638,1,1,1,0.0,0.0,2,0.0613,desktop_chrome,credit_card,0
ACC_LEGIT_STD_00691,12,0,0,397.07,31.94,457,2,2,1,0.0,0.0,2,0.1228,mobile_ios,apple_pay,0
ACC_LEGIT_STD_01008,8,0,0,579.97,77.42,468,1,1,1,0.0,0.0,1,0.0306,mobile_android,credit_card,0
ACC_LEGIT_STD_01512,4,0,0,246.02,61.87,174,1,2,1,0.0,0.0,0,0.0587,mobile_android,apple_pay,0
ACC_LEGIT_STD_01873,5,1,1,303.83,58.51,208,1,1,1,0.2,0.2,0,0.0918,mobile_ios,credit_card,0
ACC_LEGIT_STD_01563,8,0,0,603.93,77.67,326,1,1,2,0.0,0.0,1,0.0507,desktop_chrome,credit_card,0
ACC_LEGIT_STD_00165,9,0,0,288.14,30.6,269,1,1,1,0.0,0.0,1,0.0399,mobile_ios,credit_card,0
ACC_LEGIT_STD_01683,2,0,0,129.25,70.21,286,1,1,1,0.0,0.0,0,0.004,mobile_android,apple_pay,0
ACC_LEGIT_STD_01973,3,2,2,174.8,58.55,222,1,1,1,0.6667,0.6667,0,0.1069,desktop_chrome,debit_card,0
ACC_LEGIT_STD_02723,8,1,1,355.53,46.41,499,2,3,2,0.125,0.125,1,0.1731,mobile_android,debit_card,0
ACC_LEGIT_STD_01809,4,0,0,144.32,34.51,386,1,1,1,0.0,0.0,0,0.043,mobile_ios,credit_card,0
ACC_LEGIT_STD_00089,7,0,0,852.14,116.43,387,1,1,2,0.0,0.0,2,0.0244,mobile_ios,debit_card,0
ACC_LEGIT_STD_01193,8,0,0,461.76,62.49,242,1,3,1,0.0,0.0,0,0.0017,mobile_android,credit_card,0
ACC_WARD_00158,40,33,31,5037.22,125.94,78,1,2,2,0.825,0.775,29,0.5562,mobile_ios,virtual_card,1
ACC_LEGIT_STD_02222,14,0,0,1034.9,76.27,641,2,1,2,0.0,0.0,0,0.1619,mobile_ios,debit_card,0
ACC_LEGIT_ACT_00329,50,19,16,6971.39,144.58,286,1,1,3,0.38,0.32,15,0.3108,mobile_ios,debit_card,0
ACC_LEGIT_STD_01481,21,0,0,1596.27,70.57,737,1,1,2,0.0,0.0,2,0.0103,mobile_android,debit_card,0
ACC_LEGIT_STD_02785,12,0,0,942.97,84.23,352,2,1,1,0.0,0.0,0,0.2246,mobile_android,credit_card,0
ACC_LEGIT_STD_02057,8,0,0,632.95,75.74,343,1,1,1,0.0,0.0,1,0.0014,mobile_ios,apple_pay,0
ACC_RING_032_0033,15,11,10,1762.2,117.48,36,4,6,4,0.7333,0.6667,7,0.9784,emulator_bot,credit_card,1
ACC_SLOW_00053,20,10,9,1788.0,89.4,209,2,3,1,0.5,0.45,5,0.4228,mobile_android,paypal,1
ACC_LEGIT_STD_01006,2,1,1,96.79,48.54,106,1,2,2,0.5,0.5,1,0.0047,desktop_chrome,debit_card,0
ACC_RING_040_0041,8,6,5,1106.88,138.36,8,4,3,4,0.75,0.625,5,0.9216,emulator_bot,crypto_gift_card,1
ACC_LEGIT_STD_00471,9,0,0,522.1,60.25,431,1,2,3,0.0,0.0,1,0.0728,mobile_ios,credit_card,0
ACC_LEGIT_STD_00512,3,1,1,155.84,54.33,96,2,2,1,0.3333,0.3333,0,0.0323,mobile_ios,debit_card,0
ACC_LEGIT_STD_01348,10,0,0,687.64,72.5,297,1,1,3,0.0,0.0,1,0.0139,desktop_chrome,credit_card,0
ACC_LEGIT_STD_00814,8,2,2,228.93,30.16,398,1,1,1,0.25,0.25,0,0.0346,mobile_android,credit_card,0
ACC_LEGIT_STD_00106,16,1,1,1566.6,104.21,741,1,1,1,0.0625,0.0625,2,0.0312,mobile_android,credit_card,0
ACC_LEGIT_STD_02258,13,2,2,1048.26,77.03,563,1,1,1,0.1538,0.1538,1,0.0921,desktop_chrome,apple_pay,0
ACC_LEGIT_STD_02303,10,1,1,629.65,63.69,566,1,1,1,0.1,0.1,0,0.0419,mobile_android,credit_card,0
ACC_LEGIT_STD_01296,9,0,0,851.46,93.17,783,2,1,1,0.0,0.0,0,0.0363,mobile_android,debit_card,0
ACC_LEGIT_NEW_00099,2,1,1,136.56,68.28,33,1,1,1,0.5,0.5,0,0.1301,mobile_android,credit_card,0
ACC_LEGIT_STD_01067,10,2,1,471.86,50.37,405,1,1,3,0.2,0.1,1,0.0388,mobile_android,credit_card,0
ACC_LEGIT_STD_01393,8,0,0,652.75,87.3,444,1,1,1,0.0,0.0,1,0.0291,mobile_ios,credit_card,0
ACC_LEGIT_STD_02125,4,0,0,166.32,45.01,345,1,1,1,0.0,0.0,0,0.0022,mobile_android,credit_card,0
ACC_LEGIT_STD_02265,9,1,1,795.94,93.68,522,1,1,1,0.1111,0.1111,1,0.0522,mobile_ios,paypal,0
ACC_LEGIT_ACT_00718,22,5,4,3568.91,160.94,125,2,1,1,0.2273,0.1818,5,0.2003,mobile_ios,paypal,0
ACC_LEGIT_ACT_00342,45,14,12,4494.6,101.09,76,2,2,1,0.3111,0.2667,6,0.2096,desktop_chrome,paypal,0
ACC_LEGIT_STD_02440,13,0,0,648.14,47.71,488,1,1,2,0.0,0.0,1,0.0019,mobile_android,credit_card,0
ACC_LEGIT_NEW_00268,2,0,0,97.26,48.63,30,1,1,1,0.0,0.0,0,0.2446,desktop_chrome,credit_card,0
ACC_WARD_00053,16,9,8,3602.41,228.6,221,2,3,1,0.5625,0.5,10,0.7168,mobile_ios,paypal,1
ACC_LEGIT_ACT_00075,54,22,18,2989.13,55.73,444,3,5,3,0.4074,0.3333,9,0.1832,desktop_chrome,paypal,0
ACC_RING_018_0287,17,15,12,2173.45,127.85,32,4,6,3,0.8824,0.7059,8,0.9019,desktop_chrome,credit_card,1
ACC_LEGIT_STD_01978,5,1,1,135.97,27.15,304,1,1,2,0.2,0.2,0,0.0035,mobile_android,credit_card,0
ACC_LEGIT_STD_00023,7,0,0,768.98,109.77,344,1,1,2,0.0,0.0,1,0.0132,mobile_ios,credit_card,0
ACC_LEGIT_ACT_00509,52,17,15,2464.05,47.25,535,1,2,2,0.3269,0.2885,8,0.3845,desktop_chrome,paypal,0
ACC_LEGIT_STD_01764,6,1,0,365.88,57.47,207,1,1,1,0.1667,0.0,0,0.0347,desktop_chrome,debit_card,0
ACC_LEGIT_STD_00463,4,1,1,72.79,19.32,90,1,1,1,0.25,0.25,0,0.1026,mobile_ios,credit_card,0
ACC_LEGIT_STD_02701,5,1,1,438.18,85.63,299,1,1,1,0.2,0.2,0,0.0073,mobile_android,paypal,0
ACC_LEGIT_STD_02951,11,3,2,948.53,87.33,646,2,2,2,0.2727,0.1818,0,0.1852,mobile_android,debit_card,0
ACC_LEGIT_STD_02887,4,0,0,282.86,68.49,296,1,1,1,0.0,0.0,0,0.0679,mobile_ios,credit_card,0
ACC_LEGIT_STD_01786,3,0,0,224.1,70.91,281,2,3,1,0.0,0.0,0,0.078,desktop_safari,credit_card,0
ACC_LEGIT_NEW_00404,1,0,0,25.77,25.77,41,1,1,1,0.0,0.0,0,0.0186,mobile_ios,credit_card,0
ACC_LEGIT_STD_02480,3,0,0,175.37,59.04,198,1,1,1,0.0,0.0,0,0.0626,desktop_chrome,credit_card,0
ACC_LEGIT_ACT_00038,20,7,6,1597.07,81.44,294,2,2,1,0.35,0.3,3,0.0284,desktop_chrome,debit_card,0
ACC_LEGIT_ACT_00474,18,5,4,1572.89,87.15,468,2,2,1,0.2778,0.2222,2,0.0973,desktop_chrome,paypal,0
ACC_LEGIT_STD_00001,13,4,2,884.1,73.11,441,1,1,1,0.3077,0.1538,1,0.0108,desktop_safari,credit_card,0
ACC_LEGIT_STD_02116,8,1,1,649.39,81.79,396,1,1,1,0.125,0.125,0,0.0325,mobile_ios,paypal,0
ACC_LEGIT_STD_00831,12,0,0,1019.9,84.06,559,1,1,3,0.0,0.0,2,0.1328,mobile_ios,debit_card,0
ACC_RING_015_0016,19,13,12,1928.69,101.51,25,7,4,4,0.6842,0.6316,7,0.7674,emulator_bot,virtual_card,1
ACC_LEGIT_STD_02263,13,0,0,419.46,30.65,458,2,1,2,0.0,0.0,0,0.0039,mobile_android,apple_pay,0
ACC_LEGIT_STD_02471,5,2,2,587.09,109.2,400,3,2,1,0.4,0.4,1,0.0001,mobile_ios,credit_card,0
ACC_LEGIT_STD_00909,11,2,2,777.33,70.27,714,1,1,1,0.1818,0.1818,0,0.1139,mobile_ios,debit_card,0
ACC_LEGIT_STD_02245,7,0,0,169.46,24.57,674,1,1,1,0.0,0.0,1,0.1814,desktop_safari,credit_card,0
ACC_LEGIT_ACT_00602,12,2,1,1046.44,84.56,684,1,1,1,0.1667,0.0833,1,0.4414,mobile_ios,debit_card,0
ACC_LEGIT_STD_01416,5,0,0,350.14,76.02,512,2,2,1,0.0,0.0,0,0.0237,desktop_chrome,apple_pay,0
ACC_LEGIT_STD_00555,11,1,0,624.71,60.18,641,1,2,1,0.0909,0.0,0,0.0998,mobile_android,credit_card,0
ACC_LEGIT_STD_01033,1,0,0,82.74,77.93,118,1,1,2,0.0,0.0,0,0.0372,mobile_android,debit_card,0
ACC_LEGIT_STD_00851,6,0,0,267.51,42.74,155,1,1,1,0.0,0.0,0,0.077,desktop_chrome,credit_card,0
ACC_LEGIT_STD_01288,8,2,1,426.47,52.3,312,1,1,1,0.25,0.125,0,0.0245,mobile_android,debit_card,0
ACC_LEGIT_STD_00307,11,1,0,536.83,52.02,527,1,1,2,0.0909,0.0,0,0.1362,mobile_ios,credit_card,0
ACC_LEGIT_STD_02183,8,3,3,483.37,56.16,559,2,1,1,0.375,0.375,1,0.0091,mobile_ios,paypal,0
ACC_LEGIT_ACT_00847,17,4,3,1519.25,89.09,779,1,1,2,0.2353,0.1765,2,0.2156,mobile_ios,paypal,0
ACC_LEGIT_STD_01488,10,0,0,591.85,54.94,563,1,1,2,0.0,0.0,0,0.144,mobile_ios,credit_card,0
ACC_LEGIT_STD_00122,8,0,0,371.6,49.12,496,1,2,1,0.0,0.0,0,0.0486,mobile_android,credit_card,0
ACC_LEGIT_STD_01952,8,0,0,265.04,33.4,406,1,2,1,0.0,0.0,1,0.0716,mobile_android,credit_card,0
ACC_LEGIT_STD_01449,10,0,0,472.77,50.26,579,1,2,1,0.0,0.0,2,0.0269,mobile_android,debit_card,0
ACC_LEGIT_STD_00802,10,0,0,706.11,66.2,482,1,1,1,0.0,0.0,1,0.128,desktop_chrome,credit_card,0
ACC_LEGIT_STD_01607,20,0,0,856.37,40.34,583,1,1,1,0.0,0.0,0,0.0115,mobile_ios,credit_card,0
ACC_LEGIT_STD_00841,15,2,2,1453.66,98.84,469,1,1,2,0.1333,0.1333,0,0.015,mobile_android,credit_card,0
ACC_LEGIT_ACT_00283,44,11,8,6059.23,139.52,554,2,1,2,0.25,0.1818,11,0.2234,mobile_ios,credit_card,0
ACC_SLOW_00039,21,11,8,1458.24,69.44,138,2,3,1,0.5238,0.381,5,0.3624,mobile_ios,virtual_card,1
ACC_LEGIT_STD_01784,4,0,0,390.57,94.89,224,1,1,1,0.0,0.0,1,0.1844,desktop_chrome,debit_card,0
ACC_LEGIT_STD_02831,5,0,0,440.94,88.06,223,2,2,1,0.0,0.0,0,0.0335,mobile_android,apple_pay,0
ACC_WARD_00173,28,24,20,4903.68,169.48,145,2,3,4,0.8571,0.7143,12,0.7827,mobile_ios,credit_card,1
ACC_LEGIT_STD_02530,12,0,0,888.3,74.54,529,2,2,1,0.0,0.0,0,0.0522,desktop_chrome,debit_card,0
ACC_LEGIT_ACT_00777,31,10,8,3638.72,119.26,465,2,2,3,0.3226,0.2581,6,0.1218,mobile_ios,credit_card,0
ACC_LEGIT_ACT_00561,37,14,12,2870.62,78.63,813,3,1,1,0.3784,0.3243,6,0.3703,mobile_ios,apple_pay,0
ACC_LEGIT_NEW_00254,3,0,0,263.37,87.79,22,1,1,1,0.0,0.0,0,0.0886,mobile_ios,credit_card,0
ACC_LEGIT_NEW_00041,2,0,0,109.04,54.52,38,1,2,1,0.0,0.0,0,0.0567,mobile_android,credit_card,0
ACC_LEGIT_STD_00175,8,2,2,525.99,65.19,237,1,1,2,0.25,0.25,1,0.0623,desktop_chrome,debit_card,0
ACC_LEGIT_NEW_00269,2,0,0,114.28,57.14,15,1,1,1,0.0,0.0,0,0.1244,mobile_ios,credit_card,0
ACC_WARD_00103,24,19,17,4622.73,190.16,234,1,2,4,0.7917,0.7083,15,0.6794,mobile_ios,credit_card,1
ACC_LEGIT_NEW_00210,1,0,0,57.31,57.31,42,1,1,1,0.0,0.0,0,0.2262,mobile_android,credit_card,0
ACC_LEGIT_ACT_00628,51,15,12,6340.51,118.56,857,1,2,2,0.2941,0.2353,9,0.0626,mobile_ios,paypal,0
ACC_LEGIT_STD_01798,8,2,2,502.67,59.82,440,2,1,1,0.25,0.25,0,0.0234,mobile_android,credit_card,0
ACC_LEGIT_STD_02539,9,0,0,965.92,99.48,472,1,2,1,0.0,0.0,0,0.068,mobile_ios,debit_card,0
ACC_LEGIT_STD_00060,15,1,1,1072.19,73.59,605,1,1,1,0.0667,0.0667,2,0.0386,desktop_safari,credit_card,0
ACC_LEGIT_ACT_00817,38,16,15,4298.28,108.18,444,2,2,3,0.4211,0.3947,10,0.1772,desktop_chrome,credit_card,0
ACC_LEGIT_STD_02948,7,0,0,451.24,59.7,306,2,2,1,0.0,0.0,0,0.0993,mobile_ios,credit_card,0
ACC_LEGIT_STD_02097,5,0,0,197.91,42.27,273,1,2,1,0.0,0.0,1,0.0284,mobile_android,credit_card,0
ACC_WARD_00012,26,16,14,4999.11,189.7,53,2,2,1,0.6154,0.5385,19,0.5679,mobile_ios,credit_card,1
ACC_RING_012_0080,13,10,8,1733.94,133.38,17,4,4,4,0.7692,0.6154,7,0.7212,emulator_bot,crypto_gift_card,1
ACC_LEGIT_STD_01716,9,0,0,847.68,93.45,424,1,2,1,0.0,0.0,0,0.039,mobile_ios,credit_card,0
ACC_LEGIT_STD_01159,9,2,2,255.25,26.44,594,2,1,2,0.2222,0.2222,1,0.0053,mobile_ios,credit_card,0
ACC_SLOW_00044,21,8,7,1440.81,68.61,177,2,3,3,0.381,0.3333,7,0.7459,desktop_chrome,credit_card,1
ACC_LEGIT_STD_02706,5,1,1,417.7,81.83,89,2,1,1,0.2,0.2,0,0.0286,mobile_ios,credit_card,0
ACC_LEGIT_STD_01223,7,1,1,674.55,91.21,376,1,1,1,0.1429,0.1429,1,0.2312,mobile_android,apple_pay,0
ACC_LEGIT_STD_00980,19,0,0,1535.55,78.15,709,3,1,1,0.0,0.0,2,0.112,mobile_android,paypal,0
ACC_LEGIT_STD_02828,6,0,0,303.16,48.74,640,1,2,1,0.0,0.0,0,0.1603,mobile_android,debit_card,0
ACC_LEGIT_STD_01775,3,0,0,231.45,82.89,232,1,1,1,0.0,0.0,1,0.1082,mobile_ios,credit_card,0
ACC_LEGIT_NEW_00270,2,0,0,115.66,57.83,34,2,1,1,0.0,0.0,0,0.1036,mobile_android,debit_card,0
ACC_LEGIT_NEW_00018,2,0,0,134.12,67.06,9,1,2,1,0.0,0.0,0,0.0699,mobile_ios,apple_pay,0
ACC_RING_054_0055,24,22,20,2001.6,83.4,4,3,4,8,0.9167,0.8333,16,0.9552,mobile_android,crypto_gift_card,1
ACC_LEGIT_NEW_00407,2,0,0,53.96,26.98,25,1,1,1,0.0,0.0,0,0.0852,mobile_ios,debit_card,0
ACC_LEGIT_STD_02102,12,0,0,792.39,63.0,817,1,4,1,0.0,0.0,0,0.0834,mobile_android,credit_card,0
ACC_LEGIT_NEW_00077,1,0,0,37.73,37.73,14,2,1,1,0.0,0.0,0,0.2073,mobile_ios,debit_card,0
ACC_LEGIT_STD_02219,3,0,0,223.66,71.05,226,1,3,1,0.0,0.0,0,0.0102,mobile_android,credit_card,0
ACC_LEGIT_ACT_00794,34,16,13,3523.56,101.03,601,2,1,3,0.4706,0.3824,7,0.2068,mobile_ios,credit_card,0
ACC_LEGIT_ACT_00384,31,8,6,4228.16,132.75,548,2,2,2,0.2581,0.1935,10,0.1058,mobile_ios,apple_pay,0
ACC_LEGIT_ACT_00103,14,6,5,1210.61,85.93,223,4,3,1,0.4286,0.3571,2,0.3947,desktop_chrome,apple_pay,0
ACC_LEGIT_STD_01990,2,1,1,124.45,59.97,235,2,3,1,0.5,0.5,1,0.1682,mobile_ios,paypal,0
ACC_SLOW_00090,18,8,6,2483.82,137.99,55,2,1,3,0.4444,0.3333,3,0.5779,mobile_android,virtual_card,1
ACC_RING_005_0274,19,15,12,1473.07,77.53,10,3,4,5,0.7895,0.6316,11,0.8932,emulator_bot,crypto_gift_card,1
ACC_LEGIT_STD_00078,2,0,0,128.61,60.4,206,2,1,1,0.0,0.0,0,0.0443,mobile_ios,credit_card,0
ACC_LEGIT_STD_00439,13,0,0,447.8,33.25,393,1,1,1,0.0,0.0,1,0.0777,mobile_android,credit_card,0
ACC_LEGIT_STD_01391,14,0,0,1038.4,78.21,691,1,1,1,0.0,0.0,2,0.0504,desktop_chrome,credit_card,0
ACC_LEGIT_ACT_00045,44,15,13,2828.47,63.36,344,1,1,2,0.3409,0.2955,6,0.0478,mobile_ios,paypal,0
ACC_LEGIT_STD_00495,6,0,0,333.45,59.78,267,1,1,1,0.0,0.0,0,0.0013,desktop_chrome,credit_card,0
ACC_LEGIT_NEW_00262,1,0,0,70.56,70.56,4,1,2,1,0.0,0.0,0,0.0209,mobile_ios,debit_card,0
ACC_LEGIT_ACT_00488,20,8,6,2167.12,105.58,456,2,2,1,0.4,0.3,5,0.2274,mobile_android,credit_card,0
ACC_LEGIT_STD_01115,10,0,0,534.97,57.36,401,1,4,1,0.0,0.0,2,0.0784,desktop_chrome,credit_card,0
ACC_LEGIT_ACT_00730,13,4,3,1156.71,85.76,372,2,1,1,0.3077,0.2308,5,0.1789,mobile_android,debit_card,0
ACC_LEGIT_NEW_00126,1,1,1,30.76,30.76,26,1,1,1,1.0,1.0,0,0.05,mobile_android,credit_card,0
ACC_LEGIT_ACT_00695,15,4,3,1154.8,74.22,199,1,1,1,0.2667,0.2,5,0.1286,mobile_ios,credit_card,0
ACC_LEGIT_STD_01321,4,0,0,218.76,54.52,423,1,1,1,0.0,0.0,0,0.0831,mobile_ios,debit_card,0
ACC_LEGIT_STD_00263,8,0,0,757.44,91.69,407,1,2,1,0.0,0.0,0,0.007,mobile_ios,credit_card,0
ACC_LEGIT_STD_01595,9,0,0,897.26,95.12,460,1,2,2,0.0,0.0,0,0.0617,mobile_android,debit_card,0
ACC_LEGIT_STD_01204,6,0,0,549.58,90.27,234,1,1,1,0.0,0.0,0,0.1396,mobile_android,debit_card,0
ACC_LEGIT_NEW_00259,4,0,0,145.4,36.35,42,2,1,1,0.0,0.0,0,0.1561,mobile_ios,credit_card,0
ACC_RING_039_0241,11,8,6,1754.94,159.54,7,4,3,4,0.7273,0.5455,7,0.9133,emulator_bot,virtual_card,1
ACC_RING_014_0283,15,10,8,1451.4,96.76,8,4,9,5,0.6667,0.5333,5,0.7784,desktop_chrome,virtual_card,1
ACC_LEGIT_STD_02047,12,0,0,502.2,41.06,439,1,2,1,0.0,0.0,0,0.0078,mobile_android,debit_card,0
ACC_LEGIT_STD_00221,9,0,0,432.34,50.45,484,1,2,1,0.0,0.0,0,0.075,mobile_android,credit_card,0
ACC_LEGIT_STD_00519,12,0,0,808.77,65.28,415,1,2,2,0.0,0.0,3,0.0829,mobile_android,credit_card,0
ACC_SLOW_00013,21,8,6,1930.53,91.93,189,2,4,1,0.381,0.2857,6,0.6337,desktop_chrome,paypal,1
ACC_LEGIT_STD_00246,7,1,1,346.67,46.49,615,1,1,1,0.1429,0.1429,0,0.0148,desktop_chrome,debit_card,0
ACC_LEGIT_STD_00310,7,0,0,520.66,69.42,498,1,1,1,0.0,0.0,0,0.065,mobile_ios,debit_card,0
ACC_WARD_00175,38,23,21,10740.05,269.93,211,1,2,2,0.6053,0.5526,17,0.5376,desktop_chrome,virtual_card,1
ACC_LEGIT_STD_02434,2,0,0,59.1,29.35,149,1,1,1,0.0,0.0,0,0.0276,mobile_ios,debit_card,0
ACC_LEGIT_STD_02105,5,0,0,332.8,62.71,293,3,1,1,0.0,0.0,0,0.0464,mobile_android,apple_pay,0
ACC_LEGIT_STD_02048,7,1,1,516.61,75.13,311,1,1,3,0.1429,0.1429,1,0.2208,mobile_android,debit_card,0
ACC_LEGIT_STD_00647,9,0,0,501.04,52.82,309,1,2,1,0.0,0.0,0,0.018,mobile_android,credit_card,0
ACC_LEGIT_STD_00049,10,0,0,321.78,31.84,415,1,1,1,0.0,0.0,1,0.0561,mobile_ios,credit_card,0
ACC_LEGIT_ACT_00172,45,18,15,3493.06,81.15,83,2,1,1,0.4,0.3333,8,0.3748,desktop_chrome,apple_pay,0
ACC_LEGIT_STD_02283,5,0,0,311.08,66.32,316,2,1,1,0.0,0.0,0,0.1163,mobile_ios,apple_pay,0
ACC_LEGIT_STD_02710,4,0,0,360.31,87.13,284,1,1,1,0.0,0.0,0,0.1057,mobile_android,credit_card,0
ACC_LEGIT_STD_01817,12,0,0,549.79,48.58,723,1,1,1,0.0,0.0,2,0.2547,mobile_ios,debit_card,0
ACC_LEGIT_STD_01162,5,0,0,362.04,70.84,416,2,1,1,0.0,0.0,0,0.1701,mobile_android,credit_card,0
ACC_LEGIT_STD_01945,3,1,1,231.01,83.45,331,2,2,1,0.3333,0.3333,0,0.0034,desktop_chrome,debit_card,0
ACC_LEGIT_STD_01422,12,1,1,645.38,51.36,606,2,2,2,0.0833,0.0833,1,0.0104,mobile_android,credit_card,0
ACC_LEGIT_ACT_00132,12,5,4,1088.92,91.96,303,2,1,2,0.4167,0.3333,3,0.3301,mobile_ios,credit_card,0
ACC_LEGIT_STD_01761,3,0,0,217.5,69.66,199,1,3,2,0.0,0.0,0,0.1045,mobile_android,apple_pay,0
ACC_LEGIT_STD_00515,5,0,0,425.27,88.48,401,1,1,1,0.0,0.0,0,0.2164,mobile_ios,debit_card,0
ACC_LEGIT_STD_01602,9,2,2,301.95,33.0,516,1,1,1,0.2222,0.2222,0,0.0416,desktop_safari,debit_card,0
ACC_LEGIT_STD_01616,9,1,1,589.99,65.75,372,1,1,1,0.1111,0.1111,1,0.1152,desktop_chrome,debit_card,0
ACC_LEGIT_NEW_00408,1,0,0,32.43,32.43,7,2,1,1,0.0,0.0,0,0.0249,mobile_android,debit_card,0
ACC_LEGIT_NEW_00417,3,0,0,67.2,22.4,13,1,1,1,0.0,0.0,0,0.1326,mobile_ios,credit_card,0
ACC_SLOW_00101,21,11,9,2229.15,106.15,206,1,2,1,0.5238,0.4286,4,0.5465,mobile_ios,credit_card,1
ACC_LEGIT_NEW_00005,2,0,0,199.1,99.55,28,1,2,1,0.0,0.0,0,0.0348,mobile_ios,credit_card,0
ACC_LEGIT_STD_01450,18,0,0,1201.46,64.76,583,1,4,2,0.0,0.0,0,0.0168,mobile_ios,credit_card,0
ACC_LEGIT_ACT_00111,16,7,6,1556.24,93.25,114,2,2,2,0.4375,0.375,3,0.436,desktop_chrome,apple_pay,0
ACC_LEGIT_STD_02331,11,0,0,978.46,89.44,315,1,1,1,0.0,0.0,0,0.0681,mobile_ios,credit_card,0
ACC_SLOW_00024,20,7,6,888.2,44.41,141,3,2,1,0.35,0.3,6,0.6668,mobile_ios,credit_card,1
ACC_LEGIT_STD_02886,3,0,0,126.08,41.79,227,1,2,2,0.0,0.0,0,0.1125,mobile_ios,credit_card,0
ACC_LEGIT_STD_01655,14,1,1,938.02,71.05,566,2,1,1,0.0714,0.0714,0,0.0374,mobile_android,debit_card,0
ACC_LEGIT_ACT_00764,45,13,12,5198.33,114.1,245,2,1,3,0.2889,0.2667,8,0.4118,desktop_chrome,credit_card,0
ACC_LEGIT_STD_00453,5,0,0,521.47,101.53,205,1,1,2,0.0,0.0,0,0.0734,mobile_android,credit_card,0
ACC_LEGIT_NEW_00174,4,0,0,127.2,31.8,43,2,1,1,0.0,0.0,0,0.004,mobile_android,apple_pay,0
ACC_LEGIT_ACT_00848,41,15,12,3278.25,80.61,272,2,3,2,0.3659,0.2927,8,0.0913,desktop_chrome,paypal,0
ACC_LEGIT_STD_00703,17,1,1,1527.19,84.18,851,3,1,1,0.0588,0.0588,2,0.13,mobile_android,apple_pay,0
ACC_LEGIT_STD_00907,11,0,0,846.3,73.43,486,1,1,2,0.0,0.0,1,0.0707,desktop_chrome,apple_pay,0
ACC_WARD_00199,58,45,42,7436.67,130.65,221,1,1,3,0.7759,0.7241,36,0.5777,mobile_ios,paypal,1
ACC_LEGIT_NEW_00106,1,1,1,84.14,84.14,7,1,2,1,1.0,1.0,0,0.0622,mobile_android,debit_card,0
ACC_LEGIT_STD_00485,4,0,0,258.48,64.55,413,1,3,1,0.0,0.0,0,0.0452,mobile_android,credit_card,0
ACC_LEGIT_NEW_00196,1,0,0,68.55,68.55,32,1,1,1,0.0,0.0,0,0.2055,mobile_android,credit_card,0
ACC_WARD_00159,21,17,16,3980.87,193.89,327,3,1,1,0.8095,0.7619,16,0.5554,desktop_chrome,paypal,1
ACC_LEGIT_STD_00299,3,0,0,255.45,83.43,352,1,2,1,0.0,0.0,0,0.0913,mobile_android,credit_card,0
ACC_RING_034_0169,8,6,5,1229.84,153.73,13,3,4,3,0.75,0.625,5,0.8363,desktop_chrome,virtual_card,1
ACC_LEGIT_ACT_00152,30,13,11,2761.37,89.56,121,1,3,1,0.4333,0.3667,13,0.3663,mobile_ios,credit_card,0
ACC_LEGIT_STD_01066,2,1,1,170.29,83.0,256,1,2,1,0.5,0.5,0,0.0446,mobile_ios,debit_card,0
ACC_LEGIT_ACT_00689,41,16,14,3035.31,72.43,310,1,3,2,0.3902,0.3415,8,0.4517,mobile_android,credit_card,0
ACC_LEGIT_STD_00066,5,0,0,157.52,33.02,196,2,1,1,0.0,0.0,0,0.1316,mobile_ios,credit_card,0
ACC_LEGIT_NEW_00016,3,0,0,213.42,71.14,3,1,1,1,0.0,0.0,0,0.0408,mobile_ios,debit_card,0
ACC_LEGIT_STD_00857,4,0,0,267.8,71.97,314,1,1,1,0.0,0.0,0,0.1034,mobile_ios,debit_card,0
ACC_LEGIT_STD_02563,5,0,0,451.28,96.66,309,1,1,1,0.0,0.0,0,0.0712,mobile_ios,apple_pay,0
ACC_WARD_00242,25,21,20,4098.93,160.84,252,2,2,2,0.84,0.8,13,0.8148,desktop_chrome,virtual_card,1
ACC_LEGIT_NEW_00187,1,1,1,62.0,62.0,6,1,1,1,1.0,1.0,0,0.0713,desktop_chrome,debit_card,0
ACC_LEGIT_ACT_00521,49,19,15,4305.8,88.15,641,2,1,2,0.3878,0.3061,9,0.2929,mobile_ios,credit_card,0
ACC_LEGIT_STD_00366,8,1,1,720.55,91.45,347,1,1,1,0.125,0.125,0,0.0417,desktop_safari,credit_card,0
ACC_LEGIT_ACT_00611,17,5,4,2407.01,136.88,631,1,1,1,0.2941,0.2353,3,0.313,mobile_ios,credit_card,0
ACC_LEGIT_ACT_00647,17,6,5,1926.83,108.99,674,2,1,3,0.3529,0.2941,4,0.1294,desktop_chrome,paypal,0
ACC_LEGIT_STD_01866,3,0,0,147.15,53.26,128,1,1,1,0.0,0.0,0,0.0726,desktop_chrome,debit_card,0
ACC_LEGIT_STD_01776,4,0,0,254.43,63.95,269,2,1,1,0.0,0.0,0,0.0066,mobile_ios,credit_card,0
ACC_LEGIT_ACT_00124,53,15,12,5973.44,117.74,892,2,2,3,0.283,0.2264,7,0.1094,mobile_android,credit_card,0
ACC_LEGIT_STD_01072,21,1,1,1603.22,78.59,828,1,1,1,0.0476,0.0476,3,0.0572,desktop_chrome,apple_pay,0
ACC_LEGIT_STD_02481,8,1,1,380.54,46.2,313,1,3,2,0.125,0.125,0,0.0023,mobile_ios,credit_card,0
ACC_LEGIT_ACT_00646,30,11,9,2202.9,73.79,107,1,2,2,0.3667,0.3,3,0.342,mobile_ios,credit_card,0
ACC_LEGIT_ACT_00387,42,10,8,3481.34,81.12,149,1,3,2,0.2381,0.1905,12,0.2869,desktop_chrome,apple_pay,0
ACC_LEGIT_STD_00050,3,0,0,110.73,34.72,466,1,1,1,0.0,0.0,1,0.0265,mobile_ios,credit_card,0
ACC_LEGIT_STD_00708,10,0,0,1050.23,100.62,331,1,3,2,0.0,0.0,1,0.0409,mobile_android,credit_card,0
ACC_RING_004_0206,12,10,8,1278.24,106.52,21,4,4,8,0.8333,0.6667,7,0.7607,emulator_bot,virtual_card,1
ACC_LEGIT_STD_02814,10,0,0,736.81,73.07,218,1,1,2,0.0,0.0,1,0.0523,desktop_safari,debit_card,0
ACC_LEGIT_ACT_00229,31,10,9,3193.37,100.16,172,1,3,3,0.3226,0.2903,6,0.2039,mobile_android,apple_pay,0
ACC_LEGIT_STD_01081,5,0,0,351.44,66.46,315,1,1,1,0.0,0.0,0,0.0432,mobile_android,credit_card,0
ACC_LEGIT_NEW_00027,2,0,0,142.48,71.24,23,1,1,1,0.0,0.0,0,0.072,mobile_ios,credit_card,0
ACC_WARD_00140,53,34,31,7753.82,142.68,309,2,2,2,0.6415,0.5849,23,0.6237,mobile_android,credit_card,1
ACC_LEGIT_NEW_00311,3,1,1,244.47,81.49,24,2,2,1,0.3333,0.3333,0,0.3678,mobile_ios,credit_card,0
ACC_LEGIT_STD_02114,7,1,1,271.7,39.92,532,2,1,1,0.1429,0.1429,0,0.015,desktop_chrome,credit_card,0
ACC_LEGIT_NEW_00292,1,0,0,49.91,49.91,18,1,1,1,0.0,0.0,0,0.1173,mobile_ios,debit_card,0
ACC_LEGIT_ACT_00676,27,11,9,1766.37,68.56,94,2,2,1,0.4074,0.3333,6,0.2273,mobile_ios,paypal,0
ACC_LEGIT_STD_01014,8,0,0,565.24,71.24,410,1,1,2,0.0,0.0,1,0.0452,mobile_android,credit_card,0
ACC_LEGIT_STD_02651,13,1,1,1158.52,85.26,639,1,2,2,0.0769,0.0769,1,0.0316,mobile_ios,apple_pay,0
ACC_LEGIT_STD_02509,5,0,0,363.69,75.43,278,1,1,1,0.0,0.0,1,0.0312,mobile_android,credit_card,0
ACC_LEGIT_STD_02089,3,0,0,228.68,82.79,145,2,1,1,0.0,0.0,0,0.045,mobile_ios,paypal,0
ACC_LEGIT_NEW_00224,2,0,0,107.76,53.88,10,1,1,1,0.0,0.0,0,0.1619,mobile_ios,credit_card,0
ACC_SLOW_00117,14,5,4,809.9,57.85,164,3,2,2,0.3571,0.2857,2,0.4823,desktop_chrome,debit_card,1
ACC_LEGIT_STD_01572,9,2,2,646.5,73.29,587,1,2,1,0.2222,0.2222,0,0.0365,mobile_android,credit_card,0
ACC_LEGIT_STD_01075,7,0,0,451.04,64.84,505,1,1,1,0.0,0.0,3,0.0362,mobile_android,paypal,0
ACC_LEGIT_ACT_00596,44,15,12,5256.73,115.97,787,2,1,3,0.3409,0.2727,14,0.2018,mobile_ios,paypal,0
ACC_LEGIT_NEW_00337,2,0,0,122.46,61.23,4,1,2,1,0.0,0.0,0,0.2932,mobile_android,credit_card,0
ACC_LEGIT_NEW_00395,2,0,0,129.98,64.99,37,1,1,1,0.0,0.0,0,0.148,mobile_ios,apple_pay,0
ACC_LEGIT_NEW_00341,1,0,0,69.43,69.43,25,1,1,1,0.0,0.0,0,0.0326,mobile_android,credit_card,0
ACC_LEGIT_STD_02004,10,2,2,434.94,43.01,305,1,2,2,0.2,0.2,1,0.024,desktop_safari,credit_card,0
ACC_LEGIT_STD_01475,10,0,0,501.65,46.68,362,1,1,1,0.0,0.0,0,0.146,mobile_android,credit_card,0
ACC_LEGIT_STD_01138,11,2,2,602.28,51.92,621,2,2,1,0.1818,0.1818,0,0.0371,desktop_chrome,credit_card,0
ACC_LEGIT_ACT_00802,39,8,7,4097.99,102.83,517,1,2,1,0.2051,0.1795,9,0.3089,mobile_ios,paypal,0
ACC_WARD_00258,49,29,25,7295.2,155.32,258,1,2,2,0.5918,0.5102,24,0.5675,desktop_chrome,paypal,1
ACC_LEGIT_STD_01867,4,0,0,254.71,67.49,387,1,1,1,0.0,0.0,0,0.0238,mobile_ios,credit_card,0
ACC_LEGIT_ACT_00016,28,8,7,3168.32,110.48,893,3,2,2,0.2857,0.25,3,0.2329,mobile_android,paypal,0
ACC_LEGIT_STD_00412,8,0,0,661.89,85.34,621,1,1,1,0.0,0.0,0,0.0641,mobile_ios,debit_card,0
ACC_LEGIT_STD_01381,12,0,0,1058.46,84.1,439,3,4,1,0.0,0.0,0,0.1429,desktop_chrome,debit_card,0
ACC_WARD_00029,40,32,28,2724.61,70.4,323,1,1,3,0.8,0.7,17,0.5334,desktop_chrome,credit_card,1
ACC_LEGIT_NEW_00096,3,0,0,179.19,59.73,27,1,2,1,0.0,0.0,0,0.1167,mobile_android,apple_pay,0
ACC_LEGIT_NEW_00307,1,0,0,89.79,89.79,16,1,1,1,0.0,0.0,0,0.285,desktop_chrome,credit_card,0
ACC_LEGIT_STD_02652,6,0,0,470.29,84.77,331,1,2,3,0.0,0.0,0,0.1007,mobile_android,credit_card,0
ACC_LEGIT_NEW_00006,1,0,0,35.46,35.46,31,2,1,1,0.0,0.0,0,0.0417,mobile_ios,credit_card,0
ACC_LEGIT_NEW_00295,3,1,1,157.14,52.38,44,1,1,1,0.3333,0.3333,0,0.0849,mobile_ios,credit_card,0
ACC_LEGIT_STD_01800,10,1,0,475.63,48.64,522,1,1,1,0.1,0.0,0,0.095,mobile_ios,credit_card,0
ACC_LEGIT_ACT_00830,51,19,15,4635.46,89.96,580,3,5,1,0.3725,0.2941,12,0.1961,mobile_ios,apple_pay,0
ACC_LEGIT_NEW_00391,2,0,0,115.18,57.59,29,1,1,1,0.0,0.0,0,0.213,mobile_ios,debit_card,0
ACC_LEGIT_STD_01561,1,0,0,50.15,47.14,42,1,2,1,0.0,0.0,0,0.0152,mobile_ios,credit_card,0
ACC_LEGIT_STD_01753,4,0,0,254.0,58.97,459,1,1,1,0.0,0.0,1,0.0743,mobile_ios,credit_card,0
ACC_LEGIT_STD_02415,12,0,0,348.82,28.81,427,1,2,1,0.0,0.0,1,0.0178,mobile_ios,debit_card,0
ACC_RING_045_0046,6,4,3,681.3,113.55,8,7,3,3,0.6667,0.5,2,0.9222,emulator_bot,crypto_gift_card,1
ACC_LEGIT_STD_01756,17,0,0,862.56,49.83,924,2,1,1,0.0,0.0,2,0.0717,mobile_ios,paypal,0
ACC_LEGIT_STD_01555,25,3,3,2383.75,92.33,1174,3,1,1,0.12,0.12,0,0.0096,mobile_ios,debit_card,0
ACC_LEGIT_NEW_00329,2,0,0,79.5,39.75,31,1,1,1,0.0,0.0,0,0.0587,mobile_android,credit_card,0
ACC_LEGIT_STD_02698,18,1,1,1440.43,75.3,654,1,1,1,0.0556,0.0556,1,0.0205,mobile_ios,paypal,0
ACC_LEGIT_NEW_00083,2,0,0,117.88,58.94,14,1,1,1,0.0,0.0,0,0.1904,mobile_ios,credit_card,0
ACC_LEGIT_STD_02675,9,1,1,870.25,103.76,277,1,1,1,0.1111,0.1111,1,0.1252,mobile_android,credit_card,0
ACC_WARD_00257,59,47,45,9405.06,155.24,96,2,1,1,0.7966,0.7627,40,0.7761,mobile_android,credit_card,1
ACC_LEGIT_ACT_00333,49,20,18,3136.81,62.17,139,2,2,2,0.4082,0.3673,5,0.2477,desktop_chrome,apple_pay,0
ACC_LEGIT_STD_01037,5,0,0,269.46,52.94,483,2,4,1,0.0,0.0,0,0.0161,desktop_chrome,credit_card,0
ACC_LEGIT_STD_01447,7,1,0,138.02,19.02,568,1,1,1,0.1429,0.0,1,0.0141,mobile_android,credit_card,0
ACC_LEGIT_STD_01316,8,0,0,502.1,65.29,390,1,3,2,0.0,0.0,1,0.0963,desktop_chrome,paypal,0
ACC_LEGIT_ACT_00324,23,10,9,1271.54,53.17,189,2,1,2,0.4348,0.3913,3,0.0965,mobile_ios,credit_card,0
ACC_LEGIT_STD_01460,8,0,0,705.68,88.81,387,1,1,1,0.0,0.0,1,0.03,mobile_android,debit_card,0
ACC_LEGIT_ACT_00623,30,8,7,1958.96,64.94,231,1,1,3,0.2667,0.2333,5,0.1111,mobile_ios,apple_pay,0
ACC_LEGIT_ACT_00070,46,19,16,4917.7,102.86,287,1,1,2,0.413,0.3478,8,0.3858,mobile_ios,credit_card,0
ACC_LEGIT_STD_02739,9,0,0,381.73,43.12,429,1,3,1,0.0,0.0,1,0.1905,mobile_ios,credit_card,0
ACC_LEGIT_ACT_00418,12,4,3,988.61,84.99,740,1,1,1,0.3333,0.25,2,0.1161,mobile_ios,credit_card,0
ACC_LEGIT_STD_00527,3,0,0,238.42,77.77,143,2,3,2,0.0,0.0,0,0.0561,mobile_ios,credit_card,0
ACC_LEGIT_STD_00926,9,0,0,678.14,78.65,304,1,1,1,0.0,0.0,0,0.1531,mobile_ios,apple_pay,0
ACC_LEGIT_NEW_00014,2,0,0,118.76,59.38,36,1,1,1,0.0,0.0,0,0.2353,mobile_ios,debit_card,0
ACC_LEGIT_STD_00933,8,1,1,476.95,61.85,551,1,1,1,0.125,0.125,0,0.0828,mobile_android,credit_card,0
ACC_LEGIT_STD_01151,14,0,0,613.41,42.84,578,2,1,1,0.0,0.0,0,0.0008,mobile_ios,credit_card,0
ACC_RING_050_0252,24,16,15,3445.92,143.58,30,4,4,3,0.6667,0.625,13,0.9166,mobile_android,virtual_card,1
ACC_LEGIT_STD_00328,16,5,4,681.72,45.87,343,1,1,2,0.3125,0.25,2,0.0457,desktop_chrome,debit_card,0
ACC_RING_054_0189,10,6,5,1999.7,199.97,21,3,4,3,0.6,0.5,4,0.8855,emulator_bot,credit_card,1
ACC_LEGIT_STD_00657,7,0,0,220.62,29.29,269,1,2,1,0.0,0.0,0,0.108,mobile_android,apple_pay,0
ACC_LEGIT_STD_02419,14,0,0,911.89,67.65,838,1,2,1,0.0,0.0,1,0.0929,mobile_ios,paypal,0
ACC_WARD_00152,57,35,32,13964.05,239.76,261,2,3,3,0.614,0.5614,24,0.7259,mobile_android,credit_card,1
ACC_LEGIT_STD_01229,4,0,0,121.3,32.6,340,1,1,1,0.0,0.0,0,0.0649,mobile_ios,debit_card,0
ACC_RING_029_0231,20,18,17,1622.4,81.12,35,3,6,8,0.9,0.85,14,0.9786,mobile_android,credit_card,1
ACC_LEGIT_STD_02294,10,1,0,334.57,33.73,582,1,1,1,0.1,0.0,0,0.1254,mobile_ios,debit_card,0
ACC_LEGIT_ACT_00245,23,10,8,3856.19,165.84,744,2,5,1,0.4348,0.3478,6,0.2129,mobile_ios,credit_card,0
ACC_LEGIT_STD_01361,22,1,1,1733.57,81.03,745,1,1,2,0.0455,0.0455,1,0.0782,mobile_ios,credit_card,0
ACC_LEGIT_ACT_00072,34,14,12,2562.51,75.54,181,3,5,1,0.4118,0.3529,6,0.1614,mobile_ios,credit_card,0
ACC_LEGIT_STD_02861,1,0,0,41.55,41.77,188,1,1,2,0.0,0.0,0,0.0032,mobile_ios,debit_card,0
ACC_WARD_00088,25,20,17,4607.65,190.49,219,2,1,4,0.8,0.68,11,0.7679,mobile_ios,virtual_card,1
ACC_LEGIT_STD_02002,7,1,1,418.68,63.59,339,1,1,1,0.1429,0.1429,0,0.032,desktop_chrome,debit_card,0
ACC_LEGIT_STD_00483,2,0,0,198.12,96.1,244,2,3,2,0.0,0.0,0,0.2068,mobile_android,credit_card,0
ACC_LEGIT_STD_00215,2,1,1,150.62,75.56,167,1,1,1,0.5,0.5,0,0.0222,mobile_ios,credit_card,0
ACC_LEGIT_ACT_00677,23,4,3,1521.68,68.84,686,1,3,1,0.1739,0.1304,5,0.1376,mobile_ios,debit_card,0
ACC_LEGIT_STD_02538,3,0,0,229.76,81.04,173,1,3,1,0.0,0.0,0,0.0031,desktop_chrome,credit_card,0
ACC_LEGIT_STD_02053,7,1,0,357.76,53.09,309,2,1,1,0.1429,0.0,1,0.1368,mobile_android,paypal,0
ACC_LEGIT_STD_00875,12,1,1,1165.87,97.31,435,2,1,2,0.0833,0.0833,0,0.0971,mobile_ios,paypal,0
ACC_LEGIT_STD_00844,3,1,1,197.08,70.86,155,2,1,1,0.3333,0.3333,1,0.1302,mobile_android,credit_card,0
ACC_LEGIT_NEW_00188,4,0,0,255.08,63.77,31,1,1,1,0.0,0.0,0,0.0852,desktop_chrome,debit_card,0
ACC_LEGIT_NEW_00339,1,0,0,55.24,55.24,27,1,1,1,0.0,0.0,0,0.0458,mobile_ios,credit_card,0
ACC_LEGIT_STD_01404,13,0,0,898.65,70.97,717,2,3,3,0.0,0.0,1,0.0603,desktop_chrome,apple_pay,0
ACC_LEGIT_STD_01091,6,1,1,428.04,72.73,164,2,1,1,0.1667,0.1667,0,0.0694,desktop_chrome,debit_card,0
ACC_LEGIT_STD_01435,5,0,0,258.52,52.97,509,1,1,1,0.0,0.0,0,0.0928,mobile_android,credit_card,0
ACC_LEGIT_STD_01060,3,0,0,144.93,46.98,142,1,4,1,0.0,0.0,0,0.1054,mobile_android,debit_card,0
ACC_LEGIT_ACT_00808,42,10,9,4810.43,118.43,480,1,2,1,0.2381,0.2143,15,0.1935,mobile_android,paypal,0
ACC_LEGIT_STD_02655,16,1,1,1038.97,60.44,454,1,1,1,0.0625,0.0625,0,0.0567,mobile_ios,debit_card,0
ACC_LEGIT_STD_01692,5,0,0,384.06,79.28,165,1,1,1,0.0,0.0,1,0.0427,mobile_ios,credit_card,0
ACC_LEGIT_STD_02953,3,0,0,199.07,67.29,173,2,2,1,0.0,0.0,0,0.0006,mobile_ios,credit_card,0
ACC_WARD_00041,52,46,44,6218.24,121.41,303,1,2,3,0.8846,0.8462,21,0.5529,desktop_chrome,paypal,1
ACC_LEGIT_NEW_00082,4,0,0,178.28,44.57,23,1,1,1,0.0,0.0,0,0.0836,desktop_chrome,debit_card,0
ACC_LEGIT_STD_00983,14,1,1,1270.49,89.87,409,1,3,1,0.0714,0.0714,0,0.0314,mobile_android,credit_card,0
ACC_LEGIT_ACT_00435,15,4,3,1521.12,101.42,842,2,5,3,0.2667,0.2,1,0.2034,mobile_ios,paypal,0
ACC_LEGIT_STD_00493,15,1,1,933.3,66.37,595,1,1,1,0.0667,0.0667,2,0.0031,desktop_chrome,credit_card,0
ACC_LEGIT_ACT_00636,27,6,5,4510.44,168.22,673,3,3,2,0.2222,0.1852,5,0.3424,mobile_ios,paypal,0
ACC_LEGIT_ACT_00189,50,22,20,4899.46,102.56,325,2,2,1,0.44,0.4,7,0.2011,mobile_ios,paypal,0
ACC_LEGIT_STD_00956,16,1,0,1483.44,86.26,665,1,1,1,0.0625,0.0,1,0.0769,mobile_ios,debit_card,0
ACC_LEGIT_STD_01103,12,0,0,858.15,73.94,515,1,2,2,0.0,0.0,0,0.0338,desktop_safari,credit_card,0
ACC_LEGIT_STD_01571,2,0,0,74.81,37.07,160,1,1,3,0.0,0.0,0,0.0286,mobile_ios,credit_card,0
ACC_LEGIT_ACT_00184,47,16,15,5876.63,130.41,573,3,2,3,0.3404,0.3191,13,0.1446,desktop_chrome,credit_card,0
ACC_LEGIT_ACT_00288,43,10,9,4645.94,105.43,558,2,1,1,0.2326,0.2093,10,0.2436,mobile_ios,paypal,0
ACC_LEGIT_NEW_00422,3,1,1,90.87,30.29,32,1,1,1,0.3333,0.3333,0,0.0276,desktop_chrome,credit_card,0
ACC_LEGIT_ACT_00413,35,16,14,2050.32,59.42,613,3,1,3,0.4571,0.4,11,0.1055,desktop_chrome,apple_pay,0
ACC_LEGIT_ACT_00795,15,5,4,1799.74,115.85,154,2,5,1,0.3333,0.2667,4,0.1715,mobile_ios,credit_card,0
ACC_LEGIT_STD_01916,8,0,0,617.64,73.39,363,2,1,2,0.0,0.0,1,0.1139,mobile_ios,credit_card,0
ACC_LEGIT_STD_00496,3,0,0,143.29,45.11,147,2,1,1,0.0,0.0,0,0.217,mobile_android,debit_card,0
ACC_LEGIT_STD_01885,3,0,0,230.95,75.56,240,1,2,2,0.0,0.0,0,0.1323,mobile_android,credit_card,0
ACC_LEGIT_STD_00153,10,0,0,389.95,41.96,443,3,2,2,0.0,0.0,2,0.0784,mobile_ios,debit_card,0
ACC_LEGIT_STD_01704,12,3,2,1381.05,109.61,581,1,1,1,0.25,0.1667,1,0.1485,mobile_ios,debit_card,0
ACC_RING_024_0092,15,11,9,1972.5,131.5,10,5,4,8,0.7333,0.6,9,0.7918,emulator_bot,crypto_gift_card,1
ACC_WARD_00087,28,17,15,3173.62,108.22,237,2,3,3,0.6071,0.5357,14,0.7717,mobile_android,paypal,1
ACC_LEGIT_STD_02409,3,1,1,275.45,93.13,130,3,2,1,0.3333,0.3333,0,0.0037,mobile_android,debit_card,0
ACC_LEGIT_STD_02470,16,0,0,1238.61,72.51,793,1,1,2,0.0,0.0,1,0.0268,mobile_ios,apple_pay,0
ACC_LEGIT_STD_00781,3,0,0,198.64,69.7,225,1,1,1,0.0,0.0,0,0.0117,mobile_ios,debit_card,0
ACC_LEGIT_STD_02130,16,1,1,866.11,52.02,819,2,1,1,0.0625,0.0625,1,0.0357,desktop_chrome,credit_card,0
ACC_LEGIT_STD_02145,20,2,1,1288.48,68.22,725,1,1,1,0.1,0.05,2,0.0567,mobile_ios,credit_card,0
ACC_SLOW_00076,21,11,8,2234.82,106.42,186,2,1,2,0.5238,0.381,8,0.7275,mobile_ios,virtual_card,1
ACC_LEGIT_STD_00789,9,1,1,356.25,39.63,361,1,3,1,0.1111,0.1111,0,0.0236,mobile_ios,debit_card,0
ACC_LEGIT_NEW_00387,2,1,1,46.92,23.46,27,1,1,1,0.5,0.5,0,0.1167,mobile_android,debit_card,0
ACC_LEGIT_STD_00782,1,0,0,80.95,81.27,430,1,2,1,0.0,0.0,0,0.0853,mobile_android,debit_card,0
ACC_LEGIT_STD_00732,6,0,0,344.21,60.43,262,1,1,2,0.0,0.0,0,0.015,mobile_android,apple_pay,0
ACC_LEGIT_STD_02217,3,1,1,248.42,85.15,182,1,1,1,0.3333,0.3333,1,0.0107,desktop_safari,apple_pay,0
ACC_LEGIT_STD_00663,6,1,1,527.31,82.98,337,1,4,2,0.1667,0.1667,0,0.0655,mobile_ios,credit_card,0
ACC_WARD_00015,49,37,33,12325.22,248.02,47,2,2,2,0.7551,0.6735,39,0.5378,desktop_chrome,credit_card,1
ACC_LEGIT_ACT_00662,31,10,8,4106.46,129.33,310,1,5,2,0.3226,0.2581,7,0.1917,mobile_android,paypal,0
ACC_SLOW_00096,16,8,6,1946.24,121.64,177,1,3,1,0.5,0.375,3,0.8683,mobile_ios,credit_card,1
ACC_LEGIT_STD_02367,9,1,1,526.14,61.2,363,1,1,1,0.1111,0.1111,0,0.0209,mobile_ios,credit_card,0
ACC_SLOW_00105,17,6,5,2284.46,134.38,209,2,2,1,0.3529,0.2941,3,0.5595,desktop_chrome,credit_card,1
ACC_WARD_00132,42,34,30,6804.31,155.55,227,1,2,2,0.8095,0.7143,26,0.6069,mobile_android,credit_card,1
ACC_LEGIT_STD_00834,8,2,2,497.98,64.31,419,1,1,2,0.25,0.25,0,0.0409,mobile_android,credit_card,0
ACC_LEGIT_STD_00678,6,0,0,212.89,35.41,244,2,1,1,0.0,0.0,1,0.0308,desktop_safari,credit_card,0
ACC_LEGIT_STD_00027,9,0,0,763.14,78.54,504,1,1,1,0.0,0.0,0,0.0051,mobile_ios,credit_card,0
ACC_RING_024_0293,27,19,18,5245.56,194.28,18,3,3,5,0.7037,0.6667,19,0.777,emulator_bot,virtual_card,1
ACC_LEGIT_STD_00621,5,1,1,282.01,59.41,204,1,1,2,0.2,0.2,1,0.0087,mobile_android,credit_card,0
ACC_RING_042_0244,12,8,7,1719.48,143.29,16,5,3,5,0.6667,0.5833,6,0.7299,emulator_bot,virtual_card,1
ACC_RING_008_0143,24,20,19,3237.36,134.89,9,5,4,4,0.8333,0.7917,17,0.8519,mobile_android,crypto_gift_card,1
ACC_LEGIT_STD_01182,9,0,0,630.01,67.22,336,1,1,1,0.0,0.0,0,0.0049,mobile_android,apple_pay,0
ACC_LEGIT_ACT_00380,53,25,20,3914.55,72.55,559,1,1,2,0.4717,0.3774,15,0.1447,mobile_ios,apple_pay,0
ACC_LEGIT_ACT_00849,36,8,6,3923.25,111.52,452,3,3,2,0.2222,0.1667,6,0.016,desktop_chrome,apple_pay,0
ACC_RING_047_0115,10,6,5,1167.3,116.73,16,5,3,4,0.6,0.5,5,0.9397,mobile_android,virtual_card,1
ACC_RING_042_0177,20,15,13,2727.0,136.35,12,3,3,4,0.75,0.65,13,0.7598,emulator_bot,virtual_card,1
ACC_SLOW_00055,18,9,8,1172.34,65.13,72,3,2,2,0.5,0.4444,6,0.4869,mobile_android,debit_card,1
ACC_LEGIT_STD_00625,6,0,0,184.87,32.25,267,1,3,1,0.0,0.0,0,0.0075,mobile_ios,debit_card,0
ACC_LEGIT_STD_01909,4,0,0,171.08,45.38,290,1,2,3,0.0,0.0,0,0.1804,desktop_chrome,debit_card,0
ACC_LEGIT_STD_01494,8,0,0,660.54,82.62,464,1,1,1,0.0,0.0,0,0.006,mobile_android,apple_pay,0
ACC_LEGIT_STD_00423,1,0,0,56.25,60.75,141,1,3,1,0.0,0.0,0,0.0631,desktop_safari,credit_card,0
ACC_LEGIT_STD_00977,1,0,0,59.12,58.68,360,1,1,1,0.0,0.0,0,0.0266,desktop_safari,credit_card,0
ACC_LEGIT_STD_02212,13,1,0,732.53,57.4,541,2,1,2,0.0769,0.0,1,0.035,mobile_android,debit_card,0
ACC_LEGIT_STD_01537,1,0,0,37.05,37.46,97,2,1,1,0.0,0.0,0,0.0162,mobile_ios,paypal,0
ACC_WARD_00020,29,21,20,4961.45,174.1,340,1,2,1,0.7241,0.6897,16,0.7766,mobile_android,paypal,1
ACC_LEGIT_STD_02140,14,1,1,435.82,31.91,697,1,1,1,0.0714,0.0714,1,0.0377,desktop_safari,credit_card,0
ACC_WARD_00243,17,14,12,2871.18,173.46,236,2,2,1,0.8235,0.7059,7,0.7921,desktop_chrome,paypal,1
ACC_LEGIT_ACT_00216,32,6,5,2820.33,87.6,777,1,1,1,0.1875,0.1562,6,0.1703,desktop_chrome,debit_card,0
ACC_LEGIT_STD_01421,14,1,0,1219.02,83.34,429,1,1,1,0.0714,0.0,0,0.0194,mobile_ios,debit_card,0
ACC_LEGIT_NEW_00380,2,0,0,174.86,87.43,25,1,1,1,0.0,0.0,0,0.0236,mobile_ios,credit_card,0
ACC_LEGIT_NEW_00279,1,0,0,82.26,82.26,20,1,1,1,0.0,0.0,0,0.1269,mobile_ios,debit_card,0
ACC_LEGIT_STD_00698,12,2,2,1240.19,109.49,495,1,1,1,0.1667,0.1667,1,0.0084,mobile_android,credit_card,0
ACC_RING_055_0123,26,19,18,4011.28,154.28,28,7,6,4,0.7308,0.6923,14,0.8703,emulator_bot,crypto_gift_card,1
ACC_WARD_00023,32,25,24,4733.98,148.47,91,1,1,1,0.7812,0.75,14,0.602,desktop_chrome,credit_card,1
ACC_LEGIT_STD_00020,11,0,0,706.08,61.25,304,1,1,1,0.0,0.0,0,0.0446,desktop_chrome,credit_card,0
ACC_LEGIT_STD_00391,11,1,1,745.62,63.55,626,2,1,1,0.0909,0.0909,0,0.0204,desktop_chrome,credit_card,0
ACC_LEGIT_ACT_00753,32,11,10,3906.98,120.43,456,2,3,3,0.3438,0.3125,8,0.4024,desktop_chrome,paypal,0
ACC_LEGIT_STD_02406,9,1,0,804.12,82.92,436,1,1,1,0.1111,0.0,1,0.0962,desktop_chrome,credit_card,0
ACC_LEGIT_STD_00599,12,0,0,967.21,79.91,563,1,2,1,0.0,0.0,0,0.0462,mobile_ios,credit_card,0
ACC_LEGIT_STD_02498,6,2,2,212.46,33.62,209,2,2,1,0.3333,0.3333,0,0.0513,mobile_android,credit_card,0
ACC_LEGIT_STD_02442,9,0,0,924.39,105.62,417,1,1,1,0.0,0.0,4,0.0444,mobile_android,debit_card,0
ACC_LEGIT_STD_01022,3,0,0,207.11,64.43,200,1,1,1,0.0,0.0,0,0.0633,mobile_ios,debit_card,0
ACC_LEGIT_STD_00895,3,0,0,233.45,82.91,168,1,1,2,0.0,0.0,0,0.0068,desktop_safari,credit_card,0
ACC_LEGIT_STD_00285,18,1,1,1085.79,58.39,840,1,1,2,0.0556,0.0556,1,0.0523,desktop_chrome,debit_card,0
ACC_LEGIT_STD_00752,3,2,2,180.82,58.24,238,1,1,2,0.6667,0.6667,0,0.0028,mobile_ios,apple_pay,0
ACC_WARD_00192,51,41,38,10014.71,202.12,165,1,2,4,0.8039,0.7451,38,0.6929,mobile_ios,paypal,1
ACC_LEGIT_STD_00720,1,0,0,66.66,69.3,110,1,1,1,0.0,0.0,1,0.0767,desktop_chrome,credit_card,0
ACC_WARD_00002,27,23,20,3882.18,143.54,284,2,2,1,0.8519,0.7407,17,0.7065,desktop_chrome,credit_card,1
ACC_LEGIT_ACT_00750,18,6,5,2583.5,138.26,190,2,2,3,0.3333,0.2778,0,0.1246,mobile_ios,debit_card,0
ACC_LEGIT_STD_00363,6,1,1,229.53,38.94,389,1,1,2,0.1667,0.1667,0,0.0422,desktop_chrome,paypal,0
ACC_LEGIT_NEW_00225,3,0,0,155.46,51.82,13,1,1,1,0.0,0.0,0,0.0561,mobile_android,credit_card,0
ACC_LEGIT_ACT_00727,33,9,7,3904.41,120.63,824,1,5,2,0.2727,0.2121,3,0.5501,mobile_ios,credit_card,0
ACC_LEGIT_ACT_00211,33,15,12,4462.58,134.22,627,2,1,2,0.4545,0.3636,6,0.0773,desktop_chrome,paypal,0
ACC_LEGIT_STD_01740,7,2,2,614.46,91.51,307,1,1,1,0.2857,0.2857,0,0.1044,mobile_android,credit_card,0
ACC_LEGIT_STD_01263,7,1,1,336.4,47.64,255,1,1,2,0.1429,0.1429,1,0.1901,mobile_android,credit_card,0
ACC_LEGIT_STD_00063,9,1,1,453.25,52.54,446,1,1,1,0.1111,0.1111,0,0.1094,mobile_android,paypal,0
ACC_LEGIT_ACT_00177,53,16,13,4927.64,89.11,665,1,2,2,0.3019,0.2453,19,0.349,mobile_android,credit_card,0
ACC_LEGIT_NEW_00072,2,0,0,82.06,41.03,11,1,2,1,0.0,0.0,0,0.2619,mobile_ios,debit_card,0
ACC_LEGIT_STD_01265,5,0,0,206.76,41.84,255,1,1,1,0.0,0.0,0,0.0343,mobile_android,debit_card,0
ACC_LEGIT_NEW_00290,1,0,0,43.12,43.12,44,1,1,1,0.0,0.0,0,0.1311,mobile_ios,credit_card,0
ACC_WARD_00222,29,18,16,6135.75,215.5,169,1,2,2,0.6207,0.5517,12,0.7871,mobile_ios,credit_card,1
ACC_LEGIT_NEW_00173,1,0,0,52.01,52.01,13,1,1,1,0.0,0.0,0,0.0072,mobile_ios,credit_card,0
ACC_LEGIT_ACT_00438,50,14,11,2219.31,43.54,583,2,2,3,0.28,0.22,15,0.371,mobile_ios,debit_card,0
ACC_LEGIT_STD_02834,4,3,3,280.21,67.58,324,1,1,2,0.75,0.75,0,0.0818,mobile_android,credit_card,0
ACC_SLOW_00019,6,3,2,278.28,46.38,48,2,2,1,0.5,0.3333,1,0.5254,mobile_android,paypal,1
ACC_LEGIT_ACT_00009,46,14,13,5753.85,125.52,350,1,2,2,0.3043,0.2826,8,0.3439,mobile_ios,paypal,0
ACC_LEGIT_STD_02436,3,0,0,202.51,73.22,174,1,1,1,0.0,0.0,0,0.0538,mobile_android,debit_card,0
ACC_LEGIT_STD_01927,14,0,0,786.97,55.58,764,1,1,1,0.0,0.0,0,0.0861,mobile_ios,debit_card,0
ACC_LEGIT_STD_00937,12,0,0,670.24,57.22,529,2,2,1,0.0,0.0,0,0.0225,mobile_ios,credit_card,0
ACC_LEGIT_STD_02835,10,5,4,599.22,63.08,283,1,1,1,0.5,0.4,2,0.0092,mobile_ios,credit_card,0
ACC_LEGIT_STD_01018,13,1,0,934.08,73.55,505,1,1,1,0.0769,0.0,1,0.005,mobile_android,credit_card,0
ACC_LEGIT_STD_01879,5,1,1,327.22,71.1,195,1,1,2,0.2,0.2,0,0.1394,desktop_safari,apple_pay,0
ACC_LEGIT_ACT_00129,20,4,3,1874.22,94.31,712,1,2,2,0.2,0.15,6,0.2887,desktop_chrome,paypal,0
ACC_LEGIT_STD_01207,7,1,1,300.17,41.94,314,2,1,2,0.1429,0.1429,1,0.0202,desktop_chrome,apple_pay,0
ACC_RING_063_0198,21,17,15,3403.47,162.07,11,4,4,8,0.8095,0.7143,10,0.7417,emulator_bot,virtual_card,1
ACC_LEGIT_STD_01257,8,0,0,772.38,101.29,470,1,1,1,0.0,0.0,2,0.1453,mobile_android,credit_card,0
ACC_LEGIT_STD_02248,7,1,1,731.59,97.09,568,1,1,1,0.1429,0.1429,0,0.0835,mobile_android,credit_card,0
ACC_LEGIT_ACT_00158,34,11,9,2984.21,84.87,125,3,3,1,0.3235,0.2647,7,0.2481,desktop_chrome,credit_card,0
ACC_LEGIT_STD_02577,2,0,0,145.3,75.78,107,1,1,2,0.0,0.0,0,0.0184,mobile_ios,apple_pay,0
ACC_LEGIT_NEW_00132,1,0,0,42.52,42.52,41,2,1,1,0.0,0.0,0,0.1351,desktop_chrome,credit_card,0
ACC_SLOW_00100,9,3,2,987.21,109.69,148,2,3,1,0.3333,0.2222,1,0.1512,mobile_ios,credit_card,1
ACC_LEGIT_STD_00601,22,4,3,1570.37,75.0,773,2,2,1,0.1818,0.1364,3,0.0199,mobile_ios,credit_card,0
ACC_LEGIT_ACT_00254,15,5,4,1131.53,75.2,540,1,5,2,0.3333,0.2667,4,0.0807,desktop_chrome,debit_card,0
ACC_LEGIT_NEW_00389,1,0,0,30.86,30.86,29,1,1,1,0.0,0.0,0,0.1851,mobile_ios,credit_card,0
ACC_LEGIT_STD_01276,2,0,0,175.9,87.51,260,1,1,1,0.0,0.0,0,0.0113,mobile_ios,credit_card,0
ACC_LEGIT_STD_02534,6,0,0,296.12,49.15,286,1,1,1,0.0,0.0,0,0.0331,desktop_safari,debit_card,0
ACC_LEGIT_STD_01896,12,2,2,841.06,65.37,669,1,3,1,0.1667,0.1667,0,0.0154,mobile_android,credit_card,0
ACC_LEGIT_NEW_00298,1,0,0,25.82,25.82,13,1,1,1,0.0,0.0,0,0.034,mobile_ios,credit_card,0
ACC_LEGIT_ACT_00666,44,11,10,4781.42,112.54,243,3,1,3,0.25,0.2273,7,0.237,mobile_ios,credit_card,0
ACC_LEGIT_STD_02025,14,1,1,1099.46,75.54,721,2,1,1,0.0714,0.0714,0,0.0024,desktop_chrome,debit_card,0
ACC_LEGIT_STD_02185,10,0,0,387.2,38.05,592,2,2,2,0.0,0.0,1,0.1016,mobile_ios,debit_card,0
ACC_LEGIT_STD_01621,13,0,0,956.17,79.04,627,1,4,1,0.0,0.0,1,0.0662,mobile_android,credit_card,0
ACC_LEGIT_ACT_00850,17,3,2,1556.78,91.18,248,2,5,2,0.1765,0.1176,4,0.0849,mobile_android,credit_card,0
ACC_LEGIT_STD_02422,6,0,0,364.12,65.1,547,2,1,1,0.0,0.0,1,0.1507,desktop_chrome,apple_pay,0
ACC_LEGIT_STD_00459,13,1,1,610.46,50.09,537,2,2,1,0.0769,0.0769,0,0.0337,mobile_ios,paypal,0
ACC_LEGIT_STD_02800,5,1,1,387.1,81.64,487,1,3,1,0.2,0.2,0,0.0559,mobile_android,credit_card,0
ACC_LEGIT_STD_00104,16,0,0,1148.53,69.66,706,1,1,1,0.0,0.0,0,0.0701,mobile_ios,credit_card,0
ACC_LEGIT_ACT_00156,53,23,20,5081.81,92.57,781,2,2,1,0.434,0.3774,13,0.6005,desktop_chrome,debit_card,0
ACC_RING_037_0172,27,19,18,4289.49,158.87,13,4,3,3,0.7037,0.6667,17,0.8391,mobile_android,crypto_gift_card,1
ACC_LEGIT_NEW_00406,2,0,0,84.28,42.14,39,1,1,1,0.0,0.0,0,0.1338,mobile_ios,debit_card,0
ACC_LEGIT_STD_00954,5,0,0,235.69,50.68,179,2,2,1,0.0,0.0,1,0.0153,desktop_chrome,credit_card,0
ACC_LEGIT_STD_01171,20,1,1,727.01,37.52,600,1,2,1,0.05,0.05,0,0.0551,mobile_android,credit_card,0
ACC_LEGIT_STD_02115,12,1,1,926.18,75.26,457,1,1,1,0.0833,0.0833,0,0.005,mobile_ios,paypal,0
ACC_LEGIT_ACT_00681,39,12,9,5806.58,148.59,677,2,1,2,0.3077,0.2308,14,0.3082,mobile_android,credit_card,0
ACC_LEGIT_ACT_00064,33,14,12,3982.07,126.92,281,2,1,1,0.4242,0.3636,7,0.1554,desktop_chrome,paypal,0
ACC_LEGIT_STD_00392,13,2,2,1572.07,112.74,558,1,3,1,0.1538,0.1538,2,0.0992,mobile_ios,credit_card,0
ACC_LEGIT_STD_01737,7,0,0,176.33,27.33,309,1,2,1,0.0,0.0,1,0.0805,desktop_chrome,credit_card,0
ACC_LEGIT_ACT_00576,25,7,5,2893.23,111.67,274,1,1,1,0.28,0.2,3,0.6593,desktop_chrome,credit_card,0
ACC_LEGIT_STD_02215,9,1,0,437.39,49.81,315,1,1,1,0.1111,0.0,0,0.2377,mobile_android,apple_pay,0
ACC_LEGIT_STD_00646,7,3,3,419.17,63.97,405,1,1,1,0.4286,0.4286,0,0.0067,mobile_android,apple_pay,0
ACC_LEGIT_ACT_00192,35,12,11,5657.34,162.78,382,3,2,1,0.3429,0.3143,7,0.2978,mobile_android,credit_card,0
ACC_LEGIT_STD_02836,2,0,0,149.82,75.34,194,1,1,1,0.0,0.0,0,0.0601,mobile_android,apple_pay,0
ACC_LEGIT_STD_00556,3,0,0,151.05,53.48,216,1,1,2,0.0,0.0,0,0.0438,mobile_android,debit_card,0
ACC_LEGIT_STD_02599,7,0,0,325.66,45.45,383,1,2,3,0.0,0.0,0,0.002,mobile_ios,paypal,0
ACC_LEGIT_STD_01133,5,0,0,167.02,34.73,290,2,1,1,0.0,0.0,0,0.0156,mobile_ios,debit_card,0
ACC_LEGIT_ACT_00292,14,4,3,883.08,62.54,512,3,3,2,0.2857,0.2143,5,0.3594,desktop_chrome,credit_card,0
ACC_LEGIT_STD_01461,8,0,0,668.09,79.79,437,1,2,1,0.0,0.0,1,0.0085,mobile_ios,credit_card,0
ACC_LEGIT_STD_02435,9,2,1,644.92,68.7,728,1,1,1,0.2222,0.1111,1,0.1952,mobile_ios,credit_card,0
ACC_LEGIT_ACT_00007,41,10,9,6924.0,161.05,139,1,3,3,0.2439,0.2195,7,0.3558,mobile_ios,debit_card,0
ACC_LEGIT_NEW_00231,1,1,1,68.12,68.12,40,1,1,1,1.0,1.0,0,0.2934,mobile_ios,credit_card,0
ACC_LEGIT_ACT_00195,22,7,5,3027.77,141.09,768,4,2,2,0.3182,0.2273,3,0.1651,mobile_ios,credit_card,0
ACC_LEGIT_NEW_00405,4,1,1,199.36,49.84,32,2,2,1,0.25,0.25,0,0.0743,mobile_android,credit_card,0
ACC_LEGIT_ACT_00052,18,5,4,2002.41,114.82,727,3,2,2,0.2778,0.2222,2,0.1306,mobile_ios,debit_card,0
ACC_LEGIT_ACT_00233,13,5,4,819.62,60.69,784,3,1,3,0.3846,0.3077,3,0.2108,desktop_chrome,debit_card,0
ACC_LEGIT_STD_00707,7,0,0,477.44,68.05,610,1,3,2,0.0,0.0,0,0.0071,mobile_ios,apple_pay,0
ACC_LEGIT_STD_02559,4,1,1,203.1,53.67,173,2,1,1,0.25,0.25,0,0.0584,mobile_ios,credit_card,0
ACC_LEGIT_NEW_00345,2,0,0,64.02,32.01,32,1,1,1,0.0,0.0,0,0.1547,mobile_android,credit_card,0
ACC_LEGIT_ACT_00264,47,14,12,3580.17,79.16,583,1,5,1,0.2979,0.2553,12,0.1612,mobile_ios,credit_card,0
ACC_LEGIT_STD_02763,12,0,0,752.52,63.03,613,3,2,2,0.0,0.0,0,0.0196,mobile_ios,credit_card,0
ACC_LEGIT_ACT_00039,31,12,10,2308.77,76.66,221,2,1,1,0.3871,0.3226,7,0.4263,desktop_chrome,credit_card,0
ACC_SLOW_00047,15,7,5,1265.7,84.38,134,2,4,1,0.4667,0.3333,5,0.237,mobile_ios,debit_card,1
ACC_WARD_00216,27,17,14,4243.45,152.35,169,2,2,1,0.6296,0.5185,11,0.7122,mobile_ios,paypal,1
ACC_LEGIT_ACT_00277,45,18,14,5174.67,113.72,599,2,2,1,0.4,0.3111,6,0.6566,mobile_ios,paypal,0
ACC_RING_004_0072,27,19,16,3240.27,120.01,28,5,3,4,0.7037,0.5926,11,0.7276,emulator_bot,virtual_card,1
ACC_LEGIT_NEW_00299,1,0,0,15.0,15.0,20,1,2,1,0.0,0.0,0,0.0574,desktop_chrome,debit_card,0
ACC_LEGIT_STD_00748,8,0,0,458.7,58.63,390,1,1,1,0.0,0.0,0,0.0025,mobile_ios,apple_pay,0
ACC_LEGIT_STD_02626,11,0,0,1076.51,102.89,289,2,1,1,0.0,0.0,2,0.0207,mobile_ios,apple_pay,0
ACC_LEGIT_NEW_00101,3,0,0,263.88,87.96,22,1,1,1,0.0,0.0,0,0.1024,mobile_android,apple_pay,0
ACC_SLOW_00079,9,3,2,653.04,72.56,94,2,1,2,0.3333,0.2222,3,0.2684,desktop_chrome,credit_card,1
ACC_LEGIT_ACT_00320,47,10,9,2304.51,49.45,413,1,3,3,0.2128,0.1915,8,0.2161,mobile_ios,credit_card,0
ACC_LEGIT_NEW_00172,1,0,0,55.1,55.1,10,1,2,1,0.0,0.0,0,0.199,mobile_ios,credit_card,0
ACC_LEGIT_STD_02768,25,1,1,1462.39,62.83,1208,1,1,1,0.04,0.04,0,0.0069,mobile_ios,credit_card,0
ACC_LEGIT_ACT_00603,30,9,7,2602.27,83.75,845,3,2,1,0.3,0.2333,10,0.6247,mobile_ios,paypal,0
ACC_LEGIT_STD_00788,8,3,3,628.78,74.25,374,1,2,1,0.375,0.375,1,0.1542,mobile_ios,apple_pay,0
ACC_LEGIT_STD_01289,9,2,2,841.93,92.34,359,1,2,1,0.2222,0.2222,2,0.0154,desktop_chrome,debit_card,0
ACC_LEGIT_ACT_00206,54,22,20,3524.98,67.81,703,1,2,1,0.4074,0.3704,14,0.0933,desktop_chrome,paypal,0
ACC_LEGIT_STD_00212,4,0,0,155.76,41.93,253,1,1,1,0.0,0.0,0,0.0781,mobile_ios,debit_card,0
ACC_LEGIT_STD_00858,8,1,1,864.41,111.2,408,1,1,1,0.125,0.125,1,0.0214,mobile_android,credit_card,0
ACC_RING_038_0307,23,18,15,2216.05,96.35,26,4,4,5,0.7826,0.6522,10,0.8032,emulator_bot,credit_card,1
ACC_LEGIT_STD_00830,13,1,1,738.74,60.54,425,1,1,1,0.0769,0.0769,1,0.1218,mobile_android,debit_card,0
ACC_LEGIT_ACT_00792,34,9,8,3974.71,112.82,103,2,1,2,0.2647,0.2353,5,0.1926,mobile_ios,paypal,0
ACC_LEGIT_NEW_00312,2,1,1,73.58,36.79,15,1,1,1,0.5,0.5,0,0.0368,mobile_android,credit_card,0
ACC_LEGIT_STD_01710,5,0,0,89.7,17.31,332,1,1,3,0.0,0.0,0,0.0774,desktop_chrome,credit_card,0
ACC_LEGIT_STD_00950,8,0,0,642.37,83.51,364,1,1,1,0.0,0.0,0,0.0,mobile_android,debit_card,0
ACC_LEGIT_STD_00969,6,0,0,503.88,86.98,213,2,2,1,0.0,0.0,1,0.0353,mobile_ios,credit_card,0
ACC_LEGIT_STD_01137,7,0,0,427.36,59.02,244,2,1,1,0.0,0.0,1,0.426,mobile_android,debit_card,0
ACC_LEGIT_STD_00879,5,0,0,376.82,70.11,377,2,1,1,0.0,0.0,0,0.1788,desktop_safari,debit_card,0
ACC_LEGIT_STD_01301,7,1,0,336.22,46.67,329,1,1,1,0.1429,0.0,0,0.0495,mobile_android,credit_card,0
ACC_LEGIT_ACT_00314,46,16,14,4931.77,103.43,482,1,2,2,0.3478,0.3043,8,0.1426,desktop_chrome,credit_card,0
ACC_LEGIT_ACT_00427,46,12,10,5646.08,119.22,473,2,1,3,0.2609,0.2174,7,0.0846,desktop_chrome,credit_card,0
ACC_LEGIT_STD_00334,9,0,0,679.17,81.4,283,1,1,1,0.0,0.0,0,0.0148,mobile_android,debit_card,0
ACC_WARD_00092,30,21,19,4866.98,159.35,180,1,2,2,0.7,0.6333,22,0.8114,mobile_android,paypal,1
ACC_LEGIT_NEW_00176,2,0,0,155.78,77.89,11,1,1,1,0.0,0.0,0,0.1065,mobile_ios,credit_card,0
ACC_LEGIT_STD_01524,3,0,0,237.62,77.27,220,1,1,1,0.0,0.0,0,0.0152,mobile_ios,credit_card,0
ACC_LEGIT_STD_01894,20,3,3,1576.35,83.6,874,1,1,1,0.15,0.15,0,0.0374,mobile_android,apple_pay,0
ACC_LEGIT_NEW_00256,2,0,0,106.8,53.4,23,1,1,1,0.0,0.0,0,0.2458,mobile_android,credit_card,0
ACC_LEGIT_STD_00085,9,0,0,468.22,54.82,524,1,2,1,0.0,0.0,0,0.0136,mobile_ios,credit_card,0
ACC_LEGIT_STD_02413,6,0,0,299.74,46.82,238,1,1,3,0.0,0.0,0,0.0633,mobile_ios,debit_card,0
ACC_LEGIT_STD_00094,19,0,0,1191.16,58.29,789,1,1,1,0.0,0.0,1,0.1385,mobile_android,credit_card,0
ACC_LEGIT_ACT_00672,41,11,9,4247.76,104.34,230,4,1,1,0.2683,0.2195,6,0.2312,desktop_chrome,apple_pay,0
ACC_LEGIT_STD_00472,2,0,0,129.76,67.14,298,1,1,1,0.0,0.0,0,0.0016,desktop_chrome,apple_pay,0
ACC_LEGIT_STD_02570,8,0,0,825.67,105.99,362,1,1,2,0.0,0.0,0,0.0304,mobile_ios,credit_card,0
ACC_LEGIT_STD_01239,15,0,0,1061.99,72.7,476,1,1,1,0.0,0.0,1,0.0627,mobile_ios,debit_card,0
ACC_LEGIT_NEW_00199,1,0,0,108.89,108.89,41,1,1,1,0.0,0.0,1,0.2251,mobile_android,debit_card,0
ACC_LEGIT_STD_00351,8,2,2,757.26,100.92,576,1,1,1,0.25,0.25,1,0.0834,desktop_chrome,debit_card,0
ACC_LEGIT_STD_02368,4,1,1,161.93,37.72,185,1,1,1,0.25,0.25,0,0.073,mobile_android,credit_card,0
ACC_LEGIT_STD_00256,12,0,0,990.48,89.23,520,1,1,1,0.0,0.0,0,0.0636,mobile_ios,credit_card,0
ACC_LEGIT_ACT_00648,26,12,11,2842.94,112.54,696,1,1,1,0.4615,0.4231,4,0.3511,mobile_ios,credit_card,0
ACC_LEGIT_NEW_00107,2,0,0,76.38,38.19,40,1,1,1,0.0,0.0,0,0.4428,mobile_android,credit_card,0
ACC_WARD_00176,28,21,18,6108.75,211.22,33,1,3,1,0.75,0.6429,12,0.7185,desktop_chrome,paypal,1
ACC_LEGIT_ACT_00429,15,4,3,1458.08,95.61,849,2,3,1,0.2667,0.2,4,0.3815,mobile_android,paypal,0
ACC_LEGIT_ACT_00656,20,8,7,3082.92,153.07,684,1,1,3,0.4,0.35,2,0.0819,mobile_ios,credit_card,0
ACC_LEGIT_STD_02469,5,0,0,418.55,81.1,276,1,1,1,0.0,0.0,0,0.0209,mobile_ios,debit_card,0
ACC_LEGIT_ACT_00758,22,5,4,2369.92,110.38,712,2,1,2,0.2273,0.1818,5,0.5383,mobile_ios,paypal,0
ACC_LEGIT_NEW_00219,2,0,0,116.96,58.48,5,1,2,1,0.0,0.0,0,0.2157,mobile_ios,debit_card,0
ACC_LEGIT_STD_00627,8,0,0,368.46,43.34,384,1,2,1,0.0,0.0,1,0.005,mobile_ios,credit_card,0
ACC_LEGIT_STD_02719,11,0,0,346.64,32.31,583,1,1,1,0.0,0.0,0,0.026,mobile_ios,debit_card,0
ACC_LEGIT_STD_02543,8,0,0,648.23,78.32,434,1,1,1,0.0,0.0,0,0.0482,desktop_chrome,credit_card,0
ACC_LEGIT_STD_00389,31,1,1,2541.55,79.81,1472,1,2,3,0.0323,0.0323,2,0.0967,mobile_android,credit_card,0
ACC_LEGIT_STD_01500,10,0,0,594.51,60.86,453,1,2,1,0.0,0.0,1,0.002,mobile_android,debit_card,0
ACC_LEGIT_STD_02160,13,0,0,275.94,21.75,713,2,1,1,0.0,0.0,1,0.0163,mobile_ios,debit_card,0
ACC_LEGIT_ACT_00196,50,10,9,7214.38,143.35,468,2,2,1,0.2,0.18,12,0.2954,desktop_chrome,credit_card,0
ACC_LEGIT_ACT_00220,53,11,9,3631.05,66.8,289,1,2,3,0.2075,0.1698,10,0.2865,mobile_android,debit_card,0
ACC_LEGIT_STD_02013,17,2,1,1634.97,97.7,489,1,2,2,0.1176,0.0588,2,0.27,desktop_chrome,debit_card,0
ACC_SLOW_00028,17,9,8,1009.97,59.41,133,2,3,2,0.5294,0.4706,5,0.8205,mobile_android,paypal,1
ACC_LEGIT_STD_00088,11,2,2,678.34,58.85,417,1,1,1,0.1818,0.1818,0,0.157,mobile_android,credit_card,0
ACC_LEGIT_ACT_00668,19,5,4,1994.1,101.64,114,2,1,1,0.2632,0.2105,6,0.0283,mobile_ios,credit_card,0
ACC_LEGIT_NEW_00025,2,0,0,71.1,35.55,40,1,2,1,0.0,0.0,0,0.1211,mobile_ios,debit_card,0
ACC_LEGIT_STD_00521,10,2,2,622.14,58.05,520,1,2,1,0.2,0.2,0,0.233,mobile_ios,debit_card,0
ACC_RING_006_0208,22,20,17,2153.36,97.88,39,4,4,5,0.9091,0.7727,11,0.8197,mobile_android,crypto_gift_card,1
ACC_RING_021_0089,16,13,12,2094.72,130.92,24,3,3,4,0.8125,0.75,5,0.7633,emulator_bot,virtual_card,1
ACC_LEGIT_STD_02514,1,0,0,23.83,25.17,230,2,2,2,0.0,0.0,0,0.0281,mobile_android,credit_card,0
ACC_LEGIT_STD_01098,10,0,0,871.24,83.82,537,2,1,2,0.0,0.0,0,0.064,mobile_android,credit_card,0
ACC_LEGIT_STD_01214,12,3,3,435.7,37.51,411,1,1,1,0.25,0.25,0,0.024,mobile_android,credit_card,0
ACC_RING_006_0275,21,15,13,3763.62,179.22,12,3,6,8,0.7143,0.619,14,0.7868,emulator_bot,credit_card,1
ACC_LEGIT_STD_01011,4,1,1,267.54,66.11,304,1,1,1,0.25,0.25,1,0.0136,mobile_ios,apple_pay,0
ACC_LEGIT_STD_00093,5,0,0,325.43,62.84,300,1,1,1,0.0,0.0,1,0.1007,mobile_ios,credit_card,0
ACC_LEGIT_ACT_00337,28,11,9,3252.82,114.08,700,3,2,1,0.3929,0.3214,1,0.1346,desktop_chrome,credit_card,0
ACC_LEGIT_ACT_00532,33,11,9,2854.82,90.7,395,2,2,3,0.3333,0.2727,7,0.1776,desktop_chrome,credit_card,0
ACC_LEGIT_STD_02931,20,2,2,1133.71,54.29,599,1,1,1,0.1,0.1,2,0.1116,desktop_chrome,credit_card,0
ACC_LEGIT_STD_02022,11,1,1,1004.75,96.7,672,2,1,1,0.0909,0.0909,0,0.0175,mobile_ios,credit_card,0
ACC_LEGIT_STD_00178,3,0,0,228.95,73.68,244,1,2,2,0.0,0.0,0,0.0488,mobile_android,credit_card,0
ACC_LEGIT_STD_01943,2,0,0,152.43,71.5,298,1,1,2,0.0,0.0,0,0.1165,mobile_android,credit_card,0
ACC_RING_011_0280,14,11,10,1570.24,112.16,22,5,4,3,0.7857,0.7143,7,0.8084,desktop_chrome,virtual_card,1
ACC_LEGIT_NEW_00238,1,0,0,57.09,57.09,6,1,2,1,0.0,0.0,0,0.051,mobile_ios,debit_card,0
ACC_RING_025_0227,14,12,11,2526.86,180.49,10,5,6,3,0.8571,0.7857,7,0.7443,emulator_bot,virtual_card,1
ACC_LEGIT_NEW_00303,1,0,0,46.6,46.6,22,1,2,1,0.0,0.0,0,0.2053,mobile_ios,credit_card,0
ACC_LEGIT_STD_01970,12,3,2,743.82,65.61,480,1,1,1,0.25,0.1667,1,0.2152,mobile_android,apple_pay,0
ACC_LEGIT_NEW_00147,4,1,1,254.4,63.6,24,1,2,1,0.25,0.25,0,0.1609,mobile_ios,debit_card,0
ACC_LEGIT_NEW_00019,2,1,1,43.38,21.69,33,1,2,1,0.5,0.5,0,0.0109,desktop_chrome,apple_pay,0
ACC_SLOW_00092,12,6,5,939.84,78.32,166,2,3,2,0.5,0.4167,4,0.542,mobile_ios,credit_card,1
ACC_LEGIT_ACT_00822,33,11,8,2725.66,78.82,311,2,2,2,0.3333,0.2424,8,0.4121,mobile_android,credit_card,0
ACC_LEGIT_NEW_00209,2,0,0,113.6,56.8,5,1,1,1,0.0,0.0,0,0.2763,mobile_ios,debit_card,0
ACC_LEGIT_STD_02281,5,1,1,325.74,63.57,432,1,2,1,0.2,0.2,0,0.0162,desktop_safari,credit_card,0
ACC_LEGIT_STD_00632,16,2,2,814.88,52.63,625,1,1,2,0.125,0.125,2,0.0551,desktop_chrome,credit_card,0
ACC_LEGIT_STD_01709,11,0,0,603.23,55.7,684,2,1,1,0.0,0.0,1,0.0945,mobile_ios,debit_card,0
ACC_LEGIT_ACT_00671,52,21,19,2102.93,38.71,408,2,2,1,0.4038,0.3654,12,0.325,mobile_ios,paypal,0
ACC_RING_016_0151,23,21,19,4134.25,179.75,14,3,4,3,0.913,0.8261,13,0.8677,emulator_bot,virtual_card,1
ACC_LEGIT_STD_00383,8,1,1,612.86,76.98,369,1,1,1,0.125,0.125,0,0.152,mobile_android,credit_card,0
ACC_LEGIT_STD_00340,16,0,0,1492.82,91.93,513,1,1,1,0.0,0.0,2,0.0878,mobile_android,credit_card,0
ACC_LEGIT_STD_00536,12,1,1,1303.05,100.74,358,2,1,1,0.0833,0.0833,1,0.0107,mobile_ios,credit_card,0
ACC_LEGIT_STD_02786,18,2,2,957.43,50.52,586,2,1,1,0.1111,0.1111,0,0.037,mobile_android,credit_card,0
ACC_RING_055_0190,8,7,5,1001.12,125.14,30,5,3,5,0.875,0.625,4,0.7525,emulator_bot,crypto_gift_card,1
ACC_RING_044_0112,26,21,19,4138.94,159.19,17,3,3,4,0.8077,0.7308,13,0.8509,emulator_bot,credit_card,1
ACC_LEGIT_STD_00080,5,0,0,301.23,58.02,246,3,2,1,0.0,0.0,0,0.0364,desktop_chrome,debit_card,0
ACC_LEGIT_STD_01685,3,0,0,151.23,52.65,397,2,2,1,0.0,0.0,0,0.1179,desktop_chrome,credit_card,0
ACC_LEGIT_NEW_00194,1,0,0,58.97,58.97,37,1,1,1,0.0,0.0,0,0.1545,mobile_ios,debit_card,0
ACC_LEGIT_STD_00033,3,0,0,302.47,94.9,132,3,1,1,0.0,0.0,0,0.117,desktop_chrome,debit_card,0
ACC_SLOW_00037,12,5,4,420.0,35.0,76,3,2,2,0.4167,0.3333,3,0.626,desktop_chrome,paypal,1
ACC_LEGIT_STD_02628,2,0,0,170.23,89.57,283,1,2,1,0.0,0.0,0,0.0505,mobile_ios,debit_card,0
ACC_LEGIT_NEW_00325,2,0,0,179.1,89.55,37,1,1,1,0.0,0.0,0,0.0964,mobile_android,debit_card,0
ACC_SLOW_00127,21,9,7,2031.75,96.75,156,1,3,2,0.4286,0.3333,3,0.6243,desktop_chrome,credit_card,1
ACC_RING_065_0334,7,5,4,936.11,133.73,3,3,3,5,0.7143,0.5714,3,0.7401,emulator_bot,virtual_card,1
ACC_LEGIT_ACT_00651,33,11,9,3250.33,96.01,73,2,2,1,0.3333,0.2727,5,0.1013,mobile_ios,credit_card,0
ACC_RING_028_0163,8,6,5,1105.84,138.23,6,7,9,4,0.75,0.625,4,0.8888,emulator_bot,crypto_gift_card,1
ACC_LEGIT_STD_02046,4,0,0,153.89,40.7,271,2,1,1,0.0,0.0,0,0.067,mobile_android,credit_card,0
ACC_RING_021_0022,12,8,6,1960.56,163.38,13,4,4,8,0.6667,0.5,8,0.9736,desktop_chrome,crypto_gift_card,1
ACC_LEGIT_STD_02050,10,1,1,469.96,50.28,460,1,2,3,0.1,0.1,0,0.0181,mobile_android,credit_card,0
ACC_LEGIT_STD_02493,13,1,0,1224.8,87.51,332,2,2,1,0.0769,0.0,1,0.0127,mobile_android,apple_pay,0
ACC_SLOW_00151,8,3,2,907.44,113.43,102,2,2,2,0.375,0.25,2,0.5427,mobile_ios,credit_card,1
ACC_LEGIT_STD_00041,9,0,0,612.11,64.96,448,1,1,1,0.0,0.0,3,0.0096,mobile_ios,paypal,0
ACC_LEGIT_ACT_00775,50,11,9,4548.06,88.35,606,1,3,3,0.22,0.18,13,0.16,mobile_android,paypal,0
ACC_LEGIT_STD_01057,7,0,0,485.5,66.79,297,1,1,1,0.0,0.0,2,0.0712,mobile_ios,debit_card,0
ACC_LEGIT_STD_01870,1,1,1,63.1,64.02,96,3,1,2,1.0,1.0,0,0.0282,mobile_android,debit_card,0
ACC_LEGIT_STD_00544,7,3,3,558.76,81.77,273,1,1,1,0.4286,0.4286,0,0.1013,mobile_ios,debit_card,0
ACC_LEGIT_STD_01788,11,0,0,474.39,41.58,289,1,1,1,0.0,0.0,1,0.0299,mobile_ios,credit_card,0
ACC_SLOW_00051,20,11,9,1495.2,74.76,66,1,4,3,0.55,0.45,3,0.4791,mobile_ios,paypal,1
ACC_LEGIT_ACT_00366,32,9,7,3837.25,123.95,817,1,1,2,0.2812,0.2188,5,0.1136,mobile_ios,credit_card,0
ACC_LEGIT_STD_00103,8,0,0,480.68,56.13,392,1,1,2,0.0,0.0,0,0.0501,mobile_ios,credit_card,0
ACC_LEGIT_NEW_00057,2,0,0,148.96,74.48,15,2,1,1,0.0,0.0,0,0.1111,mobile_ios,apple_pay,0
ACC_LEGIT_ACT_00300,52,22,20,5301.55,99.45,876,1,3,2,0.4231,0.3846,10,0.3125,mobile_ios,credit_card,0
ACC_LEGIT_STD_00075,11,0,0,876.96,80.13,561,1,2,1,0.0,0.0,0,0.0054,desktop_chrome,credit_card,0
ACC_LEGIT_STD_00710,16,0,0,428.02,28.49,711,1,1,1,0.0,0.0,1,0.0161,mobile_android,paypal,0
ACC_LEGIT_STD_01169,8,0,0,251.58,31.52,379,1,1,1,0.0,0.0,1,0.057,mobile_android,apple_pay,0
ACC_LEGIT_STD_01228,15,1,1,1590.58,99.82,648,1,1,3,0.0667,0.0667,1,0.1165,desktop_chrome,apple_pay,0
ACC_LEGIT_STD_02018,9,1,0,408.21,44.3,420,1,1,2,0.1111,0.0,0,0.0622,mobile_android,credit_card,0
ACC_LEGIT_ACT_00809,42,16,15,2545.46,61.55,572,1,2,3,0.381,0.3571,6,0.5128,mobile_android,credit_card,0
ACC_LEGIT_STD_02823,5,0,0,642.03,121.72,331,1,2,2,0.0,0.0,2,0.1901,mobile_ios,credit_card,0
ACC_SLOW_00111,21,8,6,972.93,46.33,45,2,2,2,0.381,0.2857,6,0.8699,mobile_ios,credit_card,1
ACC_WARD_00201,18,16,15,1771.15,102.4,111,2,1,3,0.8889,0.8333,13,0.7401,mobile_ios,credit_card,1
ACC_LEGIT_STD_02488,5,1,1,360.42,68.11,229,1,1,1,0.2,0.2,0,0.0888,desktop_chrome,debit_card,0
ACC_LEGIT_STD_01760,7,0,0,232.37,34.91,480,1,1,2,0.0,0.0,0,0.1572,mobile_ios,credit_card,0
ACC_LEGIT_ACT_00512,26,10,8,1537.24,57.65,93,2,2,1,0.3846,0.3077,8,0.5749,mobile_ios,credit_card,0
ACC_LEGIT_STD_02256,3,0,0,162.13,56.06,235,2,3,1,0.0,0.0,0,0.0169,mobile_ios,debit_card,0
ACC_LEGIT_ACT_00472,31,6,5,3242.1,107.98,736,2,2,1,0.1935,0.1613,10,0.1261,mobile_ios,debit_card,0
ACC_WARD_00086,29,23,22,5492.96,196.97,272,3,1,2,0.7931,0.7586,22,0.8113,mobile_ios,virtual_card,1
ACC_RING_049_0251,25,23,22,3181.0,127.24,26,5,3,5,0.92,0.88,18,0.7508,desktop_chrome,virtual_card,1
ACC_LEGIT_STD_02746,6,0,0,276.4,48.23,198,1,1,1,0.0,0.0,1,0.0657,mobile_ios,credit_card,0
ACC_LEGIT_STD_02641,1,0,0,102.8,96.2,201,1,1,2,0.0,0.0,0,0.0042,mobile_ios,credit_card,0
ACC_LEGIT_STD_00380,8,1,1,767.76,96.42,531,2,1,1,0.125,0.125,1,0.0583,desktop_safari,credit_card,0
ACC_LEGIT_STD_02311,10,1,0,764.3,76.84,329,2,1,1,0.1,0.0,0,0.1772,mobile_ios,apple_pay,0
ACC_LEGIT_ACT_00715,35,11,9,2621.67,74.16,795,2,2,3,0.3143,0.2571,6,0.1717,mobile_android,apple_pay,0
ACC_LEGIT_NEW_00414,1,0,0,47.82,47.82,11,1,1,1,0.0,0.0,0,0.0483,mobile_ios,credit_card,0
ACC_LEGIT_NEW_00043,2,0,0,170.38,85.19,16,1,1,1,0.0,0.0,0,0.1757,mobile_ios,debit_card,0
ACC_LEGIT_ACT_00405,54,18,16,5283.73,96.6,239,3,1,1,0.3333,0.2963,12,0.2133,mobile_ios,paypal,0
ACC_LEGIT_STD_00429,4,1,1,303.17,71.23,257,2,2,1,0.25,0.25,0,0.0259,mobile_ios,credit_card,0
ACC_LEGIT_STD_02310,3,0,0,113.37,38.91,235,1,3,1,0.0,0.0,0,0.1074,desktop_chrome,credit_card,0
ACC_LEGIT_ACT_00514,38,15,12,4021.31,101.96,94,2,3,1,0.3947,0.3158,7,0.5008,mobile_ios,credit_card,0
ACC_WARD_00186,59,45,38,13507.96,240.24,266,1,3,1,0.7627,0.6441,32,0.7825,mobile_ios,credit_card,1
ACC_LEGIT_STD_01367,4,0,0,258.28,68.96,279,1,2,2,0.0,0.0,1,0.0942,mobile_ios,paypal,0
ACC_LEGIT_STD_01053,12,0,0,494.13,40.14,599,1,1,1,0.0,0.0,1,0.117,mobile_android,debit_card,0
ACC_LEGIT_STD_01542,7,0,0,480.15,70.15,287,2,2,2,0.0,0.0,0,0.0054,mobile_ios,credit_card,0
ACC_LEGIT_STD_02830,15,2,1,756.55,50.27,428,1,1,1,0.1333,0.0667,2,0.0429,mobile_ios,apple_pay,0
ACC_LEGIT_STD_02346,5,0,0,485.06,95.25,268,1,1,2,0.0,0.0,1,0.0261,mobile_ios,debit_card,0
ACC_LEGIT_STD_00065,7,0,0,198.53,30.52,329,2,1,2,0.0,0.0,0,0.0333,mobile_ios,credit_card,0
ACC_LEGIT_STD_01980,16,0,0,1184.07,76.97,799,1,2,1,0.0,0.0,0,0.0263,mobile_ios,paypal,0
ACC_LEGIT_STD_02523,4,0,0,368.63,87.83,205,1,1,1,0.0,0.0,0,0.0627,mobile_android,credit_card,0
ACC_LEGIT_STD_01238,3,1,1,69.34,24.03,199,2,2,1,0.3333,0.3333,0,0.0906,mobile_android,credit_card,0
ACC_LEGIT_STD_01290,14,0,0,779.46,52.01,765,1,2,1,0.0,0.0,1,0.0285,mobile_android,debit_card,0
ACC_SLOW_00080,18,8,7,1848.06,102.67,152,1,4,1,0.4444,0.3889,5,0.6511,desktop_chrome,virtual_card,1
ACC_LEGIT_NEW_00394,2,0,0,91.32,45.66,10,1,1,1,0.0,0.0,0,0.2163,mobile_ios,debit_card,0
ACC_RING_059_0194,22,16,12,3387.78,153.99,23,4,4,3,0.7273,0.5455,8,0.8049,emulator_bot,crypto_gift_card,1
ACC_LEGIT_ACT_00249,12,5,4,1013.86,84.73,589,2,2,3,0.4167,0.3333,1,0.3711,mobile_android,credit_card,0
ACC_SLOW_00006,10,4,3,821.4,82.14,63,1,2,3,0.4,0.3,3,0.5558,mobile_ios,credit_card,1
ACC_LEGIT_STD_00216,19,0,0,972.19,48.27,635,1,2,3,0.0,0.0,1,0.0528,mobile_ios,credit_card,0
ACC_SLOW_00001,6,2,1,640.62,106.77,176,3,3,2,0.3333,0.1667,1,0.2325,desktop_chrome,paypal,1
ACC_LEGIT_NEW_00202,1,0,0,44.65,44.65,20,1,1,1,0.0,0.0,0,0.2871,mobile_ios,debit_card,0
ACC_LEGIT_STD_00207,5,3,3,364.19,72.8,223,1,1,1,0.6,0.6,0,0.0224,mobile_ios,paypal,0
ACC_LEGIT_ACT_00459,25,9,8,614.19,25.07,472,2,2,2,0.36,0.32,1,0.0855,desktop_chrome,apple_pay,0
ACC_LEGIT_STD_02216,6,0,0,263.7,46.68,495,1,2,1,0.0,0.0,1,0.0546,desktop_chrome,credit_card,0
ACC_RING_049_0117,16,11,9,2036.0,127.25,6,5,9,4,0.6875,0.5625,10,0.9572,emulator_bot,credit_card,1
ACC_WARD_00224,45,30,29,8776.04,190.98,37,1,2,1,0.6667,0.6444,27,0.5904,desktop_chrome,virtual_card,1
ACC_LEGIT_STD_00426,4,0,0,243.11,63.46,154,1,1,2,0.0,0.0,0,0.146,mobile_android,debit_card,0
ACC_LEGIT_NEW_00111,1,0,0,27.51,27.51,4,2,2,1,0.0,0.0,0,0.1264,mobile_ios,credit_card,0
ACC_LEGIT_STD_02883,9,2,1,822.1,91.95,499,1,3,1,0.2222,0.1111,0,0.2718,desktop_safari,debit_card,0
ACC_LEGIT_STD_01918,7,1,1,444.58,61.32,267,1,1,2,0.1429,0.1429,0,0.0201,mobile_android,apple_pay,0
ACC_LEGIT_STD_02173,10,0,0,629.41,68.39,602,2,1,1,0.0,0.0,0,0.0564,desktop_safari,debit_card,0
ACC_LEGIT_NEW_00037,4,0,0,206.32,51.58,39,1,1,1,0.0,0.0,0,0.0866,mobile_android,debit_card,0
ACC_LEGIT_STD_00606,15,0,0,795.04,52.74,1002,1,1,1,0.0,0.0,1,0.0642,mobile_android,debit_card,0
ACC_LEGIT_NEW_00217,2,0,0,118.26,59.13,42,1,2,1,0.0,0.0,0,0.0863,mobile_ios,credit_card,0
ACC_LEGIT_STD_01225,5,0,0,424.88,79.72,198,1,1,1,0.0,0.0,0,0.0417,mobile_ios,debit_card,0
ACC_LEGIT_STD_00203,2,0,0,99.52,48.77,199,1,2,2,0.0,0.0,0,0.2664,mobile_ios,credit_card,0
ACC_LEGIT_STD_00604,9,1,1,353.65,37.55,583,1,1,1,0.1111,0.1111,0,0.0156,mobile_android,debit_card,0
ACC_LEGIT_STD_00373,9,1,1,524.45,62.33,745,1,1,1,0.1111,0.1111,0,0.0635,desktop_safari,credit_card,0
ACC_LEGIT_STD_00581,9,0,0,1036.89,107.17,619,1,2,1,0.0,0.0,2,0.1174,mobile_android,debit_card,0
ACC_LEGIT_STD_02622,4,0,0,339.17,83.07,305,1,1,1,0.0,0.0,1,0.1747,mobile_android,apple_pay,0
ACC_LEGIT_STD_02927,3,0,0,155.73,50.16,380,1,1,1,0.0,0.0,0,0.1743,desktop_chrome,credit_card,0
ACC_LEGIT_STD_01581,9,1,1,377.23,41.84,196,1,1,1,0.1111,0.1111,1,0.0248,mobile_ios,credit_card,0
ACC_LEGIT_NEW_00366,2,0,0,105.44,52.72,35,1,1,1,0.0,0.0,0,0.3205,mobile_android,debit_card,0
ACC_LEGIT_STD_02091,13,2,2,870.94,65.44,678,1,2,2,0.1538,0.1538,1,0.0078,mobile_android,credit_card,0
ACC_WARD_00048,18,13,12,3861.41,209.35,120,1,1,2,0.7222,0.6667,8,0.6806,mobile_android,credit_card,1
ACC_RING_009_0144,6,5,4,587.94,97.99,35,5,3,3,0.8333,0.6667,3,0.7745,emulator_bot,crypto_gift_card,1
ACC_LEGIT_NEW_00086,1,0,0,57.33,57.33,25,1,1,1,0.0,0.0,0,0.3452,mobile_android,credit_card,0
ACC_LEGIT_STD_02315,4,1,1,214.69,57.4,308,1,1,1,0.25,0.25,0,0.0869,mobile_android,debit_card,0
ACC_LEGIT_STD_00335,15,0,0,1410.09,96.4,528,1,3,1,0.0,0.0,1,0.0114,mobile_android,debit_card,0
ACC_LEGIT_STD_01845,7,2,2,297.55,40.13,398,1,3,1,0.2857,0.2857,0,0.0076,mobile_android,debit_card,0
ACC_LEGIT_STD_02338,13,1,1,1009.18,72.87,724,1,1,1,0.0769,0.0769,0,0.05,desktop_chrome,apple_pay,0
ACC_LEGIT_STD_00577,14,3,3,890.75,65.82,544,1,1,1,0.2143,0.2143,1,0.2063,mobile_android,credit_card,0
ACC_WARD_00231,33,23,20,6096.56,193.26,65,2,1,2,0.697,0.6061,24,0.6038,mobile_ios,credit_card,1
ACC_LEGIT_STD_00214,2,0,0,90.1,47.04,233,1,1,1,0.0,0.0,0,0.0155,mobile_ios,credit_card,0
ACC_LEGIT_NEW_00320,1,0,0,84.01,84.01,20,1,2,1,0.0,0.0,0,0.341,mobile_ios,credit_card,0
ACC_LEGIT_STD_02922,3,0,0,369.08,114.24,337,3,1,1,0.0,0.0,2,0.0266,mobile_android,credit_card,0
ACC_LEGIT_ACT_00356,32,10,8,2537.21,78.33,700,1,1,2,0.3125,0.25,5,0.3599,mobile_ios,paypal,0
ACC_LEGIT_STD_01706,11,3,1,697.65,60.58,536,1,3,1,0.2727,0.0909,0,0.0512,mobile_android,debit_card,0
ACC_LEGIT_STD_00499,1,0,0,82.57,83.51,190,1,1,1,0.0,0.0,0,0.2577,desktop_safari,apple_pay,0
ACC_LEGIT_STD_00393,7,1,1,483.75,74.14,411,1,2,1,0.1429,0.1429,0,0.0125,mobile_ios,apple_pay,0
ACC_LEGIT_STD_02199,8,0,0,693.67,82.8,496,1,2,1,0.0,0.0,0,0.0096,mobile_android,credit_card,0
ACC_SLOW_00098,15,8,6,775.8,51.72,174,2,1,3,0.5333,0.4,3,0.6366,mobile_ios,virtual_card,1
ACC_RING_032_0234,24,16,13,3359.04,139.96,7,4,6,5,0.6667,0.5417,11,0.812,emulator_bot,virtual_card,1
ACC_LEGIT_ACT_00518,38,8,7,2639.77,70.17,753,2,2,1,0.2105,0.1842,8,0.1342,desktop_chrome,debit_card,0
ACC_LEGIT_ACT_00363,26,5,4,1121.85,42.32,94,1,1,1,0.1923,0.1538,5,0.156,mobile_ios,credit_card,0
ACC_LEGIT_STD_00573,6,0,0,129.73,23.09,357,1,4,1,0.0,0.0,0,0.0992,mobile_android,debit_card,0
ACC_LEGIT_ACT_00643,16,3,2,1494.08,94.4,448,3,1,1,0.1875,0.125,1,0.3365,desktop_chrome,apple_pay,0
ACC_LEGIT_ACT_00649,48,20,16,6091.42,124.25,716,3,2,1,0.4167,0.3333,12,0.2129,desktop_chrome,debit_card,0
ACC_SLOW_00112,17,7,6,1898.73,111.69,201,1,1,2,0.4118,0.3529,5,0.4543,mobile_ios,paypal,1
ACC_LEGIT_STD_00097,5,0,0,339.9,66.23,290,1,1,1,0.0,0.0,0,0.0542,mobile_android,credit_card,0
ACC_LEGIT_ACT_00741,39,17,14,1639.33,43.47,394,3,3,2,0.4359,0.359,11,0.0952,mobile_ios,debit_card,0
ACC_LEGIT_STD_00713,4,0,0,199.78,52.29,303,1,1,1,0.0,0.0,0,0.0177,mobile_ios,debit_card,0
ACC_LEGIT_STD_02695,12,0,0,910.75,79.0,505,1,1,1,0.0,0.0,1,0.3079,mobile_android,credit_card,0
ACC_LEGIT_ACT_00362,30,7,6,3693.32,121.73,452,1,1,3,0.2333,0.2,7,0.353,mobile_ios,credit_card,0
ACC_LEGIT_STD_02561,8,0,0,441.51,56.09,351,1,1,2,0.0,0.0,1,0.1629,mobile_android,debit_card,0
ACC_LEGIT_STD_00908,1,0,0,79.87,78.48,178,1,3,1,0.0,0.0,0,0.0171,desktop_chrome,paypal,0
ACC_LEGIT_STD_00549,1,0,0,32.53,35.0,195,1,3,1,0.0,0.0,0,0.0419,mobile_ios,credit_card,0
ACC_LEGIT_STD_01349,14,0,0,1105.01,74.79,641,1,1,1,0.0,0.0,1,0.0075,mobile_android,credit_card,0
ACC_SLOW_00033,7,3,2,624.61,89.23,52,2,3,1,0.4286,0.2857,2,0.6316,mobile_android,credit_card,1
ACC_LEGIT_ACT_00717,52,24,23,4915.15,90.56,853,1,3,1,0.4615,0.4423,10,0.0972,mobile_ios,paypal,0
ACC_LEGIT_NEW_00075,2,0,0,50.92,25.46,15,1,1,1,0.0,0.0,0,0.0358,mobile_ios,apple_pay,0
ACC_LEGIT_ACT_00358,27,8,7,1394.45,54.21,150,2,3,2,0.2963,0.2593,8,0.1084,mobile_ios,credit_card,0
ACC_RING_036_0238,10,9,7,1297.6,129.76,14,5,4,8,0.9,0.7,3,0.7296,emulator_bot,virtual_card,1
ACC_LEGIT_STD_02757,10,0,0,471.15,44.02,620,1,3,1,0.0,0.0,0,0.1645,desktop_chrome,debit_card,0
ACC_LEGIT_STD_02502,23,0,0,699.64,29.77,1102,1,2,1,0.0,0.0,1,0.0363,desktop_chrome,paypal,0
ACC_LEGIT_NEW_00232,2,0,0,69.86,34.93,25,1,1,1,0.0,0.0,0,0.028,mobile_android,credit_card,0
ACC_WARD_00238,57,39,34,12396.5,220.16,130,2,1,2,0.6842,0.5965,32,0.7431,mobile_ios,paypal,1
ACC_RING_043_0312,22,17,14,2952.4,134.2,37,3,6,3,0.7727,0.6364,16,0.919,emulator_bot,virtual_card,1
ACC_LEGIT_STD_00575,11,1,1,565.03,54.23,437,2,2,3,0.0909,0.0909,0,0.0459,desktop_chrome,credit_card,0
ACC_LEGIT_STD_01931,10,0,0,887.79,88.29,469,1,1,1,0.0,0.0,0,0.0922,mobile_ios,credit_card,0
ACC_LEGIT_ACT_00723,40,17,14,4985.79,123.0,728,2,2,2,0.425,0.35,8,0.4193,mobile_ios,credit_card,0
ACC_LEGIT_STD_01027,14,1,0,793.84,59.9,563,2,1,1,0.0714,0.0,3,0.0248,mobile_android,debit_card,0
ACC_LEGIT_STD_01069,4,0,0,306.87,73.31,122,1,1,1,0.0,0.0,0,0.0073,mobile_ios,credit_card,0
ACC_SLOW_00132,6,3,2,743.04,123.84,93,3,1,1,0.5,0.3333,2,0.4091,mobile_android,virtual_card,1
ACC_RING_012_0281,6,4,3,672.18,112.03,16,4,9,4,0.6667,0.5,3,0.8441,mobile_android,crypto_gift_card,1
ACC_LEGIT_STD_00749,5,1,1,214.84,40.78,521,2,2,1,0.2,0.2,0,0.0205,mobile_android,debit_card,0
ACC_WARD_00066,30,19,17,3329.53,113.73,230,3,2,2,0.6333,0.5667,21,0.7653,mobile_android,paypal,1
ACC_LEGIT_STD_02557,12,0,0,481.22,39.14,406,1,3,2,0.0,0.0,0,0.0107,desktop_safari,credit_card,0
ACC_LEGIT_STD_01094,9,3,2,661.14,68.1,498,1,1,1,0.3333,0.2222,0,0.0086,mobile_ios,apple_pay,0
ACC_LEGIT_ACT_00183,29,7,5,2155.76,71.36,457,2,3,2,0.2414,0.1724,4,0.2329,desktop_chrome,debit_card,0
ACC_LEGIT_STD_01947,5,0,0,288.9,55.86,372,1,1,1,0.0,0.0,0,0.0305,mobile_ios,debit_card,0
ACC_RING_009_0010,18,14,13,1226.7,68.15,7,7,6,5,0.7778,0.7222,7,0.8274,desktop_chrome,crypto_gift_card,1
ACC_RING_043_0111,27,24,23,4056.48,150.24,12,3,6,4,0.8889,0.8519,14,0.825,emulator_bot,virtual_card,1
ACC_RING_054_0256,11,9,8,1925.44,175.04,6,3,4,4,0.8182,0.7273,4,0.8851,emulator_bot,virtual_card,1
ACC_LEGIT_STD_01544,15,0,0,1350.61,93.33,665,1,1,2,0.0,0.0,2,0.0401,mobile_android,credit_card,0
ACC_LEGIT_ACT_00791,23,8,7,2862.12,125.03,561,1,1,2,0.3478,0.3043,5,0.202,mobile_ios,credit_card,0
ACC_LEGIT_STD_00569,14,4,2,926.21,61.56,597,2,1,1,0.2857,0.1429,0,0.0235,mobile_ios,credit_card,0
ACC_LEGIT_NEW_00031,1,0,0,19.36,19.36,20,1,1,1,0.0,0.0,0,0.085,mobile_ios,apple_pay,0
ACC_LEGIT_STD_01770,11,1,0,1008.87,88.21,689,1,2,1,0.0909,0.0,1,0.0268,desktop_safari,debit_card,0
ACC_LEGIT_STD_01934,10,0,0,508.11,50.86,326,1,1,1,0.0,0.0,0,0.0083,mobile_ios,credit_card,0
ACC_LEGIT_STD_02822,16,1,1,1240.66,77.17,526,1,2,1,0.0625,0.0625,1,0.0359,mobile_ios,credit_card,0
ACC_LEGIT_ACT_00119,15,5,4,1206.6,77.18,235,1,1,2,0.3333,0.2667,6,0.2243,mobile_ios,debit_card,0
ACC_LEGIT_ACT_00840,33,13,11,3397.91,101.04,293,1,2,2,0.3939,0.3333,7,0.0726,mobile_android,paypal,0
ACC_LEGIT_STD_00283,1,1,0,77.46,82.63,214,1,1,1,1.0,0.0,0,0.0347,mobile_ios,credit_card,0
ACC_WARD_00166,52,40,35,7062.15,138.75,61,2,1,1,0.7692,0.6731,35,0.6395,mobile_ios,credit_card,1
ACC_LEGIT_STD_01268,26,4,4,2615.9,99.61,1181,1,1,1,0.1538,0.1538,1,0.0518,mobile_android,debit_card,0
ACC_LEGIT_STD_00336,5,0,0,291.6,63.02,208,2,1,2,0.0,0.0,0,0.0905,mobile_ios,credit_card,0
ACC_LEGIT_STD_00267,4,3,3,174.38,41.25,186,1,2,1,0.75,0.75,0,0.0199,mobile_android,apple_pay,0
ACC_LEGIT_STD_00017,5,0,0,288.74,56.34,406,2,1,2,0.0,0.0,0,0.1141,desktop_chrome,credit_card,0
ACC_LEGIT_STD_00136,2,0,0,156.37,75.67,198,1,3,1,0.0,0.0,0,0.0009,mobile_ios,debit_card,0
ACC_LEGIT_STD_00142,5,1,1,386.8,74.37,326,1,1,1,0.2,0.2,0,0.1544,desktop_chrome,debit_card,0
ACC_LEGIT_STD_00669,5,0,0,431.16,90.99,555,1,2,2,0.0,0.0,0,0.0023,mobile_ios,paypal,0
ACC_LEGIT_STD_01095,7,0,0,734.25,99.22,190,1,4,1,0.0,0.0,0,0.1504,desktop_safari,paypal,0
ACC_LEGIT_NEW_00039,2,0,0,157.3,78.65,30,1,1,1,0.0,0.0,0,0.0121,mobile_ios,apple_pay,0
ACC_LEGIT_STD_02728,8,0,0,676.68,79.9,299,1,2,1,0.0,0.0,0,0.0466,mobile_ios,credit_card,0
ACC_LEGIT_STD_01439,26,0,0,1598.44,60.7,1023,1,2,1,0.0,0.0,2,0.0003,mobile_ios,debit_card,0
ACC_LEGIT_STD_00465,6,1,0,470.65,77.8,233,2,2,1,0.1667,0.0,1,0.0422,mobile_ios,credit_card,0
ACC_LEGIT_STD_01872,11,0,0,1034.12,94.52,629,1,2,1,0.0,0.0,0,0.0822,mobile_ios,credit_card,0
ACC_LEGIT_STD_02250,13,0,0,885.23,68.77,587,1,1,1,0.0,0.0,1,0.2878,mobile_ios,debit_card,0
ACC_LEGIT_STD_01835,6,0,0,365.68,64.08,302,1,1,1,0.0,0.0,0,0.0762,mobile_android,debit_card,0
ACC_LEGIT_STD_02588,10,0,0,323.08,34.2,430,1,2,2,0.0,0.0,0,0.0448,mobile_android,credit_card,0
ACC_LEGIT_ACT_00658,32,7,5,3177.29,97.85,164,2,3,3,0.2188,0.1562,5,0.198,desktop_chrome,debit_card,0
ACC_LEGIT_STD_01261,2,0,0,123.91,65.73,243,1,1,1,0.0,0.0,0,0.2578,mobile_ios,credit_card,0
ACC_LEGIT_STD_02973,13,1,1,867.9,65.91,593,1,1,1,0.0769,0.0769,0,0.0057,mobile_ios,credit_card,0
ACC_RING_047_0048,26,18,15,4291.04,165.04,5,3,4,5,0.6923,0.5769,11,0.7623,emulator_bot,virtual_card,1
ACC_LEGIT_STD_02062,4,1,1,295.38,79.14,410,1,1,1,0.25,0.25,1,0.0549,mobile_android,debit_card,0
ACC_LEGIT_STD_01933,29,5,5,1412.67,46.24,1138,1,1,1,0.1724,0.1724,1,0.013,mobile_android,credit_card,0
ACC_LEGIT_ACT_00556,23,6,5,1835.22,81.27,594,2,2,1,0.2609,0.2174,5,0.1127,mobile_android,credit_card,0
ACC_LEGIT_STD_01322,12,1,1,951.68,82.25,413,3,2,1,0.0833,0.0833,1,0.0577,desktop_chrome,credit_card,0
ACC_LEGIT_NEW_00095,1,0,0,77.64,77.64,23,1,1,1,0.0,0.0,0,0.2377,mobile_ios,debit_card,0
ACC_LEGIT_STD_01490,10,0,0,631.99,62.09,534,1,3,1,0.0,0.0,1,0.0017,desktop_chrome,credit_card,0
ACC_LEGIT_STD_01068,7,0,0,534.71,76.36,154,2,1,1,0.0,0.0,0,0.0736,mobile_ios,credit_card,0
ACC_LEGIT_STD_00230,12,0,0,652.36,53.28,518,1,1,1,0.0,0.0,0,0.0007,mobile_android,credit_card,0
ACC_LEGIT_STD_02295,3,0,0,181.71,60.53,347,1,1,2,0.0,0.0,0,0.0011,mobile_android,credit_card,0
ACC_LEGIT_STD_00829,3,0,0,264.84,88.6,202,1,1,2,0.0,0.0,0,0.0475,mobile_android,credit_card,0
ACC_LEGIT_ACT_00202,53,24,19,6507.36,119.48,508,1,2,3,0.4528,0.3585,6,0.3324,mobile_ios,credit_card,0
ACC_LEGIT_STD_01007,20,0,0,1381.11,68.32,982,1,1,1,0.0,0.0,1,0.0668,mobile_android,debit_card,0
ACC_LEGIT_STD_00860,15,2,2,1423.45,88.08,394,1,2,1,0.1333,0.1333,0,0.0238,mobile_android,debit_card,0
ACC_LEGIT_STD_00565,12,1,1,725.02,59.32,489,2,1,1,0.0833,0.0833,0,0.1441,mobile_android,apple_pay,0
ACC_LEGIT_STD_00943,22,0,0,1787.98,82.65,795,1,1,2,0.0,0.0,2,0.0292,mobile_ios,credit_card,0
ACC_WARD_00145,58,39,34,12270.11,216.68,30,1,3,2,0.6724,0.5862,27,0.5646,mobile_ios,paypal,1
ACC_LEGIT_STD_00353,3,0,0,219.5,69.06,118,1,1,1,0.0,0.0,0,0.076,mobile_ios,credit_card,0
ACC_LEGIT_STD_02355,9,0,0,644.08,75.61,473,3,3,1,0.0,0.0,1,0.1675,mobile_ios,credit_card,0
ACC_LEGIT_STD_02775,9,1,1,849.7,91.72,337,2,2,2,0.1111,0.1111,1,0.0966,mobile_android,paypal,0
ACC_RING_018_0153,9,6,5,1315.8,146.2,37,3,4,3,0.6667,0.5556,4,0.7256,emulator_bot,virtual_card,1
ACC_LEGIT_STD_02671,6,1,1,294.64,48.93,337,2,2,1,0.1667,0.1667,0,0.049,desktop_chrome,credit_card,0
ACC_LEGIT_STD_01715,6,0,0,335.63,59.77,267,2,1,2,0.0,0.0,0,0.0288,mobile_ios,credit_card,0
ACC_WARD_00058,35,26,23,4626.32,134.13,107,1,2,1,0.7429,0.6571,15,0.7502,desktop_chrome,paypal,1
ACC_RING_048_0116,9,7,6,1497.6,166.4,26,5,6,4,0.7778,0.6667,4,0.7927,desktop_chrome,crypto_gift_card,1
ACC_LEGIT_STD_01676,6,0,0,573.4,93.32,386,2,3,1,0.0,0.0,0,0.054,desktop_chrome,credit_card,0
ACC_LEGIT_STD_00655,12,0,0,843.1,75.59,752,1,1,1,0.0,0.0,1,0.0684,mobile_ios,credit_card,0
ACC_LEGIT_STD_02540,12,0,0,1020.19,92.3,588,1,3,2,0.0,0.0,1,0.048,mobile_android,debit_card,0
ACC_LEGIT_ACT_00804,41,17,14,1583.98,38.93,726,4,1,1,0.4146,0.3415,7,0.0926,mobile_android,paypal,0
ACC_LEGIT_NEW_00119,1,0,0,54.47,54.47,7,1,1,1,0.0,0.0,0,0.3873,mobile_android,debit_card,0
ACC_LEGIT_STD_02186,13,2,2,835.11,65.07,752,1,2,3,0.1538,0.1538,1,0.0726,mobile_android,credit_card,0
ACC_LEGIT_NEW_00338,3,1,1,103.05,34.35,35,1,1,1,0.3333,0.3333,0,0.1812,mobile_ios,debit_card,0
ACC_SLOW_00123,17,7,5,1587.97,93.41,65,1,3,1,0.4118,0.2941,6,0.736,mobile_ios,credit_card,1
ACC_SLOW_00088,15,8,6,1490.7,99.38,193,2,2,1,0.5333,0.4,4,0.4495,mobile_ios,paypal,1
ACC_WARD_00065,25,19,16,3591.07,149.38,157,1,1,2,0.76,0.64,18,0.7092,mobile_android,paypal,1
ACC_LEGIT_NEW_00134,2,1,1,56.16,28.08,43,1,1,1,0.5,0.5,0,0.0737,desktop_chrome,debit_card,0
ACC_LEGIT_STD_02024,8,2,2,659.12,80.04,184,2,1,1,0.25,0.25,1,0.0198,mobile_android,debit_card,0
ACC_LEGIT_STD_00218,5,0,0,358.52,70.55,446,1,1,2,0.0,0.0,0,0.0559,mobile_ios,credit_card,0
ACC_LEGIT_STD_00462,6,0,0,637.75,100.09,386,1,1,1,0.0,0.0,0,0.0886,mobile_android,credit_card,0
ACC_LEGIT_ACT_00365,18,5,4,2161.4,120.73,222,2,2,3,0.2778,0.2222,2,0.119,desktop_chrome,apple_pay,0
ACC_WARD_00127,31,20,17,4721.73,156.31,208,2,4,1,0.6452,0.5484,16,0.7489,mobile_ios,paypal,1
ACC_RING_022_0090,14,11,10,2101.82,150.13,15,4,6,5,0.7857,0.7143,8,0.7271,emulator_bot,credit_card,1
ACC_LEGIT_STD_01372,5,0,0,381.55,79.09,292,2,1,1,0.0,0.0,0,0.0106,mobile_ios,paypal,0
ACC_LEGIT_STD_00911,3,1,1,308.16,97.85,176,1,2,1,0.3333,0.3333,0,0.2183,mobile_ios,debit_card,0
ACC_WARD_00083,49,37,32,8555.73,168.89,151,2,2,1,0.7551,0.6531,26,0.6097,mobile_android,virtual_card,1
ACC_LEGIT_STD_01499,23,0,0,1711.86,79.77,685,1,1,1,0.0,0.0,4,0.0375,desktop_chrome,debit_card,0
ACC_LEGIT_STD_02720,11,0,0,340.81,30.87,201,1,3,2,0.0,0.0,0,0.0345,mobile_ios,credit_card,0
ACC_LEGIT_STD_01688,3,0,0,166.02,57.65,158,1,1,2,0.0,0.0,1,0.0045,mobile_ios,apple_pay,0
ACC_LEGIT_STD_00486,10,1,1,565.92,54.3,389,1,2,3,0.1,0.1,0,0.03,mobile_android,debit_card,0
ACC_LEGIT_STD_00769,16,3,3,877.72,53.65,748,1,1,1,0.1875,0.1875,0,0.04,mobile_android,credit_card,0
ACC_LEGIT_NEW_00282,2,0,0,71.6,35.8,30,2,2,1,0.0,0.0,0,0.0765,mobile_ios,credit_card,0
ACC_LEGIT_STD_01765,11,0,0,709.64,66.6,491,2,2,1,0.0,0.0,2,0.075,mobile_ios,credit_card,0
ACC_LEGIT_STD_02590,1,0,0,42.02,44.67,79,2,2,1,0.0,0.0,0,0.0111,mobile_ios,debit_card,0
ACC_LEGIT_ACT_00471,29,8,6,1792.24,62.28,116,1,2,2,0.2759,0.2069,6,0.2927,desktop_chrome,debit_card,0
ACC_WARD_00206,18,12,11,3074.35,165.15,108,1,2,1,0.6667,0.6111,13,0.7028,mobile_ios,credit_card,1
ACC_RING_011_0146,21,19,17,3599.82,171.42,30,7,3,4,0.9048,0.8095,14,0.8381,desktop_chrome,virtual_card,1
ACC_LEGIT_NEW_00309,1,0,0,35.35,35.35,15,1,2,1,0.0,0.0,0,0.1383,mobile_android,apple_pay,0
ACC_LEGIT_NEW_00357,2,1,1,128.7,64.35,43,1,1,1,0.5,0.5,0,0.1182,desktop_chrome,debit_card,0
ACC_LEGIT_STD_02271,9,0,0,585.11,61.09,356,1,2,1,0.0,0.0,0,0.0118,mobile_ios,debit_card,0
ACC_WARD_00191,19,14,13,3030.27,156.06,178,2,1,4,0.7368,0.6842,13,0.7006,mobile_ios,credit_card,1
ACC_LEGIT_STD_02405,3,0,0,228.87,79.13,219,1,1,1,0.0,0.0,0,0.083,mobile_android,credit_card,0
ACC_LEGIT_STD_00546,7,1,0,436.51,61.06,447,1,3,1,0.1429,0.0,0,0.0552,mobile_ios,paypal,0
ACC_LEGIT_STD_00118,3,0,0,239.49,83.55,283,1,1,3,0.0,0.0,1,0.0107,mobile_android,credit_card,0
ACC_LEGIT_NEW_00412,2,0,0,106.14,53.07,3,1,1,1,0.0,0.0,0,0.109,mobile_android,debit_card,0
ACC_LEGIT_STD_01264,5,0,0,376.44,74.65,191,1,1,1,0.0,0.0,1,0.1648,mobile_ios,apple_pay,0
ACC_LEGIT_STD_02225,10,0,0,1190.71,121.97,437,2,1,1,0.0,0.0,1,0.003,mobile_ios,debit_card,0
ACC_LEGIT_ACT_00411,21,6,5,2435.11,110.67,369,2,5,2,0.2857,0.2381,2,0.3061,mobile_android,paypal,0
ACC_LEGIT_STD_01483,6,2,2,415.79,66.08,294,3,1,1,0.3333,0.3333,0,0.1542,mobile_ios,credit_card,0
ACC_WARD_00211,32,21,19,5148.85,157.21,31,2,2,2,0.6562,0.5938,23,0.6737,mobile_ios,credit_card,1
ACC_LEGIT_STD_02399,12,0,0,866.29,76.72,471,3,2,1,0.0,0.0,2,0.0996,mobile_ios,credit_card,0
ACC_LEGIT_STD_01758,3,0,0,46.61,15.0,268,1,1,1,0.0,0.0,0,0.0612,mobile_ios,debit_card,0
ACC_LEGIT_STD_02544,14,0,0,892.27,66.75,597,2,2,1,0.0,0.0,0,0.024,mobile_android,credit_card,0
ACC_LEGIT_ACT_00430,29,8,6,2674.04,90.59,406,2,3,1,0.2759,0.2069,3,0.1489,mobile_android,paypal,0
ACC_LEGIT_STD_00637,16,2,2,1084.53,68.73,685,2,1,3,0.125,0.125,1,0.0412,mobile_android,credit_card,0
ACC_WARD_00180,46,30,26,6810.45,153.07,265,2,2,1,0.6522,0.5652,31,0.5928,desktop_chrome,credit_card,1
ACC_LEGIT_STD_02604,4,0,0,189.35,50.77,268,1,1,1,0.0,0.0,0,0.0295,mobile_ios,debit_card,0
ACC_LEGIT_STD_00755,10,1,1,366.94,38.6,524,1,2,1,0.1,0.1,0,0.0942,mobile_ios,credit_card,0
ACC_LEGIT_NEW_00240,2,0,0,100.4,50.2,30,1,1,1,0.0,0.0,0,0.0352,mobile_android,credit_card,0
ACC_LEGIT_STD_02005,14,2,2,482.65,33.28,311,1,1,1,0.1429,0.1429,1,0.0785,mobile_ios,credit_card,0
ACC_LEGIT_STD_01979,5,0,0,245.51,46.96,262,1,1,1,0.0,0.0,0,0.0423,desktop_chrome,debit_card,0
ACC_LEGIT_ACT_00256,39,10,8,3441.27,84.99,538,1,1,3,0.2564,0.2051,5,0.2022,desktop_chrome,credit_card,0
ACC_LEGIT_STD_02172,5,0,0,530.86,110.46,497,1,1,1,0.0,0.0,0,0.1978,mobile_ios,credit_card,0
ACC_LEGIT_STD_01339,8,1,1,651.62,85.64,369,1,1,1,0.125,0.125,0,0.0274,mobile_ios,paypal,0
ACC_LEGIT_STD_00503,4,0,0,218.69,58.86,230,3,2,1,0.0,0.0,0,0.0262,mobile_ios,credit_card,0
ACC_LEGIT_STD_01807,10,1,1,772.69,73.54,347,1,1,1,0.1,0.1,0,0.0217,mobile_android,apple_pay,0
ACC_LEGIT_STD_01309,12,0,0,749.42,58.12,551,1,1,1,0.0,0.0,0,0.1654,mobile_ios,credit_card,0
ACC_LEGIT_NEW_00368,2,0,0,50.92,25.46,10,1,2,1,0.0,0.0,0,0.1962,mobile_android,apple_pay,0
ACC_LEGIT_STD_02006,6,0,0,196.9,34.8,225,3,1,2,0.0,0.0,0,0.0438,mobile_ios,credit_card,0
ACC_LEGIT_STD_01196,9,0,0,766.45,84.7,378,1,1,3,0.0,0.0,1,0.2222,mobile_android,debit_card,0
ACC_LEGIT_STD_02497,5,0,0,402.53,79.53,121,1,3,2,0.0,0.0,0,0.0956,mobile_ios,debit_card,0
ACC_LEGIT_STD_01433,1,0,0,38.65,37.67,168,1,1,1,0.0,0.0,0,0.088,desktop_chrome,paypal,0
ACC_LEGIT_STD_02275,4,1,1,268.51,71.94,302,2,1,2,0.25,0.25,0,0.1824,desktop_safari,credit_card,0
ACC_LEGIT_STD_01818,6,1,1,139.61,22.2,381,1,2,2,0.1667,0.1667,0,0.0663,mobile_ios,credit_card,0
ACC_LEGIT_STD_00498,9,0,0,561.17,65.08,373,2,1,1,0.0,0.0,0,0.041,mobile_android,debit_card,0
ACC_LEGIT_NEW_00286,3,0,0,183.72,61.24,6,1,1,1,0.0,0.0,0,0.0755,mobile_ios,credit_card,0
ACC_LEGIT_STD_01738,15,1,0,853.83,54.84,494,1,1,1,0.0667,0.0,1,0.0502,mobile_android,credit_card,0
ACC_RING_065_0133,26,21,20,3527.68,135.68,18,3,9,5,0.8077,0.7692,11,0.8334,mobile_android,crypto_gift_card,1
ACC_LEGIT_STD_02287,7,1,1,524.43,69.75,459,1,2,1,0.1429,0.1429,1,0.3087,mobile_android,credit_card,0
ACC_LEGIT_STD_01623,12,2,1,768.18,59.84,394,1,1,1,0.1667,0.0833,0,0.06,mobile_android,credit_card,0
ACC_LEGIT_STD_00467,5,0,0,369.3,72.55,450,1,1,3,0.0,0.0,0,0.0056,mobile_ios,credit_card,0
ACC_LEGIT_NEW_00330,3,0,0,178.65,59.55,42,1,1,1,0.0,0.0,0,0.2384,mobile_ios,credit_card,0
ACC_LEGIT_STD_01357,2,0,0,170.5,89.79,141,1,3,1,0.0,0.0,0,0.0285,mobile_ios,credit_card,0
ACC_RING_060_0329,22,19,18,2873.86,130.63,8,3,4,3,0.8636,0.8182,9,0.8721,mobile_android,virtual_card,1
ACC_LEGIT_NEW_00263,3,0,0,169.17,56.39,37,1,1,1,0.0,0.0,0,0.0202,desktop_chrome,credit_card,0
ACC_LEGIT_ACT_00450,39,8,7,2974.91,79.24,809,2,2,1,0.2051,0.1795,5,0.3701,desktop_chrome,paypal,0
ACC_LEGIT_ACT_00135,30,10,8,2631.97,92.1,628,1,2,2,0.3333,0.2667,9,0.2221,desktop_chrome,apple_pay,0
ACC_LEGIT_STD_00694,1,0,0,64.97,60.65,149,1,1,1,0.0,0.0,0,0.0042,mobile_ios,debit_card,0
ACC_RING_051_0186,21,17,13,1371.93,65.33,9,3,6,4,0.8095,0.619,7,0.931,mobile_android,virtual_card,1
ACC_LEGIT_STD_01844,7,1,1,446.53,61.53,333,1,1,2,0.1429,0.1429,1,0.0662,desktop_chrome,apple_pay,0
ACC_LEGIT_STD_01028,25,2,2,1231.77,48.3,944,1,2,1,0.08,0.08,2,0.3026,mobile_ios,apple_pay,0
ACC_LEGIT_STD_00511,9,0,0,482.62,55.42,437,3,1,1,0.0,0.0,1,0.1616,mobile_android,credit_card,0
ACC_WARD_00062,41,26,25,4604.64,109.25,299,3,1,1,0.6341,0.6098,16,0.6183,mobile_android,paypal,1
ACC_LEGIT_STD_02647,10,0,0,567.28,55.87,621,2,1,2,0.0,0.0,0,0.0324,mobile_ios,credit_card,0
ACC_LEGIT_STD_02529,8,1,1,757.89,92.36,339,1,1,1,0.125,0.125,0,0.0664,desktop_chrome,credit_card,0
ACC_LEGIT_NEW_00002,2,0,0,81.68,40.84,5,1,1,1,0.0,0.0,0,0.1257,mobile_ios,credit_card,0
ACC_LEGIT_NEW_00110,4,0,0,314.48,78.62,14,2,2,1,0.0,0.0,0,0.3273,mobile_ios,debit_card,0
ACC_RING_055_0056,10,7,5,811.8,81.18,16,3,3,4,0.7,0.5,5,0.8873,mobile_android,virtual_card,1
ACC_LEGIT_STD_02857,14,2,2,911.68,61.73,542,1,3,1,0.1429,0.1429,2,0.0667,mobile_android,credit_card,0
ACC_LEGIT_STD_02767,16,0,0,747.08,47.68,609,1,2,1,0.0,0.0,2,0.0276,mobile_ios,debit_card,0
ACC_LEGIT_STD_00374,10,1,0,817.12,77.43,344,1,2,3,0.1,0.0,1,0.0139,mobile_android,credit_card,0
ACC_LEGIT_NEW_00148,2,0,0,136.94,68.47,35,2,2,1,0.0,0.0,0,0.0919,desktop_chrome,credit_card,0
ACC_LEGIT_STD_01589,5,0,0,274.54,56.59,267,1,1,1,0.0,0.0,1,0.0112,desktop_chrome,credit_card,0
ACC_LEGIT_STD_02059,7,0,0,474.6,64.78,358,1,3,1,0.0,0.0,1,0.0072,mobile_ios,credit_card,0
ACC_SLOW_00108,18,7,5,1972.62,109.59,138,2,2,1,0.3889,0.2778,4,0.4282,desktop_chrome,virtual_card,1
ACC_LEGIT_STD_01584,4,0,0,314.1,73.12,260,2,1,2,0.0,0.0,1,0.1206,mobile_ios,credit_card,0
ACC_LEGIT_STD_01451,10,0,0,509.67,49.28,478,1,2,1,0.0,0.0,0,0.1639,mobile_ios,apple_pay,0
ACC_LEGIT_ACT_00624,43,9,7,2592.55,62.81,863,1,3,1,0.2093,0.1628,14,0.2359,desktop_chrome,credit_card,0
ACC_LEGIT_STD_02446,7,0,0,955.66,141.62,142,1,1,1,0.0,0.0,1,0.0652,mobile_ios,credit_card,0
ACC_LEGIT_STD_00745,10,2,2,748.43,79.46,391,1,1,1,0.2,0.2,0,0.1397,mobile_ios,credit_card,0
ACC_LEGIT_STD_01044,6,0,0,287.88,47.67,508,1,2,1,0.0,0.0,1,0.0173,mobile_android,paypal,0
ACC_RING_020_0222,7,4,3,738.57,105.51,28,4,4,3,0.5714,0.4286,2,0.9152,emulator_bot,credit_card,1
ACC_LEGIT_ACT_00827,43,13,11,6190.42,138.89,292,1,2,1,0.3023,0.2558,5,0.3383,mobile_ios,credit_card,0
ACC_LEGIT_STD_02192,8,1,1,475.18,64.56,339,1,1,1,0.125,0.125,1,0.0068,mobile_ios,debit_card,0
ACC_LEGIT_STD_01843,5,0,0,233.63,45.15,306,2,2,1,0.0,0.0,0,0.0764,mobile_ios,credit_card,0
ACC_LEGIT_STD_00173,2,0,0,76.61,35.7,279,1,1,2,0.0,0.0,0,0.1449,mobile_android,apple_pay,0
ACC_LEGIT_STD_01464,4,0,0,216.9,51.05,253,1,3,2,0.0,0.0,0,0.1839,mobile_ios,debit_card,0
ACC_LEGIT_ACT_00321,36,12,10,1339.17,36.8,72,1,2,3,0.3333,0.2778,10,0.1654,mobile_ios,credit_card,0
ACC_LEGIT_STD_02190,2,0,0,107.45,49.89,361,1,1,1,0.0,0.0,0,0.0351,mobile_ios,credit_card,0
ACC_LEGIT_STD_02003,4,0,0,163.01,39.84,158,1,2,2,0.0,0.0,1,0.0095,mobile_ios,credit_card,0
ACC_LEGIT_NEW_00350,2,0,0,161.34,80.67,13,1,1,1,0.0,0.0,0,0.2041,mobile_ios,apple_pay,0
ACC_LEGIT_ACT_00382,50,14,12,5063.27,100.34,757,2,3,1,0.28,0.24,13,0.2536,mobile_ios,credit_card,0
ACC_LEGIT_STD_00840,7,0,0,146.71,21.43,370,2,2,2,0.0,0.0,0,0.1164,mobile_android,credit_card,0
ACC_LEGIT_STD_00530,16,0,0,953.04,58.5,573,1,1,2,0.0,0.0,2,0.0775,mobile_ios,debit_card,0
ACC_SLOW_00137,15,7,6,1228.5,81.9,77,1,1,2,0.4667,0.4,5,0.4419,desktop_chrome,credit_card,1
ACC_LEGIT_STD_02572,7,1,1,326.1,50.5,311,2,2,2,0.1429,0.1429,0,0.1177,mobile_ios,apple_pay,0
ACC_LEGIT_STD_01922,6,0,0,254.37,39.95,340,1,1,2,0.0,0.0,0,0.0799,desktop_safari,credit_card,0
ACC_WARD_00203,59,43,39,9446.71,165.26,203,1,2,2,0.7288,0.661,32,0.7552,mobile_ios,virtual_card,1
ACC_WARD_00148,37,26,24,4470.49,115.83,88,2,1,2,0.7027,0.6486,27,0.7085,desktop_chrome,paypal,1
ACC_LEGIT_STD_01906,8,0,0,302.04,36.11,481,1,1,2,0.0,0.0,0,0.0873,mobile_ios,credit_card,0
ACC_LEGIT_STD_00492,3,0,0,170.86,55.78,179,1,4,2,0.0,0.0,0,0.0562,mobile_android,credit_card,0
ACC_LEGIT_NEW_00235,3,0,0,229.98,76.66,24,1,1,1,0.0,0.0,0,0.1333,mobile_ios,debit_card,0
ACC_LEGIT_STD_02812,3,0,0,218.49,73.04,338,1,1,1,0.0,0.0,0,0.015,mobile_android,credit_card,0
ACC_LEGIT_STD_00824,7,0,0,311.95,47.55,376,1,1,2,0.0,0.0,0,0.0031,desktop_chrome,paypal,0
ACC_LEGIT_STD_00171,14,0,0,662.4,50.8,648,1,2,1,0.0,0.0,0,0.0166,desktop_safari,credit_card,0
ACC_LEGIT_STD_00275,7,1,1,145.27,21.6,279,1,1,1,0.1429,0.1429,0,0.031,mobile_ios,credit_card,0
ACC_LEGIT_NEW_00347,1,0,0,42.45,42.45,20,2,1,1,0.0,0.0,0,0.0721,mobile_android,debit_card,0
ACC_LEGIT_STD_01281,11,3,3,770.23,70.55,528,1,1,1,0.2727,0.2727,1,0.0861,mobile_ios,credit_card,0
ACC_LEGIT_STD_01820,14,4,4,1218.25,85.23,405,1,1,2,0.2857,0.2857,2,0.0631,mobile_android,apple_pay,0
ACC_LEGIT_STD_02680,22,0,0,689.54,31.46,687,2,1,1,0.0,0.0,0,0.0042,mobile_android,credit_card,0
ACC_LEGIT_STD_01344,15,1,1,608.02,43.23,471,2,2,2,0.0667,0.0667,0,0.0039,mobile_android,debit_card,0
ACC_LEGIT_STD_02379,11,0,0,906.87,78.58,296,1,1,1,0.0,0.0,0,0.0243,mobile_android,credit_card,0
ACC_LEGIT_STD_01083,21,2,2,927.75,42.34,697,1,3,1,0.0952,0.0952,1,0.0498,mobile_ios,credit_card,0
ACC_LEGIT_STD_02845,1,0,0,48.79,48.64,251,1,1,1,0.0,0.0,0,0.0124,mobile_android,credit_card,0
ACC_LEGIT_STD_01071,5,0,0,291.55,63.0,262,1,1,1,0.0,0.0,0,0.0293,mobile_ios,apple_pay,0
ACC_SLOW_00002,16,6,5,1419.52,88.72,157,3,2,2,0.375,0.3125,4,0.3178,mobile_android,credit_card,1
ACC_RING_017_0286,8,7,6,1041.28,130.16,17,4,3,8,0.875,0.75,2,0.8542,desktop_chrome,credit_card,1
ACC_RING_037_0239,22,17,13,3496.9,158.95,16,3,4,3,0.7727,0.5909,15,0.8487,emulator_bot,virtual_card,1
ACC_LEGIT_STD_00547,8,0,0,468.55,60.94,155,3,3,1,0.0,0.0,1,0.0106,mobile_ios,credit_card,0
ACC_LEGIT_STD_02744,12,1,1,525.21,45.6,435,1,1,1,0.0833,0.0833,1,0.1612,mobile_ios,credit_card,0
ACC_LEGIT_ACT_00241,29,8,6,3197.0,106.37,189,1,2,1,0.2759,0.2069,7,0.2286,mobile_ios,paypal,0
ACC_LEGIT_STD_00628,5,0,0,447.74,96.88,426,2,1,2,0.0,0.0,0,0.2202,mobile_ios,paypal,0
ACC_LEGIT_ACT_00621,38,13,11,4480.75,118.49,809,1,1,1,0.3421,0.2895,8,0.1085,mobile_ios,credit_card,0
ACC_LEGIT_STD_01347,26,1,0,1429.21,52.74,1235,1,1,1,0.0385,0.0,2,0.0732,mobile_ios,apple_pay,0
ACC_LEGIT_ACT_00149,54,25,23,5961.06,116.1,697,1,3,2,0.463,0.4259,11,0.1601,desktop_chrome,paypal,0
ACC_LEGIT_ACT_00542,45,9,8,3113.74,72.49,402,3,1,2,0.2,0.1778,11,0.51,mobile_ios,apple_pay,0
ACC_LEGIT_STD_02566,17,1,1,877.32,53.67,715,2,3,2,0.0588,0.0588,0,0.0063,mobile_ios,debit_card,0
ACC_LEGIT_STD_00430,2,0,0,103.61,54.68,297,2,1,1,0.0,0.0,0,0.0004,mobile_android,credit_card,0
ACC_LEGIT_STD_00531,15,2,2,1871.38,116.92,654,1,1,1,0.1333,0.1333,4,0.0135,desktop_chrome,credit_card,0
ACC_LEGIT_STD_01821,9,1,1,1037.41,116.93,488,1,1,1,0.1111,0.1111,1,0.0212,mobile_android,credit_card,0
ACC_WARD_00240,35,24,21,6150.96,168.93,136,1,3,2,0.6857,0.6,15,0.7021,desktop_chrome,paypal,1
ACC_WARD_00125,45,37,36,6887.08,155.76,318,1,1,3,0.8222,0.8,19,0.6928,mobile_ios,paypal,1
ACC_LEGIT_STD_00772,3,0,0,90.47,29.48,140,1,1,1,0.0,0.0,0,0.0723,mobile_android,apple_pay,0
ACC_RING_002_0271,24,19,17,2186.4,91.1,23,7,3,3,0.7917,0.7083,11,0.9645,emulator_bot,crypto_gift_card,1
ACC_LEGIT_STD_01717,1,0,0,90.67,84.9,206,3,2,2,0.0,0.0,0,0.0241,desktop_chrome,credit_card,0
ACC_SLOW_00068,9,3,2,315.99,35.11,89,1,1,1,0.3333,0.2222,2,0.5927,mobile_android,credit_card,1
ACC_LEGIT_ACT_00364,38,7,6,2561.74,66.97,587,2,3,1,0.1842,0.1579,10,0.3327,mobile_ios,credit_card,0
ACC_LEGIT_STD_01708,7,1,1,559.91,78.53,315,1,1,2,0.1429,0.1429,0,0.0133,mobile_android,credit_card,0
ACC_RING_064_0333,11,10,8,936.21,85.11,18,4,6,3,0.9091,0.7273,7,0.7615,emulator_bot,virtual_card,1
ACC_LEGIT_STD_01981,11,0,0,1050.62,103.36,307,1,1,1,0.0,0.0,1,0.0592,mobile_android,debit_card,0
ACC_WARD_00097,40,32,28,5171.68,130.77,106,2,4,2,0.8,0.7,29,0.568,desktop_chrome,paypal,1
ACC_LEGIT_STD_02753,13,0,0,1269.12,97.39,602,1,2,2,0.0,0.0,1,0.1302,desktop_chrome,credit_card,0
ACC_RING_046_0047,27,23,21,3324.51,123.13,3,4,4,5,0.8519,0.7778,13,0.7418,emulator_bot,crypto_gift_card,1
ACC_LEGIT_STD_00204,3,0,0,120.41,38.87,234,1,1,1,0.0,0.0,0,0.169,mobile_android,debit_card,0
ACC_LEGIT_STD_01454,1,0,0,88.86,84.3,189,1,3,1,0.0,0.0,0,0.1641,mobile_ios,apple_pay,0
ACC_LEGIT_STD_02107,11,0,0,487.97,42.35,407,1,1,3,0.0,0.0,0,0.0369,desktop_safari,apple_pay,0
ACC_LEGIT_STD_00473,2,0,0,124.16,57.87,156,1,2,1,0.0,0.0,0,0.0021,mobile_ios,credit_card,0
ACC_LEGIT_ACT_00704,12,3,2,550.4,45.34,450,1,2,2,0.25,0.1667,0,0.1734,mobile_ios,apple_pay,0
ACC_LEGIT_STD_00159,8,0,0,758.31,90.27,440,1,1,1,0.0,0.0,1,0.0226,mobile_android,credit_card,0
ACC_LEGIT_STD_00693,3,0,0,171.84,54.86,328,1,1,2,0.0,0.0,0,0.1081,mobile_ios,apple_pay,0
ACC_LEGIT_ACT_00106,18,7,5,2231.72,123.61,467,1,5,1,0.3889,0.2778,7,0.3208,desktop_chrome,apple_pay,0
ACC_LEGIT_STD_01300,6,1,1,567.72,93.24,228,3,2,1,0.1667,0.1667,0,0.0744,desktop_chrome,credit_card,0
ACC_LEGIT_ACT_00278,23,9,7,2209.51,100.51,552,2,2,2,0.3913,0.3043,3,0.0873,mobile_ios,debit_card,0
ACC_LEGIT_ACT_00460,16,7,5,1350.5,83.24,607,3,2,1,0.4375,0.3125,3,0.0054,mobile_ios,apple_pay,0
ACC_LEGIT_NEW_00328,2,0,0,95.32,47.66,30,1,1,1,0.0,0.0,0,0.4059,mobile_ios,credit_card,0
ACC_LEGIT_STD_02809,5,1,1,493.67,91.51,407,1,3,1,0.2,0.2,0,0.0288,mobile_ios,debit_card,0
ACC_LEGIT_STD_01799,6,0,0,325.64,53.66,263,1,1,1,0.0,0.0,0,0.1725,mobile_android,credit_card,0
ACC_LEGIT_STD_02942,4,0,0,339.32,89.93,259,2,2,3,0.0,0.0,1,0.1177,desktop_chrome,credit_card,0
ACC_LEGIT_NEW_00375,2,0,0,127.76,63.88,9,1,1,1,0.0,0.0,0,0.3469,mobile_ios,debit_card,0
ACC_LEGIT_STD_02023,8,1,1,385.32,50.21,183,1,1,2,0.125,0.125,0,0.0266,mobile_android,paypal,0
ACC_LEGIT_STD_01355,4,0,0,446.93,114.99,296,1,1,1,0.0,0.0,4,0.0306,desktop_chrome,debit_card,0
ACC_LEGIT_NEW_00384,1,0,0,60.67,60.67,9,1,1,1,0.0,0.0,0,0.0522,desktop_chrome,credit_card,0
ACC_LEGIT_STD_01426,1,0,0,85.62,80.46,155,1,1,2,0.0,0.0,0,0.0361,mobile_android,credit_card,0
ACC_LEGIT_ACT_00634,18,6,5,1255.11,69.9,154,1,1,3,0.3333,0.2778,1,0.1304,desktop_chrome,credit_card,0
ACC_LEGIT_STD_01205,3,0,0,182.72,57.29,275,1,2,1,0.0,0.0,1,0.2334,mobile_android,credit_card,0
ACC_LEGIT_STD_00763,10,2,2,800.29,76.26,602,1,1,2,0.2,0.2,1,0.0185,mobile_ios,credit_card,0
ACC_LEGIT_STD_00641,3,0,0,163.95,52.14,254,1,1,1,0.0,0.0,0,0.0677,mobile_ios,debit_card,0
ACC_LEGIT_ACT_00563,49,9,8,4711.0,97.27,705,1,3,3,0.1837,0.1633,15,0.2261,desktop_chrome,credit_card,0
ACC_SLOW_00043,19,7,5,1749.33,92.07,138,2,2,2,0.3684,0.2632,4,0.5839,mobile_ios,credit_card,1
ACC_LEGIT_STD_02001,3,0,0,236.97,79.77,368,1,1,1,0.0,0.0,0,0.0087,desktop_chrome,debit_card,0
ACC_LEGIT_STD_01712,4,0,0,243.81,63.01,321,1,1,1,0.0,0.0,0,0.2277,mobile_android,debit_card,0
ACC_LEGIT_STD_01908,4,0,0,221.07,56.7,242,1,3,2,0.0,0.0,1,0.0516,mobile_android,credit_card,0
ACC_LEGIT_STD_01218,10,1,1,773.61,73.16,314,1,1,1,0.1,0.1,0,0.1784,mobile_android,credit_card,0
ACC_LEGIT_STD_01632,7,0,0,453.76,60.34,473,1,2,1,0.0,0.0,0,0.0057,mobile_android,apple_pay,0
ACC_LEGIT_STD_02899,4,0,0,195.3,46.07,490,1,1,2,0.0,0.0,0,0.0291,mobile_android,credit_card,0
ACC_LEGIT_STD_00357,2,0,0,115.36,60.02,146,2,1,1,0.0,0.0,0,0.0692,mobile_ios,debit_card,0
ACC_LEGIT_ACT_00698,31,14,12,3153.7,106.58,539,1,3,1,0.4516,0.3871,4,0.0556,mobile_ios,paypal,0
ACC_LEGIT_STD_00441,7,1,1,429.24,59.7,245,1,1,1,0.1429,0.1429,1,0.0053,mobile_android,credit_card,0
ACC_SLOW_00148,8,4,3,1120.4,140.05,85,1,4,3,0.5,0.375,2,0.72,desktop_chrome,credit_card,1
ACC_SLOW_00140,7,3,2,598.92,85.56,169,2,1,1,0.4286,0.2857,2,0.3191,mobile_ios,credit_card,1
ACC_LEGIT_ACT_00416,35,15,13,4456.24,127.65,746,1,3,1,0.4286,0.3714,5,0.3138,mobile_android,debit_card,0
ACC_WARD_00248,31,25,22,7248.72,225.52,275,1,2,1,0.8065,0.7097,13,0.8193,mobile_ios,credit_card,1
ACC_LEGIT_STD_01506,12,1,1,732.03,60.99,416,1,3,2,0.0833,0.0833,0,0.0523,mobile_android,debit_card,0
ACC_LEGIT_STD_01492,5,0,0,319.76,59.87,217,1,1,2,0.0,0.0,0,0.0055,desktop_chrome,apple_pay,0
ACC_RING_031_0233,19,16,13,2986.8,157.2,21,3,4,8,0.8421,0.6842,13,0.8192,emulator_bot,crypto_gift_card,1
ACC_LEGIT_STD_00965,8,0,0,714.09,96.63,427,3,1,2,0.0,0.0,0,0.0203,mobile_android,apple_pay,0
ACC_LEGIT_STD_02581,8,0,0,370.53,45.02,395,1,1,2,0.0,0.0,1,0.0683,desktop_chrome,credit_card,0
ACC_LEGIT_STD_01613,4,0,0,228.46,55.97,360,1,2,2,0.0,0.0,0,0.1489,mobile_android,credit_card,0
ACC_LEGIT_ACT_00208,24,11,9,1518.01,65.98,292,2,2,1,0.4583,0.375,4,0.278,mobile_android,paypal,0
ACC_LEGIT_STD_01456,9,0,0,416.5,49.23,235,1,3,1,0.0,0.0,1,0.1299,desktop_chrome,credit_card,0
ACC_RING_062_0331,11,8,7,1287.99,117.09,6,5,4,4,0.7273,0.6364,6,0.8378,mobile_android,crypto_gift_card,1
ACC_LEGIT_ACT_00188,21,5,4,1197.53,56.71,649,2,2,3,0.2381,0.1905,7,0.1587,mobile_ios,credit_card,0
ACC_LEGIT_ACT_00569,35,12,11,2430.33,70.98,428,1,2,2,0.3429,0.3143,7,0.0513,desktop_chrome,paypal,0
ACC_WARD_00208,45,36,34,10105.98,235.82,66,1,1,2,0.8,0.7556,19,0.6077,mobile_ios,credit_card,1
ACC_LEGIT_STD_02137,8,0,0,154.34,20.56,464,1,1,1,0.0,0.0,1,0.0734,mobile_ios,debit_card,0
ACC_LEGIT_STD_02914,7,0,0,387.93,58.07,382,1,1,1,0.0,0.0,0,0.0773,desktop_chrome,credit_card,0
ACC_LEGIT_STD_02307,8,4,2,434.12,51.01,403,1,2,1,0.5,0.25,2,0.0612,mobile_android,debit_card,0
ACC_LEGIT_STD_00032,8,0,0,348.54,45.35,594,1,2,1,0.0,0.0,1,0.0382,mobile_ios,credit_card,0
ACC_LEGIT_ACT_00504,54,17,14,4599.81,82.31,810,1,2,3,0.3148,0.2593,14,0.1064,desktop_chrome,paypal,0
ACC_RING_008_0076,26,21,18,4992.52,192.02,10,3,3,5,0.8077,0.6923,15,0.969,emulator_bot,crypto_gift_card,1
ACC_LEGIT_STD_02929,4,0,0,365.4,88.58,233,2,1,1,0.0,0.0,0,0.0611,mobile_android,credit_card,0
ACC_LEGIT_NEW_00346,2,1,1,101.46,50.73,7,1,1,1,0.5,0.5,0,0.0217,mobile_ios,debit_card,0
ACC_LEGIT_ACT_00287,19,4,3,2107.27,116.16,644,1,2,2,0.2105,0.1579,6,0.1794,mobile_ios,debit_card,0
ACC_LEGIT_NEW_00211,2,0,0,84.14,42.07,34,2,2,1,0.0,0.0,0,0.0564,desktop_chrome,credit_card,0
ACC_WARD_00018,24,14,11,5224.31,217.84,83,3,2,4,0.5833,0.4583,9,0.7507,mobile_android,credit_card,1
ACC_LEGIT_STD_01465,6,0,0,421.71,70.28,285,1,1,1,0.0,0.0,0,0.1654,mobile_android,credit_card,0
ACC_LEGIT_ACT_00674,14,5,4,535.34,38.16,686,1,5,1,0.3571,0.2857,1,0.3915,mobile_android,credit_card,0
ACC_LEGIT_ACT_00793,43,16,13,5379.66,129.02,532,2,2,3,0.3721,0.3023,7,0.0776,desktop_chrome,credit_card,0
ACC_LEGIT_STD_01962,2,0,0,95.65,47.09,185,3,1,2,0.0,0.0,0,0.1061,mobile_android,debit_card,0
ACC_LEGIT_STD_00611,8,0,0,355.96,45.11,339,1,1,1,0.0,0.0,0,0.0434,desktop_chrome,debit_card,0
ACC_LEGIT_NEW_00257,2,0,0,107.72,53.86,5,1,1,1,0.0,0.0,0,0.042,mobile_ios,credit_card,0
ACC_LEGIT_STD_00812,8,2,2,517.05,63.2,393,1,1,1,0.25,0.25,1,0.0178,mobile_android,debit_card,0
ACC_LEGIT_NEW_00376,1,1,1,43.43,43.43,8,1,1,1,1.0,1.0,0,0.1141,mobile_ios,credit_card,0
ACC_LEGIT_STD_02952,1,0,0,100.88,96.67,102,1,1,1,0.0,0.0,0,0.1758,mobile_android,apple_pay,0
ACC_LEGIT_ACT_00829,28,8,6,2843.1,100.93,410,2,1,2,0.2857,0.2143,9,0.3841,mobile_ios,paypal,0
ACC_LEGIT_NEW_00100,1,0,0,40.44,40.44,40,1,1,1,0.0,0.0,0,0.0202,mobile_android,credit_card,0
ACC_RING_044_0313,7,4,3,934.01,133.43,32,3,6,5,0.5714,0.4286,5,0.7203,emulator_bot,crypto_gift_card,1
ACC_LEGIT_ACT_00493,22,7,6,1825.67,86.83,527,1,1,2,0.3182,0.2727,2,0.3925,mobile_ios,apple_pay,0
ACC_LEGIT_ACT_00301,52,18,15,1459.68,28.04,452,3,1,1,0.3462,0.2885,14,0.1865,desktop_chrome,credit_card,0
ACC_LEGIT_STD_02306,23,0,0,1563.42,69.26,883,1,1,1,0.0,0.0,1,0.0319,desktop_chrome,paypal,0
ACC_LEGIT_NEW_00053,1,0,0,64.02,64.02,34,1,1,1,0.0,0.0,0,0.074,desktop_chrome,credit_card,0
ACC_LEGIT_STD_02591,1,0,0,86.3,93.66,257,2,2,1,0.0,0.0,0,0.1273,mobile_android,credit_card,0
ACC_LEGIT_STD_01406,7,2,2,457.53,63.28,227,1,1,1,0.2857,0.2857,0,0.012,mobile_ios,credit_card,0
ACC_LEGIT_STD_00016,14,1,1,1445.87,100.29,458,2,2,1,0.0714,0.0714,1,0.0254,desktop_safari,debit_card,0
ACC_LEGIT_STD_02110,8,0,0,436.45,54.07,489,2,1,1,0.0,0.0,0,0.0453,mobile_ios,credit_card,0
ACC_LEGIT_STD_02748,6,0,0,297.16,46.62,284,1,1,1,0.0,0.0,1,0.0177,mobile_android,apple_pay,0
ACC_LEGIT_STD_00794,3,0,0,217.85,68.74,160,1,3,1,0.0,0.0,0,0.0529,desktop_safari,credit_card,0
ACC_LEGIT_STD_02958,16,1,0,838.15,53.12,375,1,2,1,0.0625,0.0,0,0.0677,mobile_ios,credit_card,0
ACC_LEGIT_STD_01523,8,0,0,903.43,105.27,226,1,2,1,0.0,0.0,0,0.0747,mobile_ios,credit_card,0
ACC_LEGIT_STD_02756,5,1,1,402.74,84.7,293,1,2,2,0.2,0.2,1,0.0086,desktop_chrome,debit_card,0
ACC_LEGIT_STD_02414,6,0,0,684.55,106.06,236,1,1,1,0.0,0.0,0,0.0052,mobile_android,credit_card,0
ACC_LEGIT_ACT_00654,48,14,11,2486.31,50.86,124,1,5,3,0.2917,0.2292,9,0.1089,mobile_ios,paypal,0
ACC_LEGIT_STD_02487,8,0,0,554.09,64.97,304,2,3,2,0.0,0.0,0,0.1139,desktop_chrome,credit_card,0
ACC_LEGIT_STD_02686,9,2,2,578.73,66.89,558,1,2,1,0.2222,0.2222,0,0.2107,desktop_chrome,credit_card,0
ACC_LEGIT_STD_02221,7,1,1,483.39,74.91,372,1,1,2,0.1429,0.1429,0,0.0251,mobile_android,paypal,0
ACC_LEGIT_STD_00753,22,4,3,1076.17,46.59,716,1,1,1,0.1818,0.1364,2,0.013,mobile_android,credit_card,0
ACC_RING_046_0315,27,24,19,4313.52,159.76,7,3,3,5,0.8889,0.7037,11,0.8924,mobile_android,virtual_card,1
ACC_LEGIT_STD_00295,2,0,0,157.41,80.55,163,1,1,1,0.0,0.0,0,0.0836,mobile_ios,apple_pay,0
ACC_LEGIT_STD_00350,9,3,3,402.31,47.25,516,2,2,1,0.3333,0.3333,0,0.0838,mobile_ios,credit_card,0
ACC_LEGIT_STD_00724,5,0,0,420.58,90.63,291,1,1,1,0.0,0.0,0,0.0532,mobile_ios,credit_card,0
ACC_LEGIT_STD_01255,9,1,1,693.83,80.56,570,1,1,1,0.1111,0.1111,1,0.0317,desktop_safari,debit_card,0
ACC_LEGIT_STD_01996,2,0,0,147.8,73.33,277,1,3,1,0.0,0.0,0,0.0859,mobile_ios,credit_card,0
ACC_LEGIT_STD_01330,10,3,3,648.31,66.64,424,1,2,3,0.3,0.3,0,0.0256,mobile_ios,debit_card,0
ACC_LEGIT_STD_01988,6,1,1,314.26,56.93,353,1,2,3,0.1667,0.1667,0,0.0584,mobile_android,credit_card,0
ACC_LEGIT_STD_01899,8,0,0,412.3,54.95,405,1,1,1,0.0,0.0,0,0.1333,mobile_ios,credit_card,0
ACC_LEGIT_STD_00728,7,1,1,457.88,60.76,329,1,3,1,0.1429,0.1429,0,0.0025,mobile_android,credit_card,0
ACC_LEGIT_STD_00902,5,0,0,131.68,26.42,346,1,1,1,0.0,0.0,0,0.012,mobile_ios,paypal,0
ACC_LEGIT_NEW_00361,1,0,0,20.18,20.18,16,1,1,1,0.0,0.0,0,0.0376,mobile_ios,apple_pay,0
ACC_RING_046_0114,9,7,5,1417.95,157.55,6,3,4,5,0.7778,0.5556,3,0.828,emulator_bot,virtual_card,1
ACC_RING_021_0290,10,8,7,1544.4,154.44,27,4,6,8,0.8,0.7,4,0.888,desktop_chrome,virtual_card,1
ACC_LEGIT_ACT_00547,29,6,4,3340.8,114.63,657,2,1,3,0.2069,0.1379,4,0.1691,mobile_android,paypal,0
ACC_LEGIT_STD_01539,7,1,0,585.12,77.5,302,1,2,1,0.1429,0.0,0,0.0467,mobile_ios,debit_card,0
ACC_WARD_00154,39,34,29,4888.88,128.64,248,2,2,4,0.8718,0.7436,22,0.8107,mobile_android,credit_card,1
ACC_SLOW_00139,10,5,4,1122.0,112.2,104,2,2,1,0.5,0.4,2,0.2079,mobile_android,debit_card,1
ACC_RING_007_0075,24,20,17,4425.12,184.38,24,3,4,4,0.8333,0.7083,17,0.7433,desktop_chrome,credit_card,1
ACC_LEGIT_STD_01535,12,0,0,908.16,77.86,688,2,2,1,0.0,0.0,1,0.0387,mobile_android,paypal,0
ACC_LEGIT_STD_00770,10,2,1,719.43,68.66,480,1,1,1,0.2,0.1,0,0.1528,desktop_chrome,credit_card,0
ACC_LEGIT_NEW_00283,1,0,0,61.91,61.91,10,1,1,1,0.0,0.0,0,0.1452,mobile_ios,apple_pay,0
ACC_LEGIT_NEW_00393,2,0,0,121.8,60.9,25,1,1,1,0.0,0.0,0,0.3464,mobile_android,debit_card,0
ACC_LEGIT_STD_02733,7,0,0,259.69,37.0,492,1,1,1,0.0,0.0,0,0.0451,mobile_android,debit_card,0
ACC_LEGIT_STD_02241,3,0,0,125.64,43.77,398,2,3,1,0.0,0.0,0,0.1233,mobile_android,debit_card,0
ACC_LEGIT_STD_01089,19,1,0,1516.29,79.96,1095,1,2,1,0.0526,0.0,1,0.0302,desktop_chrome,debit_card,0
ACC_LEGIT_STD_01010,5,0,0,222.17,44.63,200,1,2,1,0.0,0.0,0,0.0039,mobile_android,debit_card,0
ACC_LEGIT_STD_01830,9,0,0,795.4,88.62,397,1,2,1,0.0,0.0,0,0.0286,mobile_android,paypal,0
ACC_LEGIT_ACT_00193,33,13,12,3817.22,115.82,618,2,3,2,0.3939,0.3636,7,0.3799,mobile_android,credit_card,0
ACC_LEGIT_STD_01932,9,1,1,469.87,55.31,372,1,1,2,0.1111,0.1111,0,0.0668,mobile_ios,credit_card,0
ACC_LEGIT_STD_00967,14,0,0,1173.83,86.72,820,1,1,1,0.0,0.0,0,0.1512,desktop_chrome,credit_card,0
ACC_LEGIT_STD_00022,3,0,0,201.51,67.89,231,1,1,1,0.0,0.0,0,0.0985,desktop_chrome,debit_card,0
ACC_LEGIT_STD_02103,10,0,0,690.86,69.44,663,1,1,1,0.0,0.0,1,0.0493,mobile_ios,credit_card,0
ACC_LEGIT_STD_01513,10,0,0,659.48,69.21,295,2,1,2,0.0,0.0,0,0.3138,desktop_chrome,credit_card,0
ACC_LEGIT_STD_02421,1,0,0,63.71,66.95,119,1,1,1,0.0,0.0,0,0.0311,mobile_ios,debit_card,0
ACC_LEGIT_STD_00596,3,0,0,221.18,74.89,276,1,2,1,0.0,0.0,0,0.0509,desktop_chrome,credit_card,0
ACC_LEGIT_STD_02484,6,0,0,262.3,46.89,297,1,1,1,0.0,0.0,0,0.063,mobile_android,credit_card,0
ACC_LEGIT_NEW_00386,1,0,0,66.77,66.77,8,1,2,1,0.0,0.0,0,0.1104,desktop_chrome,debit_card,0
ACC_LEGIT_STD_01900,13,1,1,798.76,61.99,497,1,2,2,0.0769,0.0769,0,0.0935,mobile_android,debit_card,0
ACC_LEGIT_NEW_00264,1,0,0,40.85,40.85,17,2,1,1,0.0,0.0,0,0.082,mobile_android,credit_card,0
ACC_LEGIT_NEW_00227,1,1,1,38.92,38.92,30,1,1,1,1.0,1.0,0,0.109,mobile_ios,credit_card,0
ACC_LEGIT_STD_01408,9,1,1,427.18,45.22,581,1,2,1,0.1111,0.1111,0,0.0523,mobile_android,credit_card,0
ACC_LEGIT_NEW_00165,1,0,0,82.73,82.73,10,1,1,1,0.0,0.0,0,0.141,desktop_chrome,credit_card,0
ACC_LEGIT_NEW_00036,3,1,1,130.74,43.58,15,1,1,1,0.3333,0.3333,0,0.0044,mobile_ios,credit_card,0
ACC_LEGIT_STD_01082,2,1,1,260.03,125.2,326,1,2,1,0.5,0.5,0,0.0169,mobile_android,paypal,0
ACC_LEGIT_STD_01511,21,0,0,420.71,21.06,764,2,3,1,0.0,0.0,2,0.0078,mobile_android,credit_card,0
ACC_LEGIT_STD_00409,14,0,0,1777.13,118.03,666,1,1,2,0.0,0.0,3,0.0206,mobile_android,debit_card,0
ACC_LEGIT_STD_01495,4,1,1,337.13,82.71,287,1,1,1,0.25,0.25,0,0.0377,mobile_android,debit_card,0
ACC_WARD_00129,29,20,19,4543.7,164.49,177,1,1,2,0.6897,0.6552,23,0.6841,desktop_chrome,paypal,1
ACC_WARD_00042,39,25,23,5905.19,152.75,160,1,4,2,0.641,0.5897,24,0.5867,desktop_chrome,paypal,1
ACC_LEGIT_STD_02703,24,0,0,1827.59,79.23,929,1,2,1,0.0,0.0,0,0.006,mobile_android,debit_card,0
ACC_LEGIT_ACT_00508,21,6,5,2561.09,117.16,88,1,2,1,0.2857,0.2381,2,0.6554,desktop_chrome,apple_pay,0
ACC_LEGIT_ACT_00388,51,10,8,5028.21,96.4,271,4,3,3,0.1961,0.1569,6,0.1205,desktop_chrome,paypal,0
ACC_LEGIT_STD_02456,9,0,0,140.62,15.0,664,2,1,1,0.0,0.0,0,0.0547,desktop_chrome,credit_card,0
ACC_LEGIT_ACT_00833,34,14,11,4489.5,126.14,212,2,1,3,0.4118,0.3235,6,0.1339,mobile_android,paypal,0
ACC_RING_004_0273,14,11,9,2278.64,162.76,28,7,9,5,0.7857,0.6429,9,0.7657,mobile_android,crypto_gift_card,1
ACC_LEGIT_STD_01384,3,0,0,206.98,74.1,206,1,1,1,0.0,0.0,2,0.049,mobile_android,credit_card,0
ACC_LEGIT_STD_02066,6,0,0,432.31,74.91,330,2,1,1,0.0,0.0,0,0.1277,mobile_android,credit_card,0
ACC_RING_041_0109,24,16,15,3833.52,159.73,36,4,3,5,0.6667,0.625,17,0.793,desktop_chrome,virtual_card,1
ACC_LEGIT_STD_00608,7,1,1,543.82,83.34,460,2,1,2,0.1429,0.1429,0,0.0447,mobile_android,debit_card,0
ACC_LEGIT_ACT_00663,45,9,8,4635.18,104.07,351,2,5,1,0.2,0.1778,5,0.1184,mobile_android,paypal,0
ACC_LEGIT_STD_02525,15,0,0,610.25,38.88,575,1,1,1,0.0,0.0,0,0.0397,mobile_ios,credit_card,0
ACC_LEGIT_STD_02881,15,0,0,401.49,28.74,842,1,2,1,0.0,0.0,0,0.1203,mobile_android,credit_card,0
ACC_LEGIT_STD_01377,7,0,0,521.68,72.3,541,1,1,1,0.0,0.0,0,0.1053,desktop_chrome,credit_card,0
ACC_LEGIT_STD_00805,11,0,0,582.19,55.61,440,1,1,3,0.0,0.0,0,0.0143,desktop_chrome,credit_card,0
ACC_LEGIT_ACT_00560,52,19,15,6258.34,117.05,276,2,2,2,0.3654,0.2885,15,0.2594,mobile_ios,credit_card,0
ACC_LEGIT_STD_00057,5,0,0,505.96,107.09,500,3,1,1,0.0,0.0,0,0.0276,desktop_chrome,debit_card,0
ACC_LEGIT_ACT_00032,23,10,9,2817.38,118.93,284,2,2,1,0.4348,0.3913,4,0.2891,mobile_ios,debit_card,0
ACC_LEGIT_ACT_00134,27,7,6,2585.18,100.24,804,1,5,1,0.2593,0.2222,3,0.4242,mobile_android,credit_card,0
ACC_LEGIT_STD_00683,6,0,0,612.23,100.03,395,1,1,2,0.0,0.0,0,0.0333,mobile_android,debit_card,0
ACC_LEGIT_ACT_00226,36,9,7,2033.37,56.35,573,1,2,3,0.25,0.1944,10,0.1896,desktop_chrome,credit_card,0
ACC_WARD_00085,49,38,36,4552.73,93.67,175,2,1,1,0.7755,0.7347,25,0.5959,desktop_chrome,credit_card,1
ACC_LEGIT_ACT_00544,24,8,6,2630.32,111.12,419,4,1,1,0.3333,0.25,4,0.4933,desktop_chrome,credit_card,0
ACC_LEGIT_ACT_00060,29,6,5,3376.72,119.11,723,1,2,3,0.2069,0.1724,6,0.4837,mobile_ios,apple_pay,0
ACC_LEGIT_STD_00921,12,0,0,505.98,42.75,322,1,2,1,0.0,0.0,0,0.0676,mobile_ios,credit_card,0
ACC_LEGIT_ACT_00819,40,10,9,2350.56,60.47,311,1,2,1,0.25,0.225,6,0.3666,mobile_ios,credit_card,0
ACC_LEGIT_STD_02309,7,0,0,395.32,59.56,430,1,1,1,0.0,0.0,1,0.0452,mobile_android,credit_card,0
ACC_LEGIT_ACT_00121,44,13,11,1071.59,25.0,727,2,2,2,0.2955,0.25,11,0.3638,mobile_android,paypal,0
ACC_LEGIT_ACT_00031,45,21,19,4109.37,94.73,658,2,1,2,0.4667,0.4222,10,0.088,desktop_chrome,paypal,0
ACC_LEGIT_ACT_00063,37,13,11,3681.83,98.73,402,2,2,2,0.3514,0.2973,5,0.476,mobile_ios,paypal,0
ACC_LEGIT_STD_02079,15,0,0,1519.04,98.97,951,1,2,2,0.0,0.0,1,0.0003,mobile_android,credit_card,0
ACC_LEGIT_STD_02033,4,0,0,303.2,81.57,309,1,1,1,0.0,0.0,0,0.3103,mobile_android,credit_card,0
ACC_LEGIT_STD_02833,12,0,0,1016.77,82.8,432,1,1,1,0.0,0.0,2,0.065,mobile_android,apple_pay,0
ACC_LEGIT_STD_00109,16,0,0,1066.8,69.5,476,1,1,1,0.0,0.0,1,0.0914,mobile_android,apple_pay,0
ACC_LEGIT_STD_02363,3,0,0,138.94,45.92,141,1,3,1,0.0,0.0,0,0.1277,mobile_android,credit_card,0
ACC_LEGIT_STD_01657,6,1,1,544.05,98.55,402,1,3,2,0.1667,0.1667,0,0.015,mobile_ios,debit_card,0
ACC_LEGIT_ACT_00664,24,5,4,1902.8,78.91,758,2,2,1,0.2083,0.1667,8,0.0786,mobile_android,credit_card,0
ACC_LEGIT_STD_00140,5,1,1,152.59,29.18,371,1,1,2,0.2,0.2,0,0.0826,mobile_android,paypal,0
ACC_LEGIT_NEW_00203,1,0,0,66.39,66.39,40,2,1,1,0.0,0.0,0,0.013,mobile_ios,debit_card,0
ACC_WARD_00251,54,41,38,6878.83,124.53,189,2,2,4,0.7593,0.7037,25,0.7054,desktop_chrome,credit_card,1
ACC_LEGIT_STD_02494,11,0,0,679.79,59.16,380,1,1,1,0.0,0.0,1,0.0069,mobile_ios,credit_card,0
ACC_LEGIT_NEW_00318,2,0,0,59.0,29.5,27,1,1,1,0.0,0.0,0,0.2625,mobile_android,debit_card,0
ACC_LEGIT_STD_01839,7,0,0,482.93,71.06,474,1,1,1,0.0,0.0,1,0.0739,mobile_android,apple_pay,0
ACC_LEGIT_STD_00428,4,0,0,316.43,82.48,176,1,2,2,0.0,0.0,0,0.0157,mobile_ios,credit_card,0
ACC_LEGIT_STD_02170,18,1,1,1783.39,96.73,552,1,2,1,0.0556,0.0556,1,0.0277,mobile_ios,debit_card,0
ACC_LEGIT_STD_02201,9,0,0,938.55,105.24,374,1,2,1,0.0,0.0,0,0.105,mobile_ios,debit_card,0
ACC_LEGIT_STD_01240,13,0,0,726.01,60.54,614,1,1,2,0.0,0.0,0,0.0245,mobile_ios,paypal,0
ACC_RING_039_0308,8,6,5,1479.92,184.99,37,4,6,4,0.75,0.625,4,0.9067,desktop_chrome,virtual_card,1
ACC_LEGIT_STD_01111,16,0,0,1086.77,63.32,477,1,4,1,0.0,0.0,0,0.0695,desktop_chrome,credit_card,0
ACC_LEGIT_STD_01852,2,0,0,171.3,86.61,212,1,1,1,0.0,0.0,0,0.0651,desktop_chrome,credit_card,0
ACC_LEGIT_STD_00469,7,0,0,335.15,48.23,428,1,3,2,0.0,0.0,1,0.0246,mobile_android,credit_card,0
ACC_LEGIT_STD_01593,7,0,0,329.21,45.15,346,1,2,3,0.0,0.0,0,0.0885,desktop_chrome,credit_card,0
ACC_LEGIT_STD_00509,20,0,0,2481.88,115.08,989,1,1,1,0.0,0.0,5,0.041,desktop_chrome,debit_card,0
ACC_LEGIT_STD_02232,8,0,0,470.88,59.16,379,1,1,1,0.0,0.0,0,0.0072,desktop_chrome,debit_card,0
ACC_LEGIT_ACT_00422,34,8,7,1311.48,40.05,605,4,2,1,0.2353,0.2059,5,0.1172,desktop_chrome,paypal,0
ACC_LEGIT_NEW_00164,1,0,0,79.62,79.62,33,1,1,1,0.0,0.0,0,0.1476,mobile_android,credit_card,0
ACC_LEGIT_ACT_00289,50,15,13,4450.15,89.46,256,2,1,1,0.3,0.26,8,0.3847,mobile_ios,paypal,0
ACC_LEGIT_STD_02611,6,0,0,139.92,23.0,371,1,1,2,0.0,0.0,0,0.0308,mobile_android,paypal,0
ACC_LEGIT_STD_02745,17,0,0,1555.31,98.57,797,2,2,1,0.0,0.0,2,0.0837,mobile_ios,apple_pay,0
ACC_LEGIT_STD_02209,1,0,0,56.03,59.84,110,1,1,1,0.0,0.0,0,0.0066,mobile_ios,credit_card,0
ACC_LEGIT_STD_02633,7,1,1,432.01,58.76,511,1,1,1,0.1429,0.1429,1,0.0952,mobile_ios,credit_card,0
ACC_LEGIT_STD_00595,15,1,1,1176.51,73.59,701,1,2,1,0.0667,0.0667,1,0.0659,mobile_android,credit_card,0
ACC_LEGIT_STD_01612,4,1,1,321.56,76.39,293,1,1,1,0.25,0.25,0,0.0459,mobile_ios,credit_card,0
ACC_LEGIT_STD_01402,9,0,0,457.85,49.69,282,1,1,2,0.0,0.0,0,0.1564,desktop_chrome,credit_card,0
ACC_LEGIT_STD_00899,5,1,1,347.8,65.24,200,1,1,2,0.2,0.2,0,0.0255,mobile_android,credit_card,0
ACC_LEGIT_ACT_00762,15,5,4,441.75,30.57,422,2,2,2,0.3333,0.2667,3,0.3464,desktop_chrome,paypal,0
ACC_LEGIT_STD_02609,6,0,0,460.87,75.5,370,1,1,2,0.0,0.0,0,0.0163,desktop_safari,debit_card,0
ACC_RING_019_0221,24,20,17,3789.84,157.91,23,3,4,4,0.8333,0.7083,12,0.763,desktop_chrome,virtual_card,1
ACC_LEGIT_STD_00220,9,0,0,1245.9,136.31,572,1,2,2,0.0,0.0,2,0.0484,mobile_ios,credit_card,0
ACC_LEGIT_ACT_00143,35,10,8,3490.76,100.31,551,2,3,2,0.2857,0.2286,3,0.083,mobile_android,credit_card,0
ACC_LEGIT_STD_01644,14,1,1,1148.05,85.26,334,2,2,1,0.0714,0.0714,1,0.1562,mobile_android,debit_card,0
ACC_LEGIT_STD_00235,11,2,2,925.63,78.92,342,1,3,3,0.1818,0.1818,0,0.1141,mobile_android,debit_card,0
ACC_LEGIT_NEW_00035,2,0,0,81.5,40.75,6,1,1,1,0.0,0.0,0,0.2133,mobile_android,debit_card,0
ACC_LEGIT_STD_01282,12,0,0,761.37,61.31,374,1,3,1,0.0,0.0,0,0.157,mobile_android,credit_card,0
ACC_WARD_00184,32,23,20,6024.99,183.07,259,2,3,1,0.7188,0.625,19,0.7257,desktop_chrome,credit_card,1
ACC_RING_043_0178,12,10,8,1609.44,134.12,10,4,3,8,0.8333,0.6667,5,0.7813,desktop_chrome,virtual_card,1
ACC_LEGIT_STD_00180,11,0,0,531.28,49.25,512,2,1,1,0.0,0.0,2,0.0407,mobile_ios,credit_card,0
ACC_LEGIT_STD_00415,7,1,1,422.02,56.6,354,1,1,1,0.1429,0.1429,1,0.0289,desktop_chrome,debit_card,0
ACC_LEGIT_STD_02787,17,0,0,1369.29,78.35,568,1,2,2,0.0,0.0,0,0.2148,desktop_chrome,debit_card,0
ACC_LEGIT_STD_01917,31,1,1,1960.14,59.05,1569,1,2,1,0.0323,0.0323,2,0.1953,mobile_ios,debit_card,0
ACC_RING_059_0060,12,10,8,965.4,80.45,3,5,6,3,0.8333,0.6667,7,0.7224,emulator_bot,virtual_card,1
ACC_LEGIT_ACT_00595,35,10,9,2746.27,75.38,779,2,3,1,0.2857,0.2571,10,0.5155,desktop_chrome,paypal,0
ACC_RING_064_0065,13,11,9,2272.01,174.77,21,5,4,4,0.8462,0.6923,5,0.8663,desktop_chrome,virtual_card,1
ACC_SLOW_00008,9,4,3,1138.23,126.47,72,1,1,3,0.4444,0.3333,2,0.5403,mobile_android,credit_card,1
ACC_LEGIT_STD_00522,6,0,0,332.33,58.98,300,1,3,1,0.0,0.0,0,0.0598,mobile_android,debit_card,0
ACC_LEGIT_NEW_00068,4,0,0,179.88,44.97,41,1,2,1,0.0,0.0,0,0.156,mobile_android,debit_card,0
ACC_LEGIT_STD_00985,18,2,2,916.79,53.27,714,2,1,1,0.1111,0.1111,0,0.1007,mobile_ios,credit_card,0
ACC_LEGIT_ACT_00772,29,13,12,2442.21,83.53,754,2,1,3,0.4483,0.4138,5,0.0996,desktop_chrome,paypal,0
ACC_LEGIT_STD_00676,19,2,1,1304.61,73.05,798,1,1,2,0.1053,0.0526,0,0.0319,desktop_chrome,credit_card,0
ACC_LEGIT_STD_01993,20,0,0,1679.02,84.21,895,1,2,1,0.0,0.0,0,0.0485,mobile_android,credit_card,0
ACC_LEGIT_STD_01107,3,0,0,233.33,72.29,252,1,2,1,0.0,0.0,0,0.0973,mobile_ios,credit_card,0
ACC_LEGIT_STD_02401,6,0,0,151.54,26.8,192,1,1,1,0.0,0.0,0,0.0272,desktop_safari,credit_card,0
ACC_LEGIT_STD_02092,17,2,2,1234.86,73.21,826,1,2,1,0.1176,0.1176,2,0.0072,mobile_ios,credit_card,0
ACC_LEGIT_STD_02485,5,0,0,232.73,47.01,276,1,1,2,0.0,0.0,0,0.0874,desktop_chrome,credit_card,0
ACC_LEGIT_STD_01586,6,0,0,646.28,110.89,290,2,3,1,0.0,0.0,1,0.0085,mobile_android,apple_pay,0
ACC_LEGIT_NEW_00157,2,0,0,145.76,72.88,10,1,1,1,0.0,0.0,0,0.0819,mobile_ios,credit_card,0
ACC_WARD_00260,20,13,11,3841.52,194.55,120,2,1,1,0.65,0.55,9,0.8192,desktop_chrome,credit_card,1
ACC_LEGIT_STD_01976,6,0,0,220.04,35.82,250,3,1,1,0.0,0.0,0,0.1384,desktop_chrome,debit_card,0
ACC_LEGIT_STD_00048,8,0,0,509.64,61.37,334,1,1,2,0.0,0.0,0,0.012,mobile_ios,apple_pay,0
ACC_LEGIT_STD_02704,3,1,1,208.11,65.67,209,1,1,1,0.3333,0.3333,0,0.2099,mobile_ios,debit_card,0
ACC_LEGIT_ACT_00280,37,13,12,3875.89,103.82,207,1,2,1,0.3514,0.3243,15,0.1135,mobile_android,credit_card,0
ACC_LEGIT_STD_01252,12,0,0,570.19,47.84,634,1,3,1,0.0,0.0,0,0.0346,mobile_android,credit_card,0
ACC_LEGIT_NEW_00233,2,0,0,157.56,78.78,12,2,2,1,0.0,0.0,0,0.0598,mobile_ios,debit_card,0
ACC_LEGIT_ACT_00159,52,11,8,5736.22,107.87,307,2,1,2,0.2115,0.1538,6,0.2087,mobile_android,paypal,0
ACC_LEGIT_STD_00292,22,0,0,777.79,36.31,986,1,1,1,0.0,0.0,0,0.1697,desktop_safari,debit_card,0
ACC_LEGIT_ACT_00018,30,12,9,2259.32,74.56,702,1,2,1,0.4,0.3,6,0.124,mobile_ios,credit_card,0
ACC_SLOW_00036,14,6,5,1485.12,106.08,132,1,2,2,0.4286,0.3571,3,0.2888,mobile_ios,credit_card,1
ACC_LEGIT_STD_00891,1,0,0,50.41,51.05,130,1,2,1,0.0,0.0,0,0.077,mobile_android,credit_card,0
ACC_LEGIT_STD_00213,4,2,1,257.11,60.14,466,1,1,1,0.5,0.25,0,0.0199,mobile_android,credit_card,0
ACC_LEGIT_STD_02797,5,0,0,152.09,32.02,447,1,2,1,0.0,0.0,2,0.0523,mobile_android,credit_card,0
ACC_LEGIT_STD_02388,12,2,1,883.22,76.66,433,1,1,1,0.1667,0.0833,0,0.092,mobile_ios,credit_card,0
ACC_LEGIT_STD_02155,2,0,0,154.51,73.97,347,1,2,1,0.0,0.0,0,0.0076,mobile_ios,apple_pay,0
ACC_LEGIT_STD_01725,17,2,0,2069.56,125.0,589,3,1,1,0.1176,0.0,3,0.1039,mobile_android,debit_card,0
ACC_RING_005_0207,10,6,5,795.4,79.54,25,4,3,4,0.6,0.5,3,0.7795,desktop_chrome,crypto_gift_card,1
ACC_LEGIT_NEW_00245,2,0,0,92.88,46.44,11,2,1,1,0.0,0.0,0,0.1338,mobile_android,apple_pay,0
ACC_LEGIT_NEW_00216,2,1,1,102.12,51.06,38,1,1,1,0.5,0.5,0,0.2779,mobile_ios,credit_card,0
ACC_LEGIT_STD_01105,7,1,1,405.37,61.73,263,1,2,1,0.1429,0.1429,1,0.0066,desktop_chrome,debit_card,0
ACC_LEGIT_ACT_00207,17,4,3,1428.52,83.71,136,1,3,2,0.2353,0.1765,4,0.4195,mobile_ios,debit_card,0
ACC_LEGIT_ACT_00205,45,13,12,2437.67,51.66,267,2,2,2,0.2889,0.2667,7,0.164,mobile_ios,apple_pay,0
ACC_WARD_00137,44,35,33,8652.05,191.76,331,1,3,2,0.7955,0.75,20,0.6949,desktop_chrome,paypal,1
ACC_LEGIT_STD_02299,26,0,0,750.38,30.95,1011,1,2,1,0.0,0.0,0,0.0068,mobile_android,credit_card,0
ACC_LEGIT_STD_00296,12,1,1,852.07,65.92,674,2,2,1,0.0833,0.0833,0,0.016,mobile_android,credit_card,0
ACC_WARD_00091,51,39,38,11351.48,220.67,298,1,2,4,0.7647,0.7451,33,0.6786,mobile_ios,virtual_card,1
ACC_LEGIT_STD_01025,2,0,0,156.24,74.2,119,1,1,1,0.0,0.0,0,0.0231,mobile_android,debit_card,0
ACC_LEGIT_STD_02912,9,2,2,792.3,81.75,433,1,1,1,0.2222,0.2222,1,0.0838,mobile_ios,debit_card,0
ACC_LEGIT_ACT_00618,46,11,9,2583.42,57.34,247,2,3,3,0.2391,0.1957,12,0.3535,mobile_ios,apple_pay,0
ACC_LEGIT_ACT_00479,36,11,10,4205.82,121.48,506,2,5,2,0.3056,0.2778,8,0.2077,mobile_ios,credit_card,0
ACC_RING_016_0285,9,6,5,1204.47,133.83,26,4,4,3,0.6667,0.5556,4,0.9451,desktop_chrome,virtual_card,1
ACC_LEGIT_ACT_00350,48,15,13,2161.3,46.06,778,4,2,1,0.3125,0.2708,6,0.0574,desktop_chrome,credit_card,0
ACC_LEGIT_NEW_00108,1,1,1,72.5,72.5,10,1,2,1,1.0,1.0,0,0.0939,mobile_ios,credit_card,0
ACC_LEGIT_STD_02863,10,0,0,920.24,85.38,433,1,2,2,0.0,0.0,0,0.051,mobile_android,debit_card,0
ACC_LEGIT_ACT_00708,28,7,6,2077.95,76.79,384,2,1,2,0.25,0.2143,4,0.4371,desktop_chrome,credit_card,0
ACC_WARD_00244,31,23,21,4362.55,146.84,151,3,2,3,0.7419,0.6774,19,0.5283,mobile_ios,credit_card,1
ACC_LEGIT_STD_02585,8,0,0,242.69,28.18,364,1,2,1,0.0,0.0,0,0.0391,mobile_ios,credit_card,0
ACC_LEGIT_STD_02934,15,0,0,1452.62,90.89,743,3,1,1,0.0,0.0,0,0.1573,mobile_android,credit_card,0
ACC_LEGIT_NEW_00261,1,0,0,50.31,50.31,40,1,1,1,0.0,0.0,0,0.0255,mobile_ios,debit_card,0
ACC_LEGIT_NEW_00190,1,1,1,50.61,50.61,9,1,1,1,1.0,1.0,0,0.1816,desktop_chrome,credit_card,0
ACC_LEGIT_STD_00327,5,0,0,413.19,77.19,282,1,2,1,0.0,0.0,1,0.0224,mobile_android,credit_card,0
ACC_WARD_00117,21,15,14,3924.23,196.55,272,2,3,2,0.7143,0.6667,13,0.7128,mobile_ios,paypal,1
ACC_LEGIT_STD_02161,13,1,1,770.25,57.85,381,1,2,1,0.0769,0.0769,0,0.0346,mobile_android,credit_card,0
ACC_LEGIT_STD_01954,12,0,0,935.29,76.77,345,2,1,1,0.0,0.0,2,0.0905,mobile_ios,apple_pay,0
ACC_LEGIT_STD_01397,6,0,0,346.13,53.71,201,1,1,2,0.0,0.0,0,0.045,mobile_ios,apple_pay,0
ACC_LEGIT_STD_02853,9,2,2,384.96,43.18,282,2,1,2,0.2222,0.2222,1,0.0024,mobile_android,credit_card,0
ACC_WARD_00194,49,44,38,8575.42,183.84,48,2,1,2,0.898,0.7755,37,0.5782,mobile_ios,credit_card,1
ACC_LEGIT_ACT_00368,29,8,6,2807.37,93.93,473,1,2,2,0.2759,0.2069,5,0.45,mobile_ios,paypal,0
ACC_LEGIT_STD_02106,9,0,0,588.47,65.57,335,1,2,1,0.0,0.0,0,0.0723,desktop_chrome,debit_card,0
ACC_LEGIT_NEW_00150,2,0,0,30.0,15.0,11,1,1,1,0.0,0.0,0,0.2486,desktop_chrome,apple_pay,0
ACC_LEGIT_STD_02965,6,1,1,535.76,90.31,254,1,1,1,0.1667,0.1667,0,0.3739,desktop_chrome,credit_card,0
ACC_LEGIT_ACT_00756,37,13,10,3255.64,90.72,567,2,3,2,0.3514,0.2703,8,0.357,mobile_ios,paypal,0
ACC_LEGIT_ACT_00026,17,7,6,1088.73,62.62,839,2,2,2,0.4118,0.3529,2,0.2202,desktop_chrome,credit_card,0
ACC_LEGIT_ACT_00539,37,10,8,3282.75,88.2,217,2,3,1,0.2703,0.2162,9,0.3842,desktop_chrome,credit_card,0
ACC_LEGIT_ACT_00082,20,4,3,1623.33,78.47,334,2,1,1,0.2,0.15,0,0.2645,desktop_chrome,credit_card,0
ACC_LEGIT_STD_01199,9,0,0,761.48,80.61,404,1,2,1,0.0,0.0,3,0.193,desktop_chrome,debit_card,0
ACC_LEGIT_STD_00600,11,1,1,210.91,20.06,415,1,2,1,0.0909,0.0909,0,0.1758,mobile_android,paypal,0
ACC_LEGIT_NEW_00012,2,0,0,85.8,42.9,20,1,1,1,0.0,0.0,0,0.0411,desktop_chrome,credit_card,0
ACC_LEGIT_ACT_00173,54,17,15,6234.22,111.25,499,1,1,3,0.3148,0.2778,12,0.0842,mobile_ios,debit_card,0
ACC_LEGIT_ACT_00238,48,18,15,5673.02,113.86,405,2,1,2,0.375,0.3125,10,0.5134,mobile_ios,debit_card,0
ACC_LEGIT_NEW_00400,1,0,0,63.39,63.39,43,1,1,1,0.0,0.0,0,0.2196,mobile_ios,debit_card,0
ACC_LEGIT_STD_02903,17,0,0,1304.52,76.16,524,1,1,1,0.0,0.0,3,0.031,mobile_android,credit_card,0
ACC_LEGIT_ACT_00423,48,19,18,3336.38,69.81,554,2,2,2,0.3958,0.375,14,0.3874,mobile_ios,paypal,0
ACC_LEGIT_ACT_00734,37,12,10,5177.26,140.06,87,1,2,2,0.3243,0.2703,6,0.2444,mobile_android,paypal,0
ACC_LEGIT_STD_02512,2,0,0,126.76,63.23,195,1,2,1,0.0,0.0,0,0.0114,mobile_android,credit_card,0
ACC_WARD_00082,24,19,18,4422.1,191.01,188,1,2,1,0.7917,0.75,13,0.5544,desktop_chrome,credit_card,1
ACC_LEGIT_STD_02392,2,0,0,176.35,82.55,278,2,1,1,0.0,0.0,0,0.0094,mobile_android,credit_card,0
ACC_LEGIT_STD_01702,5,0,0,320.21,60.88,231,2,1,1,0.0,0.0,0,0.235,desktop_safari,credit_card,0
ACC_LEGIT_STD_02646,7,0,0,537.48,77.8,349,1,1,1,0.0,0.0,1,0.0593,mobile_ios,credit_card,0
ACC_LEGIT_ACT_00091,24,11,10,2850.65,114.86,725,2,1,1,0.4583,0.4167,6,0.1302,mobile_android,credit_card,0
ACC_LEGIT_ACT_00371,32,6,5,2913.47,90.91,595,2,2,2,0.1875,0.1562,3,0.124,mobile_android,credit_card,0
ACC_LEGIT_NEW_00351,2,0,0,152.88,76.44,30,1,1,1,0.0,0.0,0,0.2005,desktop_chrome,credit_card,0
ACC_LEGIT_ACT_00507,33,9,7,3661.1,115.13,852,1,2,1,0.2727,0.2121,10,0.1393,desktop_chrome,debit_card,0
ACC_LEGIT_STD_02122,3,0,0,192.66,62.39,303,1,1,1,0.0,0.0,0,0.0201,mobile_ios,credit_card,0
ACC_WARD_00116,50,38,35,10154.75,205.6,82,2,1,3,0.76,0.7,31,0.5307,mobile_ios,virtual_card,1
ACC_LEGIT_STD_01446,1,1,1,79.72,80.37,107,1,1,1,1.0,1.0,0,0.0649,desktop_chrome,credit_card,0
ACC_LEGIT_STD_02040,18,1,1,1114.28,65.02,934,1,1,2,0.0556,0.0556,1,0.0333,mobile_ios,apple_pay,0
ACC_LEGIT_STD_01166,4,1,0,285.04,68.32,169,1,1,1,0.25,0.0,0,0.0451,mobile_android,credit_card,0
ACC_LEGIT_STD_01924,11,0,0,682.67,61.17,624,1,1,1,0.0,0.0,2,0.0573,mobile_android,debit_card,0
ACC_LEGIT_STD_01353,5,0,0,281.5,55.19,409,1,2,1,0.0,0.0,0,0.0099,mobile_ios,paypal,0
ACC_LEGIT_STD_02477,2,0,0,58.46,30.05,331,1,1,1,0.0,0.0,0,0.0133,mobile_android,credit_card,0
ACC_LEGIT_NEW_00344,2,0,0,62.46,31.23,40,1,1,1,0.0,0.0,0,0.1015,mobile_android,debit_card,0
ACC_LEGIT_STD_00071,5,0,0,123.72,26.77,152,1,1,1,0.0,0.0,0,0.0521,mobile_android,credit_card,0
ACC_SLOW_00110,8,3,2,530.0,66.25,61,1,2,2,0.375,0.25,1,0.3192,mobile_ios,credit_card,1
ACC_LEGIT_ACT_00755,36,12,10,3553.31,102.32,513,2,2,1,0.3333,0.2778,6,0.2267,desktop_chrome,apple_pay,0
ACC_LEGIT_STD_01587,6,1,1,158.83,25.73,349,1,1,1,0.1667,0.1667,0,0.0174,desktop_safari,credit_card,0
ACC_LEGIT_STD_00137,9,0,0,508.8,61.1,399,1,2,1,0.0,0.0,0,0.0321,mobile_android,credit_card,0
ACC_LEGIT_ACT_00114,53,19,18,5062.02,96.5,754,1,2,1,0.3585,0.3396,12,0.1779,mobile_ios,apple_pay,0
ACC_LEGIT_ACT_00147,46,21,18,4158.69,91.21,101,2,2,2,0.4565,0.3913,5,0.1546,desktop_chrome,paypal,0
ACC_LEGIT_STD_02479,8,1,1,710.11,87.82,366,1,2,1,0.125,0.125,0,0.0698,mobile_android,credit_card,0
ACC_LEGIT_STD_00243,1,0,0,100.63,103.92,194,3,1,1,0.0,0.0,0,0.022,mobile_ios,credit_card,0
ACC_LEGIT_STD_02964,13,1,1,959.74,69.8,613,1,1,1,0.0769,0.0769,0,0.1465,mobile_android,debit_card,0
ACC_RING_055_0324,24,21,20,4988.64,207.86,29,7,4,3,0.875,0.8333,12,0.971,emulator_bot,virtual_card,1
ACC_LEGIT_STD_02820,6,1,1,180.9,27.94,290,1,1,1,0.1667,0.1667,0,0.0146,mobile_android,credit_card,0
ACC_LEGIT_ACT_00406,41,9,7,2909.02,69.31,733,1,3,1,0.2195,0.1707,7,0.2699,desktop_chrome,debit_card,0
ACC_LEGIT_ACT_00601,22,8,7,1965.52,89.52,534,2,2,1,0.3636,0.3182,3,0.2233,desktop_chrome,credit_card,0
ACC_LEGIT_NEW_00060,2,0,0,120.46,60.23,29,1,1,1,0.0,0.0,0,0.0237,mobile_android,debit_card,0
ACC_LEGIT_NEW_00040,1,1,1,82.51,82.51,40,1,2,1,1.0,1.0,0,0.0497,mobile_android,credit_card,0
ACC_LEGIT_STD_02362,18,0,0,1189.62,69.05,774,1,1,1,0.0,0.0,0,0.0457,desktop_safari,debit_card,0
ACC_LEGIT_STD_02035,2,1,0,36.53,18.49,264,1,1,2,0.5,0.0,0,0.0876,desktop_chrome,credit_card,0
ACC_LEGIT_STD_02556,4,0,0,269.89,67.5,194,1,3,1,0.0,0.0,0,0.0969,desktop_chrome,credit_card,0
ACC_LEGIT_STD_01534,9,0,0,655.32,78.47,491,1,1,1,0.0,0.0,0,0.1046,mobile_ios,credit_card,0
ACC_LEGIT_ACT_00543,38,12,10,2840.32,76.57,272,2,2,2,0.3158,0.2632,8,0.2357,mobile_ios,debit_card,0
ACC_LEGIT_STD_00746,8,0,0,650.03,81.5,593,1,2,2,0.0,0.0,1,0.0408,mobile_ios,credit_card,0
ACC_LEGIT_STD_01810,13,0,0,518.55,42.78,422,1,1,2,0.0,0.0,2,0.0423,mobile_android,debit_card,0
ACC_LEGIT_STD_00629,5,0,0,488.01,94.21,245,3,1,1,0.0,0.0,0,0.0469,mobile_android,credit_card,0
ACC_RING_058_0260,7,5,4,990.99,141.57,16,5,4,4,0.7143,0.5714,5,0.8917,desktop_chrome,virtual_card,1
ACC_LEGIT_STD_00945,4,0,0,304.85,81.39,251,1,2,1,0.0,0.0,0,0.0698,desktop_chrome,credit_card,0
ACC_LEGIT_ACT_00027,33,14,11,2887.01,86.29,800,2,2,2,0.4242,0.3333,8,0.2611,desktop_chrome,debit_card,0
ACC_LEGIT_STD_01244,14,1,1,849.1,59.79,487,1,2,1,0.0714,0.0714,0,0.0878,mobile_ios,credit_card,0
ACC_LEGIT_ACT_00591,20,4,3,2070.41,107.65,642,1,2,2,0.2,0.15,5,0.267,mobile_ios,paypal,0
ACC_LEGIT_STD_01000,16,5,4,1144.87,72.6,1068,1,1,2,0.3125,0.25,2,0.0335,mobile_ios,credit_card,0
ACC_LEGIT_STD_00939,5,0,0,476.78,100.76,394,1,1,1,0.0,0.0,0,0.0055,mobile_ios,apple_pay,0
ACC_LEGIT_NEW_00091,1,0,0,37.12,37.12,28,1,1,1,0.0,0.0,0,0.0766,mobile_ios,apple_pay,0
ACC_LEGIT_STD_01823,15,0,0,1676.38,116.63,770,1,1,1,0.0,0.0,3,0.0493,mobile_ios,credit_card,0
ACC_LEGIT_STD_00217,11,3,3,1071.35,95.66,414,1,1,1,0.2727,0.2727,0,0.0049,mobile_ios,credit_card,0
ACC_LEGIT_STD_00624,5,0,0,250.54,51.2,249,1,2,1,0.0,0.0,0,0.1761,mobile_ios,credit_card,0
ACC_RING_003_0205,17,13,12,1710.54,100.62,37,3,9,4,0.7647,0.7059,7,0.8401,mobile_android,virtual_card,1
ACC_LEGIT_STD_01187,4,0,0,268.26,71.32,452,1,1,1,0.0,0.0,0,0.024,mobile_android,debit_card,0
ACC_LEGIT_STD_01241,5,0,0,348.19,74.21,170,1,1,1,0.0,0.0,1,0.0922,mobile_android,credit_card,0
ACC_LEGIT_STD_02868,10,0,0,811.9,82.79,603,1,1,3,0.0,0.0,0,0.0356,mobile_ios,apple_pay,0
ACC_LEGIT_STD_02312,9,0,0,514.6,58.99,143,1,3,1,0.0,0.0,1,0.1282,mobile_ios,apple_pay,0
ACC_LEGIT_STD_01615,11,1,1,715.34,62.29,324,1,2,1,0.0909,0.0909,0,0.1008,mobile_ios,debit_card,0
ACC_LEGIT_STD_00869,7,0,0,405.96,58.7,314,1,3,1,0.0,0.0,1,0.0711,mobile_ios,apple_pay,0
ACC_WARD_00146,38,32,31,6170.53,167.48,270,1,3,1,0.8421,0.8158,16,0.5492,mobile_ios,credit_card,1
ACC_LEGIT_STD_00591,5,0,0,328.29,61.0,308,1,1,3,0.0,0.0,1,0.0054,mobile_ios,paypal,0
ACC_SLOW_00016,12,4,3,964.56,80.38,120,3,3,2,0.3333,0.25,4,0.4445,mobile_ios,debit_card,1
ACC_LEGIT_ACT_00641,54,21,19,7301.73,131.77,658,4,2,1,0.3889,0.3519,12,0.0385,mobile_android,credit_card,0
ACC_LEGIT_STD_02536,9,2,0,552.93,66.47,484,1,2,1,0.2222,0.0,0,0.0901,mobile_android,debit_card,0
ACC_LEGIT_STD_02020,11,2,0,405.57,36.83,607,2,2,2,0.1818,0.0,0,0.0136,mobile_android,credit_card,0
ACC_RING_002_0204,9,6,5,2062.89,229.21,5,4,4,4,0.6667,0.5556,3,0.8687,emulator_bot,crypto_gift_card,1
ACC_LEGIT_ACT_00796,36,14,12,4093.78,110.09,532,2,2,3,0.3889,0.3333,5,0.4809,mobile_android,paypal,0
ACC_LEGIT_ACT_00235,40,10,9,1419.25,35.36,705,2,2,3,0.25,0.225,10,0.1928,desktop_chrome,credit_card,0
ACC_LEGIT_STD_00826,18,2,1,1027.23,56.54,788,1,1,1,0.1111,0.0556,1,0.2067,mobile_ios,credit_card,0
ACC_LEGIT_ACT_00125,33,9,8,2746.02,81.72,780,2,1,2,0.2727,0.2424,5,0.5207,mobile_ios,credit_card,0
ACC_LEGIT_STD_00919,11,0,0,947.49,83.2,603,1,2,1,0.0,0.0,1,0.0247,mobile_android,apple_pay,0
ACC_LEGIT_STD_02923,8,0,0,486.72,63.68,368,1,1,1,0.0,0.0,0,0.0433,mobile_android,apple_pay,0
ACC_LEGIT_ACT_00200,29,6,5,3693.87,129.77,877,3,5,1,0.2069,0.1724,12,0.0622,desktop_chrome,credit_card,0
ACC_LEGIT_STD_00096,7,1,1,562.85,86.36,281,2,1,1,0.1429,0.1429,1,0.0188,mobile_android,credit_card,0
ACC_LEGIT_STD_00996,9,1,0,180.59,21.05,314,1,1,1,0.1111,0.0,0,0.0496,mobile_ios,credit_card,0
ACC_LEGIT_NEW_00186,1,0,0,56.14,56.14,21,1,1,1,0.0,0.0,0,0.0984,mobile_android,credit_card,0
ACC_LEGIT_ACT_00555,39,11,8,5351.64,132.6,897,3,2,2,0.2821,0.2051,5,0.3877,desktop_chrome,paypal,0
ACC_LEGIT_STD_00333,8,0,0,332.06,40.84,508,1,1,1,0.0,0.0,1,0.0714,mobile_android,credit_card,0
ACC_WARD_00016,35,30,28,3645.22,100.5,163,1,1,2,0.8571,0.8,24,0.791,desktop_chrome,virtual_card,1
ACC_LEGIT_STD_01328,14,4,3,387.05,29.99,499,1,1,2,0.2857,0.2143,0,0.2179,mobile_ios,debit_card,0
ACC_LEGIT_STD_02124,6,1,1,215.56,34.02,343,1,1,1,0.1667,0.1667,0,0.0482,desktop_chrome,debit_card,0
ACC_LEGIT_STD_00583,1,0,0,87.2,86.47,89,1,1,1,0.0,0.0,0,0.1388,mobile_ios,credit_card,0
ACC_LEGIT_STD_02915,11,0,0,753.15,68.39,374,1,1,2,0.0,0.0,0,0.0875,mobile_ios,credit_card,0
ACC_LEGIT_STD_01157,8,0,0,483.98,64.15,263,1,1,1,0.0,0.0,0,0.0989,desktop_safari,debit_card,0
ACC_LEGIT_STD_01975,10,0,0,659.72,61.09,361,1,1,1,0.0,0.0,0,0.2686,mobile_android,debit_card,0
ACC_LEGIT_STD_00105,5,0,0,350.35,70.48,249,1,1,1,0.0,0.0,0,0.0926,mobile_android,debit_card,0
ACC_LEGIT_STD_02784,4,1,1,309.02,78.27,383,2,4,1,0.25,0.25,0,0.0256,mobile_ios,credit_card,0
ACC_LEGIT_STD_00116,11,2,2,567.72,49.73,578,1,1,1,0.1818,0.1818,1,0.1759,mobile_ios,credit_card,0
ACC_LEGIT_STD_00705,7,2,2,589.24,78.69,474,1,4,1,0.2857,0.2857,0,0.134,mobile_android,debit_card,0
ACC_LEGIT_STD_00680,7,0,0,601.35,92.39,289,1,1,2,0.0,0.0,0,0.0276,mobile_ios,apple_pay,0
ACC_LEGIT_ACT_00369,12,3,2,1160.02,96.6,74,2,2,1,0.25,0.1667,2,0.2597,mobile_android,credit_card,0
ACC_LEGIT_STD_00592,10,0,0,1132.15,119.55,567,1,2,1,0.0,0.0,2,0.0104,mobile_ios,credit_card,0
ACC_RING_013_0215,20,18,16,3946.4,197.32,20,5,6,4,0.9,0.8,9,0.7925,emulator_bot,virtual_card,1
ACC_SLOW_00052,10,4,3,486.1,48.61,167,2,3,2,0.4,0.3,2,0.4289,mobile_ios,debit_card,1
ACC_LEGIT_ACT_00798,47,12,11,5710.79,124.95,542,1,1,1,0.2553,0.234,9,0.5484,mobile_android,credit_card,0
ACC_LEGIT_ACT_00527,49,10,8,6564.61,129.42,725,3,1,2,0.2041,0.1633,11,0.4858,mobile_ios,credit_card,0
ACC_LEGIT_STD_02870,4,0,0,216.79,53.19,221,1,1,1,0.0,0.0,0,0.0371,desktop_chrome,paypal,0
ACC_LEGIT_NEW_00154,1,0,0,115.15,115.15,3,1,1,1,0.0,0.0,1,0.2475,mobile_ios,debit_card,0
ACC_RING_001_0337,12,9,7,1588.44,132.37,19,5,6,5,0.75,0.5833,5,0.9759,emulator_bot,virtual_card,1
ACC_RING_034_0102,18,15,12,2790.0,155.0,31,4,4,4,0.8333,0.6667,9,0.9517,emulator_bot,virtual_card,1
ACC_LEGIT_STD_01216,5,0,0,344.16,63.77,266,3,1,2,0.0,0.0,1,0.0494,mobile_ios,apple_pay,0
ACC_RING_036_0171,25,21,17,2730.0,109.2,16,5,6,5,0.84,0.68,15,0.8287,emulator_bot,virtual_card,1
ACC_LEGIT_STD_01065,13,2,2,872.36,71.27,496,1,1,1,0.1538,0.1538,1,0.0136,mobile_android,debit_card,0
ACC_LEGIT_NEW_00392,2,0,0,82.18,41.09,34,1,1,1,0.0,0.0,0,0.1775,mobile_android,credit_card,0
ACC_LEGIT_STD_01803,9,0,0,565.92,67.17,311,1,3,2,0.0,0.0,0,0.082,mobile_ios,paypal,0
ACC_LEGIT_STD_00252,3,0,0,165.26,56.31,471,1,1,1,0.0,0.0,0,0.0341,mobile_ios,credit_card,0
ACC_LEGIT_ACT_00630,30,11,9,3466.52,119.18,474,2,1,2,0.3667,0.3,4,0.2595,desktop_chrome,credit_card,0
ACC_LEGIT_STD_02894,9,3,2,663.78,71.4,265,1,1,1,0.3333,0.2222,1,0.0257,mobile_ios,debit_card,0
ACC_LEGIT_STD_00090,12,0,0,913.71,81.09,595,1,1,1,0.0,0.0,1,0.0518,mobile_ios,credit_card,0
ACC_LEGIT_STD_02259,9,0,0,392.47,46.35,378,1,1,3,0.0,0.0,1,0.0236,mobile_android,credit_card,0
ACC_LEGIT_STD_00099,8,2,2,561.32,72.13,546,1,1,1,0.25,0.25,0,0.0902,mobile_android,credit_card,0
ACC_LEGIT_STD_00741,10,1,1,734.27,68.89,599,1,1,2,0.1,0.1,0,0.0683,desktop_chrome,apple_pay,0
ACC_WARD_00031,24,15,14,3135.36,133.77,86,2,3,1,0.625,0.5833,12,0.7016,desktop_chrome,virtual_card,1
ACC_LEGIT_STD_01156,5,1,1,142.75,28.93,286,1,2,1,0.2,0.2,0,0.0287,mobile_ios,credit_card,0
ACC_LEGIT_STD_00864,9,0,0,539.24,60.76,441,1,1,1,0.0,0.0,0,0.0073,mobile_ios,credit_card,0
ACC_LEGIT_STD_02132,11,0,0,489.14,44.97,521,1,1,1,0.0,0.0,0,0.0028,mobile_ios,credit_card,0
ACC_LEGIT_STD_02224,11,0,0,850.02,71.65,499,1,2,1,0.0,0.0,1,0.0088,mobile_android,debit_card,0
ACC_LEGIT_ACT_00605,52,15,13,5657.7,108.53,214,3,2,1,0.2885,0.25,4,0.5042,mobile_android,apple_pay,0
ACC_LEGIT_NEW_00169,2,0,0,122.5,61.25,7,1,1,1,0.0,0.0,0,0.0937,mobile_android,credit_card,0
ACC_LEGIT_STD_01269,21,0,0,869.47,40.07,795,1,2,1,0.0,0.0,1,0.0395,mobile_ios,debit_card,0
ACC_LEGIT_STD_01016,2,0,0,63.84,31.91,248,1,3,1,0.0,0.0,0,0.0589,desktop_chrome,credit_card,0
ACC_LEGIT_ACT_00107,27,5,4,2611.61,97.49,209,2,1,1,0.1852,0.1481,4,0.4292,mobile_android,debit_card,0
ACC_LEGIT_STD_00293,7,0,0,677.44,91.39,299,1,1,1,0.0,0.0,0,0.1868,mobile_android,credit_card,0
ACC_RING_033_0101,11,7,6,1061.17,96.47,20,5,3,3,0.6364,0.5455,6,0.9133,desktop_chrome,virtual_card,1
ACC_LEGIT_STD_00443,9,1,1,404.2,47.06,331,1,1,1,0.1111,0.1111,0,0.0341,mobile_android,credit_card,0
ACC_LEGIT_STD_01904,1,0,0,24.19,24.0,67,1,2,1,0.0,0.0,0,0.1723,mobile_ios,debit_card,0
ACC_LEGIT_STD_01938,11,2,1,909.26,77.54,513,1,1,1,0.1818,0.0909,1,0.0308,mobile_ios,debit_card,0
ACC_LEGIT_ACT_00620,34,9,7,4113.49,118.96,576,2,5,3,0.2647,0.2059,6,0.0819,desktop_chrome,credit_card,0
ACC_LEGIT_NEW_00138,3,1,1,167.55,55.85,10,1,1,1,0.3333,0.3333,0,0.0743,mobile_ios,debit_card,0
ACC_LEGIT_ACT_00074,42,11,9,4007.15,93.4,155,3,2,3,0.2619,0.2143,8,0.7333,desktop_chrome,credit_card,0
ACC_LEGIT_ACT_00042,33,11,10,3182.57,92.79,588,1,3,2,0.3333,0.303,5,0.0958,mobile_ios,credit_card,0
ACC_LEGIT_STD_00582,17,0,0,1008.09,60.6,460,1,1,2,0.0,0.0,2,0.0232,desktop_chrome,credit_card,0
ACC_LEGIT_NEW_00104,1,0,0,51.54,51.54,21,1,1,1,0.0,0.0,0,0.0004,mobile_android,apple_pay,0
ACC_LEGIT_STD_01385,7,0,0,293.32,44.69,499,1,2,1,0.0,0.0,0,0.0052,mobile_ios,credit_card,0
ACC_LEGIT_STD_01045,17,0,0,605.28,34.34,630,1,1,1,0.0,0.0,1,0.0423,mobile_ios,credit_card,0
ACC_LEGIT_STD_02197,3,0,0,199.56,61.89,215,1,1,3,0.0,0.0,1,0.0249,mobile_ios,paypal,0
ACC_RING_056_0258,10,9,8,1246.6,124.66,27,3,6,4,0.9,0.8,6,0.9592,desktop_chrome,virtual_card,1
ACC_LEGIT_STD_01195,5,0,0,193.94,38.29,355,3,1,2,0.0,0.0,0,0.0018,mobile_android,credit_card,0
ACC_LEGIT_NEW_00273,1,0,0,20.6,20.6,16,1,1,1,0.0,0.0,0,0.0303,mobile_ios,credit_card,0
ACC_LEGIT_ACT_00105,23,8,7,1459.88,61.76,309,2,2,1,0.3478,0.3043,3,0.3272,mobile_ios,paypal,0
ACC_LEGIT_STD_00480,6,0,0,276.29,47.3,249,1,2,1,0.0,0.0,0,0.1675,mobile_android,credit_card,0
ACC_LEGIT_ACT_00407,45,15,13,3873.1,89.61,665,1,2,1,0.3333,0.2889,7,0.7793,mobile_ios,paypal,0
ACC_WARD_00136,35,28,25,4289.34,120.43,170,1,1,1,0.8,0.7143,15,0.6358,mobile_android,credit_card,1
ACC_LEGIT_STD_00961,2,0,0,151.14,75.56,338,1,3,1,0.0,0.0,0,0.0271,mobile_ios,debit_card,0
ACC_LEGIT_NEW_00214,2,0,0,41.76,20.88,41,2,1,1,0.0,0.0,0,0.2159,mobile_ios,credit_card,0
ACC_SLOW_00136,6,2,1,407.34,67.89,50,1,3,1,0.3333,0.1667,0,0.2103,mobile_android,credit_card,1
ACC_LEGIT_STD_01140,11,0,0,1108.81,106.74,537,1,2,1,0.0,0.0,3,0.097,mobile_android,credit_card,0
ACC_LEGIT_STD_00176,24,0,0,1838.13,73.74,1491,2,1,1,0.0,0.0,1,0.0018,mobile_ios,credit_card,0
ACC_LEGIT_STD_02936,8,0,0,728.57,93.11,490,1,2,1,0.0,0.0,0,0.2262,desktop_chrome,credit_card,0
ACC_SLOW_00064,12,6,5,1393.8,116.15,74,2,1,2,0.5,0.4167,3,0.6105,mobile_ios,virtual_card,1
ACC_LEGIT_ACT_00096,46,9,7,4922.33,106.46,255,2,2,3,0.1957,0.1522,10,0.1695,mobile_android,paypal,0
ACC_LEGIT_STD_00228,3,1,1,205.9,64.87,225,1,1,1,0.3333,0.3333,0,0.0342,mobile_ios,credit_card,0
ACC_LEGIT_STD_00454,17,0,0,1258.76,68.61,519,2,3,1,0.0,0.0,1,0.1291,desktop_chrome,apple_pay,0
ACC_LEGIT_STD_02690,9,0,0,646.58,77.16,432,1,2,2,0.0,0.0,0,0.1325,desktop_safari,credit_card,0
ACC_LEGIT_STD_00920,5,1,0,355.32,68.9,173,1,2,1,0.2,0.0,0,0.0014,mobile_android,credit_card,0
ACC_LEGIT_ACT_00062,21,4,3,1886.87,85.79,846,2,3,2,0.1905,0.1429,5,0.1478,mobile_ios,paypal,0
ACC_LEGIT_STD_01180,9,0,0,426.89,45.53,485,1,1,1,0.0,0.0,1,0.0919,mobile_ios,credit_card,0
ACC_RING_018_0086,20,15,12,3482.0,174.1,12,5,6,3,0.75,0.6,8,0.9561,emulator_bot,virtual_card,1
ACC_LEGIT_STD_02685,3,0,0,256.28,90.89,173,1,2,1,0.0,0.0,0,0.0868,mobile_android,debit_card,0
ACC_LEGIT_ACT_00012,30,10,9,2213.72,72.96,384,3,2,1,0.3333,0.3,5,0.1305,mobile_android,paypal,0
ACC_WARD_00256,55,46,39,9737.02,180.97,187,2,2,1,0.8364,0.7091,37,0.5719,mobile_ios,paypal,1
ACC_LEGIT_STD_01538,14,0,0,647.4,48.74,768,1,1,1,0.0,0.0,1,0.0074,mobile_android,credit_card,0
ACC_LEGIT_STD_02574,19,0,0,1108.68,58.88,627,1,1,2,0.0,0.0,2,0.0232,mobile_android,apple_pay,0
ACC_LEGIT_STD_01721,8,1,1,567.7,69.48,392,1,1,3,0.125,0.125,1,0.1746,mobile_android,apple_pay,0
ACC_LEGIT_STD_00572,19,1,1,437.87,21.66,948,1,1,1,0.0526,0.0526,0,0.0098,mobile_android,debit_card,0
ACC_LEGIT_NEW_00029,4,0,0,106.2,26.55,41,1,1,1,0.0,0.0,0,0.0315,mobile_android,credit_card,0
ACC_LEGIT_STD_02565,4,1,1,160.42,40.68,142,1,2,1,0.25,0.25,0,0.0565,mobile_ios,debit_card,0
ACC_WARD_00044,30,23,20,5030.63,173.08,203,2,1,2,0.7667,0.6667,14,0.7791,desktop_chrome,paypal,1
ACC_LEGIT_STD_02873,2,1,1,230.38,118.62,145,1,2,1,0.5,0.5,1,0.0613,mobile_ios,credit_card,0
ACC_LEGIT_STD_00862,17,3,2,1776.81,98.5,831,1,1,1,0.1765,0.1176,2,0.0858,mobile_ios,credit_card,0
ACC_LEGIT_STD_00123,2,0,0,193.11,92.83,134,2,1,1,0.0,0.0,0,0.0221,mobile_android,debit_card,0
ACC_LEGIT_STD_02578,2,0,0,118.15,60.75,141,1,1,3,0.0,0.0,0,0.0219,mobile_ios,credit_card,0
ACC_LEGIT_STD_01310,2,1,1,143.11,71.04,265,1,2,1,0.5,0.5,0,0.1326,mobile_ios,credit_card,0
ACC_LEGIT_STD_02021,9,0,0,607.31,73.0,349,1,1,1,0.0,0.0,1,0.0879,mobile_ios,apple_pay,0
ACC_LEGIT_STD_02962,11,1,1,791.46,75.59,690,3,1,3,0.0909,0.0909,0,0.0278,mobile_ios,credit_card,0
ACC_LEGIT_ACT_00169,19,5,4,3548.64,185.04,261,3,3,2,0.2632,0.2105,4,0.159,mobile_ios,credit_card,0
ACC_LEGIT_STD_01591,5,1,1,264.28,50.28,292,1,3,1,0.2,0.2,0,0.086,mobile_ios,credit_card,0
ACC_LEGIT_STD_01291,7,0,0,638.86,95.31,328,2,1,2,0.0,0.0,0,0.1122,mobile_ios,paypal,0
ACC_LEGIT_STD_02319,7,0,0,289.75,43.57,347,1,1,1,0.0,0.0,0,0.0841,mobile_ios,debit_card,0
ACC_LEGIT_STD_01358,3,0,0,147.53,45.87,294,3,1,1,0.0,0.0,0,0.1026,mobile_android,credit_card,0
ACC_LEGIT_STD_02072,8,0,0,573.59,72.98,454,1,1,1,0.0,0.0,0,0.0432,desktop_chrome,debit_card,0
ACC_LEGIT_STD_02098,12,0,0,672.87,52.48,336,1,2,1,0.0,0.0,0,0.0067,mobile_ios,apple_pay,0
ACC_LEGIT_STD_00355,5,1,1,387.18,71.81,387,1,1,2,0.2,0.2,0,0.0597,mobile_ios,credit_card,0
ACC_LEGIT_ACT_00353,30,8,6,2811.97,91.49,77,2,2,2,0.2667,0.2,4,0.0517,desktop_chrome,credit_card,0
ACC_LEGIT_STD_00302,4,0,0,320.24,79.59,186,2,1,1,0.0,0.0,0,0.0884,mobile_ios,debit_card,0
ACC_RING_020_0021,25,18,17,2148.75,85.95,23,3,4,4,0.72,0.68,17,0.8734,emulator_bot,crypto_gift_card,1
ACC_LEGIT_STD_01467,7,0,0,524.2,70.98,384,1,1,1,0.0,0.0,1,0.0871,mobile_android,paypal,0
ACC_LEGIT_STD_00130,18,0,0,623.39,36.54,554,1,1,1,0.0,0.0,0,0.0996,mobile_android,credit_card,0
ACC_LEGIT_STD_02226,8,0,0,401.11,46.48,292,1,2,1,0.0,0.0,1,0.0231,mobile_android,apple_pay,0
ACC_LEGIT_STD_01317,6,0,0,526.24,90.43,388,1,1,1,0.0,0.0,0,0.0813,mobile_ios,credit_card,0
ACC_LEGIT_STD_01249,5,0,0,109.53,21.51,381,1,1,2,0.0,0.0,1,0.0255,desktop_chrome,debit_card,0
ACC_LEGIT_STD_01631,15,2,1,508.05,35.76,477,1,1,2,0.1333,0.0667,2,0.0486,mobile_android,debit_card,0
ACC_LEGIT_STD_00700,16,0,0,946.99,59.33,585,1,1,2,0.0,0.0,1,0.0312,mobile_android,credit_card,0
ACC_SLOW_00089,13,6,5,922.48,70.96,59,3,3,3,0.4615,0.3846,3,0.3541,mobile_ios,credit_card,1
ACC_LEGIT_STD_01403,5,0,0,298.39,63.72,365,1,1,1,0.0,0.0,1,0.013,mobile_ios,paypal,0
ACC_LEGIT_ACT_00742,14,4,3,1948.43,139.37,485,1,1,1,0.2857,0.2143,4,0.219,mobile_android,credit_card,0
ACC_LEGIT_NEW_00266,2,0,0,142.14,71.07,5,1,1,1,0.0,0.0,0,0.2475,mobile_android,apple_pay,0
ACC_LEGIT_NEW_00181,2,0,0,137.32,68.66,15,1,2,1,0.0,0.0,0,0.2313,mobile_android,credit_card,0
ACC_LEGIT_STD_02341,7,0,0,505.56,68.83,399,1,1,1,0.0,0.0,0,0.2441,mobile_android,debit_card,0
ACC_LEGIT_NEW_00112,2,1,1,172.1,86.05,10,1,1,1,0.5,0.5,0,0.3491,mobile_ios,credit_card,0
ACC_LEGIT_ACT_00139,40,15,12,3378.92,81.35,291,2,3,1,0.375,0.3,6,0.3066,mobile_android,debit_card,0
ACC_SLOW_00004,21,8,6,1383.27,65.87,97,1,1,1,0.381,0.2857,6,0.5348,mobile_android,paypal,1
ACC_LEGIT_STD_01235,10,1,0,196.97,21.4,744,2,3,1,0.1,0.0,3,0.015,mobile_android,debit_card,0
ACC_LEGIT_STD_01649,7,0,0,555.47,75.38,465,1,1,1,0.0,0.0,0,0.1996,mobile_ios,debit_card,0
ACC_LEGIT_STD_00488,5,3,2,494.85,103.56,419,1,1,1,0.6,0.4,1,0.2429,mobile_ios,debit_card,0
ACC_LEGIT_STD_01622,9,2,1,597.72,70.88,313,1,3,1,0.2222,0.1111,0,0.0108,desktop_chrome,paypal,0
ACC_WARD_00210,41,27,24,6935.34,169.0,229,2,2,4,0.6585,0.5854,18,0.7784,mobile_ios,credit_card,1
ACC_LEGIT_STD_01780,17,2,2,1235.41,77.69,532,1,1,1,0.1176,0.1176,1,0.174,desktop_chrome,paypal,0
ACC_LEGIT_ACT_00510,22,5,4,2146.14,101.27,117,2,3,1,0.2273,0.1818,4,0.4221,mobile_android,paypal,0
ACC_LEGIT_NEW_00326,1,0,0,78.71,78.71,30,1,2,1,0.0,0.0,0,0.0532,mobile_ios,debit_card,0
ACC_LEGIT_STD_01325,6,1,1,339.46,60.15,243,1,3,2,0.1667,0.1667,1,0.0562,mobile_android,credit_card,0
ACC_WARD_00149,17,12,11,2864.24,166.22,146,2,2,1,0.7059,0.6471,12,0.6893,desktop_chrome,paypal,1
ACC_LEGIT_STD_00152,25,3,3,2279.58,96.31,451,2,1,1,0.12,0.12,0,0.0335,mobile_ios,credit_card,0
ACC_RING_045_0247,14,11,9,1895.18,135.37,26,5,6,3,0.7857,0.6429,9,0.889,emulator_bot,credit_card,1
ACC_LEGIT_STD_00008,9,2,2,644.73,69.83,370,2,1,1,0.2222,0.2222,0,0.0247,mobile_android,paypal,0
ACC_LEGIT_STD_01634,10,0,0,612.75,59.4,323,2,2,1,0.0,0.0,1,0.0855,mobile_ios,credit_card,0
ACC_LEGIT_STD_00239,7,0,0,600.8,90.18,313,2,1,1,0.0,0.0,1,0.0094,mobile_ios,credit_card,0
ACC_LEGIT_NEW_00381,1,1,1,66.38,66.38,23,1,1,1,1.0,1.0,0,0.3348,mobile_ios,debit_card,0
ACC_LEGIT_STD_00150,1,0,0,64.41,63.64,176,1,1,1,0.0,0.0,0,0.0044,mobile_android,credit_card,0
ACC_LEGIT_STD_02644,10,2,1,305.52,28.5,254,1,1,1,0.2,0.1,0,0.0211,mobile_android,credit_card,0
ACC_LEGIT_NEW_00388,1,0,0,56.26,56.26,9,1,1,1,0.0,0.0,0,0.1345,desktop_chrome,credit_card,0
ACC_LEGIT_NEW_00129,4,0,0,262.6,65.65,7,1,1,1,0.0,0.0,0,0.0439,mobile_android,credit_card,0
ACC_LEGIT_STD_01236,18,4,4,2072.27,113.01,755,2,3,2,0.2222,0.2222,6,0.1001,mobile_ios,credit_card,0
ACC_LEGIT_NEW_00402,4,0,0,179.6,44.9,8,1,1,1,0.0,0.0,0,0.1687,mobile_android,credit_card,0
ACC_LEGIT_STD_02423,6,0,0,380.51,66.75,233,1,1,1,0.0,0.0,1,0.041,mobile_ios,paypal,0
ACC_SLOW_00066,19,8,6,1800.63,94.77,206,1,3,2,0.4211,0.3158,4,0.2201,desktop_chrome,debit_card,1
ACC_LEGIT_NEW_00365,2,0,0,134.92,67.46,20,1,1,1,0.0,0.0,0,0.2266,desktop_chrome,debit_card,0
ACC_LEGIT_STD_02428,9,0,0,784.2,84.27,467,1,1,1,0.0,0.0,1,0.0854,mobile_ios,debit_card,0
ACC_LEGIT_NEW_00278,4,0,0,284.24,71.06,4,1,1,1,0.0,0.0,0,0.0636,mobile_ios,credit_card,0
ACC_SLOW_00086,14,6,4,1308.86,93.49,158,1,3,1,0.4286,0.2857,2,0.5714,desktop_chrome,virtual_card,1
ACC_LEGIT_STD_02716,7,0,0,109.44,15.0,196,1,1,1,0.0,0.0,0,0.0199,mobile_ios,credit_card,0
ACC_LEGIT_STD_02960,6,1,1,304.85,52.59,188,1,1,1,0.1667,0.1667,0,0.0223,desktop_chrome,debit_card,0
ACC_LEGIT_NEW_00089,2,1,1,76.2,38.1,43,1,1,1,0.5,0.5,0,0.1617,mobile_ios,credit_card,0
ACC_LEGIT_STD_01380,8,1,1,516.03,66.09,358,1,1,1,0.125,0.125,0,0.0593,desktop_chrome,credit_card,0
ACC_LEGIT_STD_00905,3,0,0,156.14,49.56,170,1,1,2,0.0,0.0,0,0.1385,mobile_ios,credit_card,0
ACC_LEGIT_STD_01130,12,0,0,1267.56,102.36,463,1,1,1,0.0,0.0,1,0.0144,mobile_android,credit_card,0
ACC_LEGIT_STD_00870,3,0,0,213.66,67.41,213,1,1,1,0.0,0.0,0,0.3457,mobile_ios,credit_card,0
ACC_LEGIT_ACT_00088,28,5,4,2509.93,87.84,687,2,3,3,0.1786,0.1429,8,0.3261,desktop_chrome,credit_card,0
ACC_LEGIT_STD_00711,10,0,0,822.23,84.12,701,2,1,1,0.0,0.0,0,0.0227,mobile_ios,debit_card,0
ACC_LEGIT_STD_01955,3,0,0,179.06,57.29,185,1,1,1,0.0,0.0,0,0.0202,mobile_ios,debit_card,0
ACC_LEGIT_STD_01560,9,2,2,408.08,47.45,390,2,1,1,0.2222,0.2222,0,0.0126,mobile_ios,credit_card,0
ACC_LEGIT_STD_01977,4,0,0,438.07,109.58,310,1,3,2,0.0,0.0,1,0.0937,desktop_chrome,debit_card,0
ACC_LEGIT_NEW_00308,1,0,0,51.67,51.67,22,1,1,1,0.0,0.0,0,0.1059,mobile_ios,credit_card,0
ACC_LEGIT_STD_02350,9,1,1,673.77,78.44,467,1,1,1,0.1111,0.1111,0,0.087,mobile_android,credit_card,0
ACC_LEGIT_NEW_00065,1,0,0,68.18,68.18,12,1,1,1,0.0,0.0,0,0.0883,mobile_android,credit_card,0
ACC_LEGIT_STD_02519,2,0,0,126.17,60.93,196,1,2,1,0.0,0.0,0,0.0264,mobile_android,credit_card,0
ACC_WARD_00014,40,31,26,4987.7,127.43,105,1,4,1,0.775,0.65,18,0.7693,mobile_android,credit_card,1
ACC_LEGIT_ACT_00099,23,5,4,1797.06,78.93,652,2,5,2,0.2174,0.1739,5,0.1275,mobile_ios,debit_card,0
ACC_LEGIT_STD_02228,13,0,0,397.57,32.88,469,2,3,1,0.0,0.0,2,0.037,mobile_android,paypal,0
ACC_RING_033_0034,6,4,3,1131.48,188.58,21,3,6,4,0.6667,0.5,3,0.8812,emulator_bot,virtual_card,1
ACC_LEGIT_STD_00756,2,0,0,95.99,50.88,97,1,3,1,0.0,0.0,0,0.0011,mobile_android,paypal,0
ACC_LEGIT_STD_00139,6,0,0,465.91,83.99,521,1,2,1,0.0,0.0,0,0.0696,mobile_android,credit_card,0
ACC_RING_062_0063,18,13,10,2439.72,135.54,20,4,6,4,0.7222,0.5556,8,0.8572,emulator_bot,virtual_card,1
ACC_LEGIT_STD_01438,3,0,0,161.0,50.23,313,1,2,1,0.0,0.0,0,0.061,mobile_android,credit_card,0
ACC_SLOW_00119,15,7,6,1182.75,78.85,92,1,3,2,0.4667,0.4,2,0.2917,mobile_android,credit_card,1
ACC_LEGIT_STD_00709,13,0,0,784.75,63.08,638,1,1,2,0.0,0.0,0,0.1075,mobile_android,credit_card,0
ACC_LEGIT_STD_01882,4,1,1,202.21,48.61,257,1,4,1,0.25,0.25,0,0.018,mobile_android,credit_card,0
ACC_LEGIT_STD_00288,12,0,0,787.39,65.32,353,1,1,1,0.0,0.0,2,0.0168,mobile_ios,debit_card,0
ACC_LEGIT_STD_00553,14,0,0,973.87,74.09,496,2,1,2,0.0,0.0,0,0.0063,mobile_ios,debit_card,0
ACC_LEGIT_NEW_00363,1,0,0,38.41,38.41,41,1,1,1,0.0,0.0,0,0.0713,mobile_ios,debit_card,0
ACC_LEGIT_ACT_00453,20,7,5,2429.21,118.59,104,2,2,2,0.35,0.25,1,0.286,mobile_android,apple_pay,0
ACC_LEGIT_STD_01211,8,1,0,677.7,85.24,495,1,2,2,0.125,0.0,0,0.0109,desktop_chrome,credit_card,0
ACC_RING_066_0335,6,5,4,512.46,85.41,39,4,4,4,0.8333,0.6667,2,0.7427,emulator_bot,virtual_card,1
ACC_LEGIT_STD_00477,11,0,0,1209.82,117.25,477,1,1,1,0.0,0.0,1,0.1178,mobile_ios,credit_card,0
ACC_SLOW_00056,15,6,4,1357.8,90.52,197,1,1,2,0.4,0.2667,2,0.4876,mobile_ios,credit_card,1
ACC_LEGIT_STD_01660,8,1,0,579.47,75.19,284,1,1,1,0.125,0.0,1,0.2236,mobile_ios,debit_card,0
ACC_LEGIT_ACT_00108,40,16,13,2618.56,64.89,746,3,2,2,0.4,0.325,12,0.1087,desktop_chrome,credit_card,0
ACC_LEGIT_STD_02638,6,1,1,456.91,76.9,181,1,1,1,0.1667,0.1667,1,0.0053,mobile_android,apple_pay,0
ACC_LEGIT_STD_00356,5,0,0,364.91,73.49,287,1,1,1,0.0,0.0,2,0.1638,mobile_android,credit_card,0
ACC_LEGIT_STD_00999,5,0,0,281.64,52.51,231,2,1,2,0.0,0.0,0,0.0003,mobile_ios,credit_card,0
ACC_LEGIT_ACT_00587,24,7,6,2391.36,98.91,769,2,5,1,0.2917,0.25,4,0.1876,desktop_chrome,paypal,0
ACC_LEGIT_ACT_00640,36,14,12,3762.88,104.04,574,2,5,2,0.3889,0.3333,9,0.3764,desktop_chrome,paypal,0
ACC_LEGIT_NEW_00352,1,1,1,27.61,27.61,21,2,1,1,1.0,1.0,0,0.07,desktop_chrome,credit_card,0
ACC_LEGIT_STD_00372,14,0,0,1530.4,107.54,698,1,2,1,0.0,0.0,1,0.0052,mobile_ios,credit_card,0
ACC_LEGIT_STD_00475,5,0,0,74.99,15.0,432,2,1,1,0.0,0.0,0,0.2008,mobile_android,credit_card,0
ACC_WARD_00008,30,23,19,5113.94,164.33,130,3,1,2,0.7667,0.6333,13,0.747,mobile_android,virtual_card,1
ACC_LEGIT_STD_01597,15,2,2,391.49,25.32,770,1,2,1,0.1333,0.1333,1,0.0131,mobile_ios,credit_card,0
ACC_LEGIT_STD_02043,3,0,0,199.37,62.5,195,2,1,2,0.0,0.0,0,0.0202,mobile_ios,debit_card,0
ACC_LEGIT_STD_01360,10,0,0,593.29,55.19,463,1,1,2,0.0,0.0,0,0.0429,mobile_ios,credit_card,0
ACC_LEGIT_ACT_00126,18,6,5,1485.08,83.79,458,2,1,3,0.3333,0.2778,2,0.0718,mobile_ios,apple_pay,0
ACC_LEGIT_STD_02426,28,0,0,1674.29,55.89,1122,1,1,3,0.0,0.0,0,0.0395,mobile_ios,credit_card,0
ACC_LEGIT_STD_00798,12,0,0,1128.73,89.43,448,1,1,1,0.0,0.0,0,0.0195,desktop_chrome,apple_pay,0
ACC_LEGIT_ACT_00816,32,7,5,3104.19,92.55,717,3,1,2,0.2188,0.1562,5,0.3997,mobile_android,apple_pay,0
ACC_LEGIT_STD_02921,22,4,3,1811.74,79.0,568,1,1,1,0.1818,0.1364,1,0.1608,mobile_ios,apple_pay,0
ACC_LEGIT_ACT_00610,41,16,14,2148.31,52.95,371,2,5,1,0.3902,0.3415,7,0.2857,mobile_ios,paypal,0
ACC_LEGIT_STD_01728,3,0,0,332.84,108.45,197,2,1,3,0.0,0.0,1,0.0213,mobile_ios,debit_card,0
ACC_LEGIT_NEW_00293,2,0,0,90.64,45.32,36,1,1,1,0.0,0.0,0,0.146,mobile_ios,credit_card,0
ACC_LEGIT_STD_00846,8,1,1,580.67,72.61,278,1,1,1,0.125,0.125,1,0.0487,desktop_chrome,credit_card,0
ACC_LEGIT_STD_00507,11,0,0,1394.46,127.11,631,1,1,1,0.0,0.0,3,0.0356,mobile_android,credit_card,0
ACC_LEGIT_STD_01690,1,0,0,81.78,83.98,243,1,2,1,0.0,0.0,0,0.1306,mobile_ios,credit_card,0
ACC_LEGIT_STD_00735,6,1,0,330.52,54.23,423,1,1,1,0.1667,0.0,0,0.0431,mobile_android,credit_card,0
ACC_LEGIT_ACT_00740,41,12,10,1984.58,46.86,874,1,2,2,0.2927,0.2439,7,0.1791,desktop_chrome,credit_card,0
ACC_LEGIT_STD_00925,5,0,0,313.24,58.16,336,1,1,2,0.0,0.0,0,0.0254,mobile_android,debit_card,0
ACC_WARD_00183,48,39,37,10216.9,205.49,168,1,3,2,0.8125,0.7708,36,0.6401,mobile_android,virtual_card,1
ACC_LEGIT_STD_02781,2,0,0,146.43,68.73,131,2,2,2,0.0,0.0,0,0.0038,mobile_android,apple_pay,0
ACC_LEGIT_STD_00760,10,0,0,1084.19,102.58,404,1,3,1,0.0,0.0,2,0.0216,mobile_ios,credit_card,0
ACC_LEGIT_ACT_00680,28,13,10,3654.84,128.54,332,1,2,2,0.4643,0.3571,6,0.301,mobile_ios,paypal,0
ACC_LEGIT_ACT_00530,13,3,2,902.95,68.8,571,2,1,1,0.2308,0.1538,2,0.3549,mobile_ios,credit_card,0
ACC_LEGIT_STD_01583,1,0,0,33.3,31.35,146,1,1,1,0.0,0.0,0,0.0041,mobile_android,debit_card,0
ACC_LEGIT_STD_02064,1,1,1,112.27,120.97,243,1,1,1,1.0,1.0,0,0.0611,desktop_chrome,credit_card,0
ACC_LEGIT_ACT_00484,53,14,13,3892.08,71.55,514,2,1,1,0.2642,0.2453,15,0.0371,mobile_ios,credit_card,0
ACC_LEGIT_STD_01614,4,0,0,291.63,78.07,580,1,1,1,0.0,0.0,0,0.0286,mobile_android,credit_card,0
ACC_LEGIT_STD_01323,7,0,0,403.79,57.86,474,1,1,1,0.0,0.0,0,0.0055,mobile_android,apple_pay,0
ACC_LEGIT_STD_02127,9,0,0,499.0,55.74,352,1,2,1,0.0,0.0,0,0.0637,desktop_chrome,apple_pay,0
ACC_LEGIT_STD_01811,10,2,1,238.47,24.78,389,1,3,2,0.2,0.1,0,0.0348,desktop_chrome,credit_card,0
ACC_WARD_00043,57,40,35,7776.98,133.09,333,1,2,2,0.7018,0.614,30,0.626,desktop_chrome,virtual_card,1
ACC_LEGIT_ACT_00335,12,4,3,1035.85,87.8,543,1,2,3,0.3333,0.25,2,0.3367,desktop_chrome,paypal,0
ACC_LEGIT_STD_02391,6,0,0,531.16,89.81,239,1,3,1,0.0,0.0,0,0.0478,desktop_chrome,paypal,0
ACC_LEGIT_STD_01458,3,0,0,184.29,62.14,167,1,1,2,0.0,0.0,0,0.1303,mobile_ios,apple_pay,0
ACC_LEGIT_STD_01967,7,0,0,317.27,47.79,374,1,1,1,0.0,0.0,0,0.0444,mobile_android,credit_card,0
ACC_LEGIT_STD_02858,13,2,2,768.02,58.75,662,1,1,2,0.1538,0.1538,2,0.1418,mobile_android,debit_card,0
ACC_LEGIT_STD_02682,13,2,2,671.98,53.03,682,2,1,1,0.1538,0.1538,0,0.0694,mobile_ios,credit_card,0
ACC_LEGIT_STD_02196,4,0,0,183.85,46.74,322,1,1,1,0.0,0.0,0,0.0901,mobile_ios,debit_card,0
ACC_LEGIT_ACT_00187,49,19,16,4322.22,85.46,654,3,5,1,0.3878,0.3265,7,0.2663,mobile_android,paypal,0
ACC_LEGIT_STD_02041,6,0,0,344.17,57.39,668,1,1,1,0.0,0.0,0,0.026,mobile_android,credit_card,0
ACC_LEGIT_STD_00979,6,0,0,403.21,67.39,476,1,1,1,0.0,0.0,0,0.0703,mobile_ios,credit_card,0
ACC_LEGIT_STD_00673,16,2,2,631.58,40.31,828,1,1,2,0.125,0.125,1,0.0227,mobile_android,credit_card,0
ACC_LEGIT_STD_02946,4,1,1,335.17,78.01,352,1,1,2,0.25,0.25,0,0.109,mobile_android,credit_card,0
ACC_LEGIT_ACT_00242,33,10,8,5272.67,162.85,809,2,2,2,0.303,0.2424,4,0.2856,mobile_ios,apple_pay,0
ACC_LEGIT_STD_02506,6,0,0,479.17,80.64,374,1,3,1,0.0,0.0,1,0.1352,desktop_chrome,paypal,0
ACC_LEGIT_STD_00877,5,0,0,295.11,56.26,506,1,4,1,0.0,0.0,0,0.0174,mobile_ios,debit_card,0
ACC_LEGIT_STD_00306,3,0,0,163.33,58.27,289,1,1,1,0.0,0.0,0,0.0733,mobile_ios,credit_card,0
ACC_LEGIT_STD_02697,6,0,0,264.11,44.68,354,1,1,1,0.0,0.0,0,0.0201,mobile_ios,credit_card,0
ACC_LEGIT_ACT_00225,54,14,13,7058.84,131.19,798,1,2,3,0.2593,0.2407,10,0.0919,mobile_android,debit_card,0
ACC_LEGIT_STD_01928,11,1,1,721.6,71.05,321,1,1,1,0.0909,0.0909,2,0.0939,mobile_android,credit_card,0
ACC_LEGIT_STD_00559,5,1,1,257.38,50.03,284,1,2,1,0.2,0.2,0,0.1625,desktop_chrome,debit_card,0
ACC_LEGIT_STD_00018,6,0,0,354.23,57.12,248,1,1,1,0.0,0.0,1,0.0625,desktop_chrome,debit_card,0
ACC_LEGIT_STD_00542,11,0,0,1068.52,92.3,483,1,4,1,0.0,0.0,0,0.0962,mobile_ios,credit_card,0
ACC_LEGIT_STD_01120,15,0,0,999.59,69.67,471,1,2,1,0.0,0.0,1,0.0453,mobile_android,credit_card,0
ACC_RING_020_0155,12,8,7,1530.24,127.52,4,7,4,5,0.6667,0.5833,7,0.7731,emulator_bot,virtual_card,1
ACC_LEGIT_STD_01063,15,3,2,641.02,40.74,535,1,1,1,0.2,0.1333,1,0.0834,mobile_android,debit_card,0
ACC_LEGIT_STD_02586,6,3,3,293.58,46.78,182,1,1,1,0.5,0.5,0,0.0527,desktop_chrome,debit_card,0
ACC_LEGIT_STD_00807,16,1,1,1240.72,82.83,743,3,1,1,0.0625,0.0625,1,0.0519,desktop_chrome,credit_card,0
ACC_LEGIT_STD_00835,4,0,0,122.41,29.29,207,2,1,1,0.0,0.0,0,0.0514,mobile_android,credit_card,0
ACC_LEGIT_STD_02926,6,1,1,417.15,66.11,357,1,1,2,0.1667,0.1667,0,0.0015,mobile_ios,paypal,0
ACC_LEGIT_ACT_00588,43,16,14,3711.03,87.67,501,2,3,1,0.3721,0.3256,13,0.2456,desktop_chrome,credit_card,0
ACC_LEGIT_ACT_00428,43,17,14,4493.1,107.47,864,3,1,2,0.3953,0.3256,6,0.1093,desktop_chrome,credit_card,0
ACC_LEGIT_ACT_00028,13,4,3,1408.6,110.62,102,2,2,2,0.3077,0.2308,0,0.0689,desktop_chrome,credit_card,0
ACC_LEGIT_STD_02866,3,0,0,256.02,85.51,167,1,3,1,0.0,0.0,0,0.0174,desktop_safari,credit_card,0
ACC_LEGIT_STD_00445,10,0,0,155.44,15.0,496,1,1,1,0.0,0.0,0,0.1255,mobile_android,credit_card,0
ACC_LEGIT_STD_02015,4,2,2,308.04,78.22,442,2,1,1,0.5,0.5,0,0.1792,mobile_android,paypal,0
ACC_RING_034_0303,19,17,15,1562.56,82.24,17,4,3,4,0.8947,0.7895,12,0.9094,emulator_bot,credit_card,1
ACC_SLOW_00118,10,3,2,1167.7,116.77,174,1,3,2,0.3,0.2,1,0.2387,mobile_android,credit_card,1
ACC_LEGIT_STD_02171,3,0,0,278.13,87.74,120,1,1,1,0.0,0.0,0,0.08,desktop_chrome,paypal,0
ACC_LEGIT_STD_00852,13,0,0,1023.5,79.46,783,1,4,1,0.0,0.0,0,0.0797,mobile_android,paypal,0
ACC_LEGIT_STD_02718,8,0,0,758.25,87.81,323,3,3,1,0.0,0.0,1,0.0728,mobile_ios,debit_card,0
ACC_LEGIT_STD_00894,12,1,1,911.33,75.62,643,1,1,2,0.0833,0.0833,2,0.0366,mobile_android,credit_card,0
ACC_LEGIT_STD_01883,3,0,0,239.57,82.18,231,2,3,1,0.0,0.0,1,0.0735,desktop_safari,apple_pay,0
ACC_LEGIT_ACT_00215,42,17,16,5159.82,118.07,802,1,2,1,0.4048,0.381,12,0.4313,mobile_ios,paypal,0
ACC_RING_011_0213,25,20,18,3300.5,132.02,26,4,4,5,0.8,0.72,16,0.9401,mobile_android,virtual_card,1
ACC_LEGIT_STD_00311,9,1,1,580.47,60.49,530,2,3,1,0.1111,0.1111,1,0.0989,mobile_ios,paypal,0
ACC_LEGIT_STD_00210,6,1,0,328.89,53.77,819,2,1,1,0.1667,0.0,0,0.0283,mobile_ios,credit_card,0
ACC_LEGIT_ACT_00315,12,5,4,1752.08,140.54,512,2,2,1,0.4167,0.3333,3,0.1758,desktop_chrome,credit_card,0
ACC_LEGIT_ACT_00688,19,7,5,1393.39,73.39,736,3,1,2,0.3684,0.2632,6,0.1782,mobile_android,paypal,0
ACC_LEGIT_STD_02740,4,0,0,372.54,91.93,339,1,2,1,0.0,0.0,0,0.0733,mobile_android,credit_card,0
ACC_LEGIT_ACT_00464,24,7,6,3514.18,149.72,450,2,2,1,0.2917,0.25,7,0.1249,mobile_android,credit_card,0
ACC_RING_050_0319,10,7,5,1222.6,122.26,17,4,3,3,0.7,0.5,6,0.7259,emulator_bot,virtual_card,1
ACC_LEGIT_STD_00916,14,6,4,220.63,15.0,593,1,1,1,0.4286,0.2857,2,0.0227,mobile_android,credit_card,0
ACC_LEGIT_STD_02621,1,0,0,51.49,53.15,74,1,2,1,0.0,0.0,0,0.0336,mobile_ios,credit_card,0
ACC_LEGIT_ACT_00095,17,5,4,1340.71,81.66,445,3,2,2,0.2941,0.2353,5,0.0417,desktop_chrome,debit_card,0
ACC_LEGIT_ACT_00166,13,5,4,1138.46,90.36,781,2,3,2,0.3846,0.3077,3,0.1527,mobile_ios,paypal,0
ACC_LEGIT_STD_00636,8,1,1,569.75,69.49,591,1,1,1,0.125,0.125,0,0.0105,mobile_ios,debit_card,0
ACC_LEGIT_NEW_00042,2,0,0,67.74,33.87,15,1,1,1,0.0,0.0,0,0.4056,mobile_android,credit_card,0
ACC_LEGIT_STD_02292,7,1,1,519.57,77.41,542,1,1,1,0.1429,0.1429,2,0.0511,mobile_ios,debit_card,0
ACC_RING_044_0045,17,14,11,2033.71,119.63,32,4,3,5,0.8235,0.6471,7,0.7708,emulator_bot,crypto_gift_card,1
ACC_LEGIT_ACT_00807,51,17,16,5027.63,95.14,170,2,2,2,0.3333,0.3137,12,0.207,mobile_android,credit_card,0
ACC_LEGIT_STD_00687,3,0,0,171.25,58.29,229,1,1,1,0.0,0.0,0,0.022,mobile_ios,debit_card,0
ACC_RING_026_0228,6,5,4,639.54,106.59,24,4,3,5,0.8333,0.6667,3,0.9403,emulator_bot,virtual_card,1
ACC_LEGIT_STD_01994,5,1,1,450.04,85.88,285,1,3,2,0.2,0.2,0,0.0163,mobile_ios,credit_card,0
ACC_LEGIT_STD_01370,14,4,4,1034.4,76.94,658,1,1,1,0.2857,0.2857,2,0.0152,mobile_ios,credit_card,0
ACC_LEGIT_STD_00674,11,0,0,492.82,41.49,435,2,1,3,0.0,0.0,1,0.0183,mobile_android,debit_card,0
